Time;Open;High;Low;Close;TickVolume;RealVolume;Spread;AskClose
2026.01.02 01:00:00;2.336920;2.341930;2.336800;2.340070;1864;0;17;2.340240
2026.01.02 02:00:00;2.340030;2.342280;2.338640;2.339290;2497;0;12;2.339410
2026.01.02 03:00:00;2.339310;2.339340;2.336740;2.338490;3476;0;12;2.338610
2026.01.02 04:00:00;2.338550;2.339380;2.337610;2.338680;2868;0;12;2.338800
2026.01.02 05:00:00;2.338730;2.339530;2.337800;2.337800;2348;0;12;2.337920
2026.01.02 06:00:00;2.337800;2.339760;2.337540;2.339740;1825;0;12;2.339860
2026.01.02 07:00:00;2.339740;2.340440;2.338840;2.338980;1578;0;12;2.339100
2026.01.02 08:00:00;2.338970;2.339700;2.337460;2.339640;2300;0;12;2.339760
2026.01.02 09:00:00;2.339660;2.339660;2.335480;2.335740;4121;0;12;2.335860
2026.01.02 10:00:00;2.335740;2.335790;2.331590;2.331880;5655;0;12;2.332000
2026.01.02 11:00:00;2.331900;2.333140;2.331420;2.331980;5171;0;12;2.332100
2026.01.02 12:00:00;2.331980;2.331980;2.329290;2.330050;4506;0;12;2.330170
2026.01.02 13:00:00;2.330050;2.330720;2.328400;2.329540;4210;0;12;2.329660
2026.01.02 14:00:00;2.329540;2.331070;2.329040;2.330580;4058;0;12;2.330700
2026.01.02 15:00:00;2.330580;2.334560;2.330010;2.334020;4941;0;12;2.334140
2026.01.02 16:00:00;2.334020;2.334120;2.331190;2.331940;6269;0;12;2.332060
2026.01.02 17:00:00;2.331930;2.339110;2.331550;2.338360;7707;0;12;2.338480
2026.01.02 18:00:00;2.338360;2.339540;2.336690;2.337640;6946;0;12;2.337760
2026.01.02 19:00:00;2.337640;2.337740;2.334140;2.334230;4900;0;12;2.334350
2026.01.02 20:00:00;2.334150;2.335010;2.333970;2.334440;4045;0;12;2.334560
2026.01.02 21:00:00;2.334480;2.334570;2.332800;2.333030;4036;0;12;2.333150
2026.01.02 22:00:00;2.333030;2.333540;2.332690;2.333040;3444;0;12;2.333160
2026.01.02 23:00:00;2.333040;2.333640;2.332010;2.332010;1621;0;12;2.332130
2026.01.05 01:00:00;2.334930;2.336190;2.331520;2.334950;2966;0;12;2.335070
2026.01.05 02:00:00;2.334950;2.336760;2.332840;2.335950;4757;0;12;2.336070
2026.01.05 03:00:00;2.335970;2.338100;2.333490;2.334570;7123;0;12;2.334690
2026.01.05 04:00:00;2.334600;2.335210;2.330020;2.331640;5557;0;12;2.331760
2026.01.05 05:00:00;2.331660;2.333120;2.331150;2.333060;4534;0;12;2.333180
2026.01.05 06:00:00;2.333090;2.336410;2.332950;2.334370;3964;0;12;2.334490
2026.01.05 07:00:00;2.334370;2.336000;2.333260;2.333350;3452;0;12;2.333470
2026.01.05 08:00:00;2.333350;2.334670;2.332830;2.333830;4113;0;12;2.333950
2026.01.05 09:00:00;2.333830;2.335590;2.332190;2.334540;5211;0;12;2.334660
2026.01.05 10:00:00;2.334540;2.335670;2.333130;2.333880;6481;0;12;2.334000
2026.01.05 11:00:00;2.333890;2.338070;2.333450;2.337840;5578;0;12;2.337960
2026.01.05 12:00:00;2.337840;2.337870;2.335050;2.336650;5671;0;12;2.336770
2026.01.05 13:00:00;2.336610;2.338280;2.335890;2.337480;5160;0;12;2.337600
2026.01.05 14:00:00;2.337480;2.338800;2.336650;2.337520;5067;0;12;2.337640
2026.01.05 15:00:00;2.337530;2.339790;2.336840;2.336850;7594;0;12;2.336970
2026.01.05 16:00:00;2.336850;2.337890;2.334260;2.336900;8608;0;12;2.337020
2026.01.05 17:00:00;2.336760;2.336850;2.332500;2.335720;8903;0;12;2.335840
2026.01.05 18:00:00;2.335720;2.336780;2.334340;2.336700;6811;0;12;2.336820
2026.01.05 19:00:00;2.336700;2.338980;2.336450;2.338600;5844;0;12;2.338720
2026.01.05 20:00:00;2.338600;2.339390;2.337480;2.338950;3877;0;12;2.339070
2026.01.05 21:00:00;2.338970;2.339440;2.338180;2.338580;3876;0;12;2.338700
2026.01.05 22:00:00;2.338550;2.339450;2.338440;2.339330;2825;0;12;2.339450
2026.01.05 23:00:00;2.339330;2.339800;2.338700;2.339340;1562;0;12;2.339460
2026.01.06 00:00:00;2.339140;2.339730;2.338660;2.339190;2027;0;51;2.339700
2026.01.06 01:00:00;2.339200;2.339570;2.338270;2.338790;1687;0;17;2.338960
2026.01.06 02:00:00;2.338790;2.339920;2.337880;2.338620;2926;0;12;2.338740
2026.01.06 03:00:00;2.338620;2.341490;2.336260;2.337670;5089;0;12;2.337790
2026.01.06 04:00:00;2.337670;2.337830;2.334620;2.336070;4404;0;12;2.336190
2026.01.06 05:00:00;2.336070;2.338640;2.336040;2.338460;3690;0;12;2.338580
2026.01.06 06:00:00;2.338460;2.338830;2.337210;2.337450;2871;0;12;2.337570
2026.01.06 07:00:00;2.337470;2.337590;2.335050;2.336170;3612;0;12;2.336290
2026.01.06 08:00:00;2.336170;2.336470;2.334140;2.334520;4106;0;12;2.334640
2026.01.06 09:00:00;2.334640;2.336010;2.333440;2.334460;4599;0;12;2.334580
2026.01.06 10:00:00;2.334430;2.338710;2.333940;2.337970;6455;0;12;2.338090
2026.01.06 11:00:00;2.337990;2.339670;2.336440;2.337060;6126;0;12;2.337180
2026.01.06 12:00:00;2.337060;2.338230;2.335340;2.337410;5105;0;12;2.337530
2026.01.06 13:00:00;2.337410;2.337810;2.334920;2.335720;4181;0;12;2.335840
2026.01.06 14:00:00;2.335720;2.336640;2.335550;2.336240;4539;0;12;2.336360
2026.01.06 15:00:00;2.336240;2.336280;2.333780;2.335510;6390;0;12;2.335630
2026.01.06 16:00:00;2.335510;2.336140;2.333650;2.334870;7944;0;12;2.334990
2026.01.06 17:00:00;2.334870;2.338050;2.334840;2.337890;8148;0;12;2.338010
2026.01.06 18:00:00;2.337890;2.339080;2.335340;2.335440;6457;0;12;2.335560
2026.01.06 19:00:00;2.335440;2.336450;2.334540;2.335890;4406;0;12;2.336010
2026.01.06 20:00:00;2.335940;2.336300;2.334850;2.335040;3517;0;12;2.335160
2026.01.06 21:00:00;2.335080;2.335320;2.334400;2.334740;3404;0;12;2.334860
2026.01.06 22:00:00;2.334740;2.335070;2.333160;2.333650;2849;0;12;2.333770
2026.01.06 23:00:00;2.333650;2.334370;2.333120;2.333740;1577;0;12;2.333860
2026.01.07 00:00:00;2.333210;2.333870;2.330300;2.333030;3019;0;12;2.333150
2026.01.07 01:00:00;2.333080;2.335600;2.331310;2.335040;1463;0;12;2.335160
2026.01.07 02:00:00;2.335040;2.336380;2.332690;2.334160;4247;0;12;2.334280
2026.01.07 03:00:00;2.334160;2.335600;2.331890;2.333460;5910;0;12;2.333580
2026.01.07 04:00:00;2.333460;2.335110;2.332940;2.334710;4068;0;12;2.334830
2026.01.07 05:00:00;2.334660;2.335590;2.333730;2.335070;3266;0;12;2.335190
2026.01.07 06:00:00;2.335060;2.335910;2.333360;2.335880;3950;0;12;2.336000
2026.01.07 07:00:00;2.335880;2.337180;2.334440;2.336600;3310;0;12;2.336720
2026.01.07 08:00:00;2.336600;2.337040;2.335150;2.336550;4130;0;12;2.336670
2026.01.07 09:00:00;2.336510;2.337540;2.333680;2.333750;4893;0;12;2.333870
2026.01.07 10:00:00;2.333770;2.333880;2.331540;2.331940;5547;0;12;2.332060
2026.01.07 11:00:00;2.331960;2.332560;2.330840;2.331540;4425;0;12;2.331660
2026.01.07 12:00:00;2.331560;2.332500;2.330380;2.331530;4591;0;12;2.331650
2026.01.07 13:00:00;2.331530;2.331860;2.330370;2.331140;3833;0;12;2.331260
2026.01.07 14:00:00;2.331140;2.332200;2.330160;2.331040;4902;0;12;2.331160
2026.01.07 15:00:00;2.331040;2.331570;2.329010;2.329790;6764;0;12;2.329910
2026.01.07 16:00:00;2.329790;2.331130;2.328830;2.331010;7667;0;12;2.331130
2026.01.07 17:00:00;2.331010;2.333900;2.329320;2.331920;9884;0;12;2.332040
2026.01.07 18:00:00;2.331920;2.333250;2.330860;2.331250;5586;0;12;2.331370
2026.01.07 19:00:00;2.331250;2.331350;2.329240;2.330410;3755;0;12;2.330530
2026.01.07 20:00:00;2.330450;2.330450;2.328640;2.329370;3683;0;12;2.329490
2026.01.07 21:00:00;2.329370;2.330520;2.328940;2.330160;3590;0;12;2.330280
2026.01.07 22:00:00;2.330190;2.331730;2.330050;2.331540;3503;0;12;2.331660
2026.01.07 23:00:00;2.331540;2.332760;2.330740;2.330940;1512;0;12;2.331060
2026.01.08 00:00:00;2.330840;2.331270;2.328870;2.330730;1395;0;23;2.330960
2026.01.08 01:00:00;2.330730;2.331340;2.330020;2.331010;1397;0;12;2.331130
2026.01.08 02:00:00;2.331010;2.333350;2.330820;2.333290;2458;0;12;2.333410
2026.01.08 03:00:00;2.333290;2.333470;2.331880;2.331980;3735;0;12;2.332100
2026.01.08 04:00:00;2.331890;2.334430;2.331850;2.333960;4010;0;12;2.334080
2026.01.08 05:00:00;2.333980;2.334740;2.333050;2.333890;3394;0;12;2.334010
2026.01.08 06:00:00;2.333890;2.334910;2.333490;2.334770;2517;0;12;2.334890
2026.01.08 07:00:00;2.334770;2.335960;2.334450;2.335290;3761;0;12;2.335410
2026.01.08 08:00:00;2.335320;2.339260;2.335180;2.337430;4718;0;12;2.337550
2026.01.08 09:00:00;2.337430;2.338330;2.336100;2.337180;5080;0;12;2.337300
2026.01.08 10:00:00;2.337180;2.338650;2.335660;2.338310;5720;0;12;2.338430
2026.01.08 11:00:00;2.338350;2.340350;2.337820;2.339190;4596;0;12;2.339310
2026.01.08 12:00:00;2.339190;2.339490;2.337690;2.338740;4629;0;12;2.338860
2026.01.08 13:00:00;2.338740;2.339570;2.337930;2.337980;4039;0;12;2.338100
2026.01.08 14:00:00;2.337920;2.339140;2.336940;2.337350;4148;0;12;2.337470
2026.01.08 15:00:00;2.337380;2.338270;2.335750;2.336190;6572;0;12;2.336310
2026.01.08 16:00:00;2.336180;2.338560;2.335780;2.337240;8146;0;12;2.337360
2026.01.08 17:00:00;2.337210;2.338480;2.335210;2.335570;7944;0;12;2.335690
2026.01.08 18:00:00;2.335570;2.338060;2.335540;2.335540;6890;0;12;2.335660
2026.01.08 19:00:00;2.335560;2.337530;2.335320;2.336830;4724;0;12;2.336950
2026.01.08 20:00:00;2.336830;2.337300;2.336240;2.336540;3359;0;12;2.336660
2026.01.08 21:00:00;2.336540;2.336940;2.336240;2.336840;2752;0;12;2.336960
2026.01.08 22:00:00;2.336940;2.337100;2.335640;2.336840;2663;0;12;2.336960
2026.01.08 23:00:00;2.336840;2.337820;2.335540;2.335540;1852;0;12;2.335660
2026.01.09 00:00:00;2.336370;2.337000;2.335420;2.335680;1512;0;72;2.336400
2026.01.09 01:00:00;2.335580;2.336870;2.334360;2.336560;1778;0;12;2.336680
2026.01.09 02:00:00;2.336520;2.338120;2.336520;2.337920;2927;0;12;2.338040
2026.01.09 03:00:00;2.337920;2.339950;2.337400;2.337960;4706;0;12;2.338080
2026.01.09 04:00:00;2.337960;2.339330;2.337250;2.338420;4301;0;12;2.338540
2026.01.09 05:00:00;2.338420;2.340260;2.338370;2.339560;3473;0;12;2.339680
2026.01.09 06:00:00;2.339560;2.339590;2.337940;2.338180;2575;0;12;2.338300
2026.01.09 07:00:00;2.338180;2.339520;2.338140;2.339300;3281;0;12;2.339420
2026.01.09 08:00:00;2.339300;2.339940;2.338260;2.339840;3573;0;12;2.339960
2026.01.09 09:00:00;2.339740;2.342270;2.339340;2.342140;4700;0;12;2.342260
2026.01.09 10:00:00;2.342110;2.343590;2.340210;2.340300;6209;0;12;2.340420
2026.01.09 11:00:00;2.340300;2.340930;2.339800;2.340840;4339;0;12;2.340960
2026.01.09 12:00:00;2.340820;2.340890;2.339240;2.340740;4245;0;12;2.340860
2026.01.09 13:00:00;2.340730;2.341740;2.339530;2.341660;4124;0;12;2.341780
2026.01.09 14:00:00;2.341660;2.344340;2.340940;2.344340;5161;0;12;2.344460
2026.01.09 15:00:00;2.344340;2.344800;2.339860;2.342430;10172;0;12;2.342550
2026.01.09 16:00:00;2.342430;2.343810;2.340480;2.341190;11790;0;12;2.341310
2026.01.09 17:00:00;2.341020;2.345510;2.339970;2.341120;10454;0;12;2.341240
2026.01.09 18:00:00;2.341120;2.342560;2.339810;2.340260;7120;0;12;2.340380
2026.01.09 19:00:00;2.340260;2.340420;2.339070;2.340270;4540;0;12;2.340390
2026.01.09 20:00:00;2.340270;2.340590;2.338940;2.340120;3634;0;12;2.340240
2026.01.09 21:00:00;2.340120;2.340520;2.339440;2.339600;3234;0;12;2.339720
2026.01.09 22:00:00;2.339600;2.339940;2.337880;2.338160;2234;0;12;2.338280
2026.01.09 23:00:00;2.338180;2.338640;2.336800;2.337310;1870;0;12;2.337430
2026.01.12 01:00:00;2.335260;2.338390;2.335040;2.337640;2006;0;13;2.337770
2026.01.12 02:00:00;2.337640;2.338990;2.336840;2.337960;6030;0;12;2.338080
2026.01.12 03:00:00;2.337960;2.338530;2.336840;2.337140;6474;0;12;2.337260
2026.01.12 04:00:00;2.337140;2.337590;2.336190;2.337010;4972;0;12;2.337130
2026.01.12 05:00:00;2.337030;2.337520;2.336070;2.336220;2984;0;12;2.336340
2026.01.12 06:00:00;2.336220;2.337330;2.335940;2.336800;2266;0;12;2.336920
2026.01.12 07:00:00;2.336800;2.337590;2.336240;2.336530;3453;0;12;2.336650
2026.01.12 08:00:00;2.336530;2.337900;2.335750;2.337670;2892;0;12;2.337790
2026.01.12 09:00:00;2.337670;2.337900;2.335980;2.336910;4862;0;12;2.337030
2026.01.12 10:00:00;2.336910;2.338680;2.335950;2.338410;6036;0;12;2.338530
2026.01.12 11:00:00;2.338390;2.339240;2.336890;2.337670;5460;0;12;2.337790
2026.01.12 12:00:00;2.337660;2.339250;2.337540;2.339060;4464;0;12;2.339180
2026.01.12 13:00:00;2.339060;2.339140;2.336530;2.337670;4090;0;12;2.337790
2026.01.12 14:00:00;2.337670;2.339170;2.336880;2.337440;5444;0;12;2.337560
2026.01.12 15:00:00;2.337450;2.338280;2.336140;2.337910;6294;0;12;2.338030
2026.01.12 16:00:00;2.337910;2.340010;2.337550;2.338830;8038;0;12;2.338950
2026.01.12 17:00:00;2.338860;2.339350;2.337090;2.337610;6243;0;12;2.337730
2026.01.12 18:00:00;2.337610;2.337740;2.334740;2.336380;5527;0;12;2.336500
2026.01.12 19:00:00;2.336380;2.336740;2.334050;2.334410;4839;0;12;2.334530
2026.01.12 20:00:00;2.334410;2.334780;2.333240;2.334420;2953;0;12;2.334540
2026.01.12 21:00:00;2.334420;2.335140;2.333540;2.335040;2350;0;12;2.335160
2026.01.12 22:00:00;2.335040;2.335040;2.334340;2.334640;1942;0;12;2.334760
2026.01.12 23:00:00;2.334640;2.334730;2.331740;2.332210;1737;0;12;2.332330
2026.01.13 00:00:00;2.331610;2.333060;2.331250;2.331830;1875;0;68;2.332510
2026.01.13 01:00:00;2.331740;2.332930;2.331270;2.332470;2076;0;12;2.332590
2026.01.13 02:00:00;2.332470;2.333310;2.331920;2.333140;2937;0;12;2.333260
2026.01.13 03:00:00;2.333160;2.333390;2.330990;2.332140;4887;0;12;2.332260
2026.01.13 04:00:00;2.332180;2.333090;2.331100;2.332490;3816;0;12;2.332610
2026.01.13 05:00:00;2.332540;2.332810;2.331460;2.331680;2934;0;12;2.331800
2026.01.13 06:00:00;2.331680;2.332640;2.331250;2.331420;2764;0;12;2.331540
2026.01.13 07:00:00;2.331420;2.332560;2.331210;2.331940;3309;0;12;2.332060
2026.01.13 08:00:00;2.331940;2.333600;2.331400;2.333500;3985;0;12;2.333620
2026.01.13 09:00:00;2.333500;2.333810;2.332410;2.333560;4053;0;12;2.333680
2026.01.13 10:00:00;2.333560;2.336550;2.333020;2.335760;4940;0;12;2.335880
2026.01.13 11:00:00;2.335760;2.336970;2.335040;2.336020;4516;0;12;2.336140
2026.01.13 12:00:00;2.336020;2.337820;2.335980;2.337470;4137;0;12;2.337590
2026.01.13 13:00:00;2.337470;2.338140;2.336380;2.336910;3228;0;12;2.337030
2026.01.13 14:00:00;2.336910;2.338050;2.336660;2.337470;3609;0;12;2.337590
2026.01.13 15:00:00;2.337470;2.338080;2.332010;2.337170;9039;0;12;2.337290
2026.01.13 16:00:00;2.337170;2.337760;2.334230;2.336390;8799;0;12;2.336510
2026.01.13 17:00:00;2.336390;2.340880;2.335380;2.337990;8332;0;12;2.338110
2026.01.13 18:00:00;2.337950;2.341350;2.337840;2.338370;6951;0;12;2.338490
2026.01.13 19:00:00;2.338370;2.340090;2.338160;2.339950;5184;0;12;2.340070
2026.01.13 20:00:00;2.339950;2.341020;2.339080;2.341020;4129;0;12;2.341140
2026.01.13 21:00:00;2.341020;2.341230;2.340020;2.340520;3959;0;12;2.340640
2026.01.13 22:00:00;2.340520;2.340860;2.339570;2.339780;3081;0;12;2.339900
2026.01.13 23:00:00;2.339780;2.340540;2.338440;2.338440;1335;0;12;2.338560
2026.01.14 00:00:00;2.338440;2.339360;2.337260;2.337470;1548;0;61;2.338080
2026.01.14 01:00:00;2.337380;2.339680;2.336790;2.339580;1498;0;12;2.339700
2026.01.14 02:00:00;2.339580;2.340500;2.339090;2.340440;2766;0;12;2.340560
2026.01.14 03:00:00;2.340420;2.341940;2.339600;2.340690;3943;0;12;2.340810
2026.01.14 04:00:00;2.340690;2.341000;2.338640;2.339040;3720;0;12;2.339160
2026.01.14 05:00:00;2.339040;2.340050;2.338640;2.339760;3058;0;12;2.339880
2026.01.14 06:00:00;2.339780;2.340160;2.339080;2.339710;2039;0;12;2.339830
2026.01.14 07:00:00;2.339710;2.340100;2.338880;2.339520;3399;0;12;2.339640
2026.01.14 08:00:00;2.339530;2.339970;2.338330;2.338330;2952;0;12;2.338450
2026.01.14 09:00:00;2.338330;2.339340;2.337990;2.338650;3731;0;12;2.338770
2026.01.14 10:00:00;2.338650;2.340680;2.338430;2.340240;5868;0;12;2.340360
2026.01.14 11:00:00;2.340190;2.341960;2.339160;2.341160;4619;0;12;2.341280
2026.01.14 12:00:00;2.341150;2.342980;2.340690;2.342700;4321;0;12;2.342820
2026.01.14 13:00:00;2.342700;2.343660;2.342260;2.342530;3601;0;12;2.342650
2026.01.14 14:00:00;2.342540;2.343040;2.341440;2.341850;4567;0;12;2.341970
2026.01.14 15:00:00;2.341900;2.342730;2.339850;2.341260;5587;0;12;2.341380
2026.01.14 16:00:00;2.341260;2.341930;2.339410;2.340340;7938;0;12;2.340460
2026.01.14 17:00:00;2.340370;2.341410;2.337560;2.338640;8167;0;12;2.338760
2026.01.14 18:00:00;2.338630;2.339340;2.336450;2.338240;6141;0;12;2.338360
2026.01.14 19:00:00;2.338240;2.339350;2.337330;2.339200;4940;0;12;2.339320
2026.01.14 20:00:00;2.339200;2.339270;2.336940;2.337140;3303;0;12;2.337260
2026.01.14 21:00:00;2.337140;2.338330;2.336940;2.338100;3132;0;12;2.338220
2026.01.14 22:00:00;2.338100;2.338340;2.336800;2.337250;4086;0;12;2.337370
2026.01.14 23:00:00;2.337250;2.339250;2.336800;2.338160;2203;0;12;2.338280
2026.01.15 00:00:00;2.336560;2.339230;2.335940;2.338240;1766;0;45;2.338690
2026.01.15 01:00:00;2.338490;2.341460;2.334240;2.340150;2127;0;12;2.340270
2026.01.15 02:00:00;2.340150;2.340670;2.338780;2.339320;3009;0;12;2.339440
2026.01.15 03:00:00;2.339340;2.341560;2.339090;2.341020;6251;0;12;2.341140
2026.01.15 04:00:00;2.341020;2.341800;2.340350;2.341660;4023;0;12;2.341780
2026.01.15 05:00:00;2.341670;2.342730;2.341060;2.341460;3260;0;12;2.341580
2026.01.15 06:00:00;2.341460;2.342060;2.340750;2.341480;2363;0;12;2.341600
2026.01.15 07:00:00;2.341480;2.341840;2.340640;2.341440;3442;0;12;2.341560
2026.01.15 08:00:00;2.341460;2.341640;2.339370;2.339970;3840;0;12;2.340090
2026.01.15 09:00:00;2.340060;2.342510;2.339900;2.340420;3976;0;12;2.340540
2026.01.15 10:00:00;2.340390;2.341180;2.339400;2.339470;4409;0;12;2.339590
2026.01.15 11:00:00;2.339470;2.339560;2.336740;2.336850;4303;0;12;2.336970
2026.01.15 12:00:00;2.336850;2.337090;2.332940;2.333500;4197;0;12;2.333620
2026.01.15 13:00:00;2.333520;2.335560;2.333460;2.335440;3459;0;12;2.335560
2026.01.15 14:00:00;2.335440;2.335640;2.333460;2.334030;3745;0;12;2.334150
2026.01.15 15:00:00;2.334010;2.335090;2.332390;2.333740;6162;0;12;2.333860
2026.01.15 16:00:00;2.333790;2.335220;2.331080;2.331450;6910;0;12;2.331570
2026.01.15 17:00:00;2.331440;2.333740;2.329360;2.331220;6060;0;12;2.331340
2026.01.15 18:00:00;2.331220;2.331670;2.329440;2.330550;5413;0;12;2.330670
2026.01.15 19:00:00;2.330550;2.331580;2.329140;2.330700;3996;0;12;2.330820
2026.01.15 20:00:00;2.330660;2.331190;2.330040;2.331040;3288;0;12;2.331160
2026.01.15 21:00:00;2.331040;2.331280;2.329840;2.330950;3475;0;12;2.331070
2026.01.15 22:00:00;2.330950;2.331660;2.330590;2.331300;3173;0;12;2.331420
2026.01.15 23:00:00;2.331260;2.331680;2.329230;2.329340;1846;0;12;2.329460
2026.01.16 00:00:00;2.328440;2.329450;2.328160;2.328950;1002;0;132;2.330270
2026.01.16 01:00:00;2.328250;2.330470;2.328110;2.329610;2271;0;12;2.329730
2026.01.16 02:00:00;2.329610;2.329650;2.327640;2.328680;2915;0;12;2.328800
2026.01.16 03:00:00;2.328710;2.328710;2.326780;2.327950;3327;0;12;2.328070
2026.01.16 04:00:00;2.327990;2.328870;2.327240;2.327630;4075;0;12;2.327750
2026.01.16 05:00:00;2.327630;2.327970;2.324720;2.325880;2606;0;12;2.326000
2026.01.16 06:00:00;2.325880;2.326130;2.325060;2.325320;1772;0;12;2.325440
2026.01.16 07:00:00;2.325320;2.325950;2.324560;2.325440;2171;0;12;2.325560
2026.01.16 08:00:00;2.325440;2.325900;2.324430;2.324580;2395;0;12;2.324700
2026.01.16 09:00:00;2.324580;2.325710;2.323340;2.325160;3522;0;12;2.325280
2026.01.16 10:00:00;2.325180;2.326570;2.324390;2.325350;4213;0;12;2.325470
2026.01.16 11:00:00;2.325350;2.327250;2.323880;2.326010;3780;0;12;2.326130
2026.01.16 12:00:00;2.326010;2.327940;2.325950;2.327010;3482;0;12;2.327130
2026.01.16 13:00:00;2.327010;2.327010;2.324210;2.326710;3060;0;12;2.326830
2026.01.16 14:00:00;2.326710;2.327490;2.324840;2.326850;4255;0;12;2.326970
2026.01.16 15:00:00;2.326850;2.329370;2.325610;2.328290;5288;0;12;2.328410
2026.01.16 16:00:00;2.328290;2.329130;2.327370;2.328400;5706;0;12;2.328520
2026.01.16 17:00:00;2.328400;2.329000;2.325660;2.328170;8340;0;12;2.328290
2026.01.16 18:00:00;2.328170;2.328400;2.326930;2.327470;6661;0;12;2.327590
2026.01.16 19:00:00;2.327470;2.327930;2.326230;2.326650;4607;0;12;2.326770
2026.01.16 20:00:00;2.326650;2.327540;2.326100;2.326660;3526;0;12;2.326780
2026.01.16 21:00:00;2.326670;2.327270;2.325160;2.325940;3418;0;12;2.326060
2026.01.16 22:00:00;2.325940;2.326050;2.325140;2.325480;2226;0;12;2.325600
2026.01.16 23:00:00;2.325500;2.326610;2.324480;2.325250;2345;0;12;2.325370
2026.01.19 00:00:00;2.322380;2.322540;2.322260;2.322430;6;0;170;2.324130
2026.01.19 01:00:00;2.324110;2.326700;2.323240;2.325180;5054;0;12;2.325300
2026.01.19 02:00:00;2.325180;2.326360;2.323870;2.325050;6711;0;12;2.325170
2026.01.19 03:00:00;2.325050;2.325270;2.321330;2.322990;6223;0;12;2.323110
2026.01.19 04:00:00;2.323010;2.323220;2.321140;2.321370;5510;0;12;2.321490
2026.01.19 05:00:00;2.321340;2.322020;2.320090;2.320160;4367;0;12;2.320280
2026.01.19 06:00:00;2.320160;2.320630;2.318650;2.318900;3652;0;12;2.319020
2026.01.19 07:00:00;2.318900;2.319960;2.318770;2.319670;4005;0;12;2.319790
2026.01.19 08:00:00;2.319670;2.320940;2.319130;2.320630;3376;0;12;2.320750
2026.01.19 09:00:00;2.320630;2.321110;2.319040;2.320410;5036;0;12;2.320530
2026.01.19 10:00:00;2.320410;2.322010;2.319170;2.321750;5229;0;12;2.321870
2026.01.19 11:00:00;2.321750;2.322350;2.319770;2.320720;4633;0;12;2.320840
2026.01.19 12:00:00;2.320720;2.321120;2.318070;2.318960;3956;0;12;2.319080
2026.01.19 13:00:00;2.318960;2.319110;2.317940;2.318340;3141;0;12;2.318460
2026.01.19 14:00:00;2.318370;2.318550;2.317150;2.317580;3210;0;12;2.317700
2026.01.19 15:00:00;2.317580;2.319070;2.317030;2.318640;3538;0;12;2.318760
2026.01.19 16:00:00;2.318640;2.320640;2.317880;2.318440;3781;0;12;2.318560
2026.01.19 17:00:00;2.318360;2.319240;2.316210;2.317740;4634;0;12;2.317860
2026.01.19 18:00:00;2.317740;2.318810;2.316820;2.317420;3425;0;12;2.317540
2026.01.19 19:00:00;2.317420;2.318160;2.316860;2.317470;2379;0;12;2.317590
2026.01.19 20:00:00;2.317470;2.318800;2.317140;2.317180;1439;0;12;2.317300
2026.01.19 21:00:00;2.317180;2.318130;2.316740;2.317940;826;0;12;2.318060
2026.01.19 22:00:00;2.317900;2.318950;2.316810;2.317090;903;0;12;2.317210
2026.01.19 23:00:00;2.317090;2.317640;2.313540;2.314210;1014;0;12;2.314330
2026.01.20 00:00:00;2.314880;2.315040;2.313980;2.313980;902;0;52;2.314500
2026.01.20 01:00:00;2.314890;2.316680;2.314000;2.316430;1048;0;12;2.316550
2026.01.20 02:00:00;2.316430;2.316960;2.313370;2.314240;2844;0;12;2.314360
2026.01.20 03:00:00;2.314240;2.314660;2.311060;2.312120;4271;0;12;2.312240
2026.01.20 04:00:00;2.312120;2.312360;2.308360;2.308800;3402;0;12;2.308920
2026.01.20 05:00:00;2.308820;2.308820;2.306440;2.307140;2949;0;12;2.307260
2026.01.20 06:00:00;2.307140;2.307230;2.304490;2.304580;2654;0;12;2.304700
2026.01.20 07:00:00;2.304570;2.305690;2.304000;2.304640;3340;0;12;2.304760
2026.01.20 08:00:00;2.304620;2.306290;2.304250;2.304570;3661;0;12;2.304690
2026.01.20 09:00:00;2.304590;2.309160;2.303010;2.308380;6173;0;12;2.308500
2026.01.20 10:00:00;2.308380;2.310810;2.307240;2.308600;8433;0;12;2.308720
2026.01.20 11:00:00;2.308600;2.311210;2.307910;2.308250;6542;0;12;2.308370
2026.01.20 12:00:00;2.308230;2.310460;2.306870;2.309370;6052;0;12;2.309490
2026.01.20 13:00:00;2.309350;2.309420;2.304450;2.304900;5140;0;12;2.305020
2026.01.20 14:00:00;2.304900;2.305420;2.303770;2.304200;5762;0;12;2.304320
2026.01.20 15:00:00;2.304260;2.307150;2.302930;2.306110;9031;0;12;2.306230
2026.01.20 16:00:00;2.306100;2.306670;2.304070;2.305760;9603;0;12;2.305880
2026.01.20 17:00:00;2.305810;2.307140;2.301000;2.301070;8323;0;12;2.301190
2026.01.20 18:00:00;2.301070;2.303650;2.300550;2.303650;6522;0;12;2.303770
2026.01.20 19:00:00;2.303650;2.304390;2.302580;2.303440;5230;0;12;2.303560
2026.01.20 20:00:00;2.303370;2.304900;2.302520;2.304040;3268;0;12;2.304160
2026.01.20 21:00:00;2.304040;2.304360;2.302860;2.303160;3787;0;12;2.303280
2026.01.20 22:00:00;2.303120;2.304730;2.302860;2.303230;3299;0;12;2.303350
2026.01.20 23:00:00;2.303200;2.304860;2.302990;2.303750;1960;0;12;2.303870
2026.01.21 00:00:00;2.305840;2.306410;2.303310;2.305420;1884;0;61;2.306030
2026.01.21 01:00:00;2.305350;2.306930;2.304580;2.306560;1694;0;15;2.306710
2026.01.21 02:00:00;2.306560;2.308390;2.305210;2.308190;2792;0;12;2.308310
2026.01.21 03:00:00;2.308170;2.308930;2.305020;2.305490;4993;0;12;2.305610
2026.01.21 04:00:00;2.305520;2.306700;2.304770;2.305010;3135;0;12;2.305130
2026.01.21 05:00:00;2.305010;2.305010;2.303630;2.304510;3532;0;12;2.304630
2026.01.21 06:00:00;2.304510;2.305250;2.303120;2.303260;2501;0;12;2.303380
2026.01.21 07:00:00;2.303260;2.303580;2.301360;2.301870;2893;0;12;2.301990
2026.01.21 08:00:00;2.301840;2.302250;2.296750;2.297170;2814;0;12;2.297290
2026.01.21 09:00:00;2.297170;2.298750;2.296360;2.297550;4484;0;12;2.297670
2026.01.21 10:00:00;2.297650;2.299570;2.297150;2.298740;4777;0;12;2.298860
2026.01.21 11:00:00;2.298760;2.298800;2.294450;2.294960;4401;0;12;2.295080
2026.01.21 12:00:00;2.294960;2.296170;2.294210;2.294920;4297;0;12;2.295040
2026.01.21 13:00:00;2.294920;2.295230;2.292300;2.292520;4592;0;12;2.292640
2026.01.21 14:00:00;2.292520;2.292580;2.289280;2.289820;5495;0;12;2.289940
2026.01.21 15:00:00;2.289820;2.292910;2.288460;2.292730;5773;0;12;2.292850
2026.01.21 16:00:00;2.292740;2.296440;2.290800;2.296140;9554;0;12;2.296260
2026.01.21 17:00:00;2.296150;2.296970;2.294920;2.295430;7720;0;12;2.295550
2026.01.21 18:00:00;2.295430;2.298110;2.295160;2.296530;8101;0;12;2.296650
2026.01.21 19:00:00;2.296530;2.298360;2.295600;2.297390;7206;0;12;2.297510
2026.01.21 20:00:00;2.297390;2.297680;2.296480;2.296620;5097;0;12;2.296740
2026.01.21 21:00:00;2.296580;2.297390;2.295010;2.295640;7216;0;12;2.295760
2026.01.21 22:00:00;2.295640;2.297630;2.295440;2.296970;4962;0;12;2.297090
2026.01.21 23:00:00;2.296950;2.298140;2.296050;2.297540;2108;0;12;2.297660
2026.01.22 00:00:00;2.298630;2.298760;2.297290;2.297800;2774;0;60;2.298400
2026.01.22 01:00:00;2.297450;2.299970;2.296610;2.298450;1662;0;12;2.298570
2026.01.22 02:00:00;2.298450;2.299350;2.294780;2.296850;3968;0;12;2.296970
2026.01.22 03:00:00;2.296850;2.298150;2.294580;2.294970;4833;0;12;2.295090
2026.01.22 04:00:00;2.294970;2.295250;2.293200;2.293280;3299;0;12;2.293400
2026.01.22 05:00:00;2.293260;2.293260;2.291170;2.291250;2653;0;12;2.291370
2026.01.22 06:00:00;2.291250;2.293060;2.291190;2.292800;2327;0;12;2.292920
2026.01.22 07:00:00;2.292800;2.292970;2.291290;2.292240;2812;0;12;2.292360
2026.01.22 08:00:00;2.292240;2.293320;2.291360;2.291810;3152;0;12;2.291930
2026.01.22 09:00:00;2.291810;2.293260;2.290720;2.292580;3869;0;12;2.292700
2026.01.22 10:00:00;2.292580;2.292800;2.288590;2.288940;4913;0;12;2.289060
2026.01.22 11:00:00;2.288940;2.292390;2.287300;2.291770;4458;0;12;2.291890
2026.01.22 12:00:00;2.291780;2.292780;2.288860;2.290160;3988;0;12;2.290280
2026.01.22 13:00:00;2.290160;2.290680;2.282880;2.284460;6983;0;12;2.284580
2026.01.22 14:00:00;2.284460;2.285960;2.282730;2.284120;5098;0;12;2.284240
2026.01.22 15:00:00;2.284110;2.284140;2.277640;2.279850;6692;0;12;2.279970
2026.01.22 16:00:00;2.279850;2.284440;2.279160;2.284260;7151;0;12;2.284380
2026.01.22 17:00:00;2.284260;2.287820;2.284040;2.286420;6799;0;12;2.286540
2026.01.22 18:00:00;2.286460;2.287460;2.285600;2.285840;5979;0;12;2.285960
2026.01.22 19:00:00;2.285880;2.286090;2.283640;2.284110;5202;0;12;2.284230
2026.01.22 20:00:00;2.284090;2.285240;2.283640;2.284420;3413;0;12;2.284540
2026.01.22 21:00:00;2.284430;2.284480;2.283150;2.284260;3034;0;12;2.284380
2026.01.22 22:00:00;2.284260;2.285420;2.284060;2.284190;2796;0;12;2.284310
2026.01.22 23:00:00;2.284190;2.284880;2.276810;2.276810;2468;0;12;2.276930
2026.01.23 00:00:00;2.279020;2.280360;2.276870;2.280040;2196;0;45;2.280490
2026.01.23 01:00:00;2.280040;2.284350;2.279580;2.281790;1698;0;12;2.281910
2026.01.23 02:00:00;2.281790;2.282880;2.280960;2.281960;2790;0;12;2.282080
2026.01.23 03:00:00;2.281960;2.282730;2.279980;2.280860;4672;0;12;2.280980
2026.01.23 04:00:00;2.280860;2.283510;2.279200;2.283140;3787;0;12;2.283260
2026.01.23 05:00:00;2.283140;2.284390;2.282950;2.283330;3268;0;12;2.283450
2026.01.23 06:00:00;2.283330;2.284160;2.282300;2.283030;2576;0;12;2.283150
2026.01.23 07:00:00;2.283030;2.284110;2.282850;2.283700;2807;0;12;2.283820
2026.01.23 08:00:00;2.283700;2.283980;2.281290;2.281460;3951;0;12;2.281580
2026.01.23 09:00:00;2.281460;2.286710;2.281460;2.285500;5837;0;12;2.285620
2026.01.23 10:00:00;2.285500;2.287360;2.285050;2.285600;6349;0;12;2.285720
2026.01.23 11:00:00;2.285620;2.294470;2.285130;2.294040;6143;0;12;2.294160
2026.01.23 12:00:00;2.294040;2.296640;2.292360;2.292460;4453;0;12;2.292580
2026.01.23 13:00:00;2.292450;2.292740;2.288240;2.288890;5207;0;12;2.289010
2026.01.23 14:00:00;2.288890;2.289670;2.286710;2.287130;4574;0;12;2.287250
2026.01.23 15:00:00;2.287090;2.291670;2.286870;2.291280;4803;0;12;2.291400
2026.01.23 16:00:00;2.291280;2.291330;2.288530;2.289440;5285;0;12;2.289560
2026.01.23 17:00:00;2.289510;2.292160;2.288820;2.290330;5939;0;12;2.290450
2026.01.23 18:00:00;2.290350;2.292740;2.289790;2.292260;6775;0;12;2.292380
2026.01.23 19:00:00;2.292260;2.293240;2.290730;2.293080;8037;0;12;2.293200
2026.01.23 20:00:00;2.293080;2.293840;2.292000;2.292690;6156;0;12;2.292810
2026.01.23 21:00:00;2.292690;2.293610;2.292060;2.293090;4797;0;12;2.293210
2026.01.23 22:00:00;2.293090;2.293870;2.292060;2.293030;4718;0;12;2.293150
2026.01.23 23:00:00;2.293030;2.293390;2.291790;2.292710;3827;0;12;2.292830
2026.01.26 00:00:00;2.291930;2.293370;2.291930;2.293370;2;0;78;2.294150
2026.01.26 01:00:00;2.290910;2.293040;2.289060;2.292070;5100;0;12;2.292190
2026.01.26 02:00:00;2.292070;2.292850;2.288930;2.291430;7017;0;12;2.291550
2026.01.26 03:00:00;2.291430;2.292300;2.290600;2.291670;7120;0;12;2.291790
2026.01.26 04:00:00;2.291670;2.292320;2.290350;2.291860;6322;0;12;2.291980
2026.01.26 05:00:00;2.291860;2.292590;2.290150;2.291900;4376;0;12;2.292020
2026.01.26 06:00:00;2.291900;2.292640;2.291100;2.292040;4026;0;12;2.292160
2026.01.26 07:00:00;2.292040;2.293470;2.291990;2.292660;3749;0;12;2.292780
2026.01.26 08:00:00;2.292660;2.293810;2.291800;2.292960;4416;0;12;2.293080
2026.01.26 09:00:00;2.292960;2.294680;2.290980;2.291270;5378;0;12;2.291390
2026.01.26 10:00:00;2.291250;2.292050;2.287960;2.288680;7023;0;12;2.288800
2026.01.26 11:00:00;2.288680;2.290720;2.288020;2.289860;6090;0;12;2.289980
2026.01.26 12:00:00;2.289860;2.289860;2.288100;2.289860;4598;0;12;2.289980
2026.01.26 13:00:00;2.289860;2.291590;2.289210;2.289320;4318;0;12;2.289440
2026.01.26 14:00:00;2.289320;2.289960;2.287490;2.289480;4713;0;12;2.289600
2026.01.26 15:00:00;2.289480;2.291480;2.289000;2.290360;5875;0;12;2.290480
2026.01.26 16:00:00;2.290350;2.290600;2.286380;2.286880;6879;0;12;2.287000
2026.01.26 17:00:00;2.286880;2.289460;2.286530;2.286930;7282;0;12;2.287050
2026.01.26 18:00:00;2.286860;2.290130;2.286150;2.287190;7121;0;12;2.287310
2026.01.26 19:00:00;2.287220;2.287510;2.283960;2.284700;5078;0;12;2.284820
2026.01.26 20:00:00;2.284700;2.286080;2.284140;2.285520;4213;0;12;2.285640
2026.01.26 21:00:00;2.285520;2.288430;2.284770;2.288240;4498;0;12;2.288360
2026.01.26 22:00:00;2.288240;2.289730;2.288160;2.289200;3774;0;12;2.289320
2026.01.26 23:00:00;2.289200;2.290230;2.288630;2.289440;2349;0;12;2.289560
2026.01.27 00:00:00;2.289560;2.291270;2.288900;2.290330;1800;0;91;2.291240
2026.01.27 01:00:00;2.290330;2.291050;2.289940;2.290520;2116;0;17;2.290690
2026.01.27 02:00:00;2.290520;2.294230;2.290340;2.294040;3787;0;12;2.294160
2026.01.27 03:00:00;2.294050;2.294280;2.291520;2.292070;4712;0;12;2.292190
2026.01.27 04:00:00;2.292070;2.293360;2.290560;2.293160;4280;0;12;2.293280
2026.01.27 05:00:00;2.293160;2.296080;2.292640;2.292920;3744;0;12;2.293040
2026.01.27 06:00:00;2.292820;2.293620;2.291920;2.292580;3196;0;12;2.292700
2026.01.27 07:00:00;2.292580;2.293300;2.291950;2.292110;3061;0;12;2.292230
2026.01.27 08:00:00;2.292110;2.293410;2.291730;2.292530;3660;0;12;2.292650
2026.01.27 09:00:00;2.292530;2.293300;2.291310;2.291570;4766;0;12;2.291690
2026.01.27 10:00:00;2.291590;2.294960;2.291390;2.294390;5639;0;12;2.294510
2026.01.27 11:00:00;2.294390;2.295850;2.292680;2.293190;5204;0;12;2.293310
2026.01.27 12:00:00;2.293190;2.294600;2.292160;2.292860;5940;0;12;2.292980
2026.01.27 13:00:00;2.292860;2.293270;2.291800;2.292090;4169;0;12;2.292210
2026.01.27 14:00:00;2.292140;2.293200;2.290730;2.292120;7510;0;12;2.292240
2026.01.27 15:00:00;2.292120;2.293880;2.291550;2.292560;8227;0;12;2.292680
2026.01.27 16:00:00;2.292570;2.295600;2.291390;2.294680;8644;0;12;2.294800
2026.01.27 17:00:00;2.294700;2.295270;2.288160;2.288530;9544;0;12;2.288650
2026.01.27 18:00:00;2.288530;2.290440;2.286870;2.290270;7667;0;12;2.290390
2026.01.27 19:00:00;2.290320;2.291800;2.289110;2.291530;7305;0;12;2.291650
2026.01.27 20:00:00;2.291500;2.292240;2.289800;2.290140;5471;0;12;2.290260
2026.01.27 21:00:00;2.290140;2.291050;2.289380;2.289780;4258;0;12;2.289900
2026.01.27 22:00:00;2.289780;2.293600;2.289040;2.289740;7502;0;12;2.289860
2026.01.27 23:00:00;2.289760;2.291440;2.288770;2.289910;7789;0;12;2.290030
2026.01.28 00:00:00;2.289800;2.291490;2.287260;2.290710;1384;0;12;2.290830
2026.01.28 01:00:00;2.290690;2.293750;2.290640;2.293280;3606;0;12;2.293400
2026.01.28 02:00:00;2.293280;2.293940;2.289960;2.293090;7605;0;12;2.293210
2026.01.28 03:00:00;2.293140;2.296150;2.293040;2.295340;6737;0;12;2.295460
2026.01.28 04:00:00;2.295340;2.296060;2.294070;2.295130;5092;0;12;2.295250
2026.01.28 05:00:00;2.295130;2.295930;2.292930;2.293390;3544;0;12;2.293510
2026.01.28 06:00:00;2.293410;2.294430;2.292610;2.292930;3193;0;12;2.293050
2026.01.28 07:00:00;2.292930;2.293950;2.290610;2.290630;5522;0;12;2.290750
2026.01.28 08:00:00;2.290630;2.291510;2.289480;2.290680;5312;0;12;2.290800
2026.01.28 09:00:00;2.290680;2.291300;2.287450;2.289090;6798;0;12;2.289210
2026.01.28 10:00:00;2.289090;2.289260;2.286280;2.288040;8443;0;12;2.288160
2026.01.28 11:00:00;2.288040;2.288550;2.285410;2.285840;6411;0;12;2.285960
2026.01.28 12:00:00;2.285860;2.285960;2.283120;2.284460;5896;0;12;2.284580
2026.01.28 13:00:00;2.284460;2.285500;2.282410;2.282900;5875;0;12;2.283020
2026.01.28 14:00:00;2.282900;2.287330;2.282830;2.286910;6195;0;12;2.287030
2026.01.28 15:00:00;2.286930;2.287030;2.283990;2.284090;7778;0;12;2.284210
2026.01.28 16:00:00;2.284090;2.285700;2.283590;2.284690;7978;0;12;2.284810
2026.01.28 17:00:00;2.284690;2.286440;2.280790;2.285130;12931;0;12;2.285250
2026.01.28 18:00:00;2.285130;2.286610;2.284280;2.285700;8983;0;12;2.285820
2026.01.28 19:00:00;2.285700;2.286650;2.284600;2.285260;6244;0;12;2.285380
2026.01.28 20:00:00;2.285260;2.286670;2.284250;2.285410;5743;0;12;2.285530
2026.01.28 21:00:00;2.284700;2.286600;2.282010;2.282500;10834;0;12;2.282620
2026.01.28 22:00:00;2.282500;2.284030;2.279700;2.280480;6374;0;12;2.280600
2026.01.28 23:00:00;2.280380;2.280940;2.277380;2.277490;3960;0;12;2.277610
2026.01.29 00:00:00;2.278820;2.278870;2.277160;2.277390;2145;0;96;2.278350
2026.01.29 01:00:00;2.277780;2.280480;2.276810;2.279680;4114;0;12;2.279800
2026.01.29 02:00:00;2.279760;2.282590;2.279300;2.281310;6894;0;12;2.281430
2026.01.29 03:00:00;2.281310;2.283470;2.280800;2.281570;7615;0;12;2.281690
2026.01.29 04:00:00;2.281570;2.282010;2.277610;2.277700;5891;0;12;2.277820
2026.01.29 05:00:00;2.277700;2.277950;2.274040;2.274220;5984;0;12;2.274340
2026.01.29 06:00:00;2.274220;2.275100;2.271440;2.271710;5342;0;12;2.271830
2026.01.29 07:00:00;2.271710;2.273960;2.271450;2.272970;4685;0;12;2.273090
2026.01.29 08:00:00;2.272970;2.274740;2.272350;2.274300;4936;0;12;2.274420
2026.01.29 09:00:00;2.274300;2.277690;2.273160;2.276440;6012;0;12;2.276560
2026.01.29 10:00:00;2.276440;2.279080;2.275540;2.278180;7572;0;12;2.278300
2026.01.29 11:00:00;2.278180;2.278400;2.274840;2.275300;6080;0;12;2.275420
2026.01.29 12:00:00;2.275300;2.277940;2.274980;2.276660;6284;0;12;2.276780
2026.01.29 13:00:00;2.276670;2.278600;2.275560;2.276270;6059;0;12;2.276390
2026.01.29 14:00:00;2.276270;2.276380;2.272580;2.273010;5591;0;12;2.273130
2026.01.29 15:00:00;2.273010;2.274080;2.270990;2.271900;7781;0;12;2.272020
2026.01.29 16:00:00;2.271900;2.276180;2.271370;2.275980;10129;0;12;2.276100
2026.01.29 17:00:00;2.275980;2.283200;2.275730;2.281510;17715;0;12;2.281630
2026.01.29 18:00:00;2.281510;2.282260;2.277750;2.279070;12398;0;12;2.279190
2026.01.29 19:00:00;2.279070;2.279100;2.273350;2.276730;9220;0;12;2.276850
2026.01.29 20:00:00;2.276700;2.277010;2.273180;2.273680;8029;0;12;2.273800
2026.01.29 21:00:00;2.273700;2.274940;2.272810;2.274340;7112;0;12;2.274460
2026.01.29 22:00:00;2.274350;2.274890;2.271050;2.271670;5645;0;12;2.271790
2026.01.29 23:00:00;2.271750;2.272820;2.270250;2.271160;3476;0;12;2.271280
2026.01.30 00:00:00;2.275180;2.275390;2.270490;2.272170;2696;0;12;2.272290
2026.01.30 01:00:00;2.272020;2.274220;2.271410;2.272580;2802;0;12;2.272700
2026.01.30 02:00:00;2.272600;2.275390;2.271440;2.274370;7430;0;12;2.274490
2026.01.30 03:00:00;2.274400;2.275220;2.272110;2.274650;10538;0;12;2.274770
2026.01.30 04:00:00;2.274650;2.277850;2.274010;2.274640;10823;0;12;2.274760
2026.01.30 05:00:00;2.274470;2.275680;2.272660;2.274870;7235;0;12;2.274990
2026.01.30 06:00:00;2.274930;2.275180;2.273040;2.273430;5091;0;12;2.273550
2026.01.30 07:00:00;2.273440;2.275110;2.273080;2.274280;5648;0;12;2.274400
2026.01.30 08:00:00;2.274300;2.276530;2.272340;2.276450;7251;0;12;2.276570
2026.01.30 09:00:00;2.276470;2.276930;2.274350;2.275720;7347;0;12;2.275840
2026.01.30 10:00:00;2.275680;2.276590;2.272080;2.272790;7659;0;12;2.272910
2026.01.30 11:00:00;2.272790;2.275830;2.270720;2.275020;9106;0;12;2.275140
2026.01.30 12:00:00;2.275130;2.275150;2.270830;2.272500;7123;0;12;2.272620
2026.01.30 13:00:00;2.272500;2.272530;2.268510;2.268850;7311;0;12;2.268970
2026.01.30 14:00:00;2.268850;2.272490;2.267820;2.272000;7434;0;12;2.272120
2026.01.30 15:00:00;2.272040;2.272200;2.267130;2.270330;9555;0;12;2.270450
2026.01.30 16:00:00;2.270270;2.270300;2.262800;2.264350;9846;0;12;2.264470
2026.01.30 17:00:00;2.264320;2.269360;2.262900;2.268370;13296;0;12;2.268490
2026.01.30 18:00:00;2.268370;2.271400;2.268160;2.270150;10352;0;12;2.270270
2026.01.30 19:00:00;2.270150;2.272680;2.269060;2.272130;9779;0;12;2.272250
2026.01.30 20:00:00;2.272150;2.276860;2.270890;2.271700;10520;0;12;2.271820
2026.01.30 21:00:00;2.271720;2.272450;2.269460;2.270200;8918;0;12;2.270320
2026.01.30 22:00:00;2.270200;2.272840;2.270060;2.272540;6934;0;12;2.272660
2026.01.30 23:00:00;2.272540;2.273250;2.271600;2.271750;3993;0;12;2.271870
2026.02.02 00:00:00;2.274430;2.275940;2.274430;2.275940;2;0;164;2.277580
2026.02.02 01:00:00;2.278050;2.280020;2.272280;2.275950;8264;0;12;2.276070
2026.02.02 02:00:00;2.275950;2.276050;2.270700;2.272110;9859;0;12;2.272230
2026.02.02 03:00:00;2.272110;2.274600;2.271260;2.271540;12261;0;12;2.271660
2026.02.02 04:00:00;2.271520;2.275140;2.270950;2.274130;9826;0;12;2.274250
2026.02.02 05:00:00;2.274130;2.274950;2.271850;2.274350;8163;0;12;2.274470
2026.02.02 06:00:00;2.274340;2.275960;2.272300;2.273300;7299;0;12;2.273420
2026.02.02 07:00:00;2.273300;2.278300;2.273170;2.277060;7683;0;12;2.277180
2026.02.02 08:00:00;2.277060;2.281390;2.276140;2.280290;8784;0;12;2.280410
2026.02.02 09:00:00;2.280170;2.280390;2.276210;2.277280;7977;0;12;2.277400
2026.02.02 10:00:00;2.277290;2.278850;2.275070;2.278060;8476;0;12;2.278180
2026.02.02 11:00:00;2.278060;2.279210;2.275610;2.275910;7490;0;12;2.276030
2026.02.02 12:00:00;2.275910;2.278050;2.275120;2.277040;6592;0;12;2.277160
2026.02.02 13:00:00;2.277040;2.277100;2.274850;2.276750;5722;0;12;2.276870
2026.02.02 14:00:00;2.276750;2.277140;2.274450;2.275030;6619;0;12;2.275150
2026.02.02 15:00:00;2.275050;2.277540;2.273380;2.273580;9116;0;12;2.273700
2026.02.02 16:00:00;2.273580;2.275000;2.271370;2.274040;9138;0;12;2.274160
2026.02.02 17:00:00;2.273590;2.275060;2.271330;2.274100;11013;0;12;2.274220
2026.02.02 18:00:00;2.274100;2.274460;2.271040;2.272250;9443;0;12;2.272370
2026.02.02 19:00:00;2.272240;2.275050;2.271670;2.274900;7878;0;12;2.275020
2026.02.02 20:00:00;2.274900;2.277950;2.274850;2.276980;6296;0;12;2.277100
2026.02.02 21:00:00;2.276980;2.277160;2.275760;2.276180;4999;0;12;2.276300
2026.02.02 22:00:00;2.276160;2.276970;2.275720;2.275990;5474;0;12;2.276110
2026.02.02 23:00:00;2.275990;2.277920;2.275240;2.277350;2652;0;12;2.277470
2026.02.03 00:00:00;2.277750;2.278990;2.276200;2.278200;1943;0;12;2.278320
2026.02.03 01:00:00;2.278320;2.278320;2.274040;2.274120;2065;0;12;2.274240
2026.02.03 02:00:00;2.274120;2.274180;2.271790;2.272010;4243;0;12;2.272130
2026.02.03 03:00:00;2.272010;2.273170;2.271830;2.273120;5782;0;12;2.273240
2026.02.03 04:00:00;2.273110;2.276380;2.272260;2.274790;5047;0;12;2.274910
2026.02.03 05:00:00;2.274790;2.275400;2.267460;2.267960;7072;0;12;2.268080
2026.02.03 06:00:00;2.268020;2.269220;2.265450;2.268090;4559;0;12;2.268210
2026.02.03 07:00:00;2.268100;2.268990;2.267020;2.268710;4705;0;12;2.268830
2026.02.03 08:00:00;2.268740;2.269400;2.266040;2.266390;4813;0;12;2.266510
2026.02.03 09:00:00;2.266390;2.266760;2.261600;2.262970;6320;0;12;2.263090
2026.02.03 10:00:00;2.262980;2.264770;2.259730;2.262240;6574;0;12;2.262360
2026.02.03 11:00:00;2.262240;2.266320;2.261620;2.264940;6873;0;12;2.265060
2026.02.03 12:00:00;2.264940;2.265740;2.263720;2.264840;5222;0;12;2.264960
2026.02.03 13:00:00;2.264910;2.265400;2.262260;2.264400;5115;0;12;2.264520
2026.02.03 14:00:00;2.264400;2.266160;2.263960;2.265380;5433;0;12;2.265500
2026.02.03 15:00:00;2.265380;2.266490;2.262530;2.262750;7001;0;12;2.262870
2026.02.03 16:00:00;2.262740;2.267490;2.262740;2.267440;8502;0;12;2.267560
2026.02.03 17:00:00;2.267440;2.270060;2.265130;2.266870;9461;0;12;2.266990
2026.02.03 18:00:00;2.266870;2.267220;2.263260;2.264670;7702;0;12;2.264790
2026.02.03 19:00:00;2.264740;2.267340;2.264380;2.266040;7686;0;12;2.266160
2026.02.03 20:00:00;2.266040;2.266140;2.263650;2.264790;6525;0;12;2.264910
2026.02.03 21:00:00;2.264790;2.266200;2.263390;2.264360;6884;0;12;2.264480
2026.02.03 22:00:00;2.264380;2.264840;2.261470;2.262050;4674;0;12;2.262170
2026.02.03 23:00:00;2.262050;2.267140;2.259540;2.264940;2860;0;12;2.265060
2026.02.04 00:00:00;2.264760;2.266440;2.262830;2.263790;2091;0;12;2.263910
2026.02.04 01:00:00;2.264040;2.268130;2.263480;2.267100;2256;0;12;2.267220
2026.02.04 02:00:00;2.267110;2.268980;2.265710;2.267860;3817;0;12;2.267980
2026.02.04 03:00:00;2.267860;2.269700;2.266130;2.268520;6274;0;12;2.268640
2026.02.04 04:00:00;2.268520;2.271180;2.267640;2.270670;4981;0;12;2.270790
2026.02.04 05:00:00;2.270670;2.272700;2.270380;2.271840;4312;0;12;2.271960
2026.02.04 06:00:00;2.271840;2.273040;2.270580;2.272680;2697;0;12;2.272800
2026.02.04 07:00:00;2.272680;2.273040;2.269790;2.270810;3024;0;12;2.270930
2026.02.04 08:00:00;2.270810;2.271140;2.268550;2.268760;3841;0;12;2.268880
2026.02.04 09:00:00;2.268760;2.271560;2.268160;2.270420;4224;0;12;2.270540
2026.02.04 10:00:00;2.270460;2.272340;2.269770;2.270820;5661;0;12;2.270940
2026.02.04 11:00:00;2.270840;2.276350;2.270390;2.275630;5623;0;12;2.275750
2026.02.04 12:00:00;2.275590;2.278870;2.275120;2.278850;4608;0;12;2.278970
2026.02.04 13:00:00;2.278870;2.279140;2.276640;2.276910;4896;0;12;2.277030
2026.02.04 14:00:00;2.276910;2.277220;2.274280;2.275370;4465;0;12;2.275490
2026.02.04 15:00:00;2.275370;2.275950;2.273560;2.274240;6772;0;12;2.274360
2026.02.04 16:00:00;2.274240;2.277190;2.273100;2.276130;9157;0;12;2.276250
2026.02.04 17:00:00;2.276130;2.277110;2.272250;2.275810;11984;0;12;2.275930
2026.02.04 18:00:00;2.275810;2.277030;2.274030;2.274750;8631;0;12;2.274870
2026.02.04 19:00:00;2.274750;2.279800;2.273990;2.277540;9213;0;12;2.277660
2026.02.04 20:00:00;2.277490;2.278410;2.275900;2.277000;7022;0;12;2.277120
2026.02.04 21:00:00;2.277000;2.278100;2.273590;2.274550;6742;0;12;2.274670
2026.02.04 22:00:00;2.274550;2.276100;2.273510;2.273870;4069;0;12;2.273990
2026.02.04 23:00:00;2.273870;2.275160;2.273270;2.273930;2401;0;12;2.274050
2026.02.05 00:00:00;2.274250;2.275070;2.270300;2.273920;1849;0;12;2.274040
2026.02.05 01:00:00;2.274130;2.275580;2.273150;2.275070;2609;0;12;2.275190
2026.02.05 02:00:00;2.275070;2.275300;2.271910;2.273180;3323;0;12;2.273300
2026.02.05 03:00:00;2.273110;2.274810;2.271950;2.274770;5607;0;12;2.274890
2026.02.05 04:00:00;2.274770;2.279940;2.274330;2.278340;8171;0;12;2.278460
2026.02.05 05:00:00;2.278290;2.278840;2.275860;2.277000;7203;0;12;2.277120
2026.02.05 06:00:00;2.277000;2.277230;2.275110;2.276070;3653;0;12;2.276190
2026.02.05 07:00:00;2.276080;2.276890;2.274190;2.274880;4417;0;12;2.275000
2026.02.05 08:00:00;2.274880;2.275400;2.273320;2.274290;4304;0;12;2.274410
2026.02.05 09:00:00;2.274290;2.275590;2.272970;2.274600;5643;0;12;2.274720
2026.02.05 10:00:00;2.274600;2.274600;2.270720;2.270770;6545;0;12;2.270890
2026.02.05 11:00:00;2.270750;2.272670;2.264220;2.268040;6904;0;12;2.268160
2026.02.05 12:00:00;2.268040;2.269950;2.267220;2.268300;5561;0;12;2.268420
2026.02.05 13:00:00;2.268300;2.271200;2.266240;2.270560;5121;0;12;2.270680
2026.02.05 14:00:00;2.270730;2.270730;2.261590;2.265600;10177;0;12;2.265720
2026.02.05 15:00:00;2.265600;2.266680;2.263150;2.264930;9231;0;12;2.265050
2026.02.05 16:00:00;2.264930;2.265410;2.259680;2.261320;12046;0;12;2.261440
2026.02.05 17:00:00;2.261320;2.266720;2.260600;2.263240;11819;0;12;2.263360
2026.02.05 18:00:00;2.263240;2.263940;2.261320;2.262010;9241;0;12;2.262130
2026.02.05 19:00:00;2.262010;2.264140;2.261900;2.264060;7374;0;12;2.264180
2026.02.05 20:00:00;2.264030;2.266190;2.263790;2.265700;5531;0;12;2.265820
2026.02.05 21:00:00;2.265700;2.268190;2.264500;2.268120;5057;0;12;2.268240
2026.02.05 22:00:00;2.268120;2.270690;2.266420;2.270560;4712;0;12;2.270680
2026.02.05 23:00:00;2.270500;2.274030;2.270260;2.273190;3386;0;12;2.273310
2026.02.06 00:00:00;2.274830;2.274830;2.272240;2.273200;1579;0;60;2.273800
2026.02.06 01:00:00;2.273200;2.277720;2.272290;2.276930;3078;0;12;2.277050
2026.02.06 02:00:00;2.276930;2.278910;2.275060;2.275430;5841;0;12;2.275550
2026.02.06 03:00:00;2.275430;2.276720;2.272610;2.273610;6910;0;12;2.273730
2026.02.06 04:00:00;2.273630;2.273630;2.271360;2.272990;5129;0;12;2.273110
2026.02.06 05:00:00;2.272990;2.273700;2.271250;2.271460;3977;0;12;2.271580
2026.02.06 06:00:00;2.271460;2.272060;2.270440;2.271440;3029;0;12;2.271560
2026.02.06 07:00:00;2.271450;2.271780;2.269730;2.269960;3856;0;14;2.270100
2026.02.06 08:00:00;2.269960;2.271060;2.269120;2.270100;4165;0;12;2.270220
2026.02.06 09:00:00;2.270070;2.271440;2.269010;2.269530;4314;0;12;2.269650
2026.02.06 10:00:00;2.269530;2.270340;2.267840;2.268870;6096;0;12;2.268990
2026.02.06 11:00:00;2.268820;2.269830;2.267300;2.267720;5393;0;12;2.267840
2026.02.06 12:00:00;2.267710;2.269000;2.267350;2.268170;3827;0;12;2.268290
2026.02.06 13:00:00;2.268170;2.269100;2.266040;2.266330;4365;0;12;2.266450
2026.02.06 14:00:00;2.266330;2.269100;2.266330;2.267570;4516;0;12;2.267690
2026.02.06 15:00:00;2.267570;2.267960;2.263440;2.263740;5756;0;12;2.263860
2026.02.06 16:00:00;2.263730;2.264830;2.260940;2.262270;7521;0;12;2.262390
2026.02.06 17:00:00;2.262270;2.264330;2.261710;2.263180;8115;0;12;2.263300
2026.02.06 18:00:00;2.263180;2.263180;2.259710;2.260260;6373;0;12;2.260380
2026.02.06 19:00:00;2.260300;2.261480;2.258990;2.260760;5021;0;12;2.260880
2026.02.06 20:00:00;2.260760;2.261860;2.259120;2.261550;3759;0;12;2.261670
2026.02.06 21:00:00;2.261550;2.263020;2.261280;2.262540;3437;0;12;2.262660
2026.02.06 22:00:00;2.262560;2.262780;2.261890;2.262670;2844;0;12;2.262790
2026.02.06 23:00:00;2.262670;2.262880;2.260350;2.260940;2379;0;12;2.261060
2026.02.09 00:00:00;2.259450;2.259600;2.259410;2.259600;8;0;72;2.260320
2026.02.09 01:00:00;2.259620;2.260220;2.255120;2.256120;5449;0;12;2.256240
2026.02.09 02:00:00;2.256100;2.260970;2.255970;2.260820;5594;0;12;2.260940
2026.02.09 03:00:00;2.260820;2.261920;2.259370;2.261020;5886;0;12;2.261140
2026.02.09 04:00:00;2.261010;2.261420;2.259380;2.260930;4290;0;12;2.261050
2026.02.09 05:00:00;2.260930;2.261580;2.259400;2.261390;2571;0;12;2.261510
2026.02.09 06:00:00;2.261390;2.262110;2.260970;2.261870;2071;0;12;2.261990
2026.02.09 07:00:00;2.261870;2.262150;2.261050;2.261670;2375;0;12;2.261790
2026.02.09 08:00:00;2.261670;2.262510;2.259480;2.259650;5688;0;12;2.259770
2026.02.09 09:00:00;2.259650;2.260230;2.256770;2.259870;5768;0;12;2.259990
2026.02.09 10:00:00;2.259870;2.263300;2.258900;2.262440;6484;0;12;2.262560
2026.02.09 11:00:00;2.262440;2.263020;2.260260;2.262530;4739;0;12;2.262650
2026.02.09 12:00:00;2.262530;2.267000;2.262300;2.265810;5158;0;12;2.265930
2026.02.09 13:00:00;2.265810;2.267350;2.264030;2.264670;6029;0;12;2.264790
2026.02.09 14:00:00;2.264670;2.265430;2.263020;2.265160;4652;0;12;2.265280
2026.02.09 15:00:00;2.265160;2.265160;2.260490;2.260970;7587;0;12;2.261090
2026.02.09 16:00:00;2.260980;2.261240;2.254110;2.254940;9873;0;12;2.255060
2026.02.09 17:00:00;2.254970;2.261980;2.254450;2.260940;8211;0;12;2.261060
2026.02.09 18:00:00;2.261020;2.262360;2.259700;2.259780;5562;0;12;2.259900
2026.02.09 19:00:00;2.259780;2.261250;2.259310;2.259700;4163;0;12;2.259820
2026.02.09 20:00:00;2.259700;2.260870;2.257910;2.260860;4548;0;12;2.260980
2026.02.09 21:00:00;2.260870;2.261210;2.260160;2.260840;3521;0;12;2.260960
2026.02.09 22:00:00;2.260840;2.261810;2.260430;2.261420;3471;0;12;2.261540
2026.02.09 23:00:00;2.261420;2.261980;2.260720;2.260840;2609;0;12;2.260960
2026.02.10 00:00:00;2.264150;2.265390;2.260530;2.262250;1425;0;12;2.262370
2026.02.10 01:00:00;2.260870;2.262310;2.260290;2.260670;1864;0;18;2.260850
2026.02.10 02:00:00;2.260670;2.262480;2.259790;2.262480;3081;0;12;2.262600
2026.02.10 03:00:00;2.262480;2.263340;2.261480;2.262050;5373;0;12;2.262170
2026.02.10 04:00:00;2.262050;2.263860;2.261540;2.263780;4072;0;12;2.263900
2026.02.10 05:00:00;2.263780;2.265950;2.263460;2.265670;3812;0;12;2.265790
2026.02.10 06:00:00;2.265640;2.266490;2.265000;2.265890;2510;0;12;2.266010
2026.02.10 07:00:00;2.265960;2.266040;2.264330;2.264910;2714;0;12;2.265030
2026.02.10 08:00:00;2.264830;2.265820;2.264450;2.265210;3042;0;12;2.265330
2026.02.10 09:00:00;2.265230;2.265610;2.263140;2.263300;3726;0;12;2.263420
2026.02.10 10:00:00;2.263310;2.264030;2.261670;2.262010;4917;0;12;2.262130
2026.02.10 11:00:00;2.261990;2.262820;2.259690;2.260860;4025;0;12;2.260980
2026.02.10 12:00:00;2.260860;2.262120;2.260550;2.260920;3913;0;12;2.261040
2026.02.10 13:00:00;2.260920;2.261170;2.259590;2.260430;3358;0;12;2.260550
2026.02.10 14:00:00;2.260430;2.265850;2.260120;2.264820;5249;0;12;2.264940
2026.02.10 15:00:00;2.264800;2.265380;2.260460;2.261700;6868;0;12;2.261820
2026.02.10 16:00:00;2.261700;2.261880;2.258360;2.258460;8045;0;12;2.258580
2026.02.10 17:00:00;2.258480;2.259920;2.257160;2.257640;8614;0;12;2.257760
2026.02.10 18:00:00;2.257640;2.260820;2.256860;2.260510;6825;0;12;2.260630
2026.02.10 19:00:00;2.260510;2.261210;2.257450;2.258880;5145;0;12;2.259000
2026.02.10 20:00:00;2.258840;2.259390;2.257510;2.257680;4845;0;12;2.257800
2026.02.10 21:00:00;2.257680;2.258130;2.256300;2.256900;3867;0;12;2.257020
2026.02.10 22:00:00;2.256890;2.257530;2.256280;2.256800;3421;0;12;2.256920
2026.02.10 23:00:00;2.256850;2.257720;2.256440;2.257140;1818;0;12;2.257260
2026.02.11 00:00:00;2.257140;2.259150;2.256180;2.257680;1574;0;67;2.258350
2026.02.11 01:00:00;2.257680;2.257680;2.256250;2.256780;1206;0;20;2.256980
2026.02.11 02:00:00;2.256780;2.256940;2.255270;2.255930;3487;0;12;2.256050
2026.02.11 03:00:00;2.255930;2.256430;2.254440;2.255550;5000;0;12;2.255670
2026.02.11 04:00:00;2.255550;2.255990;2.251710;2.254030;4391;0;12;2.254150
2026.02.11 05:00:00;2.254030;2.254870;2.252640;2.253670;3014;0;12;2.253790
2026.02.11 06:00:00;2.253670;2.255020;2.252960;2.254500;2326;0;12;2.254620
2026.02.11 07:00:00;2.254500;2.255650;2.254270;2.255030;2911;0;12;2.255150
2026.02.11 08:00:00;2.255030;2.257560;2.254190;2.257150;3507;0;12;2.257270
2026.02.11 09:00:00;2.257150;2.257400;2.255840;2.256790;3459;0;12;2.256910
2026.02.11 10:00:00;2.256790;2.260130;2.256090;2.258210;4529;0;12;2.258330
2026.02.11 11:00:00;2.258300;2.259180;2.257550;2.258180;3733;0;12;2.258300
2026.02.11 12:00:00;2.258180;2.258690;2.256420;2.257720;4063;0;12;2.257840
2026.02.11 13:00:00;2.257720;2.258690;2.257110;2.258260;3971;0;12;2.258380
2026.02.11 14:00:00;2.258260;2.258630;2.257170;2.257400;4675;0;12;2.257520
2026.02.11 15:00:00;2.257400;2.261100;2.253790;2.253870;10109;0;12;2.253990
2026.02.11 16:00:00;2.253910;2.255660;2.253450;2.254020;11807;0;12;2.254140
2026.02.11 17:00:00;2.253990;2.260740;2.253770;2.257520;10898;0;12;2.257640
2026.02.11 18:00:00;2.257530;2.258860;2.253270;2.254140;8150;0;12;2.254260
2026.02.11 19:00:00;2.254140;2.254790;2.252560;2.254030;7396;0;12;2.254150
2026.02.11 20:00:00;2.254040;2.254440;2.250730;2.250890;5879;0;12;2.251010
2026.02.11 21:00:00;2.250830;2.251260;2.249480;2.250890;4326;0;12;2.251010
2026.02.11 22:00:00;2.250890;2.253170;2.250820;2.252180;3625;0;12;2.252300
2026.02.11 23:00:00;2.252180;2.253240;2.251540;2.252940;2181;0;12;2.253060
2026.02.12 00:00:00;2.252780;2.256450;2.250710;2.252800;1166;0;12;2.252920
2026.02.12 01:00:00;2.252770;2.253270;2.251260;2.252340;1644;0;13;2.252470
2026.02.12 02:00:00;2.252330;2.252970;2.250930;2.252070;3526;0;12;2.252190
2026.02.12 03:00:00;2.252110;2.252110;2.250590;2.251090;4704;0;12;2.251210
2026.02.12 04:00:00;2.251220;2.251900;2.250300;2.250940;3738;0;12;2.251060
2026.02.12 05:00:00;2.250940;2.251820;2.249920;2.251130;3484;0;12;2.251250
2026.02.12 06:00:00;2.251130;2.253510;2.250170;2.253470;3202;0;12;2.253590
2026.02.12 07:00:00;2.253470;2.253470;2.251590;2.251950;3004;0;12;2.252070
2026.02.12 08:00:00;2.251970;2.253570;2.251300;2.252060;4430;0;12;2.252180
2026.02.12 09:00:00;2.252060;2.252060;2.249970;2.250380;4521;0;12;2.250500
2026.02.12 10:00:00;2.250380;2.251280;2.248300;2.249190;5091;0;12;2.249310
2026.02.12 11:00:00;2.249200;2.251330;2.247830;2.247940;4606;0;12;2.248060
2026.02.12 12:00:00;2.247940;2.248330;2.245440;2.246750;4000;0;12;2.246870
2026.02.12 13:00:00;2.246750;2.247980;2.246040;2.247460;3643;0;12;2.247580
2026.02.12 14:00:00;2.247460;2.248200;2.246620;2.247440;4669;0;12;2.247560
2026.02.12 15:00:00;2.247440;2.248930;2.246910;2.247260;5650;0;12;2.247380
2026.02.12 16:00:00;2.247260;2.254640;2.247070;2.254110;7608;0;12;2.254230
2026.02.12 17:00:00;2.254110;2.255290;2.249950;2.250310;8283;0;12;2.250430
2026.02.12 18:00:00;2.250310;2.256640;2.250240;2.254530;13213;0;12;2.254650
2026.02.12 19:00:00;2.254530;2.257400;2.254330;2.257110;8892;0;12;2.257230
2026.02.12 20:00:00;2.257260;2.257970;2.255980;2.256720;7284;0;12;2.256840
2026.02.12 21:00:00;2.256720;2.257690;2.255870;2.256590;5195;0;12;2.256710
2026.02.12 22:00:00;2.256590;2.258780;2.256300;2.258540;4218;0;12;2.258660
2026.02.12 23:00:00;2.258520;2.258960;2.256360;2.256360;2564;0;12;2.256480
2026.02.13 00:00:00;2.256160;2.258600;2.253670;2.257850;1537;0;12;2.257970
2026.02.13 01:00:00;2.256470;2.258200;2.256230;2.257630;1746;0;12;2.257750
2026.02.13 02:00:00;2.257650;2.258560;2.256630;2.258220;3598;0;12;2.258340
2026.02.13 03:00:00;2.258200;2.258230;2.255140;2.256550;4784;0;12;2.256670
2026.02.13 04:00:00;2.256530;2.256910;2.255250;2.256240;3019;0;12;2.256360
2026.02.13 05:00:00;2.256240;2.257350;2.255910;2.257020;2510;0;12;2.257140
2026.02.13 06:00:00;2.257020;2.257240;2.255170;2.255780;2271;0;12;2.255900
2026.02.13 07:00:00;2.255780;2.257570;2.255190;2.257430;4228;0;12;2.257550
2026.02.13 08:00:00;2.257450;2.258950;2.257040;2.258060;4139;0;12;2.258180
2026.02.13 09:00:00;2.258070;2.261310;2.257670;2.259760;4655;0;12;2.259880
2026.02.13 10:00:00;2.259740;2.259740;2.256040;2.256120;5161;0;12;2.256240
2026.02.13 11:00:00;2.256100;2.257340;2.254990;2.256000;4366;0;12;2.256120
2026.02.13 12:00:00;2.256000;2.257340;2.255790;2.256830;3973;0;12;2.256950
2026.02.13 13:00:00;2.256830;2.259910;2.256540;2.259140;5046;0;12;2.259260
2026.02.13 14:00:00;2.259140;2.259900;2.258520;2.258980;4600;0;12;2.259100
2026.02.13 15:00:00;2.258980;2.260900;2.256580;2.257670;8365;0;12;2.257790
2026.02.13 16:00:00;2.257670;2.261160;2.255990;2.260890;10598;0;12;2.261010
2026.02.13 17:00:00;2.260890;2.261000;2.256660;2.258580;11182;0;12;2.258700
2026.02.13 18:00:00;2.258580;2.260570;2.257020;2.260530;7882;0;12;2.260650
2026.02.13 19:00:00;2.260530;2.260530;2.256570;2.257940;5629;0;12;2.258060
2026.02.13 20:00:00;2.257940;2.258760;2.256820;2.258150;4537;0;12;2.258270
2026.02.13 21:00:00;2.258140;2.259040;2.257350;2.258900;3896;0;12;2.259020
2026.02.13 22:00:00;2.258940;2.260200;2.258480;2.259810;4416;0;12;2.259930
2026.02.13 23:00:00;2.259840;2.260320;2.258860;2.260070;2865;0;12;2.260190
2026.02.16 01:00:00;2.257270;2.262590;2.257220;2.261770;2784;0;12;2.261890
2026.02.16 02:00:00;2.261810;2.263290;2.260630;2.260940;3849;0;12;2.261060
2026.02.16 03:00:00;2.260940;2.261400;2.258900;2.259140;3341;0;12;2.259260
2026.02.16 04:00:00;2.259140;2.261280;2.258820;2.260860;3144;0;12;2.260980
2026.02.16 05:00:00;2.260860;2.262670;2.260820;2.261840;1760;0;12;2.261960
2026.02.16 06:00:00;2.261820;2.262340;2.260440;2.260860;2051;0;12;2.260980
2026.02.16 07:00:00;2.260860;2.261370;2.259310;2.259640;1903;0;12;2.259760
2026.02.16 08:00:00;2.259640;2.259810;2.258100;2.258870;1908;0;12;2.258990
2026.02.16 09:00:00;2.258860;2.259880;2.258580;2.259430;3026;0;12;2.259550
2026.02.16 10:00:00;2.259430;2.260260;2.257930;2.258040;4988;0;12;2.258160
2026.02.16 11:00:00;2.258000;2.260410;2.257980;2.258850;3775;0;12;2.258970
2026.02.16 12:00:00;2.258800;2.259350;2.257460;2.259050;3443;0;12;2.259170
2026.02.16 13:00:00;2.259050;2.259850;2.257570;2.257840;2818;0;12;2.257960
2026.02.16 14:00:00;2.257800;2.259170;2.257350;2.258040;2645;0;12;2.258160
2026.02.16 15:00:00;2.258040;2.258330;2.256590;2.257300;2871;0;12;2.257420
2026.02.16 16:00:00;2.257300;2.258690;2.256580;2.257520;3364;0;12;2.257640
2026.02.16 17:00:00;2.257520;2.260030;2.257330;2.259960;3496;0;12;2.260080
2026.02.16 18:00:00;2.259960;2.260150;2.258390;2.258950;2847;0;12;2.259070
2026.02.16 19:00:00;2.258950;2.259330;2.258450;2.259010;1500;0;12;2.259130
2026.02.16 20:00:00;2.259010;2.259150;2.258580;2.258880;1000;0;12;2.259000
2026.02.16 21:00:00;2.258880;2.259220;2.258680;2.258740;952;0;12;2.258860
2026.02.16 22:00:00;2.258680;2.258840;2.258240;2.258550;837;0;12;2.258670
2026.02.16 23:00:00;2.258550;2.258950;2.258040;2.258740;1217;0;12;2.258860
2026.02.17 00:00:00;2.261890;2.261890;2.257910;2.258690;1119;0;26;2.258950
2026.02.17 01:00:00;2.258630;2.259640;2.257810;2.259190;1201;0;15;2.259340
2026.02.17 02:00:00;2.259190;2.260090;2.258410;2.258970;3099;0;12;2.259090
2026.02.17 03:00:00;2.258970;2.260600;2.257830;2.260280;4047;0;12;2.260400
2026.02.17 04:00:00;2.260340;2.261440;2.258470;2.258700;3021;0;12;2.258820
2026.02.17 05:00:00;2.258700;2.260640;2.258400;2.258490;2883;0;12;2.258610
2026.02.17 06:00:00;2.258490;2.258620;2.254650;2.254740;2168;0;12;2.254860
2026.02.17 07:00:00;2.254740;2.256470;2.254620;2.255780;3289;0;12;2.255900
2026.02.17 08:00:00;2.255780;2.255780;2.253900;2.254750;2277;0;12;2.254870
2026.02.17 09:00:00;2.254750;2.254750;2.247840;2.249790;4792;0;12;2.249910
2026.02.17 10:00:00;2.249790;2.251660;2.248900;2.251050;5154;0;12;2.251170
2026.02.17 11:00:00;2.251050;2.251570;2.249140;2.249310;3630;0;12;2.249430
2026.02.17 12:00:00;2.249310;2.249620;2.247040;2.247910;3768;0;12;2.248030
2026.02.17 13:00:00;2.247870;2.248280;2.245590;2.246070;4279;0;12;2.246190
2026.02.17 14:00:00;2.246070;2.247690;2.245840;2.246550;4364;0;12;2.246670
2026.02.17 15:00:00;2.246550;2.247930;2.242760;2.245040;7024;0;12;2.245160
2026.02.17 16:00:00;2.245040;2.247670;2.242480;2.247400;9630;0;12;2.247520
2026.02.17 17:00:00;2.247340;2.249510;2.244490;2.245110;10384;0;12;2.245230
2026.02.17 18:00:00;2.245110;2.246350;2.243150;2.245870;7338;0;12;2.245990
2026.02.17 19:00:00;2.245840;2.247130;2.244740;2.246110;6544;0;12;2.246230
2026.02.17 20:00:00;2.246070;2.246240;2.241380;2.241750;5289;0;12;2.241870
2026.02.17 21:00:00;2.241740;2.242830;2.241390;2.241730;3757;0;12;2.241850
2026.02.17 22:00:00;2.241750;2.242740;2.241340;2.242160;3298;0;12;2.242280
2026.02.17 23:00:00;2.242120;2.242720;2.241270;2.242420;1581;0;12;2.242540
2026.02.18 00:00:00;2.242330;2.243310;2.241390;2.242790;1791;0;24;2.243030
2026.02.18 01:00:00;2.242570;2.243360;2.241710;2.242580;1417;0;12;2.242700
2026.02.18 02:00:00;2.242580;2.244340;2.241850;2.243860;2736;0;12;2.243980
2026.02.18 03:00:00;2.243590;2.255270;2.243470;2.252640;3733;0;12;2.252760
2026.02.18 04:00:00;2.252600;2.257770;2.252110;2.257740;2625;0;12;2.257860
2026.02.18 05:00:00;2.257740;2.260370;2.257620;2.259170;2572;0;12;2.259290
2026.02.18 06:00:00;2.259090;2.259790;2.258360;2.259460;2168;0;12;2.259580
2026.02.18 07:00:00;2.259460;2.260590;2.258740;2.260380;1825;0;12;2.260500
2026.02.18 08:00:00;2.260340;2.261090;2.258650;2.260310;2708;0;12;2.260430
2026.02.18 09:00:00;2.260000;2.263680;2.259430;2.261630;3850;0;12;2.261750
2026.02.18 10:00:00;2.261630;2.261670;2.257580;2.260230;4674;0;12;2.260350
2026.02.18 11:00:00;2.260250;2.260470;2.256520;2.258230;3789;0;12;2.258350
2026.02.18 12:00:00;2.258240;2.260020;2.257740;2.258980;3004;0;12;2.259100
2026.02.18 13:00:00;2.258960;2.260670;2.258840;2.260060;2600;0;12;2.260180
2026.02.18 14:00:00;2.260060;2.261900;2.258820;2.261400;3836;0;12;2.261520
2026.02.18 15:00:00;2.261400;2.263940;2.260650;2.263320;4960;0;12;2.263440
2026.02.18 16:00:00;2.263320;2.264650;2.261610;2.262090;8261;0;12;2.262210
2026.02.18 17:00:00;2.262080;2.262280;2.259410;2.259950;6269;0;12;2.260070
2026.02.18 18:00:00;2.259950;2.262700;2.259670;2.261260;5018;0;12;2.261380
2026.02.18 19:00:00;2.261240;2.261430;2.258200;2.259760;4217;0;12;2.259880
2026.02.18 20:00:00;2.259760;2.262140;2.258680;2.262030;4775;0;12;2.262150
2026.02.18 21:00:00;2.262060;2.264140;2.260910;2.263360;5508;0;12;2.263480
2026.02.18 22:00:00;2.263360;2.264060;2.262180;2.262810;3513;0;12;2.262930
2026.02.18 23:00:00;2.262810;2.263130;2.261160;2.261350;1739;0;12;2.261470
2026.02.19 00:00:00;2.261970;2.262720;2.261400;2.262260;1541;0;12;2.262380
2026.02.19 01:00:00;2.262270;2.262670;2.261090;2.261880;1707;0;16;2.262040
2026.02.19 02:00:00;2.261880;2.264360;2.260970;2.261370;3598;0;12;2.261490
2026.02.19 03:00:00;2.261370;2.261410;2.258730;2.259060;3841;0;12;2.259180
2026.02.19 04:00:00;2.259060;2.259650;2.257690;2.258580;2816;0;12;2.258700
2026.02.19 05:00:00;2.258580;2.258670;2.257000;2.258090;2668;0;12;2.258210
2026.02.19 06:00:00;2.258090;2.259920;2.257790;2.258890;2533;0;12;2.259010
2026.02.19 07:00:00;2.258920;2.260200;2.258630;2.258880;2182;0;12;2.259000
2026.02.19 08:00:00;2.258860;2.259380;2.257390;2.257490;2275;0;12;2.257610
2026.02.19 09:00:00;2.257490;2.258310;2.255920;2.257830;3156;0;12;2.257950
2026.02.19 10:00:00;2.257830;2.258740;2.256060;2.257640;4332;0;12;2.257760
2026.02.19 11:00:00;2.257640;2.259930;2.256680;2.259930;4269;0;12;2.260050
2026.02.19 12:00:00;2.259930;2.260270;2.257250;2.257660;4394;0;12;2.257780
2026.02.19 13:00:00;2.257660;2.258330;2.255580;2.255690;3949;0;12;2.255810
2026.02.19 14:00:00;2.255680;2.257010;2.254920;2.256630;3719;0;12;2.256750
2026.02.19 15:00:00;2.256630;2.258640;2.255430;2.257150;6351;0;12;2.257270
2026.02.19 16:00:00;2.257150;2.259940;2.256210;2.258530;9214;0;12;2.258650
2026.02.19 17:00:00;2.258520;2.259180;2.252110;2.252540;10439;0;12;2.252660
2026.02.19 18:00:00;2.252540;2.253180;2.250890;2.253090;6874;0;12;2.253210
2026.02.19 19:00:00;2.253090;2.254930;2.251880;2.254040;5708;0;12;2.254160
2026.02.19 20:00:00;2.254020;2.254920;2.253300;2.253450;4669;0;12;2.253570
2026.02.19 21:00:00;2.253450;2.255360;2.253350;2.254740;4203;0;12;2.254860
2026.02.19 22:00:00;2.254740;2.254740;2.253490;2.253670;2760;0;12;2.253790
2026.02.19 23:00:00;2.253700;2.255320;2.253010;2.253980;2531;0;12;2.254100
2026.02.20 00:00:00;2.254140;2.255520;2.253060;2.254410;1889;0;49;2.254900
2026.02.20 01:00:00;2.254280;2.255270;2.253040;2.254490;1849;0;12;2.254610
2026.02.20 02:00:00;2.254490;2.256910;2.254080;2.256470;3118;0;12;2.256590
2026.02.20 03:00:00;2.256470;2.261280;2.256250;2.259260;5350;0;12;2.259380
2026.02.20 04:00:00;2.259260;2.262990;2.256910;2.262030;5045;0;12;2.262150
2026.02.20 05:00:00;2.262030;2.262150;2.259630;2.260420;2815;0;12;2.260540
2026.02.20 06:00:00;2.260450;2.260930;2.259240;2.260590;2078;0;12;2.260710
2026.02.20 07:00:00;2.260580;2.260580;2.258110;2.258250;3099;0;12;2.258370
2026.02.20 08:00:00;2.258250;2.258790;2.257830;2.258540;2461;0;12;2.258660
2026.02.20 09:00:00;2.258540;2.262930;2.258250;2.261030;4495;0;12;2.261150
2026.02.20 10:00:00;2.261030;2.261330;2.259220;2.259580;5709;0;12;2.259700
2026.02.20 11:00:00;2.259560;2.261130;2.256860;2.260190;4679;0;12;2.260310
2026.02.20 12:00:00;2.260210;2.262900;2.259940;2.261540;4142;0;12;2.261660
2026.02.20 13:00:00;2.261520;2.262750;2.260640;2.261970;4087;0;12;2.262090
2026.02.20 14:00:00;2.261970;2.264820;2.261940;2.263700;4412;0;12;2.263820
2026.02.20 15:00:00;2.263700;2.265750;2.263570;2.265150;7002;0;12;2.265270
2026.02.20 16:00:00;2.265170;2.266660;2.260760;2.261580;7847;0;12;2.261700
2026.02.20 17:00:00;2.261580;2.264260;2.257200;2.258840;14870;0;12;2.258960
2026.02.20 18:00:00;2.258810;2.260650;2.257740;2.260010;8350;0;12;2.260130
2026.02.20 19:00:00;2.260010;2.262450;2.258930;2.259250;8703;0;12;2.259370
2026.02.20 20:00:00;2.259340;2.260490;2.256690;2.257250;8310;0;12;2.257370
2026.02.20 21:00:00;2.257250;2.258740;2.257060;2.257620;5289;0;12;2.257740
2026.02.20 22:00:00;2.257640;2.257670;2.256410;2.256930;3358;0;12;2.257050
2026.02.20 23:00:00;2.256930;2.257720;2.254910;2.255020;2613;0;12;2.255140
2026.02.23 01:00:00;2.255840;2.257770;2.253880;2.253900;4389;0;12;2.254020
2026.02.23 02:00:00;2.254030;2.257310;2.253990;2.256880;6125;0;12;2.257000
2026.02.23 03:00:00;2.256840;2.257840;2.255330;2.256970;6818;0;12;2.257090
2026.02.23 04:00:00;2.256970;2.260690;2.256570;2.259620;4601;0;12;2.259740
2026.02.23 05:00:00;2.259620;2.259750;2.257530;2.258450;3231;0;12;2.258570
2026.02.23 06:00:00;2.258430;2.259720;2.257870;2.259140;2460;0;12;2.259260
2026.02.23 07:00:00;2.259140;2.259740;2.258490;2.259100;2386;0;12;2.259220
2026.02.23 08:00:00;2.259100;2.259960;2.258650;2.259570;3181;0;12;2.259690
2026.02.23 09:00:00;2.259580;2.261660;2.259000;2.260830;4455;0;12;2.260950
2026.02.23 10:00:00;2.260830;2.261530;2.258340;2.258800;5929;0;12;2.258920
2026.02.23 11:00:00;2.258800;2.259120;2.257400;2.258800;4245;0;12;2.258920
2026.02.23 12:00:00;2.258780;2.260930;2.258720;2.260300;3945;0;12;2.260420
2026.02.23 13:00:00;2.260300;2.261600;2.259660;2.260820;3966;0;12;2.260940
2026.02.23 14:00:00;2.260820;2.262310;2.260230;2.261400;4332;0;12;2.261520
2026.02.23 15:00:00;2.261400;2.263110;2.261140;2.262150;4894;0;12;2.262270
2026.02.23 16:00:00;2.262170;2.263710;2.259850;2.263180;8106;0;12;2.263300
2026.02.23 17:00:00;2.263180;2.263920;2.262040;2.262340;8504;0;12;2.262460
2026.02.23 18:00:00;2.262340;2.264590;2.262060;2.264050;7506;0;12;2.264170
2026.02.23 19:00:00;2.264050;2.264280;2.262490;2.263440;6130;0;12;2.263560
2026.02.23 20:00:00;2.263440;2.264430;2.262710;2.264350;4107;0;12;2.264470
2026.02.23 21:00:00;2.264350;2.264940;2.263440;2.264680;3784;0;12;2.264800
2026.02.23 22:00:00;2.264630;2.266470;2.264230;2.265350;3188;0;12;2.265470
2026.02.23 23:00:00;2.265350;2.266320;2.264860;2.264940;2091;0;12;2.265060
2026.02.24 00:00:00;2.264800;2.266110;2.263780;2.264570;4281;0;12;2.264690
2026.02.24 01:00:00;2.264390;2.265400;2.263430;2.264460;1389;0;15;2.264610
2026.02.24 02:00:00;2.264460;2.264810;2.263360;2.263510;3483;0;12;2.263630
2026.02.24 03:00:00;2.263500;2.265320;2.263330;2.263810;6745;0;12;2.263930
2026.02.24 04:00:00;2.263780;2.263990;2.261470;2.261630;3377;0;12;2.261750
2026.02.24 05:00:00;2.261630;2.262750;2.260720;2.262200;2564;0;12;2.262320
2026.02.24 06:00:00;2.262200;2.263190;2.261770;2.263120;2262;0;12;2.263240
2026.02.24 07:00:00;2.263120;2.263380;2.261790;2.262080;2449;0;12;2.262200
2026.02.24 08:00:00;2.262050;2.262570;2.261640;2.261880;2523;0;12;2.262000
2026.02.24 09:00:00;2.261870;2.262250;2.259350;2.260560;5863;0;12;2.260680
2026.02.24 10:00:00;2.260570;2.262330;2.259430;2.260630;5826;0;12;2.260750
2026.02.24 11:00:00;2.260650;2.262400;2.259640;2.262140;4249;0;12;2.262260
2026.02.24 12:00:00;2.262140;2.263240;2.261540;2.262830;3453;0;12;2.262950
2026.02.24 13:00:00;2.262830;2.264600;2.262000;2.264310;3631;0;12;2.264430
2026.02.24 14:00:00;2.264320;2.267040;2.263870;2.266070;4211;0;12;2.266190
2026.02.24 15:00:00;2.266070;2.267210;2.265070;2.267100;5433;0;12;2.267220
2026.02.24 16:00:00;2.267100;2.268480;2.264570;2.267220;7738;0;12;2.267340
2026.02.24 17:00:00;2.267320;2.268430;2.265870;2.267510;8078;0;12;2.267630
2026.02.24 18:00:00;2.267510;2.267640;2.264920;2.265540;5380;0;12;2.265660
2026.02.24 19:00:00;2.265500;2.265500;2.263140;2.264290;3795;0;12;2.264410
2026.02.24 20:00:00;2.264330;2.264540;2.262800;2.263130;3220;0;12;2.263250
2026.02.24 21:00:00;2.263130;2.263940;2.262040;2.262180;3084;0;12;2.262300
2026.02.24 22:00:00;2.262140;2.262380;2.261080;2.262000;2670;0;12;2.262120
2026.02.24 23:00:00;2.262020;2.262620;2.260390;2.260420;1943;0;12;2.260540
2026.02.25 00:00:00;2.262200;2.264440;2.260880;2.262060;1020;0;12;2.262180
2026.02.25 01:00:00;2.262070;2.263030;2.261210;2.262820;1101;0;15;2.262970
2026.02.25 02:00:00;2.262820;2.263160;2.259100;2.261220;3669;0;12;2.261340
2026.02.25 03:00:00;2.261180;2.262090;2.260030;2.261890;4454;0;12;2.262010
2026.02.25 04:00:00;2.261890;2.262280;2.260290;2.261060;4699;0;12;2.261180
2026.02.25 05:00:00;2.261060;2.262310;2.260570;2.261830;5130;0;12;2.261950
2026.02.25 06:00:00;2.261830;2.262240;2.259970;2.259970;2180;0;12;2.260090
2026.02.25 07:00:00;2.259970;2.260320;2.259270;2.259670;3172;0;12;2.259790
2026.02.25 08:00:00;2.259670;2.260680;2.258780;2.259080;3126;0;12;2.259200
2026.02.25 09:00:00;2.259120;2.260540;2.257310;2.260420;4246;0;12;2.260540
2026.02.25 10:00:00;2.260420;2.262370;2.259020;2.262300;4727;0;12;2.262420
2026.02.25 11:00:00;2.262280;2.263450;2.260910;2.263420;5213;0;12;2.263540
2026.02.25 12:00:00;2.263420;2.264400;2.262100;2.263890;3952;0;12;2.264010
2026.02.25 13:00:00;2.263890;2.265160;2.262790;2.265000;3579;0;12;2.265120
2026.02.25 14:00:00;2.265000;2.265240;2.263040;2.263590;3767;0;12;2.263710
2026.02.25 15:00:00;2.263590;2.264200;2.262300;2.263070;4974;0;12;2.263190
2026.02.25 16:00:00;2.263060;2.263280;2.260610;2.262800;6084;0;12;2.262920
2026.02.25 17:00:00;2.262800;2.262860;2.259440;2.259610;7533;0;12;2.259730
2026.02.25 18:00:00;2.259650;2.261690;2.259330;2.261510;4784;0;12;2.261630
2026.02.25 19:00:00;2.261510;2.261900;2.260620;2.261230;4001;0;12;2.261350
2026.02.25 20:00:00;2.261190;2.261270;2.259210;2.259660;2427;0;12;2.259780
2026.02.25 21:00:00;2.259660;2.259700;2.258630;2.259270;2044;0;12;2.259390
2026.02.25 22:00:00;2.259270;2.260070;2.258830;2.259550;2380;0;12;2.259670
2026.02.25 23:00:00;2.259540;2.259720;2.258160;2.259000;2043;0;12;2.259120
2026.02.26 00:00:00;2.259380;2.260470;2.258340;2.259850;1959;0;68;2.260530
2026.02.26 01:00:00;2.260050;2.260050;2.258160;2.259480;2174;0;18;2.259660
2026.02.26 02:00:00;2.259480;2.260570;2.258950;2.259680;2630;0;12;2.259800
2026.02.26 03:00:00;2.259660;2.260060;2.257440;2.258140;5355;0;12;2.258260
2026.02.26 04:00:00;2.258140;2.259370;2.257230;2.259040;3652;0;12;2.259160
2026.02.26 05:00:00;2.259020;2.259110;2.257630;2.258680;2590;0;12;2.258800
2026.02.26 06:00:00;2.258650;2.259420;2.257980;2.258660;2311;0;12;2.258780
2026.02.26 07:00:00;2.258660;2.258680;2.255450;2.256580;3188;0;12;2.256700
2026.02.26 08:00:00;2.256580;2.258040;2.256310;2.257610;3479;0;12;2.257730
2026.02.26 09:00:00;2.257610;2.259850;2.257400;2.258670;4258;0;12;2.258790
2026.02.26 10:00:00;2.258690;2.259340;2.257880;2.258720;5539;0;12;2.258840
2026.02.26 11:00:00;2.258720;2.259510;2.257760;2.258930;4037;0;12;2.259050
2026.02.26 12:00:00;2.258930;2.261670;2.258280;2.261020;3323;0;12;2.261140
2026.02.26 13:00:00;2.261040;2.261920;2.260520;2.261480;3400;0;12;2.261600
2026.02.26 14:00:00;2.261480;2.262160;2.260800;2.261940;3166;0;12;2.262060
2026.02.26 15:00:00;2.261940;2.262940;2.260330;2.261800;5335;0;12;2.261920
2026.02.26 16:00:00;2.261790;2.264880;2.261620;2.264210;8130;0;12;2.264330
2026.02.26 17:00:00;2.264200;2.266160;2.259640;2.260470;11328;0;12;2.260590
2026.02.26 18:00:00;2.260420;2.261320;2.259840;2.260640;6496;0;12;2.260760
2026.02.26 19:00:00;2.260640;2.260930;2.256700;2.256890;5917;0;12;2.257010
2026.02.26 20:00:00;2.256890;2.257170;2.253030;2.253870;5645;0;12;2.253990
2026.02.26 21:00:00;2.253870;2.254120;2.253010;2.253510;4033;0;12;2.253630
2026.02.26 22:00:00;2.253510;2.254290;2.253050;2.253550;2915;0;12;2.253670
2026.02.26 23:00:00;2.253550;2.255240;2.253390;2.253770;1482;0;12;2.253890
2026.02.27 00:00:00;2.255780;2.256280;2.252790;2.255210;2544;0;12;2.255330
2026.02.27 01:00:00;2.255210;2.256570;2.253510;2.256100;1389;0;13;2.256230
2026.02.27 02:00:00;2.256100;2.257170;2.255110;2.256280;3654;0;12;2.256400
2026.02.27 03:00:00;2.256320;2.256430;2.254180;2.254280;5853;0;12;2.254400
2026.02.27 04:00:00;2.254280;2.255190;2.251740;2.251750;3473;0;12;2.251870
2026.02.27 05:00:00;2.251750;2.253190;2.251160;2.252670;2648;0;12;2.252790
2026.02.27 06:00:00;2.252670;2.252960;2.251910;2.252170;2360;0;12;2.252290
2026.02.27 07:00:00;2.252140;2.252200;2.250660;2.251940;2819;0;12;2.252060
2026.02.27 08:00:00;2.251940;2.252040;2.248770;2.249150;3526;0;12;2.249270
2026.02.27 09:00:00;2.249150;2.252280;2.247940;2.251750;4573;0;12;2.251870
2026.02.27 10:00:00;2.251750;2.255140;2.251390;2.254590;5191;0;12;2.254710
2026.02.27 11:00:00;2.254590;2.254590;2.251970;2.252090;4686;0;12;2.252210
2026.02.27 12:00:00;2.252090;2.253400;2.250740;2.251470;4477;0;12;2.251590
2026.02.27 13:00:00;2.251470;2.253340;2.250160;2.250570;3836;0;12;2.250690
2026.02.27 14:00:00;2.250570;2.252800;2.250130;2.252010;3760;0;12;2.252130
2026.02.27 15:00:00;2.252010;2.252220;2.248400;2.249520;7796;0;12;2.249640
2026.02.27 16:00:00;2.249530;2.250450;2.247460;2.247730;8296;0;12;2.247850
2026.02.27 17:00:00;2.247730;2.247940;2.240350;2.240350;9403;0;12;2.240470
2026.02.27 18:00:00;2.240350;2.244750;2.240030;2.242990;6507;0;12;2.243110
2026.02.27 19:00:00;2.242990;2.244820;2.241400;2.243980;6238;0;12;2.244100
2026.02.27 20:00:00;2.243980;2.246580;2.243890;2.246020;4791;0;12;2.246140
2026.02.27 21:00:00;2.246010;2.248740;2.245520;2.248080;3753;0;12;2.248200
2026.02.27 22:00:00;2.248060;2.248390;2.246260;2.246630;4066;0;12;2.246750
2026.02.27 23:00:00;2.246590;2.248440;2.246340;2.247110;2363;0;12;2.247230
2026.03.02 00:00:00;2.252000;2.252000;2.249670;2.249670;2;0;173;2.251400
2026.03.02 01:00:00;2.253440;2.253540;2.247910;2.250330;6956;0;12;2.250450
2026.03.02 02:00:00;2.250330;2.252670;2.248240;2.249040;7806;0;12;2.249160
2026.03.02 03:00:00;2.249050;2.249280;2.244890;2.246260;10486;0;12;2.246380
2026.03.02 04:00:00;2.246260;2.248050;2.245300;2.245580;6012;0;12;2.245700
2026.03.02 05:00:00;2.245580;2.246880;2.244160;2.246880;5298;0;12;2.247000
2026.03.02 06:00:00;2.246880;2.249110;2.246200;2.249010;4682;0;12;2.249130
2026.03.02 07:00:00;2.248990;2.250950;2.248730;2.250800;5172;0;12;2.250920
2026.03.02 08:00:00;2.250810;2.251020;2.247720;2.248190;7697;0;12;2.248310
2026.03.02 09:00:00;2.248190;2.249480;2.247020;2.248030;8453;0;12;2.248150
2026.03.02 10:00:00;2.248030;2.248610;2.245150;2.245560;9618;0;12;2.245680
2026.03.02 11:00:00;2.245540;2.246500;2.242640;2.246130;7233;0;12;2.246250
2026.03.02 12:00:00;2.246150;2.249340;2.244210;2.248050;6096;0;12;2.248170
2026.03.02 13:00:00;2.248040;2.251240;2.247580;2.250610;5974;0;12;2.250730
2026.03.02 14:00:00;2.250610;2.256900;2.250090;2.255590;7022;0;12;2.255710
2026.03.02 15:00:00;2.255590;2.255830;2.252130;2.254860;8427;0;12;2.254980
2026.03.02 16:00:00;2.254860;2.257260;2.253740;2.255590;11252;0;12;2.255710
2026.03.02 17:00:00;2.255590;2.257160;2.254470;2.255980;11412;0;12;2.256100
2026.03.02 18:00:00;2.255990;2.258850;2.255920;2.258430;9744;0;12;2.258550
2026.03.02 19:00:00;2.258390;2.260000;2.258110;2.258120;7000;0;12;2.258240
2026.03.02 20:00:00;2.258120;2.258290;2.256560;2.256890;5113;0;12;2.257010
2026.03.02 21:00:00;2.256950;2.257000;2.253760;2.255130;4917;0;12;2.255250
2026.03.02 22:00:00;2.255130;2.256990;2.254440;2.255210;8427;0;12;2.255330
2026.03.02 23:00:00;2.255230;2.256440;2.253500;2.256040;3135;0;12;2.256160
2026.03.03 00:00:00;2.256770;2.258290;2.252740;2.254500;1156;0;34;2.254840
2026.03.03 01:00:00;2.254550;2.256120;2.253880;2.254680;2063;0;12;2.254800
2026.03.03 02:00:00;2.254680;2.255930;2.254180;2.255850;4531;0;12;2.255970
2026.03.03 03:00:00;2.255850;2.255880;2.253570;2.255370;8640;0;12;2.255490
2026.03.03 04:00:00;2.255350;2.257060;2.253340;2.254030;7276;0;12;2.254150
2026.03.03 05:00:00;2.254030;2.255100;2.253290;2.253840;5132;0;12;2.253960
2026.03.03 06:00:00;2.253840;2.254320;2.252640;2.254070;4549;0;12;2.254190
2026.03.03 07:00:00;2.254060;2.255870;2.252740;2.254360;7421;0;12;2.254480
2026.03.03 08:00:00;2.254360;2.255180;2.252430;2.252610;6174;0;12;2.252730
2026.03.03 09:00:00;2.252610;2.256400;2.250970;2.255890;7189;0;12;2.256010
2026.03.03 10:00:00;2.255900;2.257140;2.253430;2.256140;9469;0;12;2.256260
2026.03.03 11:00:00;2.256130;2.258210;2.253950;2.257940;9278;0;12;2.258060
2026.03.03 12:00:00;2.257840;2.266560;2.257410;2.261910;9476;0;12;2.262030
2026.03.03 13:00:00;2.261910;2.263290;2.256180;2.256470;10879;0;12;2.256590
2026.03.03 14:00:00;2.256480;2.259600;2.256260;2.257890;9831;0;12;2.258010
2026.03.03 15:00:00;2.257890;2.260180;2.257470;2.258940;10137;0;12;2.259060
2026.03.03 16:00:00;2.258940;2.266980;2.257860;2.266190;12230;0;12;2.266310
2026.03.03 17:00:00;2.266190;2.271960;2.265810;2.268530;14543;0;12;2.268650
2026.03.03 18:00:00;2.268530;2.269110;2.263810;2.265230;12896;0;12;2.265350
2026.03.03 19:00:00;2.265230;2.267600;2.263720;2.266820;10347;0;12;2.266940
2026.03.03 20:00:00;2.266820;2.267110;2.263890;2.264810;8952;0;12;2.264930
2026.03.03 21:00:00;2.264790;2.266990;2.262430;2.265420;8998;0;12;2.265540
2026.03.03 22:00:00;2.265340;2.268250;2.264980;2.267590;7272;0;12;2.267710
2026.03.03 23:00:00;2.267580;2.269690;2.267220;2.267220;2901;0;12;2.267340
2026.03.04 00:00:00;2.268270;2.268860;2.264330;2.265610;1962;0;12;2.265730
2026.03.04 01:00:00;2.263050;2.267870;2.261830;2.267530;2784;0;18;2.267710
2026.03.04 02:00:00;2.267530;2.269360;2.264740;2.268170;7957;0;12;2.268290
2026.03.04 03:00:00;2.268120;2.270750;2.266600;2.267060;11952;0;12;2.267180
2026.03.04 04:00:00;2.267060;2.267890;2.262170;2.263960;9308;0;12;2.264080
2026.03.04 05:00:00;2.263960;2.264850;2.260370;2.260490;7954;0;12;2.260610
2026.03.04 06:00:00;2.260490;2.261620;2.258470;2.258910;7389;0;12;2.259030
2026.03.04 07:00:00;2.258890;2.260370;2.258290;2.259490;7815;0;12;2.259610
2026.03.04 08:00:00;2.259460;2.260580;2.258630;2.259600;6432;0;12;2.259720
2026.03.04 09:00:00;2.259610;2.263500;2.258940;2.262730;7625;0;12;2.262850
2026.03.04 10:00:00;2.262730;2.263340;2.259880;2.261630;8533;0;12;2.261750
2026.03.04 11:00:00;2.261630;2.264730;2.260170;2.260730;7894;0;12;2.260850
2026.03.04 12:00:00;2.260750;2.263290;2.257700;2.262740;10469;0;12;2.262860
2026.03.04 13:00:00;2.262740;2.264050;2.261360;2.263480;7123;0;12;2.263600
2026.03.04 14:00:00;2.263480;2.263480;2.258580;2.259450;7742;0;12;2.259570
2026.03.04 15:00:00;2.259450;2.261080;2.258320;2.260620;10085;0;12;2.260740
2026.03.04 16:00:00;2.260710;2.263730;2.260090;2.260440;10938;0;12;2.260560
2026.03.04 17:00:00;2.260530;2.260720;2.253290;2.253490;11643;0;12;2.253610
2026.03.04 18:00:00;2.253490;2.255190;2.252870;2.253360;7903;0;12;2.253480
2026.03.04 19:00:00;2.253330;2.253780;2.251080;2.252970;6021;0;12;2.253090
2026.03.04 20:00:00;2.252970;2.253030;2.249220;2.250110;4558;0;12;2.250230
2026.03.04 21:00:00;2.250070;2.251560;2.249240;2.251270;4172;0;12;2.251390
2026.03.04 22:00:00;2.251270;2.252470;2.250970;2.251720;4094;0;12;2.251840
2026.03.04 23:00:00;2.251740;2.251980;2.250030;2.250590;2641;0;12;2.250710
2026.03.05 00:00:00;2.251490;2.252110;2.250650;2.250810;3012;0;35;2.251160
2026.03.05 01:00:00;2.251030;2.251980;2.248810;2.251610;2048;0;21;2.251820
2026.03.05 02:00:00;2.251610;2.251970;2.250670;2.251060;3602;0;12;2.251180
2026.03.05 03:00:00;2.251060;2.253560;2.249870;2.253150;8642;0;12;2.253270
2026.03.05 04:00:00;2.253150;2.253670;2.250090;2.250430;5712;0;12;2.250550
2026.03.05 05:00:00;2.250430;2.250620;2.247360;2.249990;6156;0;12;2.250110
2026.03.05 06:00:00;2.249990;2.250410;2.247920;2.249140;4731;0;12;2.249260
2026.03.05 07:00:00;2.249140;2.250950;2.248780;2.250670;5754;0;12;2.250790
2026.03.05 08:00:00;2.250660;2.251100;2.248280;2.248330;6298;0;12;2.248450
2026.03.05 09:00:00;2.248310;2.253090;2.248150;2.252400;6683;0;12;2.252520
2026.03.05 10:00:00;2.252440;2.256070;2.252230;2.253080;8499;0;12;2.253200
2026.03.05 11:00:00;2.253080;2.255540;2.248550;2.255490;12071;0;12;2.255610
2026.03.05 12:00:00;2.255490;2.255830;2.253430;2.255470;6792;0;12;2.255590
2026.03.05 13:00:00;2.255470;2.255480;2.253110;2.255220;6058;0;12;2.255340
2026.03.05 14:00:00;2.255220;2.256860;2.253890;2.256440;6604;0;12;2.256560
2026.03.05 15:00:00;2.256440;2.259350;2.256100;2.258520;8590;0;12;2.258640
2026.03.05 16:00:00;2.258520;2.261280;2.256210;2.257050;10279;0;12;2.257170
2026.03.05 17:00:00;2.257040;2.261850;2.256050;2.259680;11511;0;12;2.259800
2026.03.05 18:00:00;2.259650;2.264270;2.259280;2.261120;11163;0;12;2.261240
2026.03.05 19:00:00;2.261120;2.267590;2.260860;2.266920;10778;0;12;2.267040
2026.03.05 20:00:00;2.266920;2.268070;2.265380;2.266040;9891;0;12;2.266160
2026.03.05 21:00:00;2.266040;2.267860;2.265220;2.265880;7057;0;12;2.266000
2026.03.05 22:00:00;2.265880;2.267330;2.263560;2.263730;8594;0;12;2.263850
2026.03.05 23:00:00;2.263730;2.265640;2.263730;2.264840;3003;0;12;2.264960
2026.03.06 00:00:00;2.261440;2.265620;2.260340;2.264260;1382;0;12;2.264380
2026.03.06 01:00:00;2.264350;2.265330;2.263620;2.265170;2241;0;12;2.265290
2026.03.06 02:00:00;2.265170;2.265410;2.261330;2.261470;3773;0;12;2.261590
2026.03.06 03:00:00;2.261560;2.262800;2.260610;2.261540;8296;0;12;2.261660
2026.03.06 04:00:00;2.261540;2.262220;2.260180;2.261970;5103;0;12;2.262090
2026.03.06 05:00:00;2.261970;2.262880;2.260790;2.262140;4223;0;12;2.262260
2026.03.06 06:00:00;2.262140;2.263440;2.261610;2.263150;2698;0;12;2.263270
2026.03.06 07:00:00;2.263150;2.263480;2.261600;2.262970;4798;0;12;2.263090
2026.03.06 08:00:00;2.262970;2.262970;2.261340;2.262430;4501;0;12;2.262550
2026.03.06 09:00:00;2.262430;2.262470;2.259880;2.261170;5108;0;12;2.261290
2026.03.06 10:00:00;2.261170;2.264350;2.260880;2.262830;6752;0;12;2.262950
2026.03.06 11:00:00;2.262890;2.268910;2.262340;2.268880;8474;0;12;2.269000
2026.03.06 12:00:00;2.268880;2.269930;2.267210;2.268670;6869;0;12;2.268790
2026.03.06 13:00:00;2.268670;2.271780;2.267680;2.270800;8054;0;12;2.270920
2026.03.06 14:00:00;2.270800;2.272220;2.268480;2.270940;7767;0;12;2.271060
2026.03.06 15:00:00;2.270970;2.277680;2.268740;2.276110;11773;0;12;2.276230
2026.03.06 16:00:00;2.276080;2.276120;2.271750;2.273190;14347;0;12;2.273310
2026.03.06 17:00:00;2.273190;2.274300;2.268540;2.269590;13357;0;12;2.269710
2026.03.06 18:00:00;2.269560;2.272260;2.269450;2.270480;10954;0;12;2.270600
2026.03.06 19:00:00;2.270480;2.271820;2.269920;2.271520;10150;0;12;2.271640
2026.03.06 20:00:00;2.271520;2.271760;2.266820;2.269210;9529;0;12;2.269330
2026.03.06 21:00:00;2.269230;2.269530;2.268060;2.268410;6854;0;12;2.268530
2026.03.06 22:00:00;2.268410;2.270030;2.268150;2.269990;7865;0;12;2.270110
2026.03.06 23:00:00;2.269990;2.271840;2.269010;2.270760;4380;0;12;2.270880
2026.03.09 00:00:00;2.272890;2.275910;2.271370;2.273930;6254;0;21;2.274140
2026.03.09 01:00:00;2.273940;2.275210;2.272780;2.273640;6425;0;12;2.273760
2026.03.09 02:00:00;2.273620;2.274060;2.270940;2.271170;9026;0;12;2.271290
2026.03.09 03:00:00;2.271160;2.271160;2.266240;2.267920;11756;0;12;2.268040
2026.03.09 04:00:00;2.267880;2.268050;2.263480;2.263990;10766;0;12;2.264110
2026.03.09 05:00:00;2.263990;2.266080;2.263130;2.265260;7109;0;12;2.265380
2026.03.09 06:00:00;2.265260;2.265680;2.263960;2.264950;5181;0;12;2.265070
2026.03.09 07:00:00;2.264950;2.266040;2.261050;2.263180;11888;0;12;2.263300
2026.03.09 08:00:00;2.263180;2.264710;2.262470;2.263580;8579;0;12;2.263700
2026.03.09 09:00:00;2.263580;2.266020;2.262610;2.265390;8850;0;12;2.265510
2026.03.09 10:00:00;2.265400;2.265620;2.261370;2.262130;10956;0;12;2.262250
2026.03.09 11:00:00;2.262110;2.262970;2.257250;2.257390;10850;0;12;2.257510
2026.03.09 12:00:00;2.257390;2.259730;2.256430;2.259220;9632;0;12;2.259340
2026.03.09 13:00:00;2.259220;2.260000;2.257840;2.259830;8758;0;12;2.259950
2026.03.09 14:00:00;2.259830;2.264040;2.259300;2.263190;9127;0;12;2.263310
2026.03.09 15:00:00;2.263190;2.263310;2.258920;2.262290;11880;0;12;2.262410
2026.03.09 16:00:00;2.262300;2.264580;2.258200;2.263420;14366;0;12;2.263540
2026.03.09 17:00:00;2.263420;2.266250;2.260940;2.263310;9895;0;12;2.263430
2026.03.09 18:00:00;2.263310;2.263990;2.260050;2.260430;8228;0;12;2.260550
2026.03.09 19:00:00;2.260430;2.263580;2.260320;2.263470;6023;0;12;2.263590
2026.03.09 20:00:00;2.263470;2.264350;2.262820;2.263510;5898;0;12;2.263630
2026.03.09 21:00:00;2.263510;2.266500;2.262240;2.265800;11985;0;12;2.265920
2026.03.09 22:00:00;2.265800;2.267310;2.264030;2.264290;5487;0;12;2.264410
2026.03.09 23:00:00;2.262840;2.265700;2.262840;2.264620;940;0;95;2.265570
2026.03.10 00:00:00;2.264440;2.266030;2.263090;2.264030;3880;0;12;2.264150
2026.03.10 01:00:00;2.264030;2.265170;2.263790;2.265080;3564;0;12;2.265200
2026.03.10 02:00:00;2.265080;2.267140;2.264030;2.266960;7649;0;12;2.267080
2026.03.10 03:00:00;2.266960;2.268540;2.266700;2.267970;8310;0;12;2.268090
2026.03.10 04:00:00;2.267970;2.271020;2.267150;2.270250;5793;0;12;2.270370
2026.03.10 05:00:00;2.270240;2.270930;2.269140;2.269320;5998;0;12;2.269440
2026.03.10 06:00:00;2.269320;2.271950;2.269320;2.271220;3960;0;12;2.271340
2026.03.10 07:00:00;2.271220;2.272340;2.270670;2.271310;5318;0;12;2.271430
2026.03.10 08:00:00;2.271310;2.272090;2.268740;2.268840;5166;0;12;2.268960
2026.03.10 09:00:00;2.268800;2.270140;2.267350;2.269040;7521;0;12;2.269160
2026.03.10 10:00:00;2.269060;2.273030;2.268600;2.271660;7903;0;12;2.271780
2026.03.10 11:00:00;2.271670;2.271870;2.266090;2.266320;6330;0;12;2.266440
2026.03.10 12:00:00;2.266360;2.267990;2.265240;2.265440;7085;0;12;2.265560
2026.03.10 13:00:00;2.265430;2.266260;2.262590;2.262760;7703;0;12;2.262880
2026.03.10 14:00:00;2.262760;2.265300;2.262370;2.263610;8772;0;12;2.263730
2026.03.10 15:00:00;2.263670;2.267260;2.262770;2.266080;10343;0;12;2.266200
2026.03.10 16:00:00;2.266100;2.266890;2.260890;2.261710;9886;0;12;2.261830
2026.03.10 17:00:00;2.261710;2.261750;2.258550;2.259910;8428;0;12;2.260030
2026.03.10 18:00:00;2.259910;2.262280;2.259750;2.261660;6711;0;12;2.261780
2026.03.10 19:00:00;2.261660;2.262010;2.259140;2.260360;9391;0;12;2.260480
2026.03.10 20:00:00;2.260360;2.263290;2.259260;2.261030;11833;0;12;2.261150
2026.03.10 21:00:00;2.261030;2.263880;2.260920;2.262330;9519;0;12;2.262450
2026.03.10 22:00:00;2.262370;2.264070;2.261860;2.262640;3702;0;12;2.262760
2026.03.10 23:00:00;2.262840;2.263640;2.261680;2.262520;2500;0;38;2.262900
2026.03.11 00:00:00;2.262370;2.264900;2.261640;2.264550;1735;0;12;2.264670
2026.03.11 01:00:00;2.264550;2.265580;2.264180;2.265130;1646;0;16;2.265290
2026.03.11 02:00:00;2.265130;2.265930;2.263160;2.265650;5388;0;12;2.265770
2026.03.11 03:00:00;2.265650;2.266230;2.264410;2.265290;5982;0;12;2.265410
2026.03.11 04:00:00;2.265290;2.267780;2.263140;2.265340;4246;0;12;2.265460
2026.03.11 05:00:00;2.265340;2.266100;2.263140;2.263460;3480;0;12;2.263580
2026.03.11 06:00:00;2.263460;2.263700;2.261680;2.262470;3042;0;12;2.262590
2026.03.11 07:00:00;2.262460;2.263310;2.262070;2.262470;3575;0;12;2.262590
2026.03.11 08:00:00;2.262470;2.263550;2.261960;2.262270;4368;0;12;2.262390
2026.03.11 09:00:00;2.262310;2.266140;2.261960;2.264030;7198;0;12;2.264150
2026.03.11 10:00:00;2.264030;2.265040;2.261730;2.264990;7611;0;12;2.265110
2026.03.11 11:00:00;2.264990;2.266830;2.263750;2.266510;7750;0;12;2.266630
2026.03.11 12:00:00;2.266510;2.267500;2.265050;2.267130;6614;0;12;2.267250
2026.03.11 13:00:00;2.267130;2.267620;2.264830;2.266870;6726;0;12;2.266990
2026.03.11 14:00:00;2.266880;2.267750;2.265240;2.265460;9435;0;12;2.265580
2026.03.11 15:00:00;2.265460;2.266390;2.263460;2.264150;9932;0;12;2.264270
2026.03.11 16:00:00;2.264140;2.264840;2.261850;2.262250;12651;0;12;2.262370
2026.03.11 17:00:00;2.262250;2.267840;2.261820;2.267700;9355;0;12;2.267820
2026.03.11 18:00:00;2.267700;2.268690;2.266130;2.266810;7840;0;12;2.266930
2026.03.11 19:00:00;2.266800;2.269350;2.266190;2.268270;7536;0;12;2.268390
2026.03.11 20:00:00;2.268230;2.268940;2.264500;2.267920;6109;0;12;2.268040
2026.03.11 21:00:00;2.267920;2.268750;2.266840;2.266870;4025;0;12;2.266990
2026.03.11 22:00:00;2.266870;2.268300;2.266590;2.267740;2000;0;12;2.267860
2026.03.11 23:00:00;2.267510;2.268150;2.264510;2.267580;1754;0;12;2.267700
2026.03.12 00:00:00;2.267110;2.270470;2.266880;2.269820;3398;0;12;2.269940
2026.03.12 01:00:00;2.269820;2.270860;2.269520;2.270020;3603;0;12;2.270140
2026.03.12 02:00:00;2.270020;2.270020;2.266030;2.266070;5203;0;12;2.266190
2026.03.12 03:00:00;2.266090;2.267690;2.265090;2.266230;5288;0;12;2.266350
2026.03.12 04:00:00;2.266230;2.267400;2.264230;2.264600;5246;0;12;2.264720
2026.03.12 05:00:00;2.264600;2.267650;2.263070;2.263650;3950;0;12;2.263770
2026.03.12 06:00:00;2.263650;2.265760;2.263620;2.264970;2948;0;12;2.265090
2026.03.12 07:00:00;2.264970;2.266990;2.263740;2.266470;5528;0;12;2.266590
2026.03.12 08:00:00;2.266470;2.267440;2.264570;2.266300;4885;0;12;2.266420
2026.03.12 09:00:00;2.266300;2.268990;2.265790;2.267650;5506;0;12;2.267770
2026.03.12 10:00:00;2.267690;2.267820;2.264940;2.266830;6622;0;12;2.266950
2026.03.12 11:00:00;2.266830;2.268810;2.266180;2.266780;6262;0;12;2.266900
2026.03.12 12:00:00;2.266810;2.268730;2.266550;2.267770;5458;0;12;2.267890
2026.03.12 13:00:00;2.267770;2.269530;2.267170;2.269470;5293;0;12;2.269590
2026.03.12 14:00:00;2.269470;2.270350;2.268340;2.269780;6657;0;12;2.269900
2026.03.12 15:00:00;2.269780;2.275800;2.269200;2.275320;10621;0;12;2.275440
2026.03.12 16:00:00;2.275320;2.276910;2.273770;2.275970;10853;0;12;2.276090
2026.03.12 17:00:00;2.275970;2.278710;2.274530;2.274560;10980;0;12;2.274680
2026.03.12 18:00:00;2.274560;2.278710;2.274540;2.278050;10203;0;12;2.278170
2026.03.12 19:00:00;2.278050;2.280450;2.277650;2.280310;7931;0;12;2.280430
2026.03.12 20:00:00;2.280310;2.280550;2.278600;2.278920;6030;0;12;2.279040
2026.03.12 21:00:00;2.278930;2.279680;2.278460;2.279640;5307;0;12;2.279760
2026.03.12 22:00:00;2.279640;2.280430;2.278740;2.278740;3370;0;12;2.278860
2026.03.12 23:00:00;2.278450;2.280950;2.276440;2.280120;2298;0;75;2.280870
2026.03.13 00:00:00;2.279840;2.281390;2.279470;2.281140;1628;0;18;2.281320
2026.03.13 01:00:00;2.281140;2.282060;2.280760;2.280970;1857;0;16;2.281130
2026.03.13 02:00:00;2.281000;2.282800;2.280490;2.282640;4744;0;12;2.282760
2026.03.13 03:00:00;2.282660;2.282990;2.280240;2.282350;4776;0;12;2.282470
2026.03.13 04:00:00;2.282350;2.283460;2.281250;2.283270;4022;0;12;2.283390
2026.03.13 05:00:00;2.283330;2.284160;2.282610;2.283030;3738;0;12;2.283150
2026.03.13 06:00:00;2.283030;2.286650;2.282900;2.286560;2744;0;12;2.286680
2026.03.13 07:00:00;2.286560;2.287780;2.285520;2.287080;3291;0;12;2.287200
2026.03.13 08:00:00;2.287070;2.291130;2.286830;2.288910;4632;0;12;2.289030
2026.03.13 09:00:00;2.288910;2.288980;2.286090;2.286150;6791;0;12;2.286270
2026.03.13 10:00:00;2.286150;2.286280;2.279110;2.279190;7595;0;12;2.279310
2026.03.13 11:00:00;2.279190;2.281170;2.277190;2.279550;6426;0;12;2.279670
2026.03.13 12:00:00;2.279550;2.280110;2.276230;2.277430;6352;0;12;2.277550
2026.03.13 13:00:00;2.277430;2.277480;2.273080;2.273120;7090;0;12;2.273240
2026.03.13 14:00:00;2.273120;2.276950;2.272840;2.274240;8283;0;12;2.274360
2026.03.13 15:00:00;2.274240;2.276930;2.274240;2.275060;9571;0;12;2.275180
2026.03.13 16:00:00;2.275060;2.279100;2.274070;2.278520;10354;0;12;2.278640
2026.03.13 17:00:00;2.278540;2.281690;2.278020;2.281490;10345;0;12;2.281610
2026.03.13 18:00:00;2.281490;2.283150;2.280540;2.283150;9241;0;12;2.283270
2026.03.13 19:00:00;2.283130;2.285380;2.281890;2.285150;7178;0;12;2.285270
2026.03.13 20:00:00;2.285150;2.286750;2.284700;2.286240;5771;0;12;2.286360
2026.03.13 21:00:00;2.286200;2.287210;2.285330;2.287060;4565;0;12;2.287180
2026.03.13 22:00:00;2.287040;2.290260;2.286940;2.289310;2671;0;12;2.289430
2026.03.15 23:00:00;2.288620;2.289640;2.281980;2.285860;667;0;12;2.285980
2026.03.16 00:00:00;2.285850;2.289430;2.284900;2.285940;3564;0;18;2.286120
2026.03.16 01:00:00;2.285940;2.286580;2.284530;2.285440;3469;0;12;2.285560
2026.03.16 02:00:00;2.285440;2.285570;2.283340;2.285170;5414;0;12;2.285290
2026.03.16 03:00:00;2.285170;2.286060;2.282990;2.284080;6311;0;12;2.284200
2026.03.16 04:00:00;2.284140;2.284600;2.281250;2.281770;4593;0;12;2.281890
2026.03.16 05:00:00;2.281700;2.282550;2.280460;2.282420;3017;0;12;2.282540
2026.03.16 06:00:00;2.282420;2.282540;2.281400;2.282540;2300;0;12;2.282660
2026.03.16 07:00:00;2.282540;2.283610;2.281230;2.281470;3683;0;12;2.281590
2026.03.16 08:00:00;2.281470;2.282130;2.279890;2.281720;3796;0;12;2.281840
2026.03.16 09:00:00;2.281720;2.282020;2.280290;2.280820;5081;0;12;2.280940
2026.03.16 10:00:00;2.280830;2.280830;2.277520;2.278010;7316;0;12;2.278130
2026.03.16 11:00:00;2.278030;2.278690;2.274860;2.275140;6187;0;12;2.275260
2026.03.16 12:00:00;2.275140;2.275830;2.272530;2.272800;6092;0;12;2.272920
2026.03.16 13:00:00;2.272800;2.273910;2.271660;2.273750;5537;0;12;2.273870
2026.03.16 14:00:00;2.273680;2.273680;2.271920;2.273110;6467;0;12;2.273230
2026.03.16 15:00:00;2.273050;2.274140;2.271740;2.272240;7254;0;12;2.272360
2026.03.16 16:00:00;2.272240;2.274710;2.271690;2.272960;8453;0;12;2.273080
2026.03.16 17:00:00;2.272940;2.275650;2.272660;2.275550;7292;0;12;2.275670
2026.03.16 18:00:00;2.275550;2.276350;2.274550;2.276220;7191;0;12;2.276340
2026.03.16 19:00:00;2.276220;2.276220;2.274100;2.274330;6394;0;12;2.274450
2026.03.16 20:00:00;2.274330;2.274690;2.272790;2.273790;6145;0;12;2.273910
2026.03.16 21:00:00;2.273790;2.275090;2.272590;2.273690;5734;0;12;2.273810
2026.03.16 22:00:00;2.273690;2.274000;2.272240;2.272530;2336;0;12;2.272650
2026.03.16 23:00:00;2.272500;2.273780;2.271770;2.273750;2260;0;44;2.274190
2026.03.17 00:00:00;2.273640;2.275170;2.272460;2.275130;1350;0;12;2.275250
2026.03.17 01:00:00;2.275130;2.275230;2.274190;2.274400;1641;0;12;2.274520
2026.03.17 02:00:00;2.274400;2.276330;2.274040;2.275560;4621;0;12;2.275680
2026.03.17 03:00:00;2.275590;2.275660;2.273530;2.273820;4892;0;12;2.273940
2026.03.17 04:00:00;2.273820;2.275850;2.273140;2.275770;2793;0;12;2.275890
2026.03.17 05:00:00;2.275750;2.277460;2.273970;2.276260;4588;0;12;2.276380
2026.03.17 06:00:00;2.276260;2.278680;2.275260;2.278680;2849;0;12;2.278800
2026.03.17 07:00:00;2.278680;2.281160;2.278440;2.280320;4460;0;12;2.280440
2026.03.17 08:00:00;2.280320;2.283440;2.279940;2.281780;5006;0;12;2.281900
2026.03.17 09:00:00;2.281780;2.285590;2.281640;2.284110;5163;0;12;2.284230
2026.03.17 10:00:00;2.284130;2.285820;2.282640;2.283080;7050;0;12;2.283200
2026.03.17 11:00:00;2.283080;2.283750;2.281470;2.282050;5499;0;12;2.282170
2026.03.17 12:00:00;2.282050;2.283240;2.281620;2.282280;5520;0;12;2.282400
2026.03.17 13:00:00;2.282280;2.282880;2.279250;2.280380;5750;0;12;2.280500
2026.03.17 14:00:00;2.280440;2.280840;2.278500;2.278520;6513;0;12;2.278640
2026.03.17 15:00:00;2.278500;2.279400;2.276890;2.277730;8463;0;12;2.277850
2026.03.17 16:00:00;2.277730;2.280150;2.277390;2.278970;7812;0;12;2.279090
2026.03.17 17:00:00;2.278970;2.280980;2.277790;2.277820;8749;0;12;2.277940
2026.03.17 18:00:00;2.277820;2.278590;2.276940;2.277920;7717;0;12;2.278040
2026.03.17 19:00:00;2.277920;2.278040;2.276960;2.277580;4682;0;12;2.277700
2026.03.17 20:00:00;2.277580;2.279250;2.276940;2.278860;3654;0;12;2.278980
2026.03.17 21:00:00;2.278900;2.280590;2.278760;2.279860;2961;0;12;2.279980
2026.03.17 22:00:00;2.279860;2.280240;2.279240;2.279640;1295;0;12;2.279760
2026.03.17 23:00:00;2.279640;2.283060;2.279090;2.282110;2771;0;12;2.282230
2026.03.18 00:00:00;2.281230;2.281340;2.278970;2.280220;2951;0;12;2.280340
2026.03.18 01:00:00;2.280210;2.281540;2.278960;2.280150;2746;0;12;2.280270
2026.03.18 02:00:00;2.280110;2.280500;2.278750;2.278910;5920;0;12;2.279030
2026.03.18 03:00:00;2.278910;2.278910;2.277410;2.277980;3699;0;12;2.278100
2026.03.18 04:00:00;2.278040;2.280650;2.277850;2.280650;3004;0;12;2.280770
2026.03.18 05:00:00;2.280650;2.280990;2.279490;2.279690;2262;0;12;2.279810
2026.03.18 06:00:00;2.279710;2.280910;2.278940;2.279400;2322;0;12;2.279520
2026.03.18 07:00:00;2.279420;2.279940;2.278520;2.278800;2713;0;12;2.278920
2026.03.18 08:00:00;2.278820;2.278990;2.277190;2.277920;3149;0;12;2.278040
2026.03.18 09:00:00;2.277920;2.280340;2.277520;2.279810;3790;0;12;2.279930
2026.03.18 10:00:00;2.279810;2.281210;2.277440;2.277470;4851;0;12;2.277590
2026.03.18 11:00:00;2.277470;2.278560;2.277340;2.278460;4112;0;12;2.278580
2026.03.18 12:00:00;2.278480;2.279840;2.278040;2.279770;3838;0;12;2.279890
2026.03.18 13:00:00;2.279770;2.282740;2.279740;2.281990;6413;0;12;2.282110
2026.03.18 14:00:00;2.281990;2.287030;2.281930;2.286860;9886;0;12;2.286980
2026.03.18 15:00:00;2.286820;2.288790;2.285090;2.285280;10258;0;12;2.285400
2026.03.18 16:00:00;2.285370;2.285720;2.280810;2.281060;9799;0;12;2.281180
2026.03.18 17:00:00;2.281060;2.281620;2.279180;2.281600;8507;0;12;2.281720
2026.03.18 18:00:00;2.281600;2.283280;2.280550;2.283240;6384;0;12;2.283360
2026.03.18 19:00:00;2.283210;2.285230;2.282920;2.283090;6141;0;12;2.283210
2026.03.18 20:00:00;2.283090;2.286100;2.279260;2.285380;9860;0;12;2.285500
2026.03.18 21:00:00;2.285390;2.286820;2.283930;2.286730;7518;0;12;2.286850
2026.03.18 22:00:00;2.286760;2.289870;2.286610;2.286840;4314;0;12;2.286960
2026.03.18 23:00:00;2.286390;2.289440;2.280740;2.287610;728;0;12;2.287730
2026.03.19 00:00:00;2.287990;2.291070;2.287950;2.290470;2307;0;12;2.290590
2026.03.19 01:00:00;2.290520;2.291310;2.288540;2.288900;3146;0;12;2.289020
2026.03.19 02:00:00;2.288970;2.289080;2.281820;2.283920;6112;0;12;2.284040
2026.03.19 03:00:00;2.283960;2.285050;2.282600;2.284670;5693;0;12;2.284790
2026.03.19 04:00:00;2.284650;2.285540;2.281440;2.283720;6156;0;12;2.283840
2026.03.19 05:00:00;2.283720;2.283800;2.281730;2.282070;3011;0;12;2.282190
2026.03.19 06:00:00;2.282050;2.282420;2.280390;2.281250;3369;0;12;2.281370
2026.03.19 07:00:00;2.281250;2.282170;2.280320;2.281820;3838;0;12;2.281940
2026.03.19 08:00:00;2.281820;2.282040;2.280010;2.280510;5493;0;12;2.280630
2026.03.19 09:00:00;2.280510;2.284290;2.279400;2.283640;7794;0;12;2.283760
2026.03.19 10:00:00;2.283600;2.283740;2.279440;2.280000;8946;0;12;2.280120
2026.03.19 11:00:00;2.280000;2.282490;2.279220;2.281640;10076;0;12;2.281760
2026.03.19 12:00:00;2.281640;2.283810;2.281150;2.283240;6918;0;12;2.283360
2026.03.19 13:00:00;2.283240;2.286720;2.283040;2.285530;6503;0;12;2.285650
2026.03.19 14:00:00;2.285530;2.291380;2.285200;2.289980;10716;0;12;2.290100
2026.03.19 15:00:00;2.289980;2.292770;2.286380;2.288070;13228;0;12;2.288190
2026.03.19 16:00:00;2.288070;2.289650;2.286050;2.289000;12680;0;12;2.289120
2026.03.19 17:00:00;2.289000;2.291880;2.288110;2.290810;10695;0;12;2.290930
2026.03.19 18:00:00;2.290810;2.290820;2.287710;2.289770;11976;0;12;2.289890
2026.03.19 19:00:00;2.289770;2.291760;2.289430;2.291080;8289;0;12;2.291200
2026.03.19 20:00:00;2.291080;2.291980;2.288890;2.288960;6848;0;12;2.289080
2026.03.19 21:00:00;2.288960;2.288960;2.284550;2.286590;12039;0;12;2.286710
2026.03.19 22:00:00;2.286590;2.287440;2.285840;2.286240;3022;0;12;2.286360
2026.03.19 23:00:00;2.286240;2.287470;2.284010;2.286850;1586;0;67;2.287520
2026.03.20 00:00:00;2.284940;2.288770;2.284940;2.288150;2020;0;12;2.288270
2026.03.20 01:00:00;2.288150;2.288150;2.286470;2.288020;2756;0;12;2.288140
2026.03.20 02:00:00;2.288020;2.288060;2.281030;2.281660;4503;0;12;2.281780
2026.03.20 03:00:00;2.281660;2.281660;2.278800;2.280930;6229;0;12;2.281050
2026.03.20 04:00:00;2.280890;2.281100;2.277640;2.278020;3593;0;12;2.278140
2026.03.20 05:00:00;2.278020;2.279020;2.277870;2.278460;2558;0;12;2.278580
2026.03.20 06:00:00;2.278460;2.280020;2.278280;2.278890;2115;0;12;2.279010
2026.03.20 07:00:00;2.278850;2.280010;2.278170;2.280010;3194;0;12;2.280130
2026.03.20 08:00:00;2.280020;2.281380;2.279580;2.281320;3485;0;12;2.281440
2026.03.20 09:00:00;2.281320;2.282070;2.278680;2.280230;5963;0;12;2.280350
2026.03.20 10:00:00;2.280220;2.282420;2.280040;2.280850;6680;0;12;2.280970
2026.03.20 11:00:00;2.280850;2.282910;2.280460;2.282250;7509;0;12;2.282370
2026.03.20 12:00:00;2.282250;2.283590;2.281690;2.282280;7009;0;12;2.282400
2026.03.20 13:00:00;2.282270;2.282370;2.279620;2.281040;6193;0;12;2.281160
2026.03.20 14:00:00;2.281060;2.282300;2.280300;2.281140;8600;0;12;2.281260
2026.03.20 15:00:00;2.281120;2.286830;2.280470;2.285930;10323;0;12;2.286050
2026.03.20 16:00:00;2.285990;2.286180;2.280610;2.280640;11850;0;12;2.280760
2026.03.20 17:00:00;2.280640;2.282540;2.277680;2.278020;11599;0;12;2.278140
2026.03.20 18:00:00;2.278020;2.280590;2.277740;2.280380;8606;0;12;2.280500
2026.03.20 19:00:00;2.280380;2.285840;2.279750;2.285150;8788;0;12;2.285270
2026.03.20 20:00:00;2.285160;2.289370;2.284680;2.288810;7780;0;12;2.288930
2026.03.20 21:00:00;2.288870;2.290410;2.287630;2.288350;6679;0;12;2.288470
2026.03.20 22:00:00;2.288350;2.289220;2.287040;2.287840;4017;0;12;2.287960
2026.03.23 00:00:00;2.287040;2.288740;2.284810;2.285860;3055;0;12;2.285980
2026.03.23 01:00:00;2.285840;2.286540;2.284720;2.286060;4364;0;12;2.286180
2026.03.23 02:00:00;2.286040;2.287890;2.284340;2.287340;9807;0;12;2.287460
2026.03.23 03:00:00;2.287350;2.291740;2.285770;2.289880;10431;0;12;2.290000
2026.03.23 04:00:00;2.289880;2.291590;2.289440;2.291050;7874;0;12;2.291170
2026.03.23 05:00:00;2.291040;2.292640;2.290290;2.291150;6243;0;12;2.291270
2026.03.23 06:00:00;2.291150;2.292590;2.290460;2.292240;4201;0;12;2.292360
2026.03.23 07:00:00;2.292240;2.294530;2.291940;2.292840;6376;0;12;2.292960
2026.03.23 08:00:00;2.292840;2.294560;2.292070;2.293150;7341;0;12;2.293270
2026.03.23 09:00:00;2.293150;2.296200;2.292950;2.294810;8511;0;12;2.294930
2026.03.23 10:00:00;2.294800;2.298560;2.294330;2.295810;9909;0;12;2.295930
2026.03.23 11:00:00;2.295810;2.297230;2.294620;2.295250;8648;0;12;2.295370
2026.03.23 12:00:00;2.295230;2.301350;2.294680;2.299550;8616;0;12;2.299670
2026.03.23 13:00:00;2.299520;2.303710;2.289340;2.298330;16253;0;12;2.298450
2026.03.23 14:00:00;2.298310;2.299580;2.292980;2.294750;15897;0;12;2.294870
2026.03.23 15:00:00;2.294750;2.296760;2.289770;2.289830;15314;0;12;2.289950
2026.03.23 16:00:00;2.289840;2.291830;2.286620;2.287630;14877;0;12;2.287750
2026.03.23 17:00:00;2.287630;2.294260;2.285850;2.290740;13722;0;12;2.290860
2026.03.23 18:00:00;2.290740;2.295460;2.289500;2.290160;12935;0;12;2.290280
2026.03.23 19:00:00;2.290160;2.290280;2.286640;2.288280;10342;0;12;2.288400
2026.03.23 20:00:00;2.288280;2.290160;2.287720;2.289120;9742;0;12;2.289240
2026.03.23 21:00:00;2.289050;2.290660;2.288350;2.289850;6090;0;12;2.289970
2026.03.23 22:00:00;2.289850;2.293190;2.289610;2.291720;2940;0;12;2.291840
2026.03.23 23:00:00;2.293280;2.294590;2.286140;2.293200;1291;0;12;2.293320
2026.03.24 00:00:00;2.292920;2.293930;2.289790;2.290800;2556;0;12;2.290920
2026.03.24 01:00:00;2.290760;2.294210;2.290660;2.293290;3263;0;12;2.293410
2026.03.24 02:00:00;2.293290;2.296400;2.292610;2.293230;9415;0;12;2.293350
2026.03.24 03:00:00;2.293230;2.296250;2.292320;2.294980;8895;0;12;2.295100
2026.03.24 04:00:00;2.294980;2.296490;2.293800;2.295910;7774;0;12;2.296030
2026.03.24 05:00:00;2.295910;2.297450;2.295520;2.297120;5406;0;12;2.297240
2026.03.24 06:00:00;2.297120;2.298060;2.296840;2.297440;4049;0;12;2.297560
2026.03.24 07:00:00;2.297410;2.299080;2.297200;2.298290;7516;0;12;2.298410
2026.03.24 08:00:00;2.298290;2.299490;2.296150;2.296500;6653;0;12;2.296620
2026.03.24 09:00:00;2.296500;2.296900;2.293390;2.296600;9233;0;12;2.296720
2026.03.24 10:00:00;2.296600;2.300840;2.295490;2.299170;9724;0;12;2.299290
2026.03.24 11:00:00;2.299170;2.301730;2.298540;2.299000;8013;0;12;2.299120
2026.03.24 12:00:00;2.298970;2.299760;2.296690;2.297300;7307;0;12;2.297420
2026.03.24 13:00:00;2.297250;2.299190;2.296400;2.296980;7333;0;12;2.297100
2026.03.24 14:00:00;2.297080;2.301570;2.296780;2.299050;8787;0;12;2.299170
2026.03.24 15:00:00;2.299050;2.300310;2.297590;2.298170;11481;0;12;2.298290
2026.03.24 16:00:00;2.298170;2.300770;2.297410;2.299960;11773;0;12;2.300080
2026.03.24 17:00:00;2.299960;2.300980;2.298460;2.300380;10462;0;12;2.300500
2026.03.24 18:00:00;2.300380;2.301840;2.300040;2.301560;8283;0;12;2.301680
2026.03.24 19:00:00;2.301560;2.306170;2.301500;2.304640;10875;0;12;2.304760
2026.03.24 20:00:00;2.304640;2.305020;2.300300;2.301130;9478;0;12;2.301250
2026.03.24 21:00:00;2.301130;2.301160;2.298650;2.299660;5485;0;12;2.299780
2026.03.24 22:00:00;2.299660;2.300330;2.294770;2.297470;8947;0;12;2.297590
2026.03.24 23:00:00;2.297470;2.298380;2.294690;2.297340;2556;0;50;2.297840
2026.03.25 00:00:00;2.297440;2.298780;2.295820;2.297930;2925;0;12;2.298050
2026.03.25 01:00:00;2.297930;2.299080;2.297080;2.298530;3027;0;12;2.298650
2026.03.25 02:00:00;2.298540;2.301870;2.297780;2.299680;6914;0;12;2.299800
2026.03.25 03:00:00;2.299680;2.301820;2.298540;2.301460;6952;0;12;2.301580
2026.03.25 04:00:00;2.301460;2.302520;2.299970;2.300840;5214;0;12;2.300960
2026.03.25 05:00:00;2.300840;2.301880;2.299790;2.300840;4067;0;12;2.300960
2026.03.25 06:00:00;2.300840;2.302950;2.300550;2.302350;3073;0;12;2.302470
2026.03.25 07:00:00;2.302350;2.303410;2.301350;2.301350;4543;0;12;2.301470
2026.03.25 08:00:00;2.301350;2.302960;2.301350;2.302260;4315;0;12;2.302380
2026.03.25 09:00:00;2.302260;2.303340;2.300400;2.302460;5685;0;12;2.302580
2026.03.25 10:00:00;2.302460;2.305470;2.299870;2.300240;8426;0;12;2.300360
2026.03.25 11:00:00;2.300230;2.303510;2.299440;2.302440;5977;0;12;2.302560
2026.03.25 12:00:00;2.302460;2.305920;2.301860;2.304240;5214;0;12;2.304360
2026.03.25 13:00:00;2.304240;2.304970;2.302780;2.303580;6027;0;12;2.303700
2026.03.25 14:00:00;2.303580;2.305370;2.301620;2.302400;8940;0;12;2.302520
2026.03.25 15:00:00;2.302400;2.302400;2.300430;2.302130;9189;0;12;2.302250
2026.03.25 16:00:00;2.302110;2.302230;2.297500;2.299490;10192;0;12;2.299610
2026.03.25 17:00:00;2.299490;2.300310;2.298480;2.299780;9628;0;12;2.299900
2026.03.25 18:00:00;2.299780;2.299920;2.298170;2.299790;8184;0;12;2.299910
2026.03.25 19:00:00;2.299790;2.300050;2.298480;2.299670;6759;0;12;2.299790
2026.03.25 20:00:00;2.299670;2.301490;2.298350;2.300580;5922;0;12;2.300700
2026.03.25 21:00:00;2.300580;2.301580;2.300390;2.301150;5262;0;12;2.301270
2026.03.25 22:00:00;2.301160;2.301840;2.300740;2.301540;1942;0;12;2.301660
2026.03.25 23:00:00;2.301190;2.301640;2.300010;2.300190;1589;0;12;2.300310
2026.03.26 00:00:00;2.300280;2.303010;2.300180;2.301440;1646;0;16;2.301600
2026.03.26 01:00:00;2.301420;2.302370;2.301360;2.301470;1797;0;17;2.301640
2026.03.26 02:00:00;2.301470;2.304250;2.300890;2.303130;3501;0;12;2.303250
2026.03.26 03:00:00;2.303140;2.303950;2.302450;2.302720;4764;0;12;2.302840
2026.03.26 04:00:00;2.302720;2.303340;2.302270;2.302900;4046;0;12;2.303020
2026.03.26 05:00:00;2.302860;2.303020;2.301060;2.301680;3098;0;12;2.301800
2026.03.26 06:00:00;2.301680;2.302190;2.300930;2.301530;2310;0;12;2.301650
2026.03.26 07:00:00;2.301530;2.302850;2.301290;2.302790;3882;0;12;2.302910
2026.03.26 08:00:00;2.302760;2.305060;2.302590;2.304740;4707;0;12;2.304860
2026.03.26 09:00:00;2.304740;2.308450;2.304550;2.307940;5528;0;12;2.308060
2026.03.26 10:00:00;2.307940;2.308020;2.305760;2.307240;6209;0;12;2.307360
2026.03.26 11:00:00;2.307230;2.308440;2.305960;2.306490;5884;0;12;2.306610
2026.03.26 12:00:00;2.306470;2.307770;2.305860;2.307320;5424;0;12;2.307440
2026.03.26 13:00:00;2.307340;2.308720;2.306920;2.308430;4680;0;12;2.308550
2026.03.26 14:00:00;2.308480;2.308640;2.306020;2.307250;6684;0;12;2.307370
2026.03.26 15:00:00;2.307230;2.308550;2.306500;2.306770;9526;0;12;2.306890
2026.03.26 16:00:00;2.306750;2.311730;2.306340;2.310500;10354;0;12;2.310620
2026.03.26 17:00:00;2.310500;2.311020;2.309610;2.310930;9257;0;12;2.311050
2026.03.26 18:00:00;2.310930;2.312870;2.309820;2.312250;7161;0;12;2.312370
2026.03.26 19:00:00;2.312250;2.314010;2.311850;2.313310;6055;0;12;2.313430
2026.03.26 20:00:00;2.313310;2.314090;2.312290;2.312800;5014;0;12;2.312920
2026.03.26 21:00:00;2.312800;2.314700;2.312650;2.314100;4534;0;12;2.314220
2026.03.26 22:00:00;2.314130;2.314730;2.310540;2.313140;6829;0;12;2.313260
2026.03.26 23:00:00;2.312880;2.315770;2.309280;2.311250;1298;0;12;2.311370
2026.03.27 00:00:00;2.312770;2.314770;2.312430;2.314180;1990;0;12;2.314300
2026.03.27 01:00:00;2.314180;2.315110;2.313310;2.314850;1962;0;16;2.315010
2026.03.27 02:00:00;2.314810;2.316440;2.313900;2.316070;5614;0;12;2.316190
2026.03.27 03:00:00;2.316070;2.317520;2.313570;2.313680;5573;0;12;2.313800
2026.03.27 04:00:00;2.313680;2.313920;2.311970;2.312440;3865;0;12;2.312560
2026.03.27 05:00:00;2.312440;2.312650;2.310740;2.311300;3434;0;14;2.311440
2026.03.27 06:00:00;2.311300;2.311690;2.310310;2.310390;2886;0;12;2.310510
2026.03.27 07:00:00;2.310390;2.311530;2.309710;2.311430;4543;0;12;2.311550
2026.03.27 08:00:00;2.311400;2.312390;2.309920;2.310440;4253;0;12;2.310560
2026.03.27 09:00:00;2.310360;2.310600;2.307470;2.309530;4947;0;12;2.309650
2026.03.27 10:00:00;2.309510;2.309950;2.306440;2.308480;6549;0;12;2.308600
2026.03.27 11:00:00;2.308480;2.309440;2.305620;2.306710;5982;0;12;2.306830
2026.03.27 12:00:00;2.306710;2.307570;2.305630;2.306870;6038;0;12;2.306990
2026.03.27 13:00:00;2.306870;2.307510;2.304550;2.306330;4789;0;12;2.306450
2026.03.27 14:00:00;2.306310;2.308990;2.305870;2.308340;5827;0;12;2.308460
2026.03.27 15:00:00;2.308340;2.310710;2.307690;2.309410;9786;0;12;2.309530
2026.03.27 16:00:00;2.309410;2.312190;2.309110;2.311830;9130;0;12;2.311950
2026.03.27 17:00:00;2.311870;2.312790;2.308160;2.308600;9994;0;12;2.308720
2026.03.27 18:00:00;2.308600;2.309360;2.307550;2.307870;7955;0;12;2.307990
2026.03.27 19:00:00;2.307860;2.311030;2.307410;2.310990;6532;0;12;2.311110
2026.03.27 20:00:00;2.310990;2.311690;2.310130;2.310920;5233;0;12;2.311040
2026.03.27 21:00:00;2.310910;2.311270;2.309470;2.309860;5420;0;12;2.309980
2026.03.27 22:00:00;2.309900;2.310740;2.308100;2.308360;4246;0;12;2.308480
2026.03.30 01:00:00;2.310940;2.311420;2.307790;2.309840;3760;0;12;2.309960
2026.03.30 02:00:00;2.309840;2.311530;2.309400;2.311280;4175;0;12;2.311400
2026.03.30 03:00:00;2.311280;2.313610;2.310760;2.311870;8328;0;12;2.311990
2026.03.30 04:00:00;2.311870;2.312660;2.309310;2.311080;7279;0;12;2.311200
2026.03.30 05:00:00;2.311100;2.314360;2.311100;2.314290;5708;0;12;2.314410
2026.03.30 06:00:00;2.314290;2.314400;2.311830;2.313130;4212;0;12;2.313250
2026.03.30 07:00:00;2.313130;2.313420;2.312340;2.313060;2905;0;13;2.313190
2026.03.30 08:00:00;2.313060;2.313590;2.311010;2.312140;3918;0;12;2.312260
2026.03.30 09:00:00;2.312040;2.312950;2.308920;2.311050;4890;0;12;2.311170
2026.03.30 10:00:00;2.311050;2.313070;2.309030;2.312770;5769;0;12;2.312890
2026.03.30 11:00:00;2.312800;2.313740;2.310790;2.312620;5254;0;12;2.312740
2026.03.30 12:00:00;2.312620;2.314980;2.312100;2.313370;5028;0;12;2.313490
2026.03.30 13:00:00;2.313380;2.315200;2.312140;2.312180;4337;0;12;2.312300
2026.03.30 14:00:00;2.312240;2.314580;2.312040;2.312380;5874;0;12;2.312500
2026.03.30 15:00:00;2.312380;2.312720;2.310640;2.311090;5823;0;12;2.311210
2026.03.30 16:00:00;2.311050;2.312500;2.307960;2.308030;8204;0;12;2.308150
2026.03.30 17:00:00;2.308040;2.311940;2.307880;2.308630;9210;0;12;2.308750
2026.03.30 18:00:00;2.308630;2.309570;2.307440;2.308190;7697;0;12;2.308310
2026.03.30 19:00:00;2.308190;2.308650;2.306340;2.306890;5796;0;12;2.307010
2026.03.30 20:00:00;2.306890;2.308080;2.305880;2.306860;5338;0;12;2.306980
2026.03.30 21:00:00;2.306860;2.307370;2.305840;2.306000;4621;0;12;2.306120
2026.03.30 22:00:00;2.306080;2.307210;2.305790;2.306240;4568;0;12;2.306360
2026.03.30 23:00:00;2.306240;2.306650;2.303740;2.304440;2512;0;12;2.304560
2026.03.31 00:00:00;2.304540;2.306140;2.302850;2.304000;1269;0;88;2.304880
2026.03.31 01:00:00;2.303990;2.304960;2.303490;2.304500;1397;0;13;2.304630
2026.03.31 02:00:00;2.304500;2.305240;2.303730;2.304050;2139;0;13;2.304180
2026.03.31 03:00:00;2.304050;2.306840;2.303700;2.306620;7828;0;12;2.306740
2026.03.31 04:00:00;2.306620;2.308190;2.305150;2.306260;8661;0;12;2.306380
2026.03.31 05:00:00;2.306260;2.308180;2.306020;2.307850;5584;0;12;2.307970
2026.03.31 06:00:00;2.307880;2.309710;2.307870;2.309110;4200;0;12;2.309230
2026.03.31 07:00:00;2.309110;2.311840;2.308150;2.311760;3072;0;12;2.311880
2026.03.31 08:00:00;2.311760;2.312740;2.310960;2.311340;4518;0;12;2.311460
2026.03.31 09:00:00;2.311320;2.312720;2.310090;2.311240;5687;0;12;2.311360
2026.03.31 10:00:00;2.311240;2.313950;2.308840;2.309980;6449;0;12;2.310100
2026.03.31 11:00:00;2.309980;2.314070;2.309050;2.311990;5243;0;12;2.312110
2026.03.31 12:00:00;2.311990;2.315560;2.310990;2.315320;4976;0;12;2.315440
2026.03.31 13:00:00;2.315320;2.315560;2.313420;2.314230;4527;0;12;2.314350
2026.03.31 14:00:00;2.314270;2.314370;2.309310;2.310820;7692;0;12;2.310940
2026.03.31 15:00:00;2.310820;2.313520;2.309310;2.312680;8066;0;12;2.312800
2026.03.31 16:00:00;2.312660;2.314570;2.311680;2.312020;7917;0;12;2.312140
2026.03.31 17:00:00;2.311640;2.314280;2.310310;2.312040;10728;0;12;2.312160
2026.03.31 18:00:00;2.312040;2.314020;2.308860;2.309480;10186;0;12;2.309600
2026.03.31 19:00:00;2.309480;2.310700;2.305180;2.306430;11466;0;12;2.306550
2026.03.31 20:00:00;2.306410;2.309620;2.305460;2.309250;10901;0;12;2.309370
2026.03.31 21:00:00;2.309170;2.309330;2.304820;2.304970;7167;0;12;2.305090
2026.03.31 22:00:00;2.304970;2.305740;2.303140;2.303380;5629;0;12;2.303500
2026.03.31 23:00:00;2.303380;2.304340;2.300820;2.300940;3336;0;12;2.301060
2026.04.01 00:00:00;2.302810;2.303190;2.300360;2.301240;1207;0;102;2.302260
2026.04.01 01:00:00;2.300850;2.303250;2.300200;2.302840;2144;0;12;2.302960
2026.04.01 02:00:00;2.302860;2.303080;2.300580;2.300980;2391;0;12;2.301100
2026.04.01 03:00:00;2.300980;2.302420;2.300660;2.301930;4806;0;12;2.302050
2026.04.01 04:00:00;2.301940;2.305010;2.300930;2.304140;6555;0;12;2.304260
2026.04.01 05:00:00;2.304140;2.307190;2.303840;2.307110;4186;0;13;2.307240
2026.04.01 06:00:00;2.307110;2.309200;2.306900;2.308240;3484;0;12;2.308360
2026.04.01 07:00:00;2.308240;2.308660;2.307440;2.307930;2663;0;12;2.308050
2026.04.01 08:00:00;2.307910;2.308690;2.306540;2.307890;4202;0;12;2.308010
2026.04.01 09:00:00;2.307890;2.309680;2.302520;2.302880;7593;0;12;2.303000
2026.04.01 10:00:00;2.302880;2.306400;2.302440;2.306030;8449;0;12;2.306150
2026.04.01 11:00:00;2.306030;2.307120;2.303340;2.305320;7818;0;12;2.305440
2026.04.01 12:00:00;2.305320;2.306250;2.303440;2.305050;6745;0;12;2.305170
2026.04.01 13:00:00;2.305050;2.308970;2.304980;2.305980;6429;0;12;2.306100
2026.04.01 14:00:00;2.305980;2.308160;2.305440;2.307250;4991;0;12;2.307370
2026.04.01 15:00:00;2.307250;2.309570;2.305780;2.309050;8360;0;12;2.309170
2026.04.01 16:00:00;2.309050;2.310150;2.307220;2.309460;9880;0;12;2.309580
2026.04.01 17:00:00;2.310070;2.312750;2.307400;2.311840;10479;0;12;2.311960
2026.04.01 18:00:00;2.311840;2.311840;2.309870;2.310270;6933;0;12;2.310390
2026.04.01 19:00:00;2.310270;2.310720;2.309080;2.310480;5816;0;12;2.310600
2026.04.01 20:00:00;2.310510;2.312440;2.310150;2.312440;4876;0;12;2.312560
2026.04.01 21:00:00;2.312440;2.315190;2.312210;2.314940;6855;0;12;2.315060
2026.04.01 22:00:00;2.314950;2.315030;2.312340;2.312640;5157;0;12;2.312760
2026.04.01 23:00:00;2.312740;2.313060;2.311740;2.312330;2870;0;12;2.312450
2026.04.02 00:00:00;2.313060;2.313300;2.310740;2.312520;1462;0;79;2.313310
2026.04.02 01:00:00;2.312180;2.313640;2.311480;2.312930;2118;0;17;2.313100
2026.04.02 02:00:00;2.312950;2.314450;2.312660;2.313750;1973;0;12;2.313870
2026.04.02 03:00:00;2.313750;2.314980;2.311980;2.312750;5938;0;12;2.312870
2026.04.02 04:00:00;2.312750;2.318240;2.312530;2.316740;15214;0;12;2.316860
2026.04.02 05:00:00;2.316800;2.317160;2.315130;2.316020;7979;0;12;2.316140
2026.04.02 06:00:00;2.316000;2.316600;2.314900;2.316210;5147;0;12;2.316330
2026.04.02 07:00:00;2.316210;2.318530;2.316170;2.317870;4473;0;12;2.317990
2026.04.02 08:00:00;2.317860;2.318330;2.316190;2.317010;4849;0;12;2.317130
2026.04.02 09:00:00;2.317010;2.317010;2.314330;2.314810;6030;0;12;2.314930
2026.04.02 10:00:00;2.314810;2.315340;2.311170;2.312020;6371;0;12;2.312140
2026.04.02 11:00:00;2.312020;2.312870;2.311000;2.311510;5115;0;12;2.311630
2026.04.02 12:00:00;2.311510;2.312570;2.309580;2.309780;4459;0;12;2.309900
2026.04.02 13:00:00;2.309780;2.311960;2.309240;2.311540;4746;0;12;2.311660
2026.04.02 14:00:00;2.311540;2.314440;2.310990;2.314160;4498;0;12;2.314280
2026.04.02 15:00:00;2.314160;2.314800;2.312200;2.313630;6732;0;12;2.313750
2026.04.02 16:00:00;2.313630;2.313800;2.310250;2.310820;9124;0;12;2.310940
2026.04.02 17:00:00;2.310820;2.312390;2.307910;2.311860;11599;0;12;2.311980
2026.04.02 18:00:00;2.311860;2.312570;2.310470;2.311940;9105;0;12;2.312060
2026.04.02 19:00:00;2.311940;2.312980;2.310710;2.311850;8420;0;12;2.311970
2026.04.02 20:00:00;2.311850;2.312800;2.311200;2.312340;5753;0;12;2.312460
2026.04.02 21:00:00;2.312340;2.312970;2.311370;2.312040;4451;0;12;2.312160
2026.04.02 22:00:00;2.312040;2.313330;2.311850;2.312820;4275;0;12;2.312940
2026.04.02 23:00:00;2.312860;2.314750;2.312740;2.313140;1792;0;12;2.313260
2026.04.03 00:00:00;2.314310;2.314310;2.312460;2.313250;1100;0;127;2.314520
2026.04.03 01:00:00;2.312810;2.313650;2.312650;2.313130;977;0;19;2.313320
2026.04.03 02:00:00;2.313140;2.314210;2.312660;2.314030;751;0;13;2.314160
2026.04.03 03:00:00;2.314030;2.315000;2.313240;2.314950;1937;0;14;2.315090
2026.04.03 04:00:00;2.314950;2.315710;2.314270;2.315580;1168;0;12;2.315700
2026.04.03 05:00:00;2.315590;2.316600;2.315140;2.316560;1197;0;12;2.316680
2026.04.03 06:00:00;2.316570;2.317040;2.316140;2.316900;963;0;13;2.317030
2026.04.03 07:00:00;2.316900;2.317460;2.316690;2.317160;1037;0;14;2.317300
2026.04.03 08:00:00;2.317160;2.317710;2.316860;2.317660;972;0;12;2.317780
2026.04.03 09:00:00;2.317660;2.318010;2.317220;2.317640;1207;0;12;2.317760
2026.04.03 10:00:00;2.317640;2.318870;2.317320;2.318730;1589;0;12;2.318850
2026.04.03 11:00:00;2.318730;2.320080;2.318550;2.319860;1605;0;12;2.319980
2026.04.03 12:00:00;2.319860;2.320020;2.318440;2.318710;1635;0;12;2.318830
2026.04.03 13:00:00;2.318710;2.319040;2.317660;2.318080;1283;0;14;2.318220
2026.04.03 14:00:00;2.318080;2.318340;2.316640;2.317290;1279;0;12;2.317410
2026.04.03 15:00:00;2.317290;2.318540;2.312350;2.316630;3758;0;12;2.316750
2026.04.03 16:00:00;2.316630;2.317190;2.314980;2.316640;2177;0;12;2.316760
2026.04.03 17:00:00;2.316640;2.318640;2.316450;2.318340;2002;0;12;2.318460
2026.04.03 18:00:00;2.318340;2.320680;2.316370;2.317690;4572;0;12;2.317810
2026.04.03 19:00:00;2.317860;2.318620;2.317240;2.317860;1404;0;12;2.317980
2026.04.03 20:00:00;2.317900;2.318580;2.316810;2.318130;1693;0;12;2.318250
2026.04.03 21:00:00;2.318130;2.318770;2.317780;2.318160;1446;0;13;2.318290
2026.04.03 22:00:00;2.318160;2.321010;2.307790;2.315950;1376;0;12;2.316070
2026.04.03 23:00:00;2.315950;2.319730;2.307480;2.314940;1024;0;12;2.315060
2026.04.06 01:00:00;2.316610;2.320570;2.316000;2.318760;3660;0;12;2.318880
2026.04.06 02:00:00;2.318760;2.319370;2.318390;2.318940;2579;0;12;2.319060
2026.04.06 03:00:00;2.318940;2.319150;2.317280;2.317540;5048;0;12;2.317660
2026.04.06 04:00:00;2.317540;2.318770;2.317190;2.318450;3903;0;12;2.318570
2026.04.06 05:00:00;2.318450;2.318490;2.316000;2.317240;5237;0;12;2.317360
2026.04.06 06:00:00;2.317240;2.317950;2.316730;2.317380;3790;0;12;2.317500
2026.04.06 07:00:00;2.317380;2.317660;2.316280;2.316470;3042;0;12;2.316590
2026.04.06 08:00:00;2.316470;2.317370;2.315900;2.317320;2974;0;12;2.317440
2026.04.06 09:00:00;2.317340;2.317720;2.315220;2.315760;4136;0;12;2.315880
2026.04.06 10:00:00;2.315760;2.316120;2.314560;2.315670;5367;0;12;2.315790
2026.04.06 11:00:00;2.315670;2.316400;2.314270;2.314590;5570;0;12;2.314710
2026.04.06 12:00:00;2.314610;2.315980;2.314510;2.315730;4571;0;12;2.315850
2026.04.06 13:00:00;2.315730;2.316190;2.314590;2.315490;4669;0;12;2.315610
2026.04.06 14:00:00;2.315490;2.315650;2.313760;2.313780;3725;0;12;2.313900
2026.04.06 15:00:00;2.313780;2.315370;2.313450;2.315160;4209;0;12;2.315280
2026.04.06 16:00:00;2.315160;2.317590;2.315080;2.316980;5582;0;12;2.317100
2026.04.06 17:00:00;2.316980;2.318000;2.314300;2.314610;9412;0;12;2.314730
2026.04.06 18:00:00;2.314610;2.315540;2.313890;2.314210;6031;0;12;2.314330
2026.04.06 19:00:00;2.314210;2.315900;2.314050;2.315720;4240;0;12;2.315840
2026.04.06 20:00:00;2.315720;2.316720;2.314880;2.315700;5868;0;12;2.315820
2026.04.06 21:00:00;2.315720;2.316430;2.315090;2.316160;5255;0;12;2.316280
2026.04.06 22:00:00;2.316160;2.316860;2.315850;2.316050;2971;0;12;2.316170
2026.04.06 23:00:00;2.316080;2.317150;2.315770;2.316710;2415;0;12;2.316830
2026.04.07 00:00:00;2.316620;2.317540;2.314990;2.315220;1020;0;94;2.316160
2026.04.07 01:00:00;2.315670;2.317400;2.315090;2.317400;2094;0;16;2.317560
2026.04.07 02:00:00;2.317400;2.317400;2.315840;2.316060;1843;0;13;2.316190
2026.04.07 03:00:00;2.316060;2.319100;2.315980;2.318940;5550;0;12;2.319060
2026.04.07 04:00:00;2.318900;2.322000;2.317740;2.321950;6521;0;12;2.322070
2026.04.07 05:00:00;2.321950;2.322130;2.319590;2.320710;4909;0;12;2.320830
2026.04.07 06:00:00;2.320710;2.320760;2.319080;2.320670;3330;0;12;2.320790
2026.04.07 07:00:00;2.320670;2.321220;2.319470;2.320310;3586;0;12;2.320430
2026.04.07 08:00:00;2.320290;2.321080;2.319960;2.320080;4610;0;12;2.320200
2026.04.07 09:00:00;2.320160;2.322280;2.318690;2.321580;4661;0;12;2.321700
2026.04.07 10:00:00;2.321580;2.322570;2.320810;2.322110;5098;0;12;2.322230
2026.04.07 11:00:00;2.322090;2.323400;2.319870;2.322050;7753;0;12;2.322170
2026.04.07 12:00:00;2.322050;2.322640;2.320880;2.321880;5113;0;12;2.322000
2026.04.07 13:00:00;2.321880;2.323720;2.321020;2.321470;7689;0;12;2.321590
2026.04.07 14:00:00;2.321470;2.322520;2.320270;2.321720;5123;0;12;2.321840
2026.04.07 15:00:00;2.321720;2.324560;2.320590;2.323710;6551;0;12;2.323830
2026.04.07 16:00:00;2.323700;2.325090;2.322730;2.323230;7974;0;12;2.323350
2026.04.07 17:00:00;2.323230;2.324340;2.321290;2.323840;9278;0;12;2.323960
2026.04.07 18:00:00;2.323840;2.325180;2.321510;2.321510;8983;0;12;2.321630
2026.04.07 19:00:00;2.321510;2.322790;2.320570;2.321620;7500;0;12;2.321740
2026.04.07 20:00:00;2.321620;2.322250;2.321110;2.322180;6091;0;12;2.322300
2026.04.07 21:00:00;2.322180;2.323730;2.321900;2.323380;5296;0;12;2.323500
2026.04.07 22:00:00;2.323380;2.323740;2.320130;2.321320;9040;0;12;2.321440
2026.04.07 23:00:00;2.321300;2.321440;2.317720;2.317750;4890;0;12;2.317870
2026.04.08 00:00:00;2.320000;2.320000;2.317950;2.318820;542;0;108;2.319900
2026.04.08 01:00:00;2.317770;2.320700;2.305510;2.306760;7705;0;12;2.306880
2026.04.08 02:00:00;2.306760;2.308620;2.301110;2.306920;10078;0;12;2.307040
2026.04.08 03:00:00;2.306920;2.313410;2.304970;2.312980;11455;0;12;2.313100
2026.04.08 04:00:00;2.312950;2.314660;2.311800;2.312640;9610;0;12;2.312760
2026.04.08 05:00:00;2.312450;2.312660;2.305390;2.310620;7334;0;12;2.310740
2026.04.08 06:00:00;2.310640;2.311580;2.299080;2.300960;6950;0;12;2.301080
2026.04.08 07:00:00;2.300970;2.301180;2.297310;2.299850;5874;0;12;2.299970
2026.04.08 08:00:00;2.299850;2.301060;2.297960;2.300890;7618;0;12;2.301010
2026.04.08 09:00:00;2.300890;2.302460;2.297130;2.298850;8549;0;12;2.298970
2026.04.08 10:00:00;2.298850;2.303790;2.298850;2.303240;8589;0;12;2.303360
2026.04.08 11:00:00;2.303250;2.308340;2.303250;2.308250;6939;0;12;2.308370
2026.04.08 12:00:00;2.308250;2.309130;2.306030;2.307990;6167;0;12;2.308110
2026.04.08 13:00:00;2.307990;2.309310;2.307300;2.308830;4858;0;12;2.308950
2026.04.08 14:00:00;2.308830;2.310260;2.307640;2.308400;6437;0;12;2.308520
2026.04.08 15:00:00;2.308360;2.308610;2.302070;2.302340;8156;0;12;2.302460
2026.04.08 16:00:00;2.302320;2.304600;2.300080;2.302890;9682;0;12;2.303010
2026.04.08 17:00:00;2.302890;2.305920;2.302640;2.303540;10984;0;12;2.303660
2026.04.08 18:00:00;2.303540;2.305060;2.301070;2.302710;7806;0;12;2.302830
2026.04.08 19:00:00;2.302710;2.302800;2.299750;2.300170;6086;0;12;2.300290
2026.04.08 20:00:00;2.300170;2.302240;2.299720;2.301840;5575;0;12;2.301960
2026.04.08 21:00:00;2.301840;2.303280;2.301140;2.303060;7623;0;12;2.303180
2026.04.08 22:00:00;2.303020;2.303320;2.300560;2.300910;6150;0;12;2.301030
2026.04.08 23:00:00;2.300910;2.301630;2.300140;2.300140;2894;0;12;2.300260
2026.04.09 00:00:00;2.300140;2.301480;2.298890;2.300700;1193;0;81;2.301510
2026.04.09 01:00:00;2.300440;2.301100;2.299770;2.299930;1821;0;12;2.300050
2026.04.09 02:00:00;2.299930;2.300140;2.298510;2.299170;2120;0;12;2.299290
2026.04.09 03:00:00;2.299170;2.301380;2.298460;2.299080;5510;0;12;2.299200
2026.04.09 04:00:00;2.299080;2.299360;2.295860;2.297550;5640;0;12;2.297670
2026.04.09 05:00:00;2.297550;2.298940;2.296540;2.296740;4077;0;12;2.296860
2026.04.09 06:00:00;2.296740;2.298160;2.295650;2.296690;3708;0;12;2.296810
2026.04.09 07:00:00;2.296690;2.297520;2.295720;2.296910;2957;0;12;2.297030
2026.04.09 08:00:00;2.296910;2.297340;2.294780;2.296840;3870;0;12;2.296960
2026.04.09 09:00:00;2.296790;2.297170;2.294700;2.294940;4875;0;12;2.295060
2026.04.09 10:00:00;2.294880;2.297150;2.293910;2.297090;5722;0;12;2.297210
2026.04.09 11:00:00;2.297090;2.299300;2.295750;2.299240;5244;0;12;2.299360
2026.04.09 12:00:00;2.299240;2.299940;2.297860;2.297990;4338;0;12;2.298110
2026.04.09 13:00:00;2.297950;2.298620;2.297540;2.298050;4131;0;12;2.298170
2026.04.09 14:00:00;2.298050;2.300080;2.297580;2.299800;4210;0;12;2.299920
2026.04.09 15:00:00;2.299820;2.299960;2.298260;2.298710;5383;0;12;2.298830
2026.04.09 16:00:00;2.298750;2.299050;2.295480;2.296610;7066;0;12;2.296730
2026.04.09 17:00:00;2.296640;2.296650;2.293010;2.294520;8092;0;12;2.294640
2026.04.09 18:00:00;2.294500;2.295250;2.290340;2.290530;9513;0;12;2.290650
2026.04.09 19:00:00;2.290530;2.291570;2.289490;2.291530;6362;0;12;2.291650
2026.04.09 20:00:00;2.291540;2.292240;2.290480;2.292110;5339;0;12;2.292230
2026.04.09 21:00:00;2.292110;2.294400;2.292040;2.293940;6067;0;12;2.294060
2026.04.09 22:00:00;2.294050;2.294270;2.292290;2.292500;4300;0;12;2.292620
2026.04.09 23:00:00;2.292500;2.293200;2.291910;2.292550;2557;0;12;2.292670
2026.04.10 00:00:00;2.292590;2.293900;2.290580;2.290750;572;0;95;2.291700
2026.04.10 01:00:00;2.291600;2.294730;2.291570;2.292970;2349;0;12;2.293090
2026.04.10 02:00:00;2.293000;2.295700;2.292640;2.295200;1837;0;12;2.295320
2026.04.10 03:00:00;2.295200;2.295810;2.293720;2.294740;3956;0;12;2.294860
2026.04.10 04:00:00;2.294740;2.295220;2.293450;2.294400;3937;0;12;2.294520
2026.04.10 05:00:00;2.294390;2.296090;2.293740;2.295860;2987;0;13;2.295990
2026.04.10 06:00:00;2.295860;2.296160;2.293540;2.294160;2340;0;12;2.294280
2026.04.10 07:00:00;2.294180;2.295790;2.293990;2.295500;2180;0;12;2.295620
2026.04.10 08:00:00;2.295500;2.295710;2.294650;2.295020;2549;0;12;2.295140
2026.04.10 09:00:00;2.295020;2.297600;2.293510;2.296810;3907;0;12;2.296930
2026.04.10 10:00:00;2.296850;2.298640;2.296490;2.298540;4498;0;12;2.298660
2026.04.10 11:00:00;2.298450;2.299970;2.297600;2.299970;3911;0;12;2.300090
2026.04.10 12:00:00;2.299970;2.300970;2.298920;2.299980;5464;0;12;2.300100
2026.04.10 13:00:00;2.299980;2.301140;2.299560;2.299910;4075;0;12;2.300030
2026.04.10 14:00:00;2.299910;2.300710;2.298840;2.299460;3432;0;12;2.299580
2026.04.10 15:00:00;2.299460;2.300530;2.298110;2.299930;5706;0;12;2.300050
2026.04.10 16:00:00;2.299910;2.300660;2.296980;2.299350;7106;0;12;2.299470
2026.04.10 17:00:00;2.299340;2.300690;2.296450;2.300110;8200;0;12;2.300230
2026.04.10 18:00:00;2.300110;2.304180;2.300040;2.303700;6415;0;12;2.303820
2026.04.10 19:00:00;2.303700;2.305550;2.303640;2.304670;5343;0;12;2.304790
2026.04.10 20:00:00;2.304670;2.305330;2.303870;2.304290;4139;0;12;2.304410
2026.04.10 21:00:00;2.304290;2.305360;2.303340;2.304390;4228;0;12;2.304510
2026.04.10 22:00:00;2.304390;2.305340;2.304060;2.304970;3277;0;12;2.305090
2026.04.10 23:00:00;2.304970;2.306140;2.304040;2.305070;2511;0;12;2.305190
2026.04.13 01:00:00;2.308540;2.310340;2.307240;2.308500;4199;0;12;2.308620
2026.04.13 02:00:00;2.308500;2.309390;2.307190;2.307850;3594;0;12;2.307970
2026.04.13 03:00:00;2.307830;2.307960;2.303260;2.303430;6263;0;12;2.303550
2026.04.13 04:00:00;2.303430;2.304100;2.302060;2.303550;5868;0;12;2.303670
2026.04.13 05:00:00;2.303550;2.303920;2.301750;2.301790;3307;0;12;2.301910
2026.04.13 06:00:00;2.301790;2.302300;2.300620;2.300940;2846;0;12;2.301060
2026.04.13 07:00:00;2.300940;2.301440;2.300300;2.301070;2814;0;12;2.301190
2026.04.13 08:00:00;2.301070;2.301760;2.300620;2.301140;3388;0;12;2.301260
2026.04.13 09:00:00;2.301180;2.301850;2.300130;2.300620;4442;0;12;2.300740
2026.04.13 10:00:00;2.300620;2.301880;2.298500;2.301030;5173;0;12;2.301150
2026.04.13 11:00:00;2.301030;2.303040;2.300560;2.303040;4796;0;12;2.303160
2026.04.13 12:00:00;2.303000;2.304060;2.302700;2.303760;3935;0;12;2.303880
2026.04.13 13:00:00;2.303760;2.303970;2.302840;2.303580;3479;0;12;2.303700
2026.04.13 14:00:00;2.303580;2.306140;2.302730;2.305950;4350;0;12;2.306070
2026.04.13 15:00:00;2.305950;2.307550;2.305660;2.305900;5341;0;12;2.306020
2026.04.13 16:00:00;2.305920;2.307960;2.304550;2.304810;7494;0;12;2.304930
2026.04.13 17:00:00;2.304810;2.305050;2.301970;2.302300;8560;0;12;2.302420
2026.04.13 18:00:00;2.302300;2.303950;2.302260;2.303800;6795;0;12;2.303920
2026.04.13 19:00:00;2.303800;2.304310;2.300090;2.300200;8882;0;12;2.300320
2026.04.13 20:00:00;2.300200;2.301370;2.299300;2.300840;4933;0;12;2.300960
2026.04.13 21:00:00;2.300840;2.301040;2.298980;2.299840;4570;0;12;2.299960
2026.04.13 22:00:00;2.299840;2.301450;2.299300;2.301250;3764;0;12;2.301370
2026.04.13 23:00:00;2.301250;2.302040;2.301100;2.301340;2227;0;12;2.301460
2026.04.14 00:00:00;2.302430;2.302710;2.298890;2.298960;1745;0;101;2.299970
2026.04.14 01:00:00;2.300250;2.302300;2.300090;2.301680;1728;0;16;2.301840
2026.04.14 02:00:00;2.301680;2.302060;2.300700;2.301940;2100;0;12;2.302060
2026.04.14 03:00:00;2.301940;2.304240;2.301540;2.303640;4459;0;12;2.303760
2026.04.14 04:00:00;2.303640;2.305780;2.303190;2.305660;4176;0;12;2.305780
2026.04.14 05:00:00;2.305650;2.305700;2.304090;2.304880;3117;0;12;2.305000
2026.04.14 06:00:00;2.304880;2.305190;2.302790;2.304070;2667;0;12;2.304190
2026.04.14 07:00:00;2.304030;2.304080;2.302150;2.302240;2300;0;12;2.302360
2026.04.14 08:00:00;2.302220;2.302740;2.301400;2.301710;3313;0;12;2.301830
2026.04.14 09:00:00;2.301710;2.301930;2.298440;2.298850;4408;0;12;2.298970
2026.04.14 10:00:00;2.298850;2.299190;2.295740;2.298210;6284;0;12;2.298330
2026.04.14 11:00:00;2.298200;2.298730;2.296340;2.297270;4976;0;12;2.297390
2026.04.14 12:00:00;2.297270;2.298550;2.296280;2.296350;4329;0;12;2.296470
2026.04.14 13:00:00;2.296350;2.300040;2.295460;2.299960;4823;0;12;2.300080
2026.04.14 14:00:00;2.299940;2.301110;2.298780;2.299200;4734;0;12;2.299320
2026.04.14 15:00:00;2.299200;2.301410;2.298630;2.298760;6478;0;12;2.298880
2026.04.14 16:00:00;2.298750;2.298990;2.296830;2.298230;7034;0;12;2.298350
2026.04.14 17:00:00;2.298230;2.298230;2.294750;2.296680;7424;0;12;2.296800
2026.04.14 18:00:00;2.296680;2.297000;2.295010;2.296360;6616;0;12;2.296480
2026.04.14 19:00:00;2.296360;2.297430;2.295840;2.297330;4702;0;12;2.297450
2026.04.14 20:00:00;2.297330;2.297880;2.296260;2.296870;3925;0;12;2.296990
2026.04.14 21:00:00;2.296870;2.298400;2.296710;2.297420;4537;0;12;2.297540
2026.04.14 22:00:00;2.297420;2.298340;2.297220;2.297760;3018;0;12;2.297880
2026.04.14 23:00:00;2.297780;2.299240;2.297580;2.298450;1866;0;12;2.298570
2026.04.15 00:00:00;2.298980;2.299500;2.297840;2.298770;2075;0;76;2.299530
2026.04.15 01:00:00;2.298770;2.299650;2.298350;2.298640;2589;0;12;2.298760
2026.04.15 02:00:00;2.298600;2.299900;2.298320;2.299700;2833;0;12;2.299820
2026.04.15 03:00:00;2.299740;2.300170;2.298700;2.300030;4584;0;12;2.300150
2026.04.15 04:00:00;2.300010;2.300800;2.299540;2.300270;4703;0;12;2.300390
2026.04.15 05:00:00;2.300270;2.300740;2.299040;2.299170;3690;0;12;2.299290
2026.04.15 06:00:00;2.299160;2.299720;2.297830;2.298620;3026;0;12;2.298740
2026.04.15 07:00:00;2.298620;2.299620;2.298250;2.299020;2677;0;14;2.299160
2026.04.15 08:00:00;2.299020;2.299070;2.297360;2.297870;4479;0;12;2.297990
2026.04.15 09:00:00;2.297870;2.298970;2.296870;2.298140;3990;0;12;2.298260
2026.04.15 10:00:00;2.298140;2.298640;2.296250;2.296510;5415;0;12;2.296630
2026.04.15 11:00:00;2.296510;2.297110;2.295420;2.296550;4304;0;12;2.296670
2026.04.15 12:00:00;2.296550;2.298140;2.296270;2.297280;5346;0;12;2.297400
2026.04.15 13:00:00;2.297280;2.298980;2.295900;2.296010;5875;0;12;2.296130
2026.04.15 14:00:00;2.295990;2.297670;2.295600;2.297450;5684;0;12;2.297570
2026.04.15 15:00:00;2.297420;2.298820;2.297110;2.298820;5717;0;12;2.298940
2026.04.15 16:00:00;2.298820;2.300340;2.298100;2.299010;7299;0;12;2.299130
2026.04.15 17:00:00;2.299010;2.299140;2.296270;2.298040;7224;0;12;2.298160
2026.04.15 18:00:00;2.298040;2.298750;2.295910;2.296620;7014;0;12;2.296740
2026.04.15 19:00:00;2.296620;2.296750;2.295160;2.295640;5753;0;12;2.295760
2026.04.15 20:00:00;2.295620;2.297000;2.295240;2.296770;4463;0;12;2.296890
2026.04.15 21:00:00;2.296770;2.296860;2.293790;2.294440;5044;0;12;2.294560
2026.04.15 22:00:00;2.294440;2.294540;2.293350;2.293930;3641;0;12;2.294050
2026.04.15 23:00:00;2.293930;2.294490;2.292840;2.293080;2253;0;12;2.293200
2026.04.16 00:00:00;2.293910;2.294270;2.291490;2.294030;1146;0;102;2.295050
2026.04.16 01:00:00;2.293180;2.293800;2.292660;2.293300;1747;0;16;2.293460
2026.04.16 02:00:00;2.293270;2.296050;2.293050;2.295940;1758;0;12;2.296060
2026.04.16 03:00:00;2.295940;2.296170;2.294800;2.295520;3877;0;12;2.295640
2026.04.16 04:00:00;2.295520;2.296980;2.295120;2.295840;4964;0;12;2.295960
2026.04.16 05:00:00;2.295840;2.296490;2.293950;2.295100;4770;0;12;2.295220
2026.04.16 06:00:00;2.295100;2.296370;2.293780;2.294780;4041;0;12;2.294900
2026.04.16 07:00:00;2.294780;2.295570;2.293850;2.295410;2766;0;12;2.295530
2026.04.16 08:00:00;2.295450;2.295900;2.293960;2.294780;3798;0;12;2.294900
2026.04.16 09:00:00;2.294780;2.297340;2.294780;2.296760;4370;0;12;2.296880
2026.04.16 10:00:00;2.296760;2.297800;2.295800;2.296660;5425;0;12;2.296780
2026.04.16 11:00:00;2.296660;2.299720;2.296360;2.298570;5189;0;12;2.298690
2026.04.16 12:00:00;2.298570;2.299160;2.297570;2.298380;4066;0;12;2.298500
2026.04.16 13:00:00;2.298380;2.299990;2.297490;2.299740;3326;0;12;2.299860
2026.04.16 14:00:00;2.299740;2.300480;2.297220;2.297460;4256;0;12;2.297580
2026.04.16 15:00:00;2.297460;2.300240;2.296880;2.299670;5322;0;12;2.299790
2026.04.16 16:00:00;2.299670;2.301790;2.298700;2.299340;7248;0;12;2.299460
2026.04.16 17:00:00;2.299340;2.300040;2.294140;2.295670;8833;0;12;2.295790
2026.04.16 18:00:00;2.295670;2.297150;2.295340;2.296730;6877;0;12;2.296850
2026.04.16 19:00:00;2.296730;2.298460;2.295840;2.298180;6384;0;12;2.298300
2026.04.16 20:00:00;2.298180;2.298940;2.298060;2.298340;5411;0;12;2.298460
2026.04.16 21:00:00;2.298310;2.299090;2.297880;2.298830;5835;0;12;2.298950
2026.04.16 22:00:00;2.298860;2.298940;2.296790;2.297280;3489;0;12;2.297400
2026.04.16 23:00:00;2.297300;2.297660;2.295180;2.295180;2053;0;12;2.295300
2026.04.17 00:00:00;2.294610;2.295170;2.294500;2.294580;283;0;145;2.296030
2026.04.17 01:00:00;2.295390;2.297690;2.295390;2.296900;1978;0;12;2.297020
2026.04.17 02:00:00;2.296900;2.298340;2.296050;2.298160;2014;0;16;2.298320
2026.04.17 03:00:00;2.298180;2.298260;2.296560;2.296680;4622;0;12;2.296800
2026.04.17 04:00:00;2.296690;2.298170;2.295920;2.297140;4290;0;12;2.297260
2026.04.17 05:00:00;2.297150;2.297960;2.296750;2.297670;3007;0;12;2.297790
2026.04.17 06:00:00;2.297670;2.298520;2.297100;2.298140;2963;0;12;2.298260
2026.04.17 07:00:00;2.298140;2.298310;2.296340;2.296410;2539;0;12;2.296530
2026.04.17 08:00:00;2.296430;2.296820;2.295390;2.295810;3282;0;12;2.295930
2026.04.17 09:00:00;2.295810;2.297030;2.295000;2.295960;3968;0;12;2.296080
2026.04.17 10:00:00;2.295960;2.297680;2.295780;2.296870;4793;0;12;2.296990
2026.04.17 11:00:00;2.296840;2.297600;2.295400;2.295980;4091;0;12;2.296100
2026.04.17 12:00:00;2.295980;2.299020;2.295660;2.298620;4088;0;12;2.298740
2026.04.17 13:00:00;2.298620;2.299390;2.297600;2.298660;3287;0;12;2.298780
2026.04.17 14:00:00;2.298660;2.299360;2.298110;2.298460;3881;0;12;2.298580
2026.04.17 15:00:00;2.298460;2.298650;2.293790;2.294160;8631;0;12;2.294280
2026.04.17 16:00:00;2.294150;2.295260;2.291490;2.292810;12226;0;12;2.292930
2026.04.17 17:00:00;2.292810;2.294540;2.292330;2.293630;9615;0;12;2.293750
2026.04.17 18:00:00;2.293670;2.295400;2.293130;2.293990;9208;0;12;2.294110
2026.04.17 19:00:00;2.293970;2.294950;2.292770;2.294400;5716;0;12;2.294520
2026.04.17 20:00:00;2.294400;2.296390;2.294170;2.295730;6680;0;12;2.295850
2026.04.17 21:00:00;2.295730;2.298320;2.295640;2.297610;6103;0;12;2.297730
2026.04.17 22:00:00;2.297610;2.297750;2.295400;2.296060;4753;0;12;2.296180
2026.04.17 23:00:00;2.296060;2.298440;2.295380;2.297040;3346;0;12;2.297160
2026.04.20 01:00:00;2.302740;2.303300;2.297850;2.298500;4373;0;12;2.298620
2026.04.20 02:00:00;2.298500;2.299340;2.297850;2.298450;4019;0;12;2.298570
2026.04.20 03:00:00;2.298490;2.298630;2.295640;2.296600;6878;0;12;2.296720
2026.04.20 04:00:00;2.296600;2.297190;2.295440;2.296710;5784;0;12;2.296830
2026.04.20 05:00:00;2.296710;2.297170;2.295690;2.296500;4181;0;12;2.296620
2026.04.20 06:00:00;2.296500;2.297310;2.295960;2.297290;3058;0;12;2.297410
2026.04.20 07:00:00;2.297290;2.297450;2.296480;2.297160;2940;0;12;2.297280
2026.04.20 08:00:00;2.297160;2.298900;2.296670;2.298900;4906;0;12;2.299020
2026.04.20 09:00:00;2.298880;2.300000;2.298420;2.299050;6111;0;12;2.299170
2026.04.20 10:00:00;2.299020;2.302370;2.298540;2.301170;6311;0;12;2.301290
2026.04.20 11:00:00;2.301170;2.301230;2.298640;2.299180;5835;0;12;2.299300
2026.04.20 12:00:00;2.299220;2.299260;2.296440;2.298800;4734;0;12;2.298920
2026.04.20 13:00:00;2.298800;2.299780;2.296610;2.298960;4527;0;12;2.299080
2026.04.20 14:00:00;2.298960;2.300530;2.297580;2.297620;5547;0;12;2.297740
2026.04.20 15:00:00;2.297600;2.298990;2.297410;2.298990;5867;0;12;2.299110
2026.04.20 16:00:00;2.298990;2.299660;2.296960;2.297500;8596;0;12;2.297620
2026.04.20 17:00:00;2.297500;2.299570;2.297030;2.297690;8577;0;12;2.297810
2026.04.20 18:00:00;2.297690;2.298790;2.296320;2.298370;8409;0;12;2.298490
2026.04.20 19:00:00;2.298420;2.299840;2.297610;2.298320;5450;0;12;2.298440
2026.04.20 20:00:00;2.298320;2.298520;2.297440;2.298330;4759;0;12;2.298450
2026.04.20 21:00:00;2.298330;2.298670;2.297510;2.298180;4566;0;12;2.298300
2026.04.20 22:00:00;2.298220;2.298320;2.296530;2.296640;3342;0;12;2.296760
2026.04.20 23:00:00;2.296640;2.298200;2.296570;2.296640;2290;0;12;2.296760
2026.04.21 00:00:00;2.298340;2.298450;2.297830;2.298020;841;0;116;2.299180
2026.04.21 01:00:00;2.296570;2.298840;2.288940;2.288950;2475;0;12;2.289070
2026.04.21 02:00:00;2.288950;2.291430;2.287960;2.291070;2507;0;12;2.291190
2026.04.21 03:00:00;2.291070;2.291070;2.286830;2.287080;5355;0;12;2.287200
2026.04.21 04:00:00;2.287080;2.287590;2.284750;2.285250;4930;0;12;2.285370
2026.04.21 05:00:00;2.285210;2.287650;2.285030;2.286460;3618;0;12;2.286580
2026.04.21 06:00:00;2.286460;2.290930;2.286390;2.289120;3447;0;12;2.289240
2026.04.21 07:00:00;2.289140;2.289370;2.287660;2.288380;2135;0;12;2.288500
2026.04.21 08:00:00;2.288380;2.288480;2.286360;2.287820;4256;0;12;2.287940
2026.04.21 09:00:00;2.287820;2.289820;2.285680;2.286010;4109;0;12;2.286130
2026.04.21 10:00:00;2.286010;2.288840;2.285560;2.287300;5924;0;12;2.287420
2026.04.21 11:00:00;2.287250;2.288670;2.285620;2.287340;6770;0;12;2.287460
2026.04.21 12:00:00;2.287340;2.288780;2.286960;2.287580;3934;0;12;2.287700
2026.04.21 13:00:00;2.287580;2.288540;2.287080;2.288120;3895;0;12;2.288240
2026.04.21 14:00:00;2.288120;2.289430;2.286230;2.286760;4952;0;12;2.286880
2026.04.21 15:00:00;2.286790;2.289760;2.286520;2.288900;6705;0;12;2.289020
2026.04.21 16:00:00;2.288900;2.289060;2.285710;2.285950;7010;0;12;2.286070
2026.04.21 17:00:00;2.285950;2.289260;2.285040;2.288590;8659;0;12;2.288710
2026.04.21 18:00:00;2.288590;2.289790;2.287340;2.288460;8699;0;12;2.288580
2026.04.21 19:00:00;2.288440;2.290300;2.287270;2.290150;6233;0;12;2.290270
2026.04.21 20:00:00;2.290150;2.293410;2.289890;2.291170;9368;0;12;2.291290
2026.04.21 21:00:00;2.291170;2.292170;2.290400;2.290950;7423;0;12;2.291070
2026.04.21 22:00:00;2.290950;2.295190;2.289700;2.294540;9274;0;12;2.294660
2026.04.21 23:00:00;2.294540;2.294620;2.288910;2.291740;6965;0;12;2.291860
2026.04.22 00:00:00;2.291160;2.293060;2.290580;2.290800;2018;0;34;2.291140
2026.04.22 01:00:00;2.291670;2.292010;2.290430;2.290970;2757;0;12;2.291090
2026.04.22 02:00:00;2.290990;2.291140;2.290110;2.290570;2022;0;12;2.290690
2026.04.22 03:00:00;2.290580;2.290630;2.287540;2.287600;5850;0;12;2.287720
2026.04.22 04:00:00;2.287600;2.288220;2.287030;2.287960;5178;0;12;2.288080
2026.04.22 05:00:00;2.288000;2.288030;2.286640;2.287410;4258;0;12;2.287530
2026.04.22 06:00:00;2.287410;2.288260;2.286900;2.287050;3382;0;12;2.287170
2026.04.22 07:00:00;2.287050;2.287720;2.286300;2.287330;2978;0;12;2.287450
2026.04.22 08:00:00;2.287340;2.287480;2.285220;2.285780;5904;0;12;2.285900
2026.04.22 09:00:00;2.285780;2.286290;2.283830;2.284690;4259;0;12;2.284810
2026.04.22 10:00:00;2.284690;2.286180;2.283750;2.284860;5032;0;12;2.284980
2026.04.22 11:00:00;2.284860;2.286920;2.284000;2.286370;5229;0;12;2.286490
2026.04.22 12:00:00;2.286370;2.287810;2.286180;2.287020;4436;0;12;2.287140
2026.04.22 13:00:00;2.287020;2.287970;2.286070;2.287010;4143;0;12;2.287130
2026.04.22 14:00:00;2.286980;2.287090;2.285540;2.286140;5219;0;12;2.286260
2026.04.22 15:00:00;2.286140;2.287760;2.285250;2.287090;6099;0;12;2.287210
2026.04.22 16:00:00;2.287100;2.287930;2.284170;2.284360;8375;0;12;2.284480
2026.04.22 17:00:00;2.284360;2.286030;2.283500;2.284260;8333;0;12;2.284380
2026.04.22 18:00:00;2.284260;2.285900;2.283680;2.285190;7283;0;12;2.285310
2026.04.22 19:00:00;2.285210;2.286960;2.284990;2.286730;4859;0;12;2.286850
2026.04.22 20:00:00;2.286730;2.287610;2.286220;2.286900;4747;0;12;2.287020
2026.04.22 21:00:00;2.286900;2.287570;2.286450;2.286840;3313;0;12;2.286960
2026.04.22 22:00:00;2.286850;2.287130;2.286100;2.286760;3609;0;12;2.286880
2026.04.22 23:00:00;2.286760;2.287040;2.285870;2.286160;2486;0;12;2.286280
2026.04.23 00:00:00;2.286640;2.286980;2.283850;2.285870;1598;0;79;2.286660
2026.04.23 01:00:00;2.285530;2.287180;2.285000;2.286640;1788;0;12;2.286760
2026.04.23 02:00:00;2.286640;2.286670;2.285990;2.286080;2008;0;12;2.286200
2026.04.23 03:00:00;2.286080;2.289280;2.285440;2.286780;10451;0;12;2.286900
2026.04.23 04:00:00;2.286820;2.288070;2.286500;2.287480;6522;0;12;2.287600
2026.04.23 05:00:00;2.287480;2.289640;2.287210;2.289410;6662;0;12;2.289530
2026.04.23 06:00:00;2.289410;2.293650;2.289270;2.293620;6259;0;12;2.293740
2026.04.23 07:00:00;2.293620;2.294410;2.291660;2.291880;3563;0;12;2.292000
2026.04.23 08:00:00;2.291860;2.292350;2.290750;2.291040;3842;0;12;2.291160
2026.04.23 09:00:00;2.291040;2.291960;2.290030;2.291680;3682;0;12;2.291800
2026.04.23 10:00:00;2.291680;2.292490;2.288880;2.289190;5479;0;12;2.289310
2026.04.23 11:00:00;2.289190;2.294210;2.288940;2.294020;5481;0;12;2.294140
2026.04.23 12:00:00;2.294000;2.296680;2.293880;2.296200;5774;0;12;2.296320
2026.04.23 13:00:00;2.296200;2.297730;2.295140;2.295590;5144;0;12;2.295710
2026.04.23 14:00:00;2.295590;2.296960;2.293840;2.294330;6128;0;12;2.294450
2026.04.23 15:00:00;2.294330;2.296400;2.293800;2.294840;7953;0;12;2.294960
2026.04.23 16:00:00;2.294790;2.298920;2.294380;2.298920;7567;0;12;2.299040
2026.04.23 17:00:00;2.298920;2.299140;2.295700;2.296470;8438;0;12;2.296590
2026.04.23 18:00:00;2.296470;2.296830;2.294790;2.295690;7518;0;12;2.295810
2026.04.23 19:00:00;2.295670;2.296540;2.295290;2.296360;5749;0;12;2.296480
2026.04.23 20:00:00;2.296350;2.302410;2.295850;2.297490;13735;0;12;2.297610
2026.04.23 21:00:00;2.297490;2.299120;2.295890;2.299030;8688;0;12;2.299150
2026.04.23 22:00:00;2.299060;2.300470;2.298590;2.299040;6113;0;12;2.299160
2026.04.23 23:00:00;2.299020;2.301740;2.298920;2.299540;3388;0;12;2.299660
2026.04.24 00:00:00;2.298100;2.302060;2.297350;2.299060;1204;0;12;2.299180
2026.04.24 01:00:00;2.299210;2.300630;2.299140;2.299420;1212;0;12;2.299540
2026.04.24 02:00:00;2.299420;2.300860;2.299200;2.300560;1555;0;12;2.300680
2026.04.24 03:00:00;2.300550;2.300570;2.298730;2.299050;5662;0;12;2.299170
2026.04.24 04:00:00;2.299050;2.299330;2.297800;2.298840;5360;0;12;2.298960
2026.04.24 05:00:00;2.298860;2.301440;2.298780;2.301240;4360;0;12;2.301360
2026.04.24 06:00:00;2.301240;2.303690;2.300990;2.303060;4176;0;12;2.303180
2026.04.24 07:00:00;2.303060;2.303350;2.299560;2.300080;3306;0;12;2.300200
2026.04.24 08:00:00;2.300080;2.301520;2.299690;2.301290;4091;0;12;2.301410
2026.04.24 09:00:00;2.301290;2.302690;2.300480;2.302260;4234;0;12;2.302380
2026.04.24 10:00:00;2.302290;2.302640;2.301040;2.301740;4161;0;12;2.301860
2026.04.24 11:00:00;2.301680;2.302730;2.300060;2.300820;5506;0;12;2.300940
2026.04.24 12:00:00;2.300820;2.302120;2.299930;2.302070;4518;0;12;2.302190
2026.04.24 13:00:00;2.302070;2.303050;2.301160;2.302080;4027;0;12;2.302200
2026.04.24 14:00:00;2.302080;2.302230;2.296820;2.297440;8325;0;12;2.297560
2026.04.24 15:00:00;2.297430;2.300510;2.296500;2.300040;7081;0;12;2.300160
2026.04.24 16:00:00;2.300010;2.301300;2.298670;2.299910;8214;0;12;2.300030
2026.04.24 17:00:00;2.299910;2.301580;2.297960;2.300070;9423;0;12;2.300190
2026.04.24 18:00:00;2.300070;2.300780;2.298530;2.298590;8567;0;12;2.298710
2026.04.24 19:00:00;2.298590;2.300190;2.298480;2.299580;6154;0;12;2.299700
2026.04.24 20:00:00;2.299580;2.299980;2.299000;2.299930;5384;0;12;2.300050
2026.04.24 21:00:00;2.299930;2.300920;2.299830;2.300390;4248;0;12;2.300510
2026.04.24 22:00:00;2.300390;2.300860;2.299910;2.300730;3678;0;12;2.300850
2026.04.24 23:00:00;2.300710;2.301240;2.299660;2.300210;3117;0;12;2.300330
2026.04.27 00:00:00;2.301830;2.303750;2.301830;2.303360;94;0;152;2.304880
2026.04.27 01:00:00;2.300940;2.303270;2.300940;2.301360;1830;0;12;2.301480
2026.04.27 02:00:00;2.301380;2.302420;2.301270;2.302050;2012;0;12;2.302170
2026.04.27 03:00:00;2.302050;2.302070;2.298430;2.298540;4503;0;12;2.298660
2026.04.27 04:00:00;2.298510;2.299360;2.297570;2.298050;6337;0;12;2.298170
2026.04.27 05:00:00;2.298050;2.298460;2.297220;2.297540;3359;0;12;2.297660
2026.04.27 06:00:00;2.297540;2.298850;2.297330;2.298680;3311;0;12;2.298800
2026.04.27 07:00:00;2.298680;2.299950;2.298580;2.299720;2554;0;12;2.299840
2026.04.27 08:00:00;2.299720;2.300290;2.299330;2.299940;3453;0;12;2.300060
2026.04.27 09:00:00;2.299940;2.300740;2.298880;2.299090;4501;0;12;2.299210
2026.04.27 10:00:00;2.299070;2.299140;2.296130;2.296330;5213;0;12;2.296450
2026.04.27 11:00:00;2.296310;2.296590;2.292060;2.292770;3370;0;12;2.292890
2026.04.27 12:00:00;2.292780;2.293350;2.292000;2.292750;3650;0;12;2.292870
2026.04.27 13:00:00;2.292750;2.293810;2.292530;2.293340;3729;0;12;2.293460
2026.04.27 14:00:00;2.293350;2.293790;2.292240;2.293140;4536;0;12;2.293260
2026.04.27 15:00:00;2.293140;2.293280;2.289950;2.289970;6053;0;12;2.290090
2026.04.27 16:00:00;2.289970;2.292030;2.288280;2.290550;7739;0;12;2.290670
2026.04.27 17:00:00;2.290550;2.291330;2.289130;2.290740;7492;0;12;2.290860
2026.04.27 18:00:00;2.290740;2.291240;2.288970;2.289970;6609;0;12;2.290090
2026.04.27 19:00:00;2.289990;2.291230;2.289290;2.289980;4355;0;12;2.290100
2026.04.27 20:00:00;2.290000;2.290160;2.288850;2.289350;5073;0;12;2.289470
2026.04.27 21:00:00;2.289350;2.290080;2.288640;2.289800;3651;0;12;2.289920
2026.04.27 22:00:00;2.289850;2.290570;2.289290;2.290180;3117;0;12;2.290300
2026.04.27 23:00:00;2.290190;2.290510;2.289770;2.290210;1820;0;12;2.290330
2026.04.28 00:00:00;2.290100;2.292260;2.290040;2.291150;316;0;102;2.292170
2026.04.28 01:00:00;2.290050;2.291030;2.289670;2.290000;1639;0;12;2.290120
2026.04.28 02:00:00;2.290000;2.290450;2.289280;2.289910;1463;0;12;2.290030
2026.04.28 03:00:00;2.289890;2.289890;2.287920;2.288790;5336;0;12;2.288910
2026.04.28 04:00:00;2.288840;2.291970;2.288490;2.291230;5386;0;12;2.291350
2026.04.28 05:00:00;2.291230;2.293070;2.290960;2.292770;3769;0;12;2.292890
2026.04.28 06:00:00;2.292770;2.294120;2.292660;2.292920;3808;0;12;2.293040
2026.04.28 07:00:00;2.292920;2.293480;2.292230;2.293360;2604;0;12;2.293480
2026.04.28 08:00:00;2.293350;2.294910;2.292980;2.293430;4238;0;12;2.293550
2026.04.28 09:00:00;2.293410;2.295930;2.292270;2.295380;5978;0;12;2.295500
2026.04.28 10:00:00;2.295380;2.295430;2.292390;2.292590;5717;0;12;2.292710
2026.04.28 11:00:00;2.292580;2.294190;2.292340;2.292510;6005;0;12;2.292630
2026.04.28 12:00:00;2.292510;2.293100;2.290190;2.290930;5690;0;12;2.291050
2026.04.28 13:00:00;2.290930;2.294400;2.290540;2.293350;5046;0;12;2.293470
2026.04.28 14:00:00;2.293350;2.295400;2.293310;2.294500;7346;0;12;2.294620
2026.04.28 15:00:00;2.294500;2.296900;2.293900;2.295360;7746;0;12;2.295480
2026.04.28 16:00:00;2.295360;2.297180;2.294450;2.295830;8008;0;12;2.295950
2026.04.28 17:00:00;2.295830;2.298420;2.294900;2.297380;9177;0;12;2.297500
2026.04.28 18:00:00;2.297380;2.297380;2.294400;2.294520;8012;0;12;2.294640
2026.04.28 19:00:00;2.294520;2.296750;2.293960;2.296310;5784;0;12;2.296430
2026.04.28 20:00:00;2.296310;2.296800;2.295270;2.295920;5351;0;12;2.296040
2026.04.28 21:00:00;2.295920;2.296870;2.295600;2.296700;4402;0;12;2.296820
2026.04.28 22:00:00;2.296720;2.297740;2.296320;2.296880;3627;0;12;2.297000
2026.04.28 23:00:00;2.296880;2.297680;2.296470;2.296590;2256;0;12;2.296710
2026.04.29 00:00:00;2.298370;2.298880;2.295230;2.296700;1357;0;47;2.297170
2026.04.29 01:00:00;2.296650;2.297730;2.295910;2.297260;798;0;16;2.297420
2026.04.29 02:00:00;2.297260;2.297690;2.296200;2.296900;1892;0;12;2.297020
2026.04.29 03:00:00;2.296840;2.297150;2.295800;2.296880;4255;0;12;2.297000
2026.04.29 04:00:00;2.296860;2.300210;2.295280;2.300090;7870;0;12;2.300210
2026.04.29 05:00:00;2.300090;2.305770;2.299520;2.305590;4476;0;12;2.305710
2026.04.29 06:00:00;2.305590;2.307080;2.304870;2.305630;3420;0;12;2.305750
2026.04.29 07:00:00;2.305630;2.305700;2.304240;2.304650;2040;0;12;2.304770
2026.04.29 08:00:00;2.304660;2.305520;2.302830;2.303710;2915;0;12;2.303830
2026.04.29 09:00:00;2.303710;2.304040;2.300260;2.302250;4842;0;12;2.302370
2026.04.29 10:00:00;2.302280;2.303140;2.300910;2.302580;5169;0;12;2.302700
2026.04.29 11:00:00;2.302580;2.304440;2.301540;2.304040;5393;0;12;2.304160
2026.04.29 12:00:00;2.304030;2.307260;2.303800;2.306940;5079;0;12;2.307060
2026.04.29 13:00:00;2.306940;2.307260;2.304780;2.305480;3993;0;12;2.305600
2026.04.29 14:00:00;2.305480;2.306120;2.304500;2.305560;5229;0;12;2.305680
2026.04.29 15:00:00;2.305560;2.306930;2.305280;2.306900;6164;0;12;2.307020
2026.04.29 16:00:00;2.306910;2.309860;2.306180;2.308110;8622;0;12;2.308230
2026.04.29 17:00:00;2.308090;2.310750;2.307730;2.309290;8448;0;12;2.309410
2026.04.29 18:00:00;2.309290;2.312910;2.308420;2.311460;8352;0;12;2.311580
2026.04.29 19:00:00;2.311450;2.312610;2.310350;2.310680;6802;0;12;2.310800
2026.04.29 20:00:00;2.310680;2.311330;2.308700;2.308700;5919;0;12;2.308820
2026.04.29 21:00:00;2.308700;2.314530;2.308430;2.312370;9807;0;12;2.312490
2026.04.29 22:00:00;2.312350;2.313240;2.310530;2.310620;6239;0;12;2.310740
2026.04.29 23:00:00;2.310650;2.311700;2.310020;2.311050;4596;0;12;2.311170
2026.04.30 00:00:00;2.308230;2.313880;2.308040;2.313230;251;0;124;2.314470
2026.04.30 01:00:00;2.310560;2.311980;2.310560;2.310980;2402;0;24;2.311220
2026.04.30 02:00:00;2.310980;2.311040;2.309260;2.309760;2265;0;18;2.309940
2026.04.30 03:00:00;2.309730;2.309900;2.307760;2.309690;7147;0;12;2.309810
2026.04.30 04:00:00;2.309690;2.313140;2.309580;2.311170;6380;0;12;2.311290
2026.04.30 05:00:00;2.311170;2.312670;2.309610;2.309930;6765;0;12;2.310050
2026.04.30 06:00:00;2.309890;2.310020;2.308580;2.309260;4892;0;12;2.309380
2026.04.30 07:00:00;2.309220;2.310240;2.308710;2.310090;6610;0;12;2.310210
2026.04.30 08:00:00;2.310090;2.310660;2.308410;2.310570;6003;0;12;2.310690
2026.04.30 09:00:00;2.310550;2.312970;2.309890;2.310530;7133;0;12;2.310650
2026.04.30 10:00:00;2.310530;2.311230;2.309140;2.309220;7467;0;12;2.309340
2026.04.30 11:00:00;2.309240;2.309810;2.308100;2.309070;8038;0;12;2.309190
2026.04.30 12:00:00;2.309200;2.310020;2.306400;2.306590;8003;0;12;2.306710
2026.04.30 13:00:00;2.306580;2.307040;2.304650;2.306330;9410;0;12;2.306450
2026.04.30 14:00:00;2.306290;2.306570;2.302530;2.303780;10786;0;12;2.303900
2026.04.30 15:00:00;2.303840;2.304340;2.302030;2.302900;9680;0;12;2.303020
2026.04.30 16:00:00;2.302920;2.303470;2.300620;2.301370;10551;0;12;2.301490
2026.04.30 17:00:00;2.301320;2.308700;2.298720;2.307240;12941;0;12;2.307360
2026.04.30 18:00:00;2.307240;2.308490;2.304240;2.305010;9753;0;12;2.305130
2026.04.30 19:00:00;2.305010;2.306350;2.304400;2.304690;6702;0;12;2.304810
2026.04.30 20:00:00;2.304690;2.305570;2.303960;2.304420;6366;0;12;2.304540
2026.04.30 21:00:00;2.304420;2.304520;2.302190;2.302660;5561;0;12;2.302780
2026.04.30 22:00:00;2.302660;2.303820;2.302330;2.303190;5170;0;12;2.303310
2026.04.30 23:00:00;2.303190;2.303290;2.301240;2.301840;3531;0;12;2.301960
2026.05.01 00:00:00;2.301840;2.303790;2.301740;2.302070;1802;0;12;2.302190
2026.05.01 01:00:00;2.302750;2.303970;2.302000;2.303170;1249;0;16;2.303330
2026.05.01 02:00:00;2.303200;2.303620;2.302210;2.302820;2495;0;12;2.302940
2026.05.01 03:00:00;2.302900;2.304340;2.302670;2.303750;5286;0;12;2.303870
2026.05.01 04:00:00;2.303750;2.304520;2.303290;2.303540;3940;0;12;2.303660
2026.05.01 05:00:00;2.303540;2.304810;2.302930;2.304210;3072;0;12;2.304330
2026.05.01 06:00:00;2.304210;2.305500;2.303490;2.305110;3171;0;12;2.305230
2026.05.01 07:00:00;2.305160;2.306920;2.305130;2.306890;2781;0;12;2.307010
2026.05.01 08:00:00;2.306890;2.307040;2.305500;2.306320;2868;0;12;2.306440
2026.05.01 09:00:00;2.306250;2.309490;2.305700;2.307970;5732;0;12;2.308090
2026.05.01 10:00:00;2.307970;2.308590;2.306740;2.307760;6574;0;12;2.307880
2026.05.01 11:00:00;2.307760;2.308740;2.307250;2.307540;4902;0;12;2.307660
2026.05.01 12:00:00;2.307540;2.308490;2.307030;2.307730;3946;0;12;2.307850
2026.05.01 13:00:00;2.307730;2.310140;2.307710;2.309140;3760;0;12;2.309260
2026.05.01 14:00:00;2.309140;2.310280;2.308840;2.310060;4641;0;12;2.310180
2026.05.01 15:00:00;2.310070;2.310670;2.309090;2.309540;7519;0;12;2.309660
2026.05.01 16:00:00;2.309540;2.310380;2.307320;2.307990;8152;0;12;2.308110
2026.05.01 17:00:00;2.308200;2.308220;2.302330;2.303000;9626;0;12;2.303120
2026.05.01 18:00:00;2.303040;2.303600;2.300600;2.301260;8625;0;12;2.301380
2026.05.01 19:00:00;2.301260;2.302050;2.300220;2.300680;7044;0;12;2.300800
2026.05.01 20:00:00;2.300680;2.301540;2.300090;2.301520;5122;0;12;2.301640
2026.05.01 21:00:00;2.301520;2.301960;2.299910;2.300140;5466;0;12;2.300260
2026.05.01 22:00:00;2.300140;2.300800;2.299950;2.300360;3436;0;12;2.300480
2026.05.01 23:00:00;2.300380;2.301790;2.299840;2.301050;2927;0;12;2.301170
2026.05.04 00:00:00;2.304420;2.304420;2.304420;2.304420;1;0;169;2.306110
2026.05.04 01:00:00;2.300840;2.301540;2.299100;2.300550;1879;0;12;2.300670
2026.05.04 02:00:00;2.300570;2.301130;2.299000;2.300140;1933;0;12;2.300260
2026.05.04 03:00:00;2.300140;2.301130;2.299440;2.301050;4755;0;12;2.301170
2026.05.04 04:00:00;2.301020;2.301500;2.298600;2.298670;5278;0;12;2.298790
2026.05.04 05:00:00;2.298660;2.298900;2.296940;2.297040;4071;0;12;2.297160
2026.05.04 06:00:00;2.297040;2.297660;2.294370;2.294930;5596;0;12;2.295050
2026.05.04 07:00:00;2.294930;2.295910;2.294600;2.295640;3057;0;12;2.295760
2026.05.04 08:00:00;2.295640;2.296960;2.295240;2.296750;4351;0;12;2.296870
2026.05.04 09:00:00;2.296750;2.299690;2.296290;2.298450;4976;0;12;2.298570
2026.05.04 10:00:00;2.298440;2.300670;2.298390;2.300370;5522;0;12;2.300490
2026.05.04 11:00:00;2.300370;2.300780;2.297640;2.298110;4524;0;12;2.298230
2026.05.04 12:00:00;2.298110;2.298630;2.297390;2.298470;3600;0;12;2.298590
2026.05.04 13:00:00;2.298440;2.302660;2.298400;2.300470;8702;0;12;2.300590
2026.05.04 14:00:00;2.300470;2.301720;2.299640;2.301580;6022;0;12;2.301700
2026.05.04 15:00:00;2.301590;2.301680;2.300250;2.300530;6664;0;12;2.300650
2026.05.04 16:00:00;2.300530;2.302880;2.300120;2.302470;8111;0;12;2.302590
2026.05.04 17:00:00;2.302470;2.302770;2.300640;2.302000;7642;0;12;2.302120
2026.05.04 18:00:00;2.302000;2.304970;2.301420;2.304710;10901;0;12;2.304830
2026.05.04 19:00:00;2.304710;2.306140;2.304220;2.305050;9505;0;12;2.305170
2026.05.04 20:00:00;2.304970;2.305010;2.303400;2.304020;6045;0;12;2.304140
2026.05.04 21:00:00;2.303980;2.304450;2.303340;2.303950;5077;0;12;2.304070
2026.05.04 22:00:00;2.303930;2.304540;2.303330;2.303970;5433;0;12;2.304090
2026.05.04 23:00:00;2.303970;2.304810;2.303440;2.303440;2507;0;12;2.303560
2026.05.05 00:00:00;2.303440;2.303440;2.301850;2.303010;2071;0;45;2.303460
2026.05.05 01:00:00;2.303270;2.304490;2.302900;2.304220;1434;0;20;2.304420
2026.05.05 02:00:00;2.304220;2.304820;2.304130;2.304350;1177;0;12;2.304470
2026.05.05 03:00:00;2.304350;2.306820;2.303910;2.306700;4727;0;12;2.306820
2026.05.05 04:00:00;2.306700;2.307270;2.306210;2.306420;4264;0;12;2.306540
2026.05.05 05:00:00;2.306420;2.306570;2.305070;2.305520;3227;0;12;2.305640
2026.05.05 06:00:00;2.305550;2.306210;2.304860;2.305530;2265;0;12;2.305650
2026.05.05 07:00:00;2.305520;2.307180;2.303620;2.307080;3607;0;12;2.307200
2026.05.05 08:00:00;2.307110;2.307440;2.303120;2.304000;5211;0;12;2.304120
2026.05.05 09:00:00;2.304000;2.304550;2.302490;2.303260;5172;0;12;2.303380
2026.05.05 10:00:00;2.303290;2.305940;2.303260;2.304650;6520;0;12;2.304770
2026.05.05 11:00:00;2.304640;2.304740;2.302280;2.303350;5355;0;12;2.303470
2026.05.05 12:00:00;2.303350;2.303790;2.301780;2.301800;5849;0;12;2.301920
2026.05.05 13:00:00;2.301820;2.303360;2.300360;2.303060;4371;0;12;2.303180
2026.05.05 14:00:00;2.303060;2.303740;2.301530;2.302230;5256;0;12;2.302350
2026.05.05 15:00:00;2.302230;2.302380;2.299640;2.302100;6960;0;12;2.302220
2026.05.05 16:00:00;2.302140;2.303560;2.300610;2.302460;6709;0;12;2.302580
2026.05.05 17:00:00;2.302460;2.304120;2.300710;2.301110;9080;0;12;2.301230
2026.05.05 18:00:00;2.301110;2.301150;2.298310;2.300100;6779;0;12;2.300220
2026.05.05 19:00:00;2.300100;2.301310;2.299870;2.300760;5147;0;12;2.300880
2026.05.05 20:00:00;2.300740;2.300910;2.299150;2.299900;4572;0;12;2.300020
2026.05.05 21:00:00;2.299870;2.300640;2.299480;2.300240;3567;0;12;2.300360
2026.05.05 22:00:00;2.300240;2.300570;2.299900;2.300070;2825;0;12;2.300190
2026.05.05 23:00:00;2.300070;2.300420;2.299750;2.299780;1445;0;12;2.299900
2026.05.06 00:00:00;2.298690;2.303270;2.295830;2.302080;863;0;51;2.302590
2026.05.06 01:00:00;2.299330;2.300960;2.298950;2.299330;2694;0;12;2.299450
2026.05.06 02:00:00;2.299310;2.300390;2.296380;2.298980;4355;0;12;2.299100
2026.05.06 03:00:00;2.298980;2.298980;2.293090;2.293090;7230;0;12;2.293210
2026.05.06 04:00:00;2.293090;2.293740;2.289730;2.290180;6154;0;12;2.290300
2026.05.06 05:00:00;2.290180;2.290810;2.288330;2.288570;4318;0;12;2.288690
2026.05.06 06:00:00;2.288570;2.288590;2.285060;2.287560;4604;0;12;2.287680
2026.05.06 07:00:00;2.287600;2.287680;2.283620;2.284710;8033;0;12;2.284830
2026.05.06 08:00:00;2.284710;2.286470;2.283590;2.284450;5532;0;12;2.284570
2026.05.06 09:00:00;2.284450;2.285350;2.282450;2.282870;5620;0;12;2.282990
2026.05.06 10:00:00;2.282880;2.286420;2.282600;2.283540;6668;0;12;2.283660
2026.05.06 11:00:00;2.283580;2.285440;2.281040;2.282300;7967;0;12;2.282420
2026.05.06 12:00:00;2.282300;2.284370;2.281940;2.282640;7232;0;12;2.282760
2026.05.06 13:00:00;2.282640;2.283260;2.276890;2.279180;8131;0;12;2.279300
2026.05.06 14:00:00;2.279230;2.282100;2.278660;2.281270;8423;0;12;2.281390
2026.05.06 15:00:00;2.281270;2.284020;2.281170;2.283520;8862;0;12;2.283640
2026.05.06 16:00:00;2.283540;2.285750;2.283270;2.285190;10106;0;12;2.285310
2026.05.06 17:00:00;2.285190;2.285920;2.281280;2.282650;9705;0;12;2.282770
2026.05.06 18:00:00;2.282650;2.283110;2.281440;2.282910;7113;0;12;2.283030
2026.05.06 19:00:00;2.282910;2.283360;2.282370;2.283040;5604;0;12;2.283160
2026.05.06 20:00:00;2.283060;2.283730;2.282450;2.282690;5269;0;12;2.282810
2026.05.06 21:00:00;2.282690;2.282690;2.281390;2.282030;4295;0;12;2.282150
2026.05.06 22:00:00;2.282040;2.282300;2.280840;2.282230;3624;0;12;2.282350
2026.05.06 23:00:00;2.282250;2.282750;2.281980;2.282240;2455;0;12;2.282360
2026.05.07 00:00:00;2.282100;2.283270;2.280990;2.281320;78;0;86;2.282180
2026.05.07 01:00:00;2.281840;2.282830;2.281500;2.282160;1658;0;16;2.282320
2026.05.07 02:00:00;2.282160;2.283120;2.281860;2.282850;1751;0;15;2.283000
2026.05.07 03:00:00;2.282850;2.283520;2.281880;2.282550;6769;0;12;2.282670
2026.05.07 04:00:00;2.282580;2.283940;2.280840;2.281770;6155;0;12;2.281890
2026.05.07 05:00:00;2.281770;2.283020;2.281340;2.282090;4325;0;12;2.282210
2026.05.07 06:00:00;2.282090;2.282550;2.281060;2.281280;3228;0;12;2.281400
2026.05.07 07:00:00;2.281300;2.281470;2.280310;2.280800;3003;0;12;2.280920
2026.05.07 08:00:00;2.280800;2.281270;2.279870;2.281060;3104;0;12;2.281180
2026.05.07 09:00:00;2.281060;2.282530;2.280260;2.282020;5940;0;12;2.282140
2026.05.07 10:00:00;2.282020;2.282840;2.279130;2.279550;7283;0;12;2.279670
2026.05.07 11:00:00;2.279550;2.279970;2.278150;2.279560;5619;0;12;2.279680
2026.05.07 12:00:00;2.279560;2.281030;2.277950;2.278340;4812;0;12;2.278460
2026.05.07 13:00:00;2.278340;2.279420;2.277280;2.277400;4980;0;12;2.277520
2026.05.07 14:00:00;2.277440;2.277850;2.275460;2.276830;5210;0;12;2.276950
2026.05.07 15:00:00;2.276810;2.279200;2.276810;2.278540;6286;0;12;2.278660
2026.05.07 16:00:00;2.278560;2.280640;2.278140;2.279080;8015;0;12;2.279200
2026.05.07 17:00:00;2.279050;2.280620;2.277850;2.279940;7631;0;12;2.280060
2026.05.07 18:00:00;2.279920;2.282940;2.279730;2.282300;7759;0;12;2.282420
2026.05.07 19:00:00;2.282280;2.283140;2.280360;2.280730;7660;0;12;2.280850
2026.05.07 20:00:00;2.280730;2.281420;2.279130;2.280650;8048;0;12;2.280770
2026.05.07 21:00:00;2.280650;2.282270;2.280320;2.281130;6978;0;12;2.281250
2026.05.07 22:00:00;2.281130;2.282470;2.280690;2.282010;6497;0;12;2.282130
2026.05.07 23:00:00;2.282010;2.282240;2.280440;2.281340;4617;0;12;2.281460
2026.05.08 00:00:00;2.280340;2.281140;2.280340;2.281140;253;0;118;2.282320
2026.05.08 01:00:00;2.281540;2.283660;2.281340;2.282700;2824;0;12;2.282820
2026.05.08 02:00:00;2.282700;2.282940;2.281740;2.282510;1824;0;12;2.282630
2026.05.08 03:00:00;2.282530;2.283960;2.281740;2.281980;6205;0;12;2.282100
2026.05.08 04:00:00;2.281920;2.283310;2.281120;2.283030;5741;0;12;2.283150
2026.05.08 05:00:00;2.283030;2.284710;2.282700;2.283250;5690;0;12;2.283370
2026.05.08 06:00:00;2.283250;2.283300;2.280630;2.281610;3584;0;12;2.281730
2026.05.08 07:00:00;2.281580;2.282610;2.280600;2.281980;3784;0;12;2.282100
2026.05.08 08:00:00;2.281980;2.282810;2.281230;2.282240;4560;0;12;2.282360
2026.05.08 09:00:00;2.282240;2.282490;2.280930;2.282060;5214;0;12;2.282180
2026.05.08 10:00:00;2.282060;2.283180;2.281770;2.282040;5735;0;12;2.282160
2026.05.08 11:00:00;2.282040;2.283700;2.281120;2.283110;5784;0;12;2.283230
2026.05.08 12:00:00;2.283090;2.283940;2.281870;2.283180;4656;0;12;2.283300
2026.05.08 13:00:00;2.283180;2.283450;2.280660;2.280710;4510;0;12;2.280830
2026.05.08 14:00:00;2.280710;2.283850;2.280000;2.283700;4809;0;12;2.283820
2026.05.08 15:00:00;2.283700;2.285440;2.282280;2.284520;7330;0;12;2.284640
2026.05.08 16:00:00;2.284520;2.287180;2.283990;2.285160;8731;0;12;2.285280
2026.05.08 17:00:00;2.285160;2.287180;2.284510;2.287120;8186;0;12;2.287240
2026.05.08 18:00:00;2.287150;2.287690;2.285980;2.286290;7644;0;12;2.286410
2026.05.08 19:00:00;2.286260;2.286780;2.285030;2.285480;5254;0;12;2.285600
2026.05.08 20:00:00;2.285460;2.286010;2.284710;2.285240;4395;0;12;2.285360
2026.05.08 21:00:00;2.285240;2.285700;2.284540;2.285660;4459;0;12;2.285780
2026.05.08 22:00:00;2.285660;2.285810;2.284640;2.285360;3975;0;12;2.285480
2026.05.08 23:00:00;2.285340;2.286250;2.284140;2.284440;2450;0;12;2.284560
2026.05.11 01:00:00;2.281080;2.284290;2.281060;2.283690;2568;0;12;2.283810
2026.05.11 02:00:00;2.283690;2.284890;2.283540;2.284800;2125;0;12;2.284920
2026.05.11 03:00:00;2.284840;2.285790;2.282780;2.283020;6013;0;12;2.283140
2026.05.11 04:00:00;2.283020;2.284940;2.282770;2.284260;6143;0;12;2.284380
2026.05.11 05:00:00;2.284260;2.285650;2.283760;2.285520;3644;0;12;2.285640
2026.05.11 06:00:00;2.285520;2.285820;2.284790;2.285570;3484;0;12;2.285690
2026.05.11 07:00:00;2.285570;2.286780;2.285540;2.285870;2616;0;12;2.285990
2026.05.11 08:00:00;2.285890;2.286630;2.285210;2.286190;3778;0;12;2.286310
2026.05.11 09:00:00;2.286190;2.286680;2.284190;2.285200;4853;0;12;2.285320
2026.05.11 10:00:00;2.285200;2.287450;2.285040;2.286320;4624;0;12;2.286440
2026.05.11 11:00:00;2.286320;2.287730;2.285020;2.287110;4959;0;12;2.287230
2026.05.11 12:00:00;2.287090;2.288010;2.286720;2.287600;3990;0;12;2.287720
2026.05.11 13:00:00;2.287640;2.287750;2.283090;2.284490;5120;0;12;2.284610
2026.05.11 14:00:00;2.284490;2.287610;2.284300;2.287100;4909;0;12;2.287220
2026.05.11 15:00:00;2.287100;2.287930;2.286560;2.286810;6121;0;12;2.286930
2026.05.11 16:00:00;2.286810;2.287910;2.285650;2.286090;6930;0;12;2.286210
2026.05.11 17:00:00;2.286090;2.286770;2.284030;2.286750;7609;0;12;2.286870
2026.05.11 18:00:00;2.286750;2.287700;2.286300;2.287220;6522;0;12;2.287340
2026.05.11 19:00:00;2.287230;2.288350;2.286510;2.287530;5320;0;12;2.287650
2026.05.11 20:00:00;2.287530;2.288090;2.286740;2.287340;4688;0;12;2.287460
2026.05.11 21:00:00;2.287340;2.287340;2.285600;2.286090;4401;0;12;2.286210
2026.05.11 22:00:00;2.286090;2.286220;2.283940;2.284030;4253;0;12;2.284150
2026.05.11 23:00:00;2.284010;2.284490;2.281760;2.281870;2418;0;12;2.281990
2026.05.12 00:00:00;2.283050;2.283370;2.280140;2.280900;1107;0;72;2.281620
2026.05.12 01:00:00;2.280760;2.281340;2.279740;2.280600;1482;0;12;2.280720
2026.05.12 02:00:00;2.280600;2.281030;2.280100;2.280610;1388;0;16;2.280770
2026.05.12 03:00:00;2.280610;2.282440;2.280490;2.282370;4712;0;14;2.282510
2026.05.12 04:00:00;2.282370;2.283230;2.281570;2.281930;7737;0;12;2.282050
2026.05.12 05:00:00;2.281930;2.282500;2.279710;2.280200;4661;0;12;2.280320
2026.05.12 06:00:00;2.280180;2.281370;2.280180;2.281340;3334;0;12;2.281460
2026.05.12 07:00:00;2.281340;2.281340;2.279670;2.280570;3215;0;12;2.280690
2026.05.12 08:00:00;2.280530;2.280780;2.278310;2.278970;5062;0;12;2.279090
2026.05.12 09:00:00;2.278900;2.280510;2.278900;2.279350;6470;0;12;2.279470
2026.05.12 10:00:00;2.279350;2.280390;2.273480;2.273820;7001;0;12;2.273940
2026.05.12 11:00:00;2.273820;2.276000;2.272040;2.275870;7478;0;12;2.275990
2026.05.12 12:00:00;2.275880;2.277160;2.274750;2.275820;6770;0;12;2.275940
2026.05.12 13:00:00;2.275820;2.276970;2.274410;2.274720;4833;0;12;2.274840
2026.05.12 14:00:00;2.274720;2.275900;2.273450;2.273820;5883;0;12;2.273940
2026.05.12 15:00:00;2.273780;2.274740;2.272160;2.272400;8113;0;12;2.272520
2026.05.12 16:00:00;2.272400;2.273690;2.271230;2.273510;9117;0;12;2.273630
2026.05.12 17:00:00;2.273510;2.275870;2.272710;2.274370;9752;0;12;2.274490
2026.05.12 18:00:00;2.274390;2.276370;2.273230;2.276170;8059;0;12;2.276290
2026.05.12 19:00:00;2.276210;2.277700;2.275390;2.276620;6578;0;12;2.276740
2026.05.12 20:00:00;2.276620;2.276620;2.274390;2.274540;5689;0;12;2.274660
2026.05.12 21:00:00;2.274540;2.274880;2.273220;2.273770;5703;0;12;2.273890
2026.05.12 22:00:00;2.273770;2.274660;2.273480;2.274280;4308;0;12;2.274400
2026.05.12 23:00:00;2.274280;2.274940;2.273660;2.274540;2481;0;12;2.274660
2026.05.13 00:00:00;2.274430;2.275710;2.273110;2.275070;832;0;73;2.275800
2026.05.13 01:00:00;2.274930;2.275140;2.274100;2.274490;1181;0;12;2.274610
2026.05.13 02:00:00;2.274490;2.274550;2.273720;2.274090;1555;0;12;2.274210
2026.05.13 03:00:00;2.274100;2.274370;2.272460;2.272780;5905;0;12;2.272900
2026.05.13 04:00:00;2.272810;2.272870;2.270080;2.270830;5969;0;12;2.270950
2026.05.13 05:00:00;2.270830;2.271520;2.270420;2.271520;4113;0;12;2.271640
2026.05.13 06:00:00;2.271540;2.278480;2.271090;2.276800;4669;0;12;2.276920
2026.05.13 07:00:00;2.276810;2.278950;2.276470;2.278580;2770;0;12;2.278700
2026.05.13 08:00:00;2.278580;2.280380;2.278310;2.279670;3922;0;12;2.279790
2026.05.13 09:00:00;2.279660;2.279810;2.277840;2.278140;5407;0;12;2.278260
2026.05.13 10:00:00;2.278140;2.279390;2.277250;2.279280;6079;0;12;2.279400
2026.05.13 11:00:00;2.279260;2.281590;2.278350;2.280600;5222;0;12;2.280720
2026.05.13 12:00:00;2.280630;2.281260;2.278800;2.279430;4885;0;12;2.279550
2026.05.13 13:00:00;2.279430;2.279920;2.276710;2.277250;6393;0;12;2.277370
2026.05.13 14:00:00;2.277250;2.278480;2.276020;2.277060;4735;0;12;2.277180
2026.05.13 15:00:00;2.277080;2.278340;2.276500;2.277250;7127;0;12;2.277370
2026.05.13 16:00:00;2.277250;2.281060;2.276760;2.280240;8247;0;12;2.280360
2026.05.13 17:00:00;2.280240;2.280780;2.277510;2.278830;7773;0;12;2.278950
2026.05.13 18:00:00;2.278780;2.279250;2.276780;2.277490;6795;0;12;2.277610
2026.05.13 19:00:00;2.277490;2.277550;2.275970;2.276680;6107;0;12;2.276800
2026.05.13 20:00:00;2.276680;2.278010;2.276260;2.277840;4371;0;12;2.277960
2026.05.13 21:00:00;2.277840;2.278960;2.277270;2.278660;4693;0;12;2.278780
2026.05.13 22:00:00;2.278660;2.278690;2.277640;2.278460;3967;0;12;2.278580
2026.05.13 23:00:00;2.278440;2.278940;2.277640;2.278040;2445;0;12;2.278160
2026.05.14 00:00:00;2.277780;2.278590;2.277540;2.278070;1190;0;63;2.278700
2026.05.14 01:00:00;2.278640;2.279170;2.277740;2.278550;1063;0;12;2.278670
2026.05.14 02:00:00;2.278550;2.280700;2.278150;2.280650;1799;0;12;2.280770
2026.05.14 03:00:00;2.280650;2.281720;2.279960;2.280670;4840;0;12;2.280790
2026.05.14 04:00:00;2.280690;2.281880;2.280070;2.280860;5698;0;12;2.280980
2026.05.14 05:00:00;2.280860;2.281380;2.279640;2.280240;4123;0;12;2.280360
2026.05.14 06:00:00;2.280240;2.282120;2.280200;2.281970;3597;0;12;2.282090
2026.05.14 07:00:00;2.281970;2.282160;2.279610;2.280120;3808;0;12;2.280240
2026.05.14 08:00:00;2.280120;2.280420;2.277040;2.277790;4935;0;12;2.277910
2026.05.14 09:00:00;2.277530;2.278570;2.276490;2.277220;5168;0;12;2.277340
2026.05.14 10:00:00;2.277220;2.278110;2.276150;2.277800;5682;0;12;2.277920
2026.05.14 11:00:00;2.277810;2.278040;2.275870;2.276150;5422;0;12;2.276270
2026.05.14 12:00:00;2.276150;2.277660;2.275590;2.276140;4816;0;12;2.276260
2026.05.14 13:00:00;2.276130;2.278070;2.275780;2.277360;4977;0;12;2.277480
2026.05.14 14:00:00;2.277360;2.278550;2.275590;2.276580;4694;0;12;2.276700
2026.05.14 15:00:00;2.276600;2.278600;2.276320;2.278310;6231;0;12;2.278430
2026.05.14 16:00:00;2.278310;2.280160;2.278000;2.280010;7595;0;12;2.280130
2026.05.14 17:00:00;2.280000;2.280140;2.276480;2.276640;7174;0;12;2.276760
2026.05.14 18:00:00;2.276640;2.277640;2.275580;2.275810;5914;0;12;2.275930
2026.05.14 19:00:00;2.275830;2.276090;2.270360;2.271200;7239;0;12;2.271320
2026.05.14 20:00:00;2.271200;2.271370;2.265650;2.266000;6000;0;12;2.266120
2026.05.14 21:00:00;2.266000;2.266280;2.263290;2.265050;5389;0;12;2.265170
2026.05.14 22:00:00;2.265050;2.266540;2.265010;2.266000;4119;0;12;2.266120
2026.05.14 23:00:00;2.266050;2.267120;2.265580;2.266640;2587;0;12;2.266760
2026.05.15 00:00:00;2.264390;2.266890;2.264390;2.265940;213;0;12;2.266060
2026.05.15 01:00:00;2.266040;2.267120;2.265760;2.266820;1721;0;12;2.266940
2026.05.15 02:00:00;2.266820;2.268710;2.266340;2.268460;2754;0;12;2.268580
2026.05.15 03:00:00;2.268480;2.271390;2.267610;2.270840;5960;0;12;2.270960
2026.05.15 04:00:00;2.270840;2.272440;2.270220;2.272180;7660;0;12;2.272300
2026.05.15 05:00:00;2.272160;2.272970;2.271140;2.272130;5827;0;12;2.272250
2026.05.15 06:00:00;2.272140;2.273340;2.271720;2.273160;4933;0;12;2.273280
2026.05.15 07:00:00;2.273120;2.275350;2.272900;2.275150;4083;0;12;2.275270
2026.05.15 08:00:00;2.275000;2.277600;2.274580;2.276300;7514;0;12;2.276420
2026.05.15 09:00:00;2.276280;2.278760;2.274450;2.278580;7965;0;12;2.278700
2026.05.15 10:00:00;2.278550;2.280780;2.277920;2.280730;7189;0;12;2.280850
2026.05.15 11:00:00;2.280710;2.282000;2.280370;2.281490;7340;0;12;2.281610
2026.05.15 12:00:00;2.281490;2.284360;2.280700;2.283620;6902;0;12;2.283740
2026.05.15 13:00:00;2.283620;2.284480;2.282220;2.283360;7350;0;12;2.283480
2026.05.15 14:00:00;2.283360;2.286780;2.283140;2.285620;6364;0;12;2.285740
2026.05.15 15:00:00;2.285620;2.286940;2.284320;2.284620;7534;0;12;2.284740
2026.05.15 16:00:00;2.284620;2.285820;2.283880;2.284820;9725;0;12;2.284940
2026.05.15 17:00:00;2.284820;2.285260;2.281840;2.282580;10690;0;12;2.282700
2026.05.15 18:00:00;2.282580;2.283050;2.279960;2.282340;9155;0;12;2.282460
2026.05.15 19:00:00;2.282350;2.282440;2.279880;2.280780;6932;0;12;2.280900
2026.05.15 20:00:00;2.280830;2.281040;2.279540;2.279840;5706;0;12;2.279960
2026.05.15 21:00:00;2.279840;2.281050;2.279660;2.280440;6395;0;12;2.280560
2026.05.15 22:00:00;2.280420;2.281270;2.280180;2.280760;4316;0;12;2.280880
2026.05.15 23:00:00;2.280770;2.281910;2.280440;2.280830;2960;0;12;2.280950
2026.05.18 01:00:00;2.280900;2.281570;2.279230;2.279640;2732;0;20;2.279840
2026.05.18 02:00:00;2.279640;2.282620;2.279260;2.282080;3653;0;12;2.282200
2026.05.18 03:00:00;2.282080;2.284250;2.281370;2.283950;8161;0;12;2.284070
2026.05.18 04:00:00;2.283990;2.284440;2.281990;2.282880;9211;0;12;2.283000
2026.05.18 05:00:00;2.282880;2.283720;2.281270;2.282030;5779;0;12;2.282150
2026.05.18 06:00:00;2.282020;2.282020;2.279280;2.279500;5412;0;12;2.279620
2026.05.18 07:00:00;2.279520;2.281350;2.279330;2.281220;4804;0;12;2.281340
2026.05.18 08:00:00;2.281220;2.282590;2.280850;2.281530;5760;0;12;2.281650
2026.05.18 09:00:00;2.281530;2.283980;2.281490;2.283290;6601;0;12;2.283410
2026.05.18 10:00:00;2.283310;2.283880;2.280880;2.282040;6884;0;12;2.282160
2026.05.18 11:00:00;2.282040;2.283360;2.280370;2.282370;6651;0;12;2.282490
2026.05.18 12:00:00;2.282370;2.282680;2.280420;2.281080;5279;0;12;2.281200
2026.05.18 13:00:00;2.281080;2.281970;2.279920;2.280070;5468;0;12;2.280190
2026.05.18 14:00:00;2.280070;2.282410;2.279770;2.281790;7454;0;12;2.281910
2026.05.18 15:00:00;2.281790;2.282910;2.278210;2.278940;8418;0;12;2.279060
2026.05.18 16:00:00;2.278960;2.279810;2.277540;2.278540;9293;0;12;2.278660
2026.05.18 17:00:00;2.278500;2.284840;2.278500;2.284070;9592;0;12;2.284190
2026.05.18 18:00:00;2.284070;2.287950;2.283770;2.287070;9053;0;12;2.287190
2026.05.18 19:00:00;2.287070;2.290600;2.286880;2.287330;7986;0;12;2.287450
2026.05.18 20:00:00;2.287330;2.287820;2.285920;2.285920;5988;0;12;2.286040
2026.05.18 21:00:00;2.285910;2.287620;2.285650;2.287060;6770;0;12;2.287180
2026.05.18 22:00:00;2.287050;2.287070;2.283710;2.285510;8526;0;12;2.285630
2026.05.18 23:00:00;2.285510;2.286640;2.285440;2.286140;3392;0;12;2.286260
2026.05.19 00:00:00;2.285960;2.286280;2.284760;2.285160;1448;0;77;2.285930
2026.05.19 01:00:00;2.285300;2.286270;2.284510;2.285400;1972;0;12;2.285520
2026.05.19 02:00:00;2.285400;2.286800;2.285020;2.286720;2242;0;15;2.286870
2026.05.19 03:00:00;2.286720;2.290050;2.286310;2.289760;7399;0;12;2.289880
2026.05.19 04:00:00;2.289800;2.291700;2.289620;2.290530;7494;0;12;2.290650
2026.05.19 05:00:00;2.290600;2.291320;2.290100;2.290900;6918;0;12;2.291020
2026.05.19 06:00:00;2.290900;2.291440;2.290020;2.290900;5563;0;12;2.291020
2026.05.19 07:00:00;2.290900;2.291460;2.289890;2.290890;4979;0;12;2.291010
2026.05.19 08:00:00;2.290890;2.291630;2.289940;2.290780;6302;0;12;2.290900
2026.05.19 09:00:00;2.290720;2.290900;2.287150;2.287660;6593;0;12;2.287780
2026.05.19 10:00:00;2.287570;2.290680;2.287010;2.290540;6699;0;12;2.290660
2026.05.19 11:00:00;2.290580;2.291640;2.289790;2.290870;6379;0;12;2.290990
2026.05.19 12:00:00;2.290880;2.295340;2.290870;2.295060;6055;0;12;2.295180
2026.05.19 13:00:00;2.295060;2.295240;2.293260;2.293840;6334;0;12;2.293960
2026.05.19 14:00:00;2.293840;2.294370;2.292540;2.293420;6101;0;12;2.293540
2026.05.19 15:00:00;2.293420;2.295420;2.293280;2.295400;7371;0;12;2.295520
2026.05.19 16:00:00;2.295400;2.297970;2.294520;2.296640;10796;0;12;2.296760
2026.05.19 17:00:00;2.296640;2.300410;2.295790;2.300080;10413;0;12;2.300200
2026.05.19 18:00:00;2.300030;2.300180;2.297300;2.297800;8027;0;12;2.297920
2026.05.19 19:00:00;2.297800;2.298090;2.294930;2.295400;7283;0;12;2.295520
2026.05.19 20:00:00;2.295400;2.296940;2.295210;2.296330;5665;0;12;2.296450
2026.05.19 21:00:00;2.296330;2.296650;2.295810;2.296130;6023;0;12;2.296250
2026.05.19 22:00:00;2.296050;2.296720;2.295520;2.295830;5201;0;12;2.295950
2026.05.19 23:00:00;2.295810;2.296500;2.294540;2.294540;2978;0;12;2.294660
2026.05.20 00:00:00;2.294330;2.295360;2.293120;2.294150;502;0;114;2.295290
2026.05.20 01:00:00;2.295100;2.296280;2.295030;2.295650;1856;0;18;2.295830
2026.05.20 02:00:00;2.295670;2.296970;2.294870;2.296560;1951;0;12;2.296680
2026.05.20 03:00:00;2.296540;2.299950;2.296540;2.299880;8449;0;12;2.300000
2026.05.20 04:00:00;2.299880;2.300910;2.298320;2.298760;8765;0;12;2.298880
2026.05.20 05:00:00;2.298760;2.300390;2.298030;2.300070;8190;0;12;2.300190
2026.05.20 06:00:00;2.300070;2.300240;2.296540;2.296890;6351;0;12;2.297010
2026.05.20 07:00:00;2.296890;2.298270;2.295710;2.297490;5347;0;12;2.297610
2026.05.20 08:00:00;2.297490;2.298090;2.296530;2.296620;7054;0;12;2.296740
2026.05.20 09:00:00;2.296360;2.296830;2.293860;2.294380;6731;0;12;2.294500
2026.05.20 10:00:00;2.294380;2.294970;2.293000;2.294150;6139;0;12;2.294270
2026.05.20 11:00:00;2.294150;2.294240;2.290970;2.291690;6261;0;12;2.291810
2026.05.20 12:00:00;2.291690;2.293690;2.291530;2.292790;4921;0;12;2.292910
2026.05.20 13:00:00;2.292770;2.292780;2.291280;2.292030;5012;0;12;2.292150
2026.05.20 14:00:00;2.292030;2.292890;2.290970;2.291840;4749;0;12;2.291960
2026.05.20 15:00:00;2.291800;2.294020;2.291280;2.293620;5636;0;12;2.293740
2026.05.20 16:00:00;2.293620;2.294230;2.292650;2.293480;7745;0;12;2.293600
2026.05.20 17:00:00;2.293480;2.293960;2.288610;2.288650;11131;0;12;2.288770
2026.05.20 18:00:00;2.288670;2.290310;2.285550;2.290150;10417;0;12;2.290270
2026.05.20 19:00:00;2.290150;2.290810;2.288730;2.289420;8619;0;12;2.289540
2026.05.20 20:00:00;2.289420;2.290140;2.289140;2.289500;6922;0;12;2.289620
2026.05.20 21:00:00;2.289500;2.289840;2.288070;2.288380;6117;0;12;2.288500
2026.05.20 22:00:00;2.288340;2.288720;2.287440;2.287550;5011;0;12;2.287670
2026.05.20 23:00:00;2.287550;2.288840;2.287420;2.288170;3549;0;12;2.288290
2026.05.21 00:00:00;2.290330;2.290690;2.287780;2.288900;777;0;110;2.290000
2026.05.21 01:00:00;2.288900;2.289550;2.288450;2.288640;2126;0;12;2.288760
2026.05.21 02:00:00;2.288740;2.289550;2.288620;2.289490;1867;0;13;2.289620
2026.05.21 03:00:00;2.289510;2.291750;2.289420;2.291630;5826;0;12;2.291750
2026.05.21 04:00:00;2.291630;2.293140;2.288460;2.292940;7136;0;12;2.293060
2026.05.21 05:00:00;2.292900;2.294250;2.291020;2.292370;6765;0;12;2.292490
2026.05.21 06:00:00;2.292370;2.293010;2.291340;2.291420;4162;0;12;2.291540
2026.05.21 07:00:00;2.291420;2.291510;2.289780;2.290560;3642;0;12;2.290680
2026.05.21 08:00:00;2.290560;2.292640;2.290200;2.291570;5509;0;12;2.291690
2026.05.21 09:00:00;2.291560;2.294760;2.291060;2.294280;6162;0;12;2.294400
2026.05.21 10:00:00;2.294280;2.295310;2.290910;2.292030;7298;0;12;2.292150
2026.05.21 11:00:00;2.292030;2.292260;2.288320;2.290600;8180;0;12;2.290720
2026.05.21 12:00:00;2.290600;2.290790;2.288600;2.289870;6207;0;12;2.289990
2026.05.21 13:00:00;2.289850;2.293660;2.289760;2.292980;8236;0;12;2.293100
2026.05.21 14:00:00;2.292980;2.293040;2.290900;2.291990;6360;0;12;2.292110
2026.05.21 15:00:00;2.291990;2.292390;2.289450;2.291520;7751;0;12;2.291640
2026.05.21 16:00:00;2.291540;2.292240;2.287980;2.288240;9079;0;12;2.288360
2026.05.21 17:00:00;2.288290;2.289620;2.286480;2.288100;9302;0;12;2.288220
2026.05.21 18:00:00;2.288100;2.290160;2.287880;2.289250;7807;0;12;2.289370
2026.05.21 19:00:00;2.289250;2.289260;2.287190;2.287910;6484;0;12;2.288030
2026.05.21 20:00:00;2.287910;2.288330;2.283830;2.284850;10126;0;12;2.284970
2026.05.21 21:00:00;2.284870;2.287610;2.284320;2.286980;8709;0;12;2.287100
2026.05.21 22:00:00;2.286940;2.287060;2.285490;2.285810;6155;0;12;2.285930
2026.05.21 23:00:00;2.285830;2.287140;2.285440;2.285440;3206;0;12;2.285560
2026.05.22 00:00:00;2.284250;2.286020;2.284250;2.285490;1654;0;87;2.286360
2026.05.22 01:00:00;2.285450;2.286930;2.284900;2.284910;1796;0;12;2.285030
2026.05.22 02:00:00;2.284930;2.285800;2.284460;2.285040;1832;0;15;2.285190
2026.05.22 03:00:00;2.285040;2.286470;2.284840;2.285820;5170;0;12;2.285940
2026.05.22 04:00:00;2.285820;2.286900;2.284550;2.285980;5794;0;12;2.286100
2026.05.22 05:00:00;2.285980;2.286200;2.285150;2.285700;4178;0;12;2.285820
2026.05.22 06:00:00;2.285700;2.287190;2.285520;2.286270;3217;0;12;2.286390
2026.05.22 07:00:00;2.286270;2.286680;2.285610;2.286150;2879;0;12;2.286270
2026.05.22 08:00:00;2.286150;2.286410;2.285130;2.286280;4517;0;13;2.286410
2026.05.22 09:00:00;2.286280;2.288300;2.285500;2.288170;5423;0;12;2.288290
2026.05.22 10:00:00;2.288130;2.290630;2.287810;2.289490;5034;0;12;2.289610
2026.05.22 11:00:00;2.289490;2.291050;2.289050;2.290450;6164;0;12;2.290570
2026.05.22 12:00:00;2.290450;2.292730;2.290450;2.292700;4819;0;12;2.292820
2026.05.22 13:00:00;2.292700;2.293170;2.292100;2.292910;4732;0;12;2.293030
2026.05.22 14:00:00;2.292910;2.293650;2.292230;2.292890;4655;0;12;2.293010
2026.05.22 15:00:00;2.292890;2.293890;2.290860;2.293070;6098;0;12;2.293190
2026.05.22 16:00:00;2.293070;2.295780;2.292790;2.294540;8226;0;12;2.294660
2026.05.22 17:00:00;2.294520;2.296240;2.294520;2.295950;8685;0;12;2.296070
2026.05.22 18:00:00;2.295970;2.296450;2.294860;2.295150;6065;0;12;2.295270
2026.05.22 19:00:00;2.295150;2.295460;2.294330;2.294710;6122;0;12;2.294830
2026.05.22 20:00:00;2.294610;2.295200;2.293650;2.294790;6573;0;12;2.294910
2026.05.22 21:00:00;2.294780;2.295530;2.294450;2.295410;4763;0;12;2.295530
2026.05.22 22:00:00;2.295410;2.295900;2.295010;2.295700;4284;0;12;2.295820
2026.05.22 23:00:00;2.295700;2.297140;2.295390;2.295470;3696;0;12;2.295590
2026.05.25 01:00:00;2.292240;2.295780;2.292200;2.294020;3275;0;12;2.294140
2026.05.25 02:00:00;2.294020;2.295640;2.293230;2.295530;2598;0;12;2.295650
2026.05.25 03:00:00;2.295500;2.296360;2.293670;2.295080;5541;0;12;2.295200
2026.05.25 04:00:00;2.295080;2.295100;2.293190;2.294440;5642;0;12;2.294560
2026.05.25 05:00:00;2.294440;2.294960;2.293220;2.294720;3437;0;12;2.294840
2026.05.25 06:00:00;2.294750;2.295850;2.294350;2.295350;3427;0;12;2.295470
2026.05.25 07:00:00;2.295370;2.295690;2.293830;2.294370;2589;0;12;2.294490
2026.05.25 08:00:00;2.294370;2.295550;2.294050;2.295070;2996;0;12;2.295190
2026.05.25 09:00:00;2.295140;2.296070;2.294360;2.295820;3804;0;12;2.295940
2026.05.25 10:00:00;2.295820;2.297750;2.295630;2.297360;5196;0;12;2.297480
2026.05.25 11:00:00;2.297320;2.298220;2.296930;2.297820;3626;0;12;2.297940
2026.05.25 12:00:00;2.297800;2.298520;2.297310;2.298350;2473;0;12;2.298470
2026.05.25 13:00:00;2.298350;2.298610;2.297800;2.298330;2548;0;12;2.298450
2026.05.25 14:00:00;2.298330;2.298760;2.297420;2.297800;3034;0;12;2.297920
2026.05.25 15:00:00;2.297800;2.298230;2.297160;2.297790;3673;0;12;2.297910
2026.05.25 16:00:00;2.297790;2.299070;2.297350;2.298560;3346;0;12;2.298680
2026.05.25 17:00:00;2.298540;2.298540;2.297650;2.297720;3218;0;12;2.297840
2026.05.25 18:00:00;2.297730;2.299110;2.297370;2.298880;3506;0;12;2.299000
2026.05.25 19:00:00;2.298880;2.300060;2.298720;2.299430;2615;0;12;2.299550
2026.05.25 20:00:00;2.299450;2.299780;2.299150;2.299280;1631;0;12;2.299400
2026.05.25 21:00:00;2.299280;2.300070;2.299100;2.300010;1697;0;12;2.300130
2026.05.25 22:00:00;2.300010;2.300200;2.299700;2.299790;1386;0;12;2.299910
2026.05.25 23:00:00;2.299790;2.300080;2.298750;2.298770;1135;0;12;2.298890
2026.05.26 00:00:00;2.299490;2.300240;2.299050;2.299700;1180;0;87;2.300570
2026.05.26 01:00:00;2.299720;2.300640;2.299170;2.299860;1812;0;17;2.300030
2026.05.26 02:00:00;2.299860;2.302630;2.299780;2.302450;2320;0;14;2.302590
2026.05.26 03:00:00;2.302450;2.303750;2.302140;2.302870;5208;0;12;2.302990
2026.05.26 04:00:00;2.302880;2.304570;2.302290;2.304500;5651;0;12;2.304620
2026.05.26 05:00:00;2.304500;2.305600;2.303960;2.304760;3276;0;12;2.304880
2026.05.26 06:00:00;2.304740;2.304800;2.302800;2.303260;2967;0;12;2.303380
2026.05.26 07:00:00;2.303260;2.304670;2.303210;2.304350;2540;0;12;2.304470
2026.05.26 08:00:00;2.304350;2.305150;2.304250;2.304770;3679;0;12;2.304890
2026.05.26 09:00:00;2.304840;2.305160;2.302270;2.303230;4523;0;12;2.303350
2026.05.26 10:00:00;2.303270;2.305190;2.303010;2.304700;6367;0;12;2.304820
2026.05.26 11:00:00;2.304700;2.305770;2.303900;2.305250;5053;0;12;2.305370
2026.05.26 12:00:00;2.305250;2.306710;2.305240;2.306520;4243;0;12;2.306640
2026.05.26 13:00:00;2.306520;2.306880;2.305990;2.306260;4686;0;12;2.306380
2026.05.26 14:00:00;2.306260;2.306760;2.304930;2.305740;5052;0;12;2.305860
2026.05.26 15:00:00;2.305730;2.306560;2.305090;2.305870;4939;0;12;2.305990
2026.05.26 16:00:00;2.305870;2.306400;2.303550;2.305590;7081;0;12;2.305710
2026.05.26 17:00:00;2.305360;2.305720;2.302300;2.302360;7519;0;12;2.302480
2026.05.26 18:00:00;2.302340;2.303260;2.301630;2.302960;6667;0;12;2.303080
2026.05.26 19:00:00;2.302960;2.304110;2.302320;2.303690;5376;0;12;2.303810
2026.05.26 20:00:00;2.303700;2.304450;2.303270;2.304320;4586;0;12;2.304440
2026.05.26 21:00:00;2.304330;2.304390;2.303210;2.303590;4178;0;12;2.303710
2026.05.26 22:00:00;2.303640;2.304310;2.303210;2.303230;3403;0;12;2.303350
2026.05.26 23:00:00;2.303220;2.304500;2.303160;2.303640;1907;0;12;2.303760
2026.05.27 00:00:00;2.303400;2.304300;2.301960;2.302940;1433;0;63;2.303570
2026.05.27 01:00:00;2.302960;2.304370;2.302900;2.304130;1999;0;12;2.304250
2026.05.27 02:00:00;2.304130;2.304130;2.302550;2.303130;1925;0;12;2.303250
2026.05.27 03:00:00;2.303110;2.303340;2.300840;2.301630;4455;0;12;2.301750
2026.05.27 04:00:00;2.301630;2.303560;2.300040;2.300090;5219;0;12;2.300210
2026.05.27 05:00:00;2.299310;2.299710;2.288140;2.290430;5737;0;12;2.290550
2026.05.27 06:00:00;2.290430;2.293720;2.289270;2.293550;3646;0;12;2.293670
2026.05.27 07:00:00;2.293550;2.293810;2.289060;2.289060;3128;0;12;2.289180
2026.05.27 08:00:00;2.289020;2.290170;2.288230;2.290130;4035;0;12;2.290250
2026.05.27 09:00:00;2.290130;2.291130;2.289010;2.289590;3532;0;12;2.289710
2026.05.27 10:00:00;2.289590;2.290720;2.288560;2.289370;4780;0;12;2.289490
2026.05.27 11:00:00;2.289370;2.289600;2.286990;2.287600;4697;0;12;2.287720
2026.05.27 12:00:00;2.287600;2.288260;2.284790;2.284830;3885;0;12;2.284950
2026.05.27 13:00:00;2.284830;2.286530;2.284530;2.285770;3778;0;-228580;-0.000030
2026.05.27 14:00:00;2.285770;2.285770;2.282240;2.283010;5005;0;12;2.283130
2026.05.27 15:00:00;2.283010;2.283910;2.278490;2.279420;8936;0;12;2.279540
2026.05.27 16:00:00;2.279430;2.279890;2.277240;2.278400;8324;0;12;2.278520
2026.05.27 17:00:00;2.278360;2.279920;2.276230;2.277070;10410;0;12;2.277190
2026.05.27 18:00:00;2.277070;2.279160;2.276250;2.278870;7483;0;12;2.278990
2026.05.27 19:00:00;2.278850;2.278980;2.277960;2.278760;5585;0;12;2.278880
2026.05.27 20:00:00;2.278760;2.279650;2.277830;2.278860;5593;0;12;2.278980
2026.05.27 21:00:00;2.278860;2.279070;2.277040;2.277460;4367;0;12;2.277580
2026.05.27 22:00:00;2.277450;2.277640;2.275790;2.276060;3493;0;12;2.276180
2026.05.27 23:00:00;2.276020;2.276270;2.274340;2.274840;1995;0;12;2.274960
2026.05.28 00:00:00;2.274690;2.276230;2.272820;2.274620;2082;0;86;2.275480
2026.05.28 01:00:00;2.274510;2.276240;2.274510;2.275930;1482;0;12;2.276050
2026.05.28 02:00:00;2.275930;2.277500;2.275090;2.277000;2549;0;12;2.277120
2026.05.28 03:00:00;2.276920;2.277140;2.272560;2.272880;5621;0;12;2.273000
2026.05.28 04:00:00;2.272860;2.272960;2.268970;2.271410;5560;0;12;2.271530
2026.05.28 05:00:00;2.271390;2.274890;2.270440;2.274700;4601;0;12;2.274820
2026.05.28 06:00:00;2.274700;2.276870;2.273240;2.276060;7368;0;12;2.276180
2026.05.28 07:00:00;2.276060;2.280940;2.275520;2.280340;5644;0;12;2.280460
2026.05.28 08:00:00;2.280330;2.280330;2.277840;2.278310;4821;0;12;2.278430
2026.05.28 09:00:00;2.278310;2.278620;2.276320;2.276880;5054;0;12;2.277000
2026.05.28 10:00:00;2.276880;2.276910;2.274970;2.276150;6085;0;12;2.276270
2026.05.28 11:00:00;2.276170;2.277220;2.275760;2.276290;4790;0;12;2.276410
2026.05.28 12:00:00;2.276290;2.277060;2.273620;2.273730;4610;0;12;2.273850
2026.05.28 13:00:00;2.273730;2.275020;2.272430;2.274980;5386;0;12;2.275100
2026.05.28 14:00:00;2.274980;2.276100;2.274550;2.275750;4203;0;12;2.275870
2026.05.28 15:00:00;2.275750;2.275810;2.271420;2.271800;6104;0;12;2.271920
2026.05.28 16:00:00;2.271800;2.272980;2.270700;2.272010;7398;0;12;2.272130
2026.05.28 17:00:00;2.272020;2.272350;2.267840;2.269080;10245;0;12;2.269200
2026.05.28 18:00:00;2.269080;2.269080;2.265840;2.267280;6606;0;12;2.267400
2026.05.28 19:00:00;2.267280;2.267590;2.265450;2.266230;6466;0;12;2.266350
2026.05.28 20:00:00;2.266270;2.267450;2.265850;2.266310;5011;0;12;2.266430
2026.05.28 21:00:00;2.266310;2.267160;2.265800;2.266630;5406;0;12;2.266750
2026.05.28 22:00:00;2.266600;2.266620;2.265020;2.266270;4061;0;12;2.266390
2026.05.28 23:00:00;2.266240;2.266950;2.264870;2.265020;2494;0;12;2.265140
2026.05.29 00:00:00;2.264840;2.266330;2.264840;2.265410;341;0;111;2.266520
2026.05.29 01:00:00;2.264660;2.265900;2.264660;2.265120;1699;0;12;2.265240
2026.05.29 02:00:00;2.265140;2.265180;2.260780;2.261340;2422;0;12;2.261460
2026.05.29 03:00:00;2.261340;2.262100;2.259160;2.260370;4688;0;12;2.260490
2026.05.29 04:00:00;2.260370;2.260370;2.257660;2.258290;5450;0;12;2.258410
2026.05.29 05:00:00;2.258290;2.259710;2.257950;2.259210;4230;0;12;2.259330
2026.05.29 06:00:00;2.259210;2.259670;2.256940;2.257120;3672;0;12;2.257240
2026.05.29 07:00:00;2.257120;2.257150;2.254290;2.255120;3143;0;12;2.255240
2026.05.29 08:00:00;2.255140;2.256110;2.254210;2.255610;3129;0;12;2.255730
2026.05.29 09:00:00;2.255610;2.256290;2.253870;2.255420;4929;0;12;2.255540
2026.05.29 10:00:00;2.255420;2.255470;2.252020;2.252180;5448;0;12;2.252300
2026.05.29 11:00:00;2.252180;2.253250;2.249710;2.250050;5410;0;12;2.250170
2026.05.29 12:00:00;2.250050;2.250370;2.248010;2.249320;5276;0;12;2.249440
2026.05.29 13:00:00;2.249320;2.249630;2.248120;2.249160;4540;0;12;2.249280
2026.05.29 14:00:00;2.249160;2.249550;2.247670;2.247820;5023;0;12;2.247940
2026.05.29 15:00:00;2.247860;2.248520;2.245980;2.246630;5581;0;12;2.246750
2026.05.29 16:00:00;2.246590;2.247050;2.244310;2.246100;6782;0;12;2.246220
2026.05.29 17:00:00;2.246100;2.251710;2.245150;2.251250;9697;0;12;2.251370
2026.05.29 18:00:00;2.251250;2.251760;2.248540;2.248960;8731;0;12;2.249080
2026.05.29 19:00:00;2.248960;2.249450;2.247760;2.248250;6540;0;12;2.248370
2026.05.29 20:00:00;2.248240;2.249530;2.248080;2.249410;5316;0;12;2.249530
2026.05.29 21:00:00;2.249410;2.249840;2.248390;2.249240;5227;0;12;2.249360
2026.05.29 22:00:00;2.249380;2.249890;2.248120;2.248750;4704;0;12;2.248870
2026.05.29 23:00:00;2.248750;2.249430;2.246180;2.246240;3936;0;12;2.246360
2026.06.01 01:00:00;2.247470;2.249470;2.246640;2.249310;3611;0;13;2.249440
2026.06.01 02:00:00;2.249310;2.249890;2.248370;2.248790;3584;0;12;2.248910
2026.06.01 03:00:00;2.248790;2.250670;2.248790;2.250030;5622;0;12;2.250150
2026.06.01 04:00:00;2.250030;2.252030;2.249680;2.251830;4130;0;12;2.251950
2026.06.01 05:00:00;2.251830;2.254610;2.251400;2.253530;3685;0;12;2.253650
2026.06.01 06:00:00;2.253530;2.255160;2.252880;2.253950;3761;0;12;2.254070
2026.06.01 07:00:00;2.253950;2.254860;2.253340;2.254170;2483;0;12;2.254290
2026.06.01 08:00:00;2.254170;2.255330;2.253420;2.255220;3740;0;12;2.255340
2026.06.01 09:00:00;2.255180;2.256870;2.254140;2.255790;5142;0;12;2.255910
2026.06.01 10:00:00;2.255790;2.255990;2.254310;2.255340;5097;0;12;2.255460
2026.06.01 11:00:00;2.255290;2.259100;2.254910;2.257750;4666;0;12;2.257870
2026.06.01 12:00:00;2.257750;2.261550;2.257600;2.261330;4952;0;12;2.261450
2026.06.01 13:00:00;2.261330;2.261960;2.259850;2.260150;4072;0;12;2.260270
2026.06.01 14:00:00;2.260150;2.261140;2.259860;2.261070;4440;0;12;2.261190
2026.06.01 15:00:00;2.261070;2.262060;2.260630;2.260810;6004;0;12;2.260930
2026.06.01 16:00:00;2.260810;2.267580;2.260020;2.267230;10560;0;12;2.267350
2026.06.01 17:00:00;2.267240;2.271060;2.265860;2.270870;8593;0;12;2.270990
2026.06.01 18:00:00;2.270870;2.271210;2.266150;2.268070;7479;0;12;2.268190
2026.06.01 19:00:00;2.268070;2.269350;2.266820;2.267140;5909;0;12;2.267260
2026.06.01 20:00:00;2.267180;2.267850;2.265500;2.265920;6340;0;12;2.266040
2026.06.01 21:00:00;2.265920;2.267310;2.265880;2.266680;3705;0;12;2.266800
2026.06.01 22:00:00;2.266700;2.267490;2.266340;2.267390;3572;0;12;2.267510
2026.06.01 23:00:00;2.267390;2.268480;2.266810;2.267260;2141;0;12;2.267380
2026.06.02 00:00:00;2.267740;2.267740;2.266200;2.267460;1970;0;114;2.268600
2026.06.02 01:00:00;2.266710;2.268460;2.266650;2.267930;2220;0;12;2.268050
2026.06.02 02:00:00;2.267950;2.268210;2.267120;2.267740;2375;0;12;2.267860
2026.06.02 03:00:00;2.267740;2.273040;2.267540;2.272410;4444;0;12;2.272530
2026.06.02 04:00:00;2.272410;2.273340;2.270630;2.270960;5827;0;12;2.271080
2026.06.02 05:00:00;2.270970;2.271010;2.268770;2.268960;3837;0;12;2.269080
2026.06.02 06:00:00;2.268960;2.269570;2.267690;2.268020;3378;0;12;2.268140
2026.06.02 07:00:00;2.268020;2.269600;2.267660;2.268990;2918;0;12;2.269110
2026.06.02 08:00:00;2.268990;2.269280;2.267780;2.268340;3128;0;12;2.268460
2026.06.02 09:00:00;2.268350;2.269830;2.267080;2.268190;5210;0;12;2.268310
2026.06.02 10:00:00;2.268190;2.270110;2.267460;2.269730;5165;0;12;2.269850
2026.06.02 11:00:00;2.269730;2.270730;2.268660;2.270540;4741;0;12;2.270660
2026.06.02 12:00:00;2.270540;2.273740;2.270340;2.271810;4080;0;12;2.271930
2026.06.02 13:00:00;2.271810;2.272060;2.270940;2.271240;3814;0;12;2.271360
2026.06.02 14:00:00;2.271240;2.271640;2.270040;2.270370;4277;0;12;2.270490
2026.06.02 15:00:00;2.270370;2.272330;2.268590;2.272200;5058;0;12;2.272320
2026.06.02 16:00:00;2.272180;2.274970;2.271480;2.272360;6927;0;12;2.272480
2026.06.02 17:00:00;2.272350;2.273520;2.271490;2.272010;7043;0;12;2.272130
2026.06.02 18:00:00;2.272040;2.273280;2.271100;2.272320;5624;0;12;2.272440
2026.06.02 19:00:00;2.272320;2.273420;2.271140;2.272660;4333;0;12;2.272780
2026.06.02 20:00:00;2.272640;2.273360;2.272280;2.273220;4116;0;12;2.273340
2026.06.02 21:00:00;2.273220;2.273470;2.272540;2.273060;4019;0;12;2.273180
2026.06.02 22:00:00;2.273040;2.273280;2.272450;2.272770;2281;0;12;2.272890
2026.06.02 23:00:00;2.272800;2.273430;2.271530;2.271530;1755;0;12;2.271650
2026.06.03 00:00:00;2.270570;2.272270;2.269940;2.271800;233;0;124;2.273040
2026.06.03 01:00:00;2.271740;2.272700;2.270540;2.270920;2127;0;16;2.271080
2026.06.03 02:00:00;2.270920;2.272860;2.270600;2.271820;3213;0;12;2.271940
2026.06.03 03:00:00;2.271820;2.272050;2.270170;2.270330;3863;0;12;2.270450
2026.06.03 04:00:00;2.270330;2.271300;2.269360;2.269680;4436;0;12;2.269800
2026.06.03 05:00:00;2.269720;2.271350;2.269230;2.270690;3466;0;12;2.270810
2026.06.03 06:00:00;2.270720;2.273740;2.270690;2.273480;2865;0;12;2.273600
2026.06.03 07:00:00;2.273480;2.276420;2.273230;2.276140;2450;0;12;2.276260
2026.06.03 08:00:00;2.276140;2.277340;2.275800;2.276640;3474;0;12;2.276760
2026.06.03 09:00:00;2.276630;2.279500;2.276410;2.278860;5543;0;12;2.278980
2026.06.03 10:00:00;2.278860;2.279120;2.276690;2.279080;5725;0;12;2.279200
2026.06.03 11:00:00;2.279080;2.280980;2.278580;2.280370;5426;0;12;2.280490
2026.06.03 12:00:00;2.280370;2.281560;2.279240;2.281450;4701;0;12;2.281570
2026.06.03 13:00:00;2.281430;2.281580;2.279140;2.280700;4981;0;12;2.280820
2026.06.03 14:00:00;2.280700;2.281170;2.279010;2.279170;4202;0;12;2.279290
2026.06.03 15:00:00;2.279170;2.283310;2.279090;2.282800;6217;0;12;2.282920
2026.06.03 16:00:00;2.282840;2.286100;2.281890;2.284880;7892;0;12;2.285000
2026.06.03 17:00:00;2.284700;2.286050;2.284030;2.286010;8500;0;12;2.286130
2026.06.03 18:00:00;2.286040;2.289690;2.285600;2.288760;7118;0;12;2.288880
2026.06.03 19:00:00;2.288760;2.289330;2.287710;2.288330;6150;0;12;2.288450
2026.06.03 20:00:00;2.288330;2.288990;2.287630;2.287890;4124;0;12;2.288010
2026.06.03 21:00:00;2.287860;2.288540;2.287520;2.288380;3247;0;12;2.288500
2026.06.03 22:00:00;2.288370;2.288470;2.287430;2.288160;3813;0;12;2.288280
2026.06.03 23:00:00;2.288170;2.290400;2.288090;2.288640;2285;0;12;2.288760
2026.06.04 00:00:00;2.288540;2.288800;2.287410;2.287620;508;0;109;2.288710
2026.06.04 01:00:00;2.287890;2.289140;2.285310;2.285700;2460;0;12;2.285820
2026.06.04 02:00:00;2.285700;2.287870;2.285460;2.287030;2647;0;12;2.287150
2026.06.04 03:00:00;2.287030;2.287540;2.285840;2.286890;6006;0;12;2.287010
2026.06.04 04:00:00;2.286890;2.287940;2.284610;2.286800;5918;0;12;2.286920
2026.06.04 05:00:00;2.286800;2.287730;2.286190;2.287020;4403;0;12;2.287140
2026.06.04 06:00:00;2.287020;2.287590;2.286510;2.286570;3072;0;12;2.286690
2026.06.04 07:00:00;2.286570;2.286980;2.285680;2.286790;2873;0;12;2.286910
2026.06.04 08:00:00;2.286790;2.287220;2.286430;2.287090;3480;0;12;2.287210
2026.06.04 09:00:00;2.287090;2.287700;2.285770;2.287310;5176;0;12;2.287430
2026.06.04 10:00:00;2.287310;2.288550;2.286550;2.287990;5965;0;12;2.288110
2026.06.04 11:00:00;2.287950;2.290240;2.287830;2.289340;5288;0;12;2.289460
2026.06.04 12:00:00;2.289300;2.289760;2.286990;2.287620;5445;0;12;2.287740
2026.06.04 13:00:00;2.287620;2.288130;2.286470;2.287830;4751;0;12;2.287950
2026.06.04 14:00:00;2.287830;2.288320;2.286610;2.286850;6434;0;12;2.286970
2026.06.04 15:00:00;2.286850;2.288360;2.286660;2.288220;5979;0;12;2.288340
2026.06.04 16:00:00;2.288190;2.288460;2.285090;2.285370;7011;0;12;2.285490
2026.06.04 17:00:00;2.285370;2.286650;2.284600;2.285940;7524;0;12;2.286060
2026.06.04 18:00:00;2.285940;2.286380;2.284820;2.286250;5873;0;12;2.286370
2026.06.04 19:00:00;2.286250;2.286440;2.285240;2.286250;5094;0;12;2.286370
2026.06.04 20:00:00;2.286250;2.286570;2.285390;2.285540;3679;0;12;2.285660
2026.06.04 21:00:00;2.285450;2.287110;2.285360;2.286850;3303;0;12;2.286970
2026.06.04 22:00:00;2.286850;2.287760;2.286580;2.286940;3061;0;12;2.287060
2026.06.04 23:00:00;2.286940;2.287960;2.286840;2.287150;1905;0;12;2.287270
2026.06.05 00:00:00;2.287150;2.288320;2.286000;2.287250;616;0;131;2.288560
2026.06.05 01:00:00;2.287030;2.288010;2.286770;2.286910;1210;0;16;2.287070
2026.06.05 02:00:00;2.286910;2.287040;2.285390;2.286930;1368;0;12;2.287050
2026.06.05 03:00:00;2.286930;2.288240;2.286590;2.288160;4721;0;12;2.288280
2026.06.05 04:00:00;2.288160;2.292850;2.288040;2.291290;5614;0;12;2.291410
2026.06.05 05:00:00;2.291290;2.292060;2.288900;2.289240;4012;0;12;2.289360
2026.06.05 06:00:00;2.289240;2.290880;2.288900;2.290800;3790;0;12;2.290920
2026.06.05 07:00:00;2.290800;2.290890;2.288240;2.288620;3489;0;12;2.288740
2026.06.05 08:00:00;2.288620;2.289540;2.288060;2.289370;3543;0;12;2.289490
2026.06.05 09:00:00;2.289370;2.290840;2.288920;2.289610;4959;0;12;2.289730
2026.06.05 10:00:00;2.289600;2.290300;2.288500;2.289620;5080;0;12;2.289740
2026.06.05 11:00:00;2.289620;2.291620;2.288640;2.291520;4801;0;12;2.291640
2026.06.05 12:00:00;2.291520;2.291910;2.289570;2.289990;5070;0;12;2.290110
2026.06.05 13:00:00;2.289980;2.291460;2.289760;2.290730;4144;0;12;2.290850
2026.06.05 14:00:00;2.290730;2.291540;2.290300;2.290660;4228;0;12;2.290780
2026.06.05 15:00:00;2.290660;2.294270;2.288790;2.293960;8393;0;12;2.294080
2026.06.05 16:00:00;2.293910;2.299220;2.293440;2.298020;11323;0;12;2.298140
2026.06.05 17:00:00;2.298020;2.301480;2.297360;2.297920;10436;0;12;2.298040
2026.06.05 18:00:00;2.297920;2.300100;2.297590;2.299800;8509;0;12;2.299920
2026.06.05 19:00:00;2.299760;2.300620;2.298540;2.298730;7784;0;12;2.298850
2026.06.05 20:00:00;2.298730;2.300700;2.298630;2.299100;7022;0;12;2.299220
2026.06.05 21:00:00;2.299090;2.300710;2.298990;2.300550;6700;0;12;2.300670
2026.06.05 22:00:00;2.300550;2.301730;2.300070;2.300740;6078;0;12;2.300860
2026.06.05 23:00:00;2.300770;2.303090;2.300030;2.300640;4463;0;12;2.300760
2026.06.08 01:00:00;2.302420;2.303000;2.300200;2.302690;4019;0;12;2.302810
2026.06.08 02:00:00;2.302690;2.302690;2.300490;2.300780;2698;0;12;2.300900
2026.06.08 03:00:00;2.300780;2.301220;2.298110;2.298790;5027;0;12;2.298910
2026.06.08 04:00:00;2.298720;2.300840;2.298420;2.299760;9418;0;12;2.299880
2026.06.08 05:00:00;2.299720;2.301860;2.298830;2.299360;6720;0;12;2.299480
2026.06.08 06:00:00;2.299300;2.299750;2.297990;2.298460;4455;0;12;2.298580
2026.06.08 07:00:00;2.298460;2.299150;2.297570;2.299040;4455;0;12;2.299160
2026.06.08 08:00:00;2.299030;2.299840;2.298020;2.299310;7014;0;12;2.299430
2026.06.08 09:00:00;2.299310;2.299350;2.297040;2.297750;7631;0;12;2.297870
2026.06.08 10:00:00;2.297770;2.298210;2.296910;2.297190;7188;0;12;2.297310
2026.06.08 11:00:00;2.297190;2.297980;2.295540;2.295710;7086;0;12;2.295830
2026.06.08 12:00:00;2.295710;2.296190;2.292760;2.293590;6430;0;12;2.293710
2026.06.08 13:00:00;2.293600;2.295310;2.293260;2.293990;5919;0;12;2.294110
2026.06.08 14:00:00;2.293950;2.294440;2.289700;2.292700;7754;0;12;2.292820
2026.06.08 15:00:00;2.292700;2.292770;2.289740;2.290200;7395;0;12;2.290320
2026.06.08 16:00:00;2.290200;2.295580;2.289360;2.295490;9598;0;12;2.295610
2026.06.08 17:00:00;2.295490;2.296730;2.291850;2.292340;9472;0;12;2.292460
2026.06.08 18:00:00;2.292340;2.294840;2.291870;2.294680;7813;0;12;2.294800
2026.06.08 19:00:00;2.294680;2.295050;2.293740;2.294770;6607;0;12;2.294890
2026.06.08 20:00:00;2.294750;2.296370;2.294750;2.295500;6938;0;12;2.295620
2026.06.08 21:00:00;2.295500;2.296220;2.294600;2.295680;5665;0;12;2.295800
2026.06.08 22:00:00;2.295660;2.296950;2.295660;2.296240;5844;0;12;2.296360
2026.06.08 23:00:00;2.296230;2.296970;2.295540;2.295540;2806;0;12;2.295660
2026.06.09 01:00:00;2.294430;2.296760;2.294320;2.296510;1551;0;13;2.296640
2026.06.09 02:00:00;2.296510;2.297840;2.296220;2.297700;1686;0;12;2.297820
2026.06.09 03:00:00;2.297700;2.298880;2.297340;2.297440;5466;0;12;2.297560
2026.06.09 04:00:00;2.297440;2.297450;2.294560;2.295560;6328;0;12;2.295680
2026.06.09 05:00:00;2.295560;2.297140;2.294780;2.296530;4370;0;12;2.296650
2026.06.09 06:00:00;2.296530;2.296960;2.293090;2.293900;4037;0;12;2.294020
2026.06.09 07:00:00;2.293900;2.294290;2.291630;2.292060;3325;0;12;2.292180
2026.06.09 08:00:00;2.292060;2.292310;2.287570;2.288140;5170;0;12;2.288260
2026.06.09 09:00:00;2.288140;2.290630;2.286660;2.289310;6029;0;12;2.289430
2026.06.09 10:00:00;2.289270;2.295360;2.288350;2.294510;6080;0;12;2.294630
2026.06.09 11:00:00;2.294540;2.295910;2.293300;2.294390;6391;0;12;2.294510
2026.06.09 12:00:00;2.294400;2.296210;2.293750;2.295890;4538;0;12;2.296010
2026.06.09 13:00:00;2.295890;2.296640;2.294330;2.294620;4976;0;12;2.294740
2026.06.09 14:00:00;2.294620;2.294960;2.293640;2.294270;4164;0;12;2.294390
2026.06.09 15:00:00;2.294250;2.296030;2.293710;2.295560;4942;0;12;2.295680
2026.06.09 16:00:00;2.295560;2.296580;2.293780;2.295920;7753;0;12;2.296040
2026.06.09 17:00:00;2.295920;2.299510;2.294240;2.296530;11362;0;12;2.296650
2026.06.09 18:00:00;2.296640;2.299500;2.295790;2.299100;10972;0;12;2.299220
2026.06.09 19:00:00;2.299040;2.302930;2.298180;2.301040;12459;0;12;2.301160
2026.06.09 20:00:00;2.301020;2.301540;2.298940;2.299500;9218;0;12;2.299620
2026.06.09 21:00:00;2.299520;2.300670;2.298810;2.299970;7092;0;12;2.300090
2026.06.09 22:00:00;2.299970;2.302660;2.299630;2.300460;6563;0;12;2.300580
2026.06.09 23:00:00;2.300440;2.301550;2.299060;2.299060;2507;0;12;2.299180
2026.06.10 00:00:00;2.298980;2.299000;2.297660;2.297660;595;0;112;2.298780
2026.06.10 01:00:00;2.299020;2.302370;2.299020;2.301700;2117;0;14;2.301840
2026.06.10 02:00:00;2.301700;2.302930;2.301140;2.301940;2585;0;12;2.302060
2026.06.10 03:00:00;2.301960;2.302460;2.299020;2.299780;7476;0;12;2.299900
2026.06.10 04:00:00;2.299780;2.300340;2.297250;2.298930;7606;0;12;2.299050
2026.06.10 05:00:00;2.298930;2.300280;2.298060;2.300090;5900;0;12;2.300210
2026.06.10 06:00:00;2.300090;2.300260;2.298720;2.299610;4805;0;12;2.299730
2026.06.10 07:00:00;2.299610;2.301540;2.299390;2.301540;4678;0;12;2.301660
2026.06.10 08:00:00;2.301540;2.303140;2.300790;2.302500;6043;0;12;2.302620
2026.06.10 09:00:00;2.302500;2.303520;2.301270;2.302230;6236;0;12;2.302350
2026.06.10 10:00:00;2.302250;2.303650;2.301600;2.303380;5940;0;12;2.303500
2026.06.10 11:00:00;2.303390;2.305110;2.303220;2.303730;7123;0;12;2.303850
2026.06.10 12:00:00;2.303750;2.305160;2.302630;2.304000;5968;0;12;2.304120
2026.06.10 13:00:00;2.304000;2.305770;2.303210;2.303210;5137;0;12;2.303330
2026.06.10 14:00:00;2.303210;2.306130;2.303170;2.305020;8483;0;12;2.305140
2026.06.10 15:00:00;2.305020;2.305700;2.301230;2.303260;9163;0;12;2.303380
2026.06.10 16:00:00;2.303280;2.303680;2.301220;2.301740;10309;0;12;2.301860
2026.06.10 17:00:00;2.301740;2.302350;2.300040;2.300940;10407;0;12;2.301060
2026.06.10 18:00:00;2.300940;2.301050;2.298110;2.300000;11401;0;12;2.300120
2026.06.10 19:00:00;2.300000;2.300750;2.299200;2.300360;8358;0;12;2.300480
2026.06.10 20:00:00;2.300360;2.303240;2.300110;2.302550;8513;0;12;2.302670
2026.06.10 21:00:00;2.302550;2.303330;2.301520;2.302840;7931;0;12;2.302960
2026.06.10 22:00:00;2.302840;2.305010;2.301810;2.304690;6186;0;12;2.304810
2026.06.10 23:00:00;2.304690;2.306540;2.304560;2.305840;3199;0;12;2.305960
2026.06.11 00:00:00;2.305740;2.307400;2.305420;2.307090;1170;0;92;2.308010
2026.06.11 01:00:00;2.306840;2.308250;2.305290;2.306470;3382;0;12;2.306590
2026.06.11 02:00:00;2.306470;2.307220;2.304660;2.306190;4657;0;12;2.306310
2026.06.11 03:00:00;2.306210;2.306860;2.304590;2.306010;8049;0;12;2.306130
2026.06.11 04:00:00;2.306010;2.308130;2.304630;2.306660;6859;0;12;2.306780
2026.06.11 05:00:00;2.306630;2.307560;2.306400;2.306640;5847;0;12;2.306760
2026.06.11 06:00:00;2.306640;2.308390;2.306420;2.307880;5074;0;12;2.308000
2026.06.11 07:00:00;2.307880;2.309000;2.307780;2.308020;4016;0;12;2.308140
2026.06.11 08:00:00;2.308020;2.309500;2.307940;2.308860;4360;0;12;2.308980
2026.06.11 09:00:00;2.308920;2.310300;2.308810;2.310170;5301;0;12;2.310290
2026.06.11 10:00:00;2.310170;2.311660;2.309640;2.311070;5440;0;12;2.311190
2026.06.11 11:00:00;2.311050;2.311610;2.310510;2.311170;5625;0;12;2.311290
2026.06.11 12:00:00;2.311170;2.311650;2.309880;2.310760;4571;0;12;2.310880
2026.06.11 13:00:00;2.310760;2.310840;2.309890;2.310040;4521;0;12;2.310160
2026.06.11 14:00:00;2.310040;2.311230;2.309130;2.310020;5314;0;12;2.310140
2026.06.11 15:00:00;2.310020;2.312400;2.309290;2.311260;8857;0;12;2.311380
2026.06.11 16:00:00;2.311250;2.311800;2.308600;2.308980;10257;0;12;2.309100
2026.06.11 17:00:00;2.308980;2.311600;2.307250;2.307750;9918;0;12;2.307870
2026.06.11 18:00:00;2.307760;2.308210;2.306410;2.307820;8958;0;12;2.307940
2026.06.11 19:00:00;2.307820;2.308820;2.306820;2.308660;7017;0;12;2.308780
2026.06.11 20:00:00;2.308660;2.308920;2.301820;2.302100;11170;0;12;2.302220
2026.06.11 21:00:00;2.302100;2.304340;2.301010;2.302650;10090;0;12;2.302770
2026.06.11 22:00:00;2.302640;2.302680;2.297400;2.297560;8896;0;12;2.297680
2026.06.11 23:00:00;2.297560;2.298740;2.296240;2.298740;4162;0;12;2.298860
2026.06.12 00:00:00;2.298740;2.299890;2.297580;2.297600;37;0;61;2.298210
2026.06.12 01:00:00;2.299700;2.300230;2.299050;2.299520;2126;0;12;2.299640
2026.06.12 02:00:00;2.299520;2.301740;2.298550;2.300030;3035;0;12;2.300150
2026.06.12 03:00:00;2.300030;2.302380;2.299860;2.301900;7072;0;12;2.302020
2026.06.12 04:00:00;2.301890;2.305010;2.301740;2.304420;7614;0;12;2.304540
2026.06.12 05:00:00;2.304420;2.305780;2.303760;2.304560;5242;0;12;2.304680
2026.06.12 06:00:00;2.304560;2.305560;2.303060;2.303170;5339;0;12;2.303290
2026.06.12 07:00:00;2.303200;2.303710;2.301950;2.302370;3717;0;12;2.302490
2026.06.12 08:00:00;2.302400;2.305080;2.302290;2.304960;6021;0;12;2.305080
2026.06.12 09:00:00;2.304960;2.305120;2.302630;2.303640;6205;0;12;2.303760
2026.06.12 10:00:00;2.303640;2.304640;2.301150;2.301910;7238;0;12;2.302030
2026.06.12 11:00:00;2.301910;2.302420;2.299600;2.301880;8281;0;12;2.302000
2026.06.12 12:00:00;2.301880;2.301970;2.298970;2.300360;6778;0;12;2.300480
2026.06.12 13:00:00;2.300430;2.300830;2.298590;2.299480;6446;0;12;2.299600
2026.06.12 14:00:00;2.299480;2.301490;2.299300;2.300750;5590;0;12;2.300870
2026.06.12 15:00:00;2.300750;2.301430;2.300220;2.300740;6755;0;12;2.300860
2026.06.12 16:00:00;2.300750;2.302300;2.299130;2.301290;9502;0;12;2.301410
2026.06.12 17:00:00;2.301010;2.301700;2.299680;2.300580;10637;0;12;2.300700
2026.06.12 18:00:00;2.300580;2.301620;2.298660;2.301410;9300;0;12;2.301530
2026.06.12 19:00:00;2.301410;2.301620;2.299040;2.299580;7881;0;12;2.299700
2026.06.12 20:00:00;2.299580;2.300470;2.299290;2.299980;5903;0;12;2.300100
2026.06.12 21:00:00;2.299980;2.300340;2.299290;2.299840;4843;0;12;2.299960
2026.06.12 22:00:00;2.299840;2.300270;2.298890;2.299080;4713;0;12;2.299200
2026.06.12 23:00:00;2.299080;2.299340;2.297640;2.297820;2190;0;12;2.297940
2026.06.15 01:00:00;2.293170;2.296640;2.293170;2.296620;5293;0;12;2.296740
2026.06.15 02:00:00;2.296620;2.298340;2.295380;2.297180;4152;0;12;2.297300
2026.06.15 03:00:00;2.297180;2.300080;2.296920;2.299990;5954;0;12;2.300110
2026.06.15 04:00:00;2.299990;2.300560;2.297140;2.297270;5262;0;12;2.297390
2026.06.15 05:00:00;2.297270;2.298260;2.296640;2.297500;3617;0;12;2.297620
2026.06.15 06:00:00;2.297500;2.298840;2.296660;2.297140;3240;0;12;2.297260
2026.06.15 07:00:00;2.297140;2.297740;2.296530;2.296670;2827;0;12;2.296790
2026.06.15 08:00:00;2.296670;2.297320;2.295260;2.297240;4085;0;12;2.297360
2026.06.15 09:00:00;2.297240;2.298440;2.296470;2.297690;4840;0;12;2.297810
2026.06.15 10:00:00;2.297690;2.299480;2.296970;2.297660;5680;0;12;2.297780
2026.06.15 11:00:00;2.297660;2.297860;2.296240;2.296490;4947;0;12;2.296610
2026.06.15 12:00:00;2.296480;2.298140;2.295780;2.297940;4336;0;12;2.298060
2026.06.15 13:00:00;2.297910;2.298740;2.296780;2.297340;3663;0;12;2.297460
2026.06.15 14:00:00;2.297340;2.298910;2.297130;2.298120;4706;0;12;2.298240
2026.06.15 15:00:00;2.298120;2.299360;2.297420;2.298170;4961;0;12;2.298290
2026.06.15 16:00:00;2.298140;2.300890;2.298140;2.299360;6223;0;12;2.299480
2026.06.15 17:00:00;2.299360;2.301700;2.299210;2.300460;7268;0;12;2.300580
2026.06.15 18:00:00;2.300470;2.301690;2.299780;2.301040;5152;0;12;2.301160
2026.06.15 19:00:00;2.301040;2.302930;2.300800;2.302610;4171;0;12;2.302730
2026.06.15 20:00:00;2.302610;2.304260;2.302530;2.303510;3565;0;12;2.303630
2026.06.15 21:00:00;2.303510;2.304140;2.302860;2.303480;3719;0;12;2.303600
2026.06.15 22:00:00;2.303480;2.303740;2.302830;2.302850;3818;0;12;2.302970
2026.06.15 23:00:00;2.302850;2.303860;2.302790;2.302840;2605;0;12;2.302960
2026.06.16 01:00:00;2.303260;2.303710;2.302440;2.302540;1619;0;12;2.302660
2026.06.16 02:00:00;2.302540;2.302540;2.301210;2.302380;1547;0;13;2.302510
2026.06.16 03:00:00;2.302380;2.304140;2.301760;2.303840;3386;0;12;2.303960
2026.06.16 04:00:00;2.303840;2.306000;2.303700;2.304740;4568;0;12;2.304860
2026.06.16 05:00:00;2.304740;2.306390;2.304440;2.306230;2975;0;12;2.306350
2026.06.16 06:00:00;2.306230;2.307240;2.306000;2.306240;3138;0;12;2.306360
2026.06.16 07:00:00;2.306240;2.310610;2.306150;2.306560;3643;0;12;2.306680
2026.06.16 08:00:00;2.306580;2.307730;2.304970;2.305210;3696;0;12;2.305330
2026.06.16 09:00:00;2.305210;2.306980;2.305050;2.306170;4608;0;12;2.306290
2026.06.16 10:00:00;2.306110;2.306960;2.304820;2.305290;5249;0;12;2.305410
2026.06.16 11:00:00;2.305290;2.305440;2.303180;2.304130;4453;0;12;2.304250
2026.06.16 12:00:00;2.304130;2.304640;2.301800;2.301840;4114;0;12;2.301960
2026.06.16 13:00:00;2.301840;2.301900;2.299650;2.301460;3904;0;12;2.301580
2026.06.16 14:00:00;2.301460;2.302540;2.300540;2.301710;4250;0;12;2.301830
2026.06.16 15:00:00;2.301710;2.302450;2.300350;2.300430;5216;0;12;2.300550
2026.06.16 16:00:00;2.300430;2.301760;2.299410;2.299800;6069;0;12;2.299920
2026.06.16 17:00:00;2.299840;2.300830;2.298720;2.300550;7931;0;12;2.300670
2026.06.16 18:00:00;2.300570;2.301890;2.299960;2.301020;6899;0;12;2.301140
2026.06.16 19:00:00;2.301030;2.301060;2.299540;2.299620;5511;0;12;2.299740
2026.06.16 20:00:00;2.299620;2.300490;2.299170;2.300430;4185;0;12;2.300550
2026.06.16 21:00:00;2.300400;2.300740;2.299990;2.300740;3436;0;12;2.300860
2026.06.16 22:00:00;2.300790;2.301680;2.299810;2.301330;3786;0;12;2.301450
2026.06.16 23:00:00;2.301320;2.302340;2.301280;2.302140;1996;0;12;2.302260
2026.06.17 00:00:00;2.302340;2.303730;2.302020;2.303260;1111;0;94;2.304200
2026.06.17 01:00:00;2.303640;2.303690;2.301750;2.302370;3864;0;12;2.302490
2026.06.17 02:00:00;2.302370;2.302810;2.301480;2.302560;1778;0;12;2.302680
2026.06.17 03:00:00;2.302560;2.303800;2.302010;2.303250;5532;0;12;2.303370
2026.06.17 04:00:00;2.303250;2.303750;2.301610;2.302720;3345;0;12;2.302840
2026.06.17 05:00:00;2.302720;2.303630;2.302060;2.303310;2488;0;12;2.303430
2026.06.17 06:00:00;2.303310;2.304870;2.303040;2.304800;2060;0;12;2.304920
2026.06.17 07:00:00;2.304840;2.305790;2.304310;2.305510;2278;0;12;2.305630
2026.06.17 08:00:00;2.305510;2.306910;2.305330;2.306320;2608;0;12;2.306440
2026.06.17 09:00:00;2.306170;2.307520;2.303530;2.305170;3918;0;12;2.305290
2026.06.17 10:00:00;2.305170;2.305690;2.304600;2.305010;4132;0;12;2.305130
2026.06.17 11:00:00;2.305010;2.306990;2.304540;2.305890;4354;0;12;2.306010
2026.06.17 12:00:00;2.305890;2.307090;2.305100;2.306850;3580;0;12;2.306970
2026.06.17 13:00:00;2.306850;2.308010;2.306660;2.307350;3702;0;12;2.307470
2026.06.17 14:00:00;2.307350;2.307520;2.306660;2.307270;3936;0;12;2.307390
2026.06.17 15:00:00;2.307270;2.307790;2.305580;2.306380;4257;0;12;2.306500
2026.06.17 16:00:00;2.306380;2.307050;2.304190;2.304280;5873;0;12;2.304400
2026.06.17 17:00:00;2.304280;2.304610;2.301500;2.303260;6932;0;12;2.303380
2026.06.17 18:00:00;2.303260;2.303640;2.302680;2.303220;5711;0;12;2.303340
2026.06.17 19:00:00;2.303220;2.303440;2.302450;2.302990;4179;0;12;2.303110
2026.06.17 20:00:00;2.302990;2.303640;2.301620;2.302050;4624;0;12;2.302170
2026.06.17 21:00:00;2.301800;2.306790;2.301120;2.305100;13426;0;12;2.305220
2026.06.17 22:00:00;2.305020;2.305910;2.301480;2.305540;13174;0;12;2.305660
2026.06.17 23:00:00;2.305510;2.305560;2.303620;2.303620;4589;0;12;2.303740
2026.06.18 00:00:00;2.303660;2.306250;2.302860;2.302930;1441;0;62;2.303550
2026.06.18 01:00:00;2.303430;2.304370;2.300760;2.301710;1909;0;12;2.301830
2026.06.18 02:00:00;2.301710;2.303490;2.301640;2.303450;2294;0;12;2.303570
2026.06.18 03:00:00;2.303450;2.303790;2.301560;2.302780;6478;0;12;2.302900
2026.06.18 04:00:00;2.302820;2.302860;2.298910;2.299000;5593;0;12;2.299120
2026.06.18 05:00:00;2.299020;2.299600;2.297250;2.298180;3937;0;12;2.298300
2026.06.18 06:00:00;2.298180;2.298300;2.296490;2.296790;3479;0;12;2.296910
2026.06.18 07:00:00;2.296840;2.297570;2.296540;2.297370;3355;0;12;2.297490
2026.06.18 08:00:00;2.297370;2.297610;2.296140;2.297020;3455;0;12;2.297140
2026.06.18 09:00:00;2.297020;2.300230;2.296860;2.298890;6317;0;12;2.299010
2026.06.18 10:00:00;2.298920;2.299640;2.297790;2.298520;6195;0;12;2.298640
2026.06.18 11:00:00;2.298500;2.298920;2.295310;2.296200;6901;0;12;2.296320
2026.06.18 12:00:00;2.296200;2.296820;2.294880;2.295940;6316;0;12;2.296060
2026.06.18 13:00:00;2.295940;2.297130;2.295520;2.296810;6214;0;12;2.296930
2026.06.18 14:00:00;2.296810;2.297650;2.292870;2.293670;6870;0;12;2.293790
2026.06.18 15:00:00;2.293660;2.295640;2.292700;2.292890;7430;0;12;2.293010
2026.06.18 16:00:00;2.292890;2.293730;2.292110;2.292600;9523;0;12;2.292720
2026.06.18 17:00:00;2.292580;2.294980;2.292480;2.294490;9145;0;12;2.294610
2026.06.18 18:00:00;2.294490;2.297230;2.293880;2.297180;8288;0;12;2.297300
2026.06.18 19:00:00;2.297150;2.297320;2.295460;2.296220;6797;0;12;2.296340
2026.06.18 20:00:00;2.296220;2.296800;2.294940;2.294940;5541;0;12;2.295060
2026.06.18 21:00:00;2.294940;2.295470;2.294140;2.294500;4986;0;12;2.294620
2026.06.18 22:00:00;2.294440;2.295020;2.293450;2.293770;5808;0;12;2.293890
2026.06.18 23:00:00;2.293790;2.294740;2.292600;2.294410;2774;0;12;2.294530
2026.06.19 00:00:00;2.293950;2.295210;2.292730;2.294740;996;0;55;2.295290
2026.06.19 01:00:00;2.294520;2.295610;2.292710;2.292940;1762;0;12;2.293060
2026.06.19 02:00:00;2.292940;2.293990;2.292080;2.293990;1571;0;12;2.294110
2026.06.19 03:00:00;2.293990;2.294250;2.292220;2.293160;4242;0;12;2.293280
2026.06.19 04:00:00;2.293160;2.296780;2.293060;2.296050;3769;0;12;2.296170
2026.06.19 05:00:00;2.296060;2.296160;2.294500;2.295740;3170;0;12;2.295860
2026.06.19 06:00:00;2.295740;2.299040;2.295040;2.298840;4181;0;12;2.298960
2026.06.19 07:00:00;2.298840;2.299810;2.298000;2.298340;4977;0;12;2.298460
2026.06.19 08:00:00;2.298340;2.302690;2.298230;2.302350;5449;0;12;2.302470
2026.06.19 09:00:00;2.302350;2.302790;2.298200;2.299050;5490;0;12;2.299170
2026.06.19 10:00:00;2.299050;2.301800;2.298580;2.301120;5391;0;12;2.301240
2026.06.19 11:00:00;2.301120;2.305060;2.300240;2.303950;5405;0;12;2.304070
2026.06.19 12:00:00;2.303950;2.304890;2.303770;2.304100;4827;0;12;2.304220
2026.06.19 13:00:00;2.304100;2.305110;2.302920;2.305040;4576;0;12;2.305160
2026.06.19 14:00:00;2.305020;2.305840;2.303770;2.304360;3978;0;12;2.304480
2026.06.19 15:00:00;2.304370;2.304550;2.302570;2.302860;5389;0;12;2.302980
2026.06.19 16:00:00;2.302860;2.305540;2.302750;2.305300;5509;0;12;2.305420
2026.06.19 17:00:00;2.305220;2.308350;2.304180;2.305300;5402;0;12;2.305420
2026.06.19 18:00:00;2.305300;2.306040;2.304170;2.304380;3844;0;12;2.304500
2026.06.19 19:00:00;2.304380;2.305710;2.303970;2.305610;2458;0;12;2.305730
2026.06.19 20:00:00;2.305610;2.306810;2.304560;2.304880;4370;0;12;2.305000
2026.06.19 21:00:00;2.304880;2.305800;2.304420;2.304980;3364;0;12;2.305100
2026.06.19 22:00:00;2.304980;2.305530;2.303360;2.305160;8218;0;12;2.305280
2026.06.19 23:00:00;2.305330;2.305880;2.303310;2.304400;5640;0;12;2.304520
2026.06.22 01:00:00;2.302090;2.304770;2.301860;2.303680;2781;0;17;2.303850
2026.06.22 02:00:00;2.303680;2.304100;2.302500;2.303370;2728;0;12;2.303490
2026.06.22 03:00:00;2.303370;2.305350;2.303070;2.304890;4713;0;12;2.305010
2026.06.22 04:00:00;2.304890;2.306590;2.304490;2.306540;5644;0;12;2.306660
2026.06.22 05:00:00;2.306540;2.307990;2.305900;2.307770;4095;0;12;2.307890
2026.06.22 06:00:00;2.307790;2.307900;2.306660;2.307020;3920;0;12;2.307140
2026.06.22 07:00:00;2.307020;2.307680;2.305520;2.306510;3834;0;12;2.306630
2026.06.22 08:00:00;2.306510;2.307550;2.305960;2.306570;4488;0;12;2.306690
2026.06.22 09:00:00;2.306540;2.306540;2.304800;2.305670;5338;0;12;2.305790
2026.06.22 10:00:00;2.305670;2.306890;2.305060;2.305730;5724;0;12;2.305850
2026.06.22 11:00:00;2.305730;2.308260;2.304870;2.307980;6599;0;12;2.308100
2026.06.22 12:00:00;2.307980;2.309690;2.307310;2.309610;5602;0;12;2.309730
2026.06.22 13:00:00;2.309610;2.311860;2.309500;2.311350;5332;0;12;2.311470
2026.06.22 14:00:00;2.311350;2.312470;2.309880;2.311800;5366;0;12;2.311920
2026.06.22 15:00:00;2.311760;2.314870;2.311390;2.314330;6675;0;12;2.314450
2026.06.22 16:00:00;2.314330;2.314690;2.312740;2.313300;8802;0;12;2.313420
2026.06.22 17:00:00;2.313300;2.315140;2.311740;2.313620;10016;0;12;2.313740
2026.06.22 18:00:00;2.313610;2.316090;2.312220;2.315850;7340;0;12;2.315970
2026.06.22 19:00:00;2.315860;2.316780;2.315320;2.315430;5614;0;12;2.315550
2026.06.22 20:00:00;2.315430;2.318000;2.315360;2.317860;3737;0;12;2.317980
2026.06.22 21:00:00;2.317810;2.318640;2.317630;2.318260;3265;0;12;2.318380
2026.06.22 22:00:00;2.318260;2.319620;2.317690;2.318160;3689;0;12;2.318280
2026.06.22 23:00:00;2.318140;2.319340;2.317950;2.318470;2263;0;12;2.318590
2026.06.23 01:00:00;2.318300;2.319410;2.317600;2.318750;1563;0;12;2.318870
2026.06.23 02:00:00;2.318750;2.319940;2.318310;2.319410;1366;0;12;2.319530
2026.06.23 03:00:00;2.319410;2.322720;2.319400;2.322500;4887;0;12;2.322620
2026.06.23 04:00:00;2.322500;2.322590;2.320350;2.321280;5462;0;12;2.321400
2026.06.23 05:00:00;2.321280;2.322970;2.320640;2.322900;4455;0;12;2.323020
2026.06.23 06:00:00;2.322900;2.324670;2.322080;2.323030;4549;0;12;2.323150
2026.06.23 07:00:00;2.323030;2.324940;2.322820;2.324760;3419;0;12;2.324880
2026.06.23 08:00:00;2.324750;2.326270;2.324340;2.325770;4674;0;12;2.325890
2026.06.23 09:00:00;2.325770;2.327640;2.325000;2.327030;6060;0;12;2.327150
2026.06.23 10:00:00;2.327030;2.328240;2.325570;2.326630;7222;0;12;2.326750
2026.06.23 11:00:00;2.326630;2.327380;2.324470;2.325100;6679;0;12;2.325220
2026.06.23 12:00:00;2.325100;2.325450;2.322620;2.323850;5092;0;12;2.323970
2026.06.23 13:00:00;2.323850;2.325600;2.322040;2.325330;4762;0;12;2.325450
2026.06.23 14:00:00;2.325330;2.327900;2.325130;2.327740;5578;0;12;2.327860
2026.06.23 15:00:00;2.327740;2.329770;2.326850;2.328930;6533;0;12;2.329050
2026.06.23 16:00:00;2.328930;2.329210;2.326800;2.327420;8413;0;12;2.327540
2026.06.23 17:00:00;2.327400;2.327640;2.323350;2.324290;8757;0;12;2.324410
2026.06.23 18:00:00;2.324290;2.326490;2.323340;2.325730;7243;0;12;2.325850
2026.06.23 19:00:00;2.325730;2.326670;2.325210;2.326450;5173;0;12;2.326570
2026.06.23 20:00:00;2.326410;2.327190;2.325510;2.326920;3957;0;12;2.327040
2026.06.23 21:00:00;2.326920;2.328180;2.326330;2.327580;3602;0;12;2.327700
2026.06.23 22:00:00;2.327590;2.328660;2.327240;2.328620;4382;0;12;2.328740
2026.06.23 23:00:00;2.328600;2.329860;2.328480;2.328540;1805;0;12;2.328660
2026.06.24 00:00:00;2.328360;2.329580;2.326890;2.327800;1133;0;12;2.327920
2026.06.24 01:00:00;2.326540;2.329290;2.326540;2.328790;1449;0;12;2.328910
2026.06.24 02:00:00;2.328790;2.330980;2.328540;2.330420;1986;0;12;2.330540
2026.06.24 03:00:00;2.330330;2.330420;2.328220;2.329560;5941;0;12;2.329680
2026.06.24 04:00:00;2.329560;2.331480;2.328590;2.331050;6293;0;12;2.331170
2026.06.24 05:00:00;2.331050;2.333800;2.330840;2.333440;4811;0;12;2.333560
2026.06.24 06:00:00;2.333430;2.334410;2.332940;2.334390;4901;0;12;2.334510
2026.06.24 07:00:00;2.334370;2.334770;2.332810;2.333370;3897;0;12;2.333490
2026.06.24 08:00:00;2.333370;2.333440;2.332030;2.332980;4272;0;12;2.333100
2026.06.24 09:00:00;2.332980;2.333460;2.331290;2.333000;5082;0;12;2.333120
2026.06.24 10:00:00;2.333000;2.335090;2.332060;2.334900;5968;0;12;2.335020
2026.06.24 11:00:00;2.334900;2.336730;2.334190;2.336230;5951;0;12;2.336350
2026.06.24 12:00:00;2.336230;2.337970;2.335350;2.336240;5373;0;12;2.336360
2026.06.24 13:00:00;2.336220;2.336930;2.334620;2.334670;4720;0;12;2.334790
2026.06.24 14:00:00;2.334640;2.335000;2.332670;2.333040;5734;0;12;2.333160
2026.06.24 15:00:00;2.333040;2.335450;2.331760;2.334160;7113;0;12;2.334280
2026.06.24 16:00:00;2.334180;2.334450;2.330560;2.331030;9186;0;12;2.331150
2026.06.24 17:00:00;2.330990;2.332380;2.329400;2.330310;8597;0;12;2.330430
2026.06.24 18:00:00;2.330290;2.332550;2.330230;2.331030;7575;0;12;2.331150
2026.06.24 19:00:00;2.331030;2.331960;2.329650;2.330420;6183;0;12;2.330540
2026.06.24 20:00:00;2.330420;2.333370;2.330310;2.333160;6804;0;12;2.333280
2026.06.24 21:00:00;2.333160;2.334060;2.332640;2.333930;5849;0;12;2.334050
2026.06.24 22:00:00;2.333930;2.333930;2.331540;2.331740;5203;0;12;2.331860
2026.06.24 23:00:00;2.331740;2.332200;2.329640;2.329690;3316;0;12;2.329810
2026.06.25 01:00:00;2.329470;2.331780;2.329110;2.331640;1750;0;17;2.331810
2026.06.25 02:00:00;2.331640;2.332620;2.331140;2.332460;1749;0;12;2.332580
2026.06.25 03:00:00;2.332460;2.333480;2.331640;2.331980;5066;0;12;2.332100
2026.06.25 04:00:00;2.331980;2.335840;2.331140;2.335620;6404;0;12;2.335740
2026.06.25 05:00:00;2.335620;2.338740;2.334940;2.337110;4829;0;12;2.337230
2026.06.25 06:00:00;2.337150;2.337640;2.335550;2.335700;4000;0;12;2.335820
2026.06.25 07:00:00;2.335700;2.336150;2.333770;2.334060;3230;0;12;2.334180
2026.06.25 08:00:00;2.334050;2.334880;2.333190;2.334640;3808;0;12;2.334760
2026.06.25 09:00:00;2.334640;2.336670;2.334020;2.336270;5243;0;12;2.336390
2026.06.25 10:00:00;2.336270;2.337630;2.336060;2.336090;4931;0;12;2.336210
2026.06.25 11:00:00;2.336090;2.336090;2.334410;2.335720;4830;0;12;2.335840
2026.06.25 12:00:00;2.335720;2.336050;2.334280;2.334690;3990;0;12;2.334810
2026.06.25 13:00:00;2.334690;2.334980;2.333700;2.334850;4102;0;12;2.334970
2026.06.25 14:00:00;2.334850;2.334990;2.333640;2.333970;4303;0;12;2.334090
2026.06.25 15:00:00;2.333980;2.334940;2.332460;2.333960;7442;0;12;2.334080
2026.06.25 16:00:00;2.333960;2.337330;2.333040;2.337150;9240;0;12;2.337270
2026.06.25 17:00:00;2.337150;2.338910;2.335950;2.336470;10428;0;12;2.336590
2026.06.25 18:00:00;2.336470;2.337080;2.335080;2.335680;9197;0;12;2.335800
2026.06.25 19:00:00;2.335640;2.336610;2.334600;2.336280;6171;0;12;2.336400
2026.06.25 20:00:00;2.336280;2.336820;2.335480;2.336100;4778;0;12;2.336220
2026.06.25 21:00:00;2.336100;2.337040;2.335580;2.336030;5497;0;12;2.336150
2026.06.25 22:00:00;2.336000;2.336980;2.336000;2.336640;4902;0;12;2.336760
2026.06.25 23:00:00;2.336630;2.336740;2.335060;2.335140;2651;0;12;2.335260
2026.06.26 00:00:00;2.335780;2.335780;2.335700;2.335700;2;0;175;2.337450
2026.06.26 01:00:00;2.335150;2.336730;2.335130;2.335910;1561;0;17;2.336080
2026.06.26 02:00:00;2.335940;2.337150;2.335760;2.337020;2219;0;13;2.337150
2026.06.26 03:00:00;2.337020;2.338250;2.336580;2.338190;5692;0;12;2.338310
2026.06.26 04:00:00;2.338190;2.339430;2.337240;2.338850;6242;0;12;2.338970
2026.06.26 05:00:00;2.338850;2.342620;2.338630;2.340270;5422;0;12;2.340390
2026.06.26 06:00:00;2.340250;2.340980;2.339580;2.339800;5010;0;12;2.339920
2026.06.26 07:00:00;2.339800;2.340400;2.338780;2.340140;4374;0;12;2.340260
2026.06.26 08:00:00;2.340140;2.340270;2.338120;2.338180;4937;0;12;2.338300
2026.06.26 09:00:00;2.338220;2.339140;2.335910;2.336700;5761;0;12;2.336820
2026.06.26 10:00:00;2.336710;2.338860;2.336210;2.338740;5565;0;12;2.338860
2026.06.26 11:00:00;2.338740;2.339390;2.336490;2.339080;6466;0;12;2.339200
2026.06.26 12:00:00;2.339060;2.339450;2.337220;2.338210;5203;0;12;2.338330
2026.06.26 13:00:00;2.338170;2.338840;2.337540;2.338130;4769;0;12;2.338250
2026.06.26 14:00:00;2.338150;2.340010;2.337870;2.339990;5456;0;12;2.340110
2026.06.26 15:00:00;2.339970;2.340210;2.337450;2.337540;6838;0;12;2.337660
2026.06.26 16:00:00;2.337540;2.339350;2.336500;2.338490;8807;0;12;2.338610
2026.06.26 17:00:00;2.338330;2.339540;2.337110;2.337180;7849;0;12;2.337300
2026.06.26 18:00:00;2.337180;2.340520;2.336950;2.340100;7042;0;12;2.340220
2026.06.26 19:00:00;2.340080;2.341340;2.339430;2.340790;5350;0;12;2.340910
2026.06.26 20:00:00;2.340850;2.340870;2.340140;2.340460;4070;0;12;2.340580
2026.06.26 21:00:00;2.340400;2.341550;2.340340;2.341390;3646;0;12;2.341510
2026.06.26 22:00:00;2.341390;2.341470;2.339660;2.340030;3640;0;12;2.340150
2026.06.26 23:00:00;2.339980;2.341150;2.339210;2.339770;3895;0;12;2.339890
2026.06.29 00:00:00;2.337280;2.338480;2.336550;2.336850;341;0;380;2.340650
2026.06.29 01:00:00;2.337550;2.340340;2.337340;2.339740;1789;0;12;2.339860
2026.06.29 02:00:00;2.339740;2.339990;2.338770;2.339730;2035;0;12;2.339850
2026.06.29 03:00:00;2.339720;2.342940;2.339650;2.341940;6396;0;12;2.342060
2026.06.29 04:00:00;2.341940;2.342640;2.339630;2.340140;6000;0;12;2.340260
2026.06.29 05:00:00;2.340140;2.340460;2.338720;2.339840;4716;0;12;2.339960
2026.06.29 06:00:00;2.339800;2.339820;2.338280;2.338640;3579;0;14;2.338780
2026.06.29 07:00:00;2.338640;2.338770;2.337760;2.338600;3093;0;12;2.338720
2026.06.29 08:00:00;2.338610;2.338940;2.336940;2.337060;4171;0;12;2.337180
2026.06.29 09:00:00;2.337080;2.338040;2.336400;2.337440;4787;0;12;2.337560
2026.06.29 10:00:00;2.337440;2.338090;2.336940;2.337020;5228;0;12;2.337140
2026.06.29 11:00:00;2.337060;2.338190;2.336850;2.337910;4831;0;12;2.338030
2026.06.29 12:00:00;2.337890;2.339310;2.337780;2.338990;4542;0;12;2.339110
2026.06.29 13:00:00;2.338970;2.339150;2.337440;2.338640;4280;0;12;2.338760
2026.06.29 14:00:00;2.338640;2.340900;2.338610;2.339590;4430;0;12;2.339710
2026.06.29 15:00:00;2.339610;2.342540;2.339570;2.342000;5044;0;12;2.342120
2026.06.29 16:00:00;2.342000;2.344380;2.341880;2.343220;7105;0;12;2.343340
2026.06.29 17:00:00;2.343200;2.346930;2.343160;2.346390;8874;0;12;2.346510
2026.06.29 18:00:00;2.346370;2.347240;2.345180;2.346280;6124;0;1;2.346290
2026.06.29 19:00:00;2.346280;2.346340;2.344440;2.345390;3901;0;11;2.345500
2026.06.29 20:00:00;2.345390;2.345790;2.344970;2.345540;3217;0;9;2.345630
2026.06.29 21:00:00;2.345540;2.345850;2.344650;2.344990;2904;0;6;2.345050
2026.06.29 22:00:00;2.345070;2.345690;2.344650;2.345140;2561;0;11;2.345250
2026.06.29 23:00:00;2.345140;2.346430;2.345080;2.345740;1685;0;9;2.345830
2026.06.30 00:00:00;2.345650;2.345650;2.340620;2.343850;1671;0;115;2.345000
2026.06.30 01:00:00;2.343730;2.346720;2.343730;2.345830;1022;0;12;2.345950
2026.06.30 02:00:00;2.345830;2.346070;2.344820;2.345350;996;0;6;2.345410
2026.06.30 03:00:00;2.345380;2.346800;2.345360;2.345930;5453;0;8;2.346010
2026.06.30 04:00:00;2.345960;2.346520;2.342540;2.344240;6295;0;0;2.344240
2026.06.30 05:00:00;2.344260;2.345540;2.343940;2.344480;3520;0;10;2.344580
2026.06.30 06:00:00;2.344480;2.344500;2.342860;2.343340;3154;0;10;2.343440
2026.06.30 07:00:00;2.343340;2.343360;2.341710;2.342580;2722;0;6;2.342640
2026.06.30 08:00:00;2.342580;2.343080;2.341550;2.342610;3641;0;8;2.342690
2026.06.30 09:00:00;2.342630;2.342970;2.341090;2.341630;5774;0;8;2.341710
2026.06.30 10:00:00;2.341650;2.342060;2.339520;2.340780;4898;0;7;2.340850
2026.06.30 11:00:00;2.340790;2.341590;2.339900;2.340900;5715;0;5;2.340950
2026.06.30 12:00:00;2.340880;2.341160;2.339150;2.340430;4415;0;10;2.340530
2026.06.30 13:00:00;2.340430;2.340490;2.337140;2.337340;3943;0;9;2.337430
2026.06.30 14:00:00;2.337340;2.337730;2.335910;2.337140;5070;0;10;2.337240
2026.06.30 15:00:00;2.337140;2.337220;2.334440;2.334940;5602;0;4;2.334980
2026.06.30 16:00:00;2.334940;2.335480;2.333450;2.334530;6385;0;9;2.334620
2026.06.30 17:00:00;2.334530;2.335760;2.331720;2.333820;9156;0;0;2.333820
2026.06.30 18:00:00;2.333820;2.337240;2.332850;2.336180;6507;0;2;2.336200
2026.06.30 19:00:00;2.336180;2.336530;2.335300;2.335620;3896;0;6;2.335680
2026.06.30 20:00:00;2.335620;2.335670;2.334780;2.335020;3049;0;8;2.335100
2026.06.30 21:00:00;2.335020;2.335460;2.333270;2.333460;3395;0;10;2.333560
2026.06.30 22:00:00;2.333460;2.335360;2.333070;2.335190;3334;0;6;2.335250
2026.06.30 23:00:00;2.335190;2.336060;2.334750;2.334940;2284;0;4;2.334980
2026.07.01 00:00:00;2.335530;2.335930;2.333850;2.334220;1425;0;86;2.335080
2026.07.01 01:00:00;2.333950;2.335640;2.333940;2.335330;807;0;15;2.335480
2026.07.01 02:00:00;2.335310;2.335650;2.334610;2.334890;1340;0;10;2.334990
2026.07.01 03:00:00;2.334890;2.336470;2.333700;2.336290;3955;0;7;2.336360
2026.07.01 04:00:00;2.336290;2.337060;2.335280;2.336440;4996;0;12;2.336560
2026.07.01 05:00:00;2.336440;2.337690;2.335890;2.336550;4154;0;0;2.336550
2026.07.01 06:00:00;2.336530;2.336530;2.334470;2.334620;3394;0;6;2.334680
2026.07.01 07:00:00;2.334620;2.334960;2.333050;2.333530;3582;0;3;2.333560
2026.07.01 08:00:00;2.333510;2.333720;2.332570;2.333020;3984;0;11;2.333130
2026.07.01 09:00:00;2.333000;2.334780;2.332790;2.333590;4317;0;1;2.333600
2026.07.01 10:00:00;2.333590;2.333950;2.331610;2.332840;4751;0;5;2.332890
2026.07.01 11:00:00;2.332850;2.334350;2.332600;2.333720;4178;0;8;2.333800
2026.07.01 12:00:00;2.333720;2.335870;2.333100;2.335060;4098;0;4;2.335100
2026.07.01 13:00:00;2.335060;2.335440;2.332470;2.332490;3343;0;6;2.332550
2026.07.01 14:00:00;2.332490;2.333840;2.331630;2.333550;4563;0;7;2.333620
2026.07.01 15:00:00;2.333510;2.337610;2.332960;2.337000;6490;0;6;2.337060
2026.07.01 16:00:00;2.337020;2.337840;2.333470;2.335430;10145;0;3;2.335460
2026.07.01 17:00:00;2.335430;2.339500;2.334190;2.338630;10088;0;0;2.338630
2026.07.01 18:00:00;2.338660;2.339470;2.337660;2.338820;7270;0;6;2.338880
2026.07.01 19:00:00;2.338820;2.340090;2.338140;2.339240;5596;0;6;2.339300
2026.07.01 20:00:00;2.339240;2.339890;2.338810;2.339740;4344;0;10;2.339840
2026.07.01 21:00:00;2.339700;2.341080;2.339370;2.340950;3782;0;11;2.341060
2026.07.01 22:00:00;2.341000;2.341220;2.339500;2.340910;3513;0;11;2.341020
2026.07.01 23:00:00;2.340900;2.341680;2.339840;2.340040;2060;0;9;2.340130
2026.07.02 00:00:00;2.340040;2.340040;2.337970;2.338740;43;0;61;2.339350
2026.07.02 01:00:00;2.339750;2.340730;2.339490;2.339800;1371;0;16;2.339960
2026.07.02 02:00:00;2.339780;2.340110;2.339340;2.339920;1630;0;11;2.340030
2026.07.02 03:00:00;2.339920;2.341280;2.339550;2.340660;5126;0;8;2.340740
2026.07.02 04:00:00;2.340660;2.341100;2.338820;2.339170;5191;0;6;2.339230
2026.07.02 05:00:00;2.339170;2.340370;2.338150;2.340350;3846;0;9;2.340440
2026.07.02 06:00:00;2.340350;2.343040;2.339660;2.341240;3331;0;5;2.341290
2026.07.02 07:00:00;2.341240;2.341720;2.340010;2.340280;3892;0;8;2.340360
2026.07.02 08:00:00;2.340280;2.341870;2.340040;2.341260;3683;0;12;2.341380
2026.07.02 09:00:00;2.341260;2.344210;2.341050;2.342680;5725;0;7;2.342750
2026.07.02 10:00:00;2.342680;2.348570;2.342350;2.348390;6300;0;0;2.348390
2026.07.02 11:00:00;2.348390;2.349060;2.345400;2.345730;7593;0;1;2.345740
2026.07.02 12:00:00;2.345730;2.347130;2.344970;2.345840;5117;0;8;2.345920
2026.07.02 13:00:00;2.345840;2.347020;2.345530;2.346690;3734;0;10;2.346790
2026.07.02 14:00:00;2.346710;2.347590;2.346390;2.346910;4417;0;9;2.347000
2026.07.02 15:00:00;2.346910;2.347060;2.339850;2.344320;10082;0;10;2.344420
2026.07.02 16:00:00;2.344320;2.345370;2.341380;2.342810;10955;0;0;2.342810
2026.07.02 17:00:00;2.342810;2.345310;2.342420;2.345010;10567;0;0;2.345010
2026.07.02 18:00:00;2.344990;2.345310;2.341380;2.341770;8572;0;9;2.341860
2026.07.02 19:00:00;2.341770;2.343030;2.341400;2.342640;6847;0;10;2.342740
2026.07.02 20:00:00;2.342640;2.343310;2.342090;2.343020;5620;0;11;2.343130
2026.07.02 21:00:00;2.343020;2.343230;2.342480;2.342660;4920;0;9;2.342750
2026.07.02 22:00:00;2.342660;2.343700;2.342400;2.342690;3973;0;9;2.342780
2026.07.02 23:00:00;2.342690;2.343030;2.341740;2.342440;1577;0;4;2.342480
2026.07.03 00:00:00;2.342110;2.342570;2.342110;2.342330;22;0;127;2.343600
2026.07.03 01:00:00;2.341130;2.343240;2.341130;2.342990;956;0;18;2.343170
2026.07.03 02:00:00;2.342990;2.343580;2.342780;2.343120;1614;0;12;2.343240
2026.07.03 03:00:00;2.343100;2.343760;2.342630;2.343300;5001;0;9;2.343390
2026.07.03 04:00:00;2.343300;2.343540;2.340490;2.340490;5914;0;7;2.340560
2026.07.03 05:00:00;2.340510;2.340680;2.338920;2.340250;3947;0;4;2.340290
2026.07.03 06:00:00;2.340270;2.340650;2.339490;2.340160;3085;0;16;2.340320
2026.07.03 07:00:00;2.340160;2.340630;2.338910;2.339240;2478;0;11;2.339350
2026.07.03 08:00:00;2.339240;2.339980;2.338000;2.338380;3554;0;10;2.338480
2026.07.03 09:00:00;2.338380;2.338380;2.335610;2.336650;4938;0;2;2.336670
2026.07.03 10:00:00;2.336670;2.337100;2.335260;2.337030;4222;0;4;2.337070
2026.07.03 11:00:00;2.337030;2.337200;2.335590;2.336870;3695;0;8;2.336950
2026.07.03 12:00:00;2.336870;2.337500;2.335860;2.336990;3292;0;5;2.337040
2026.07.03 13:00:00;2.336990;2.338430;2.336340;2.338280;2638;0;10;2.338380
2026.07.03 14:00:00;2.338280;2.338690;2.337360;2.338600;3622;0;0;2.338600
2026.07.03 15:00:00;2.338600;2.339490;2.338440;2.339060;3814;0;2;2.339080
2026.07.03 16:00:00;2.339060;2.339160;2.337840;2.338140;3829;0;2;2.338160
2026.07.03 17:00:00;2.338140;2.340100;2.337710;2.340080;3922;0;7;2.340150
2026.07.03 18:00:00;2.340080;2.340080;2.338440;2.339540;2763;0;5;2.339590
2026.07.03 19:00:00;2.339540;2.339880;2.338750;2.338750;1539;0;3;2.338780
2026.07.03 20:00:00;2.338770;2.339630;2.338740;2.339540;3686;0;11;2.339650
2026.07.03 21:00:00;2.339540;2.339770;2.339020;2.339390;4597;0;11;2.339500
2026.07.03 22:00:00;2.339390;2.340230;2.339010;2.339530;7362;0;12;2.339650
2026.07.03 23:00:00;2.339530;2.340640;2.337410;2.337800;5802;0;7;2.337870
2026.07.06 01:00:00;2.338540;2.340580;2.337830;2.340380;1865;0;17;2.340550
2026.07.06 02:00:00;2.340380;2.342080;2.340330;2.341830;2249;0;11;2.341940
2026.07.06 03:00:00;2.341830;2.343200;2.341280;2.342180;6173;0;3;2.342210
2026.07.06 04:00:00;2.342180;2.345660;2.342180;2.345540;6503;0;3;2.345570
2026.07.06 05:00:00;2.345580;2.346340;2.344960;2.345330;4845;0;6;2.345390
2026.07.06 06:00:00;2.345330;2.347380;2.345040;2.345700;3954;0;0;2.345700
2026.07.06 07:00:00;2.345700;2.345820;2.344340;2.344710;2856;0;9;2.344800
2026.07.06 08:00:00;2.344710;2.346520;2.344610;2.346390;4251;0;3;2.346420
2026.07.06 09:00:00;2.346380;2.346610;2.345030;2.345270;5117;0;7;2.345340
2026.07.06 10:00:00;2.345270;2.346170;2.344130;2.346030;5657;0;7;2.346100
2026.07.06 11:00:00;2.346010;2.346900;2.345640;2.346780;4403;0;8;2.346860
2026.07.06 12:00:00;2.346780;2.347530;2.346450;2.347170;4372;0;4;2.347210
2026.07.06 13:00:00;2.347170;2.347600;2.346250;2.346770;4016;0;12;2.346890
2026.07.06 14:00:00;2.346770;2.347770;2.346200;2.347550;4368;0;8;2.347630
2026.07.06 15:00:00;2.347550;2.350080;2.346880;2.349430;4901;0;6;2.349490
2026.07.06 16:00:00;2.349430;2.350470;2.348000;2.348780;6038;0;8;2.348860
2026.07.06 17:00:00;2.348710;2.350050;2.348540;2.349610;6270;0;7;2.349680
2026.07.06 18:00:00;2.349610;2.349660;2.348340;2.349290;5027;0;0;2.349290
2026.07.06 19:00:00;2.349290;2.349290;2.348120;2.348820;3654;0;0;2.348820
2026.07.06 20:00:00;2.348800;2.349040;2.347210;2.348320;3285;0;9;2.348410
2026.07.06 21:00:00;2.348320;2.348320;2.347420;2.348080;2574;0;9;2.348170
2026.07.06 22:00:00;2.348100;2.348920;2.347930;2.348200;2251;0;10;2.348300
2026.07.06 23:00:00;2.348210;2.348760;2.348110;2.348440;1608;0;10;2.348540
2026.07.07 00:00:00;2.347700;2.349180;2.346410;2.348650;906;0;98;2.349630
2026.07.07 01:00:00;2.348150;2.349220;2.347750;2.349050;1082;0;5;2.349100
2026.07.07 02:00:00;2.349050;2.349660;2.348500;2.349430;1439;0;11;2.349540
2026.07.07 03:00:00;2.349430;2.349590;2.348150;2.349100;4822;0;14;2.349240
2026.07.07 04:00:00;2.349100;2.350130;2.348170;2.348730;6187;0;7;2.348800
2026.07.07 05:00:00;2.348730;2.350010;2.348340;2.349820;4114;0;10;2.349920
2026.07.07 06:00:00;2.349810;2.350140;2.348530;2.349310;3909;0;0;2.349310
2026.07.07 07:00:00;2.349310;2.350920;2.348750;2.350920;3238;0;7;2.350990
2026.07.07 08:00:00;2.350920;2.352620;2.350620;2.351490;4590;0;7;2.351560
2026.07.07 09:00:00;2.351490;2.352240;2.350320;2.350340;4095;0;0;2.350340
2026.07.07 10:00:00;2.350320;2.352280;2.349750;2.352060;4354;0;8;2.352140
2026.07.07 11:00:00;2.352060;2.353060;2.351050;2.352990;4910;0;8;2.353070
2026.07.07 12:00:00;2.352970;2.353300;2.351430;2.351500;3428;0;8;2.351580
2026.07.07 13:00:00;2.351500;2.353440;2.350210;2.352790;3455;0;4;2.352830
2026.07.07 14:00:00;2.352790;2.353540;2.350640;2.352280;4050;0;0;2.352280
2026.07.07 15:00:00;2.352280;2.352520;2.349540;2.350510;5018;0;7;2.350580
2026.07.07 16:00:00;2.350530;2.351910;2.350170;2.351250;6793;0;4;2.351290
2026.07.07 17:00:00;2.351280;2.351960;2.349860;2.351490;7701;0;4;2.351530
2026.07.07 18:00:00;2.351490;2.352640;2.350790;2.351840;5919;0;7;2.351910
2026.07.07 19:00:00;2.351840;2.352140;2.351010;2.351460;4013;0;6;2.351520
2026.07.07 20:00:00;2.351460;2.351550;2.349940;2.350030;3383;0;5;2.350080
2026.07.07 21:00:00;2.350040;2.351560;2.349740;2.351510;4510;0;10;2.351610
2026.07.07 22:00:00;2.351510;2.353340;2.350780;2.351260;5350;0;6;2.351320
2026.07.07 23:00:00;2.351240;2.353450;2.351140;2.352640;1867;0;6;2.352700
2026.07.08 00:00:00;2.352550;2.352550;2.351940;2.351940;2;0;86;2.352800
2026.07.08 01:00:00;2.351260;2.352750;2.351260;2.351630;1188;0;12;2.351750
2026.07.08 02:00:00;2.351630;2.351670;2.349520;2.351350;1735;0;4;2.351390
2026.07.08 03:00:00;2.351390;2.352000;2.348260;2.348300;6698;0;6;2.348360
2026.07.08 04:00:00;2.348340;2.348690;2.346740;2.346840;6239;0;6;2.346900
2026.07.08 05:00:00;2.346700;2.346760;2.339850;2.342430;5718;0;0;2.342430
2026.07.08 06:00:00;2.342430;2.344070;2.339890;2.341040;4632;0;2;2.341060
2026.07.08 07:00:00;2.341040;2.342380;2.337540;2.337650;3988;0;0;2.337650
2026.07.08 08:00:00;2.337700;2.338160;2.335330;2.336150;5244;0;5;2.336200
2026.07.08 09:00:00;2.336210;2.339750;2.336210;2.339000;5706;0;5;2.339050
2026.07.08 10:00:00;2.338990;2.340940;2.336770;2.337490;5988;0;5;2.337540
2026.07.08 11:00:00;2.337490;2.343110;2.337260;2.342020;9558;0;0;2.342020
2026.07.08 12:00:00;2.342020;2.343110;2.341280;2.342630;8010;0;1;2.342640
2026.07.08 13:00:00;2.342630;2.343610;2.341020;2.341350;6198;0;1;2.341360
2026.07.08 14:00:00;2.341350;2.345140;2.341270;2.343400;6553;0;1;2.343410
2026.07.08 15:00:00;2.343400;2.344130;2.341560;2.343010;7117;0;5;2.343060
2026.07.08 16:00:00;2.343010;2.348150;2.342170;2.347930;9253;0;0;2.347930
2026.07.08 17:00:00;2.347930;2.350010;2.346570;2.349190;8865;0;5;2.349240
2026.07.08 18:00:00;2.349180;2.351420;2.347680;2.350840;8078;0;5;2.350890
2026.07.08 19:00:00;2.350840;2.351150;2.349030;2.349640;7090;0;5;2.349690
2026.07.08 20:00:00;2.349640;2.350870;2.348660;2.349990;5557;0;3;2.350020
2026.07.08 21:00:00;2.349990;2.350220;2.347140;2.347820;4931;0;11;2.347930
2026.07.08 22:00:00;2.347780;2.348490;2.347420;2.348330;4179;0;7;2.348400
2026.07.08 23:00:00;2.348330;2.349170;2.348040;2.348140;3057;0;8;2.348220
2026.07.09 00:00:00;2.347860;2.347860;2.347860;2.347860;1;0;119;2.349050
2026.07.09 01:00:00;2.347640;2.349080;2.347560;2.347700;1342;0;17;2.347870
2026.07.09 02:00:00;2.347700;2.347740;2.343420;2.343560;1827;0;0;2.343560
2026.07.09 03:00:00;2.343540;2.343640;2.339400;2.340540;5418;0;0;2.340540
2026.07.09 04:00:00;2.340540;2.342020;2.339360;2.341070;5032;0;0;2.341070
2026.07.09 05:00:00;2.341070;2.342140;2.340660;2.341730;4560;0;0;2.341730
2026.07.09 06:00:00;2.341730;2.342110;2.340170;2.340500;4039;0;6;2.340560
2026.07.09 07:00:00;2.340510;2.341540;2.339960;2.340040;2989;0;13;2.340170
2026.07.09 08:00:00;2.340040;2.341790;2.339840;2.340860;4689;0;0;2.340860
2026.07.09 09:00:00;2.340860;2.342810;2.339850;2.342690;5379;0;7;2.342760
2026.07.09 10:00:00;2.342720;2.343670;2.339440;2.339550;4781;0;1;2.339560
2026.07.09 11:00:00;2.339560;2.340470;2.337960;2.338400;4877;0;6;2.338460
2026.07.09 12:00:00;2.338400;2.340440;2.338130;2.338200;4337;0;2;2.338220
2026.07.09 13:00:00;2.338180;2.338300;2.335830;2.336490;3854;0;7;2.336560
2026.07.09 14:00:00;2.336490;2.336640;2.334170;2.334200;4468;0;5;2.334250
2026.07.09 15:00:00;2.334190;2.334270;2.330060;2.330630;5562;0;1;2.330640
2026.07.09 16:00:00;2.330630;2.331710;2.329660;2.330960;5902;0;7;2.331030
2026.07.09 17:00:00;2.330960;2.331460;2.328880;2.329220;6830;0;3;2.329250
2026.07.09 18:00:00;2.329220;2.329500;2.327220;2.327570;5457;0;1;2.327580
2026.07.09 19:00:00;2.327570;2.328750;2.326850;2.328730;3997;0;5;2.328780
2026.07.09 20:00:00;2.328730;2.328970;2.327620;2.328290;3944;0;11;2.328400
2026.07.09 21:00:00;2.328300;2.329700;2.328200;2.329540;3332;0;7;2.329610
2026.07.09 22:00:00;2.329540;2.329870;2.328830;2.329250;3311;0;3;2.329280
2026.07.09 23:00:00;2.329250;2.330040;2.328320;2.329740;1927;0;10;2.329840
2026.07.10 00:00:00;2.329740;2.329740;2.329190;2.329190;2;0;81;2.330000
2026.07.10 01:00:00;2.328830;2.330450;2.328830;2.329110;879;0;18;2.329290
2026.07.10 02:00:00;2.329070;2.329280;2.327830;2.327930;844;0;11;2.328040
2026.07.10 03:00:00;2.327930;2.328620;2.324880;2.324980;4513;0;6;2.325040
2026.07.10 04:00:00;2.324980;2.325470;2.322140;2.322620;5881;0;9;2.322710
2026.07.10 05:00:00;2.322620;2.323790;2.321740;2.322920;5645;0;4;2.322960
2026.07.10 06:00:00;2.322920;2.323790;2.322510;2.323680;4131;0;10;2.323780
2026.07.10 07:00:00;2.323680;2.325550;2.323360;2.325380;3075;0;14;2.325520
2026.07.10 08:00:00;2.325380;2.327300;2.324940;2.327280;4816;0;12;2.327400
2026.07.10 09:00:00;2.327280;2.327300;2.324980;2.325680;5021;0;0;2.325680
2026.07.10 10:00:00;2.325680;2.327530;2.325670;2.326060;4715;0;4;2.326100
2026.07.10 11:00:00;2.326060;2.326400;2.324690;2.325160;5410;0;7;2.325230
2026.07.10 12:00:00;2.325160;2.326030;2.323520;2.323890;4275;0;10;2.323990
2026.07.10 13:00:00;2.323820;2.328430;2.323450;2.327820;4332;0;9;2.327910
2026.07.10 14:00:00;2.327820;2.328510;2.326360;2.326700;4562;0;9;2.326790
2026.07.10 15:00:00;2.326700;2.326750;2.324610;2.326170;6192;0;0;2.326170
2026.07.10 16:00:00;2.326170;2.326200;2.323780;2.324970;6418;0;6;2.325030
2026.07.10 17:00:00;2.324960;2.327810;2.324550;2.327450;7718;0;0;2.327450
2026.07.10 18:00:00;2.327450;2.327820;2.324510;2.324710;6562;0;4;2.324750
2026.07.10 19:00:00;2.324710;2.325370;2.322750;2.323460;5377;0;11;2.323570
2026.07.10 20:00:00;2.323500;2.324620;2.322730;2.324550;4735;0;11;2.324660
2026.07.10 21:00:00;2.324550;2.324930;2.323730;2.324070;4777;0;6;2.324130
2026.07.10 22:00:00;2.324070;2.325080;2.323860;2.324560;2998;0;11;2.324670
2026.07.10 23:00:00;2.324540;2.325100;2.323540;2.324080;2623;0;10;2.324180
2026.07.13 00:00:00;2.322570;2.322570;2.322570;2.322570;1;0;175;2.324320
2026.07.13 01:00:00;2.323040;2.326390;2.323010;2.325850;3406;0;5;2.325900
2026.07.13 02:00:00;2.325850;2.326770;2.324640;2.324740;2920;0;13;2.324870
2026.07.13 03:00:00;2.324740;2.326760;2.324050;2.326030;8267;0;11;2.326140
2026.07.13 04:00:00;2.326030;2.326270;2.318890;2.319680;8847;0;9;2.319770
2026.07.13 05:00:00;2.319680;2.321370;2.319650;2.321210;5810;0;5;2.321260
2026.07.13 06:00:00;2.321170;2.323970;2.321000;2.323120;5220;0;9;2.323210
2026.07.13 07:00:00;2.323120;2.325350;2.323070;2.324360;3742;0;1;2.324370
2026.07.13 08:00:00;2.324360;2.325500;2.322890;2.324880;6820;0;7;2.324950
2026.07.13 09:00:00;2.324860;2.326080;2.322310;2.322450;5749;0;2;2.322470
2026.07.13 10:00:00;2.322450;2.323010;2.319760;2.319760;6705;0;6;2.319820
2026.07.13 11:00:00;2.319760;2.319810;2.315400;2.315800;6655;0;4;2.315840
2026.07.13 12:00:00;2.315800;2.317030;2.315770;2.316290;4735;0;8;2.316370
2026.07.13 13:00:00;2.316290;2.317520;2.316200;2.317240;4786;0;9;2.317330
2026.07.13 14:00:00;2.317280;2.317550;2.314600;2.316690;5355;0;0;2.316690
2026.07.13 15:00:00;2.316670;2.317780;2.315370;2.315560;6557;0;6;2.315620
2026.07.13 16:00:00;2.315580;2.316890;2.314440;2.315840;7925;0;8;2.315920
2026.07.13 17:00:00;2.315840;2.318260;2.314660;2.317700;9294;0;0;2.317700
2026.07.13 18:00:00;2.317600;2.319110;2.316760;2.318990;6473;0;7;2.319060
2026.07.13 19:00:00;2.318990;2.322220;2.318510;2.321310;8066;0;3;2.321340
2026.07.13 20:00:00;2.321310;2.321680;2.320380;2.321560;5621;0;11;2.321670
2026.07.13 21:00:00;2.321560;2.322290;2.321120;2.321730;5159;0;9;2.321820
2026.07.13 22:00:00;2.321730;2.322870;2.321070;2.321890;4162;0;9;2.321980
2026.07.13 23:00:00;2.321890;2.323170;2.320440;2.320440;2040;0;4;2.320480
2026.07.14 01:00:00;2.320540;2.320770;2.318880;2.319520;1486;0;7;2.319590
2026.07.14 02:00:00;2.319540;2.319650;2.315840;2.316050;2474;0;5;2.316100
2026.07.14 03:00:00;2.316080;2.317680;2.310540;2.311060;9172;0;0;2.311060
2026.07.14 04:00:00;2.311060;2.312000;2.309970;2.310990;7158;0;0;2.310990
2026.07.14 05:00:00;2.310990;2.311150;2.307270;2.307910;5269;0;1;2.307920
2026.07.14 06:00:00;2.307910;2.307990;2.305200;2.306870;5477;0;6;2.306930
2026.07.14 07:00:00;2.306870;2.309160;2.306870;2.307490;4512;0;12;2.307610
2026.07.14 08:00:00;2.307490;2.307700;2.305530;2.305860;4859;0;4;2.305900
2026.07.14 09:00:00;2.305840;2.309120;2.305840;2.308860;5257;0;7;2.308930
2026.07.14 10:00:00;2.308860;2.309040;2.304420;2.304870;6800;0;0;2.304870
2026.07.14 11:00:00;2.304800;2.307080;2.304600;2.307020;6226;0;5;2.307070
2026.07.14 12:00:00;2.307020;2.307360;2.304140;2.304600;5236;0;8;2.304680
2026.07.14 13:00:00;2.304600;2.307230;2.304310;2.306590;4706;0;5;2.306640
2026.07.14 14:00:00;2.306590;2.306910;2.304850;2.306650;6292;0;9;2.306740
2026.07.14 15:00:00;2.306650;2.307780;2.298200;2.303720;10398;0;0;2.303720
2026.07.14 16:00:00;2.303720;2.304710;2.300270;2.304280;10917;0;0;2.304280
2026.07.14 17:00:00;2.304280;2.305280;2.301900;2.304380;9874;0;0;2.304380
2026.07.14 18:00:00;2.304360;2.304880;2.301750;2.304510;8999;0;0;2.304510
2026.07.14 19:00:00;2.304530;2.305310;2.303290;2.303400;6489;0;11;2.303510
2026.07.14 20:00:00;2.303380;2.303680;2.302140;2.302430;6394;0;0;2.302430
2026.07.14 21:00:00;2.302430;2.303530;2.302260;2.303030;5127;0;9;2.303120
2026.07.14 22:00:00;2.303040;2.305140;2.303000;2.304970;4677;0;7;2.305040
2026.07.14 23:00:00;2.304990;2.305320;2.303120;2.303120;1984;0;8;2.303200
2026.07.15 01:00:00;2.302380;2.304990;2.302380;2.304840;1820;0;0;2.304840
2026.07.15 02:00:00;2.304840;2.306130;2.304550;2.304610;2281;0;7;2.304680
2026.07.15 03:00:00;2.304610;2.305180;2.301730;2.302110;4981;0;8;2.302190
2026.07.15 04:00:00;2.302110;2.303150;2.300530;2.301010;6250;0;1;2.301020
2026.07.15 05:00:00;2.301010;2.304430;2.300850;2.304340;4655;0;5;2.304390
2026.07.15 06:00:00;2.304340;2.306410;2.304340;2.304720;4625;0;9;2.304810
2026.07.15 07:00:00;2.304720;2.305740;2.304280;2.304710;3428;0;8;2.304790
2026.07.15 08:00:00;2.304660;2.305450;2.304060;2.304910;5084;0;6;2.304970
2026.07.15 09:00:00;2.304910;2.307220;2.303820;2.306800;4914;0;6;2.306860
2026.07.15 10:00:00;2.306800;2.306890;2.302710;2.303040;5314;0;6;2.303100
2026.07.15 11:00:00;2.303040;2.303110;2.301130;2.301650;5045;0;6;2.301710
2026.07.15 12:00:00;2.301650;2.302180;2.300130;2.301260;4402;0;8;2.301340
2026.07.15 13:00:00;2.301260;2.303300;2.300010;2.302670;4874;0;1;2.302680
2026.07.15 14:00:00;2.302670;2.304650;2.301490;2.303870;4964;0;11;2.303980
2026.07.15 15:00:00;2.303860;2.305100;2.301970;2.302610;6738;0;0;2.302610
2026.07.15 16:00:00;2.302570;2.306580;2.301880;2.305730;7370;0;4;2.305770
2026.07.15 17:00:00;2.305730;2.310090;2.304080;2.309260;8613;0;4;2.309300
2026.07.15 18:00:00;2.309260;2.311690;2.308440;2.311640;7259;0;2;2.311660
2026.07.15 19:00:00;2.311640;2.317900;2.311360;2.317020;6682;0;5;2.317070
2026.07.15 20:00:00;2.317020;2.318060;2.312140;2.312800;6434;0;0;2.312800
2026.07.15 21:00:00;2.312800;2.313350;2.311520;2.313040;5196;0;7;2.313110
2026.07.15 22:00:00;2.313100;2.313940;2.312070;2.313530;5563;0;5;2.313580
2026.07.15 23:00:00;2.313530;2.314500;2.313450;2.314160;2470;0;8;2.314240
2026.07.16 01:00:00;2.313440;2.314620;2.312920;2.314070;1383;0;16;2.314230
2026.07.16 02:00:00;2.314070;2.316110;2.314040;2.315220;2042;0;9;2.315310
2026.07.16 03:00:00;2.315260;2.316640;2.314540;2.315730;6036;0;0;2.315730
2026.07.16 04:00:00;2.315730;2.317600;2.315240;2.317000;6295;0;1;2.317010
2026.07.16 05:00:00;2.317000;2.317520;2.314970;2.315110;4412;0;6;2.315170
2026.07.16 06:00:00;2.315150;2.315620;2.312380;2.312440;3755;0;5;2.312490
2026.07.16 07:00:00;2.312440;2.313990;2.312020;2.313790;3480;0;9;2.313880
2026.07.16 08:00:00;2.313790;2.314470;2.311930;2.312070;5097;0;13;2.312200
2026.07.16 09:00:00;2.312070;2.313500;2.310950;2.311850;5448;0;0;2.311850
2026.07.16 10:00:00;2.311870;2.312870;2.310690;2.311460;5498;0;3;2.311490
2026.07.16 11:00:00;2.311460;2.311870;2.309240;2.310830;5057;0;7;2.310900
2026.07.16 12:00:00;2.310790;2.311110;2.308360;2.308360;4329;0;5;2.308410
2026.07.16 13:00:00;2.308380;2.308600;2.306580;2.306950;4051;0;1;2.306960
2026.07.16 14:00:00;2.306950;2.307890;2.305730;2.306700;5580;0;2;2.306720
2026.07.16 15:00:00;2.306760;2.309750;2.306380;2.308790;7301;0;6;2.308850
2026.07.16 16:00:00;2.308790;2.310350;2.306990;2.309670;8360;0;4;2.309710
2026.07.16 17:00:00;2.309690;2.310160;2.305390;2.305780;8045;0;3;2.305810
2026.07.16 18:00:00;2.305780;2.307490;2.305580;2.307110;6710;0;1;2.307120
2026.07.16 19:00:00;2.307110;2.307730;2.306510;2.306700;5593;0;8;2.306780
2026.07.16 20:00:00;2.306700;2.307670;2.306290;2.306900;4288;0;1;2.306910
2026.07.16 21:00:00;2.306900;2.306980;2.305340;2.305530;4877;0;10;2.305630
2026.07.16 22:00:00;2.305530;2.306660;2.305440;2.306350;3743;0;8;2.306430
2026.07.16 23:00:00;2.306370;2.307040;2.306040;2.306090;1999;0;9;2.306180
2026.07.17 01:00:00;2.307200;2.307780;2.305980;2.306850;1131;0;10;2.306950
2026.07.17 02:00:00;2.306850;2.307210;2.306350;2.306950;1981;0;11;2.307060
2026.07.17 03:00:00;2.306950;2.307180;2.304970;2.305110;5281;0;8;2.305190
2026.07.17 04:00:00;2.305110;2.307240;2.304220;2.306630;6143;0;7;2.306700
2026.07.17 05:00:00;2.306630;2.308060;2.306370;2.307020;4876;0;2;2.307040
2026.07.17 06:00:00;2.307000;2.307250;2.304890;2.305580;4354;0;5;2.305630
2026.07.17 07:00:00;2.305560;2.307310;2.305500;2.306690;3890;0;7;2.306760
2026.07.17 08:00:00;2.306730;2.307420;2.305970;2.307080;4900;0;11;2.307190
2026.07.17 09:00:00;2.307080;2.307190;2.305210;2.306750;5859;0;8;2.306830
2026.07.17 10:00:00;2.306730;2.307070;2.303470;2.303580;4958;0;4;2.303620
2026.07.17 11:00:00;2.303580;2.305860;2.302660;2.305860;7011;0;11;2.305970
2026.07.17 12:00:00;2.305860;2.306890;2.303720;2.305060;5497;0;4;2.305100
2026.07.17 13:00:00;2.305060;2.305290;2.301940;2.302680;4914;0;7;2.302750
2026.07.17 14:00:00;2.302680;2.305350;2.302680;2.304390;5773;0;3;2.304420
2026.07.17 15:00:00;2.304390;2.305880;2.303550;2.304980;6174;0;1;2.304990
2026.07.17 16:00:00;2.304980;2.305300;2.303410;2.304260;8344;0;10;2.304360
2026.07.17 17:00:00;2.304260;2.305220;2.300330;2.300990;7774;0;0;2.300990
2026.07.17 18:00:00;2.300990;2.301990;2.299370;2.299370;7169;0;3;2.299400
2026.07.17 19:00:00;2.299370;2.302140;2.299350;2.301950;5842;0;4;2.301990
2026.07.17 20:00:00;2.301940;2.302320;2.301290;2.302160;4194;0;11;2.302270
2026.07.17 21:00:00;2.302160;2.303010;2.301390;2.302630;4145;0;9;2.302720
2026.07.17 22:00:00;2.302530;2.303280;2.302240;2.302980;3672;0;6;2.303040
2026.07.17 23:00:00;2.302980;2.303700;2.301400;2.301720;2223;0;8;2.301800
2026.07.20 01:00:00;2.304970;2.305430;2.303330;2.304870;2853;0;0;2.304870
2026.07.20 02:00:00;2.304870;2.304870;2.302040;2.302450;2645;0;11;2.302560
2026.07.20 03:00:00;2.302450;2.303440;2.301270;2.302600;5753;0;7;2.302670
2026.07.20 04:00:00;2.302610;2.303410;2.301700;2.302180;6942;0;6;2.302240
2026.07.20 05:00:00;2.302210;2.302250;2.298580;2.299190;5694;0;0;2.299190
2026.07.20 06:00:00;2.299190;2.299290;2.297320;2.297700;3531;0;8;2.297780
2026.07.20 07:00:00;2.297700;2.298510;2.297410;2.298470;3327;0;12;2.298590
2026.07.20 08:00:00;2.298470;2.301600;2.298350;2.301040;4564;0;1;2.301050
2026.07.20 09:00:00;2.301080;2.301790;2.300460;2.301360;4839;0;10;2.301460
2026.07.20 10:00:00;2.301380;2.301940;2.298120;2.300530;6543;0;0;2.300530
2026.07.20 11:00:00;2.300530;2.300870;2.299550;2.300680;4846;0;8;2.300760
2026.07.20 12:00:00;2.300650;2.302060;2.299460;2.301500;4812;0;11;2.301610
2026.07.20 13:00:00;2.301500;2.302200;2.300110;2.301000;4502;0;7;2.301070
2026.07.20 14:00:00;2.301000;2.301270;2.297830;2.298740;5800;0;9;2.298830
2026.07.20 15:00:00;2.298740;2.299740;2.298180;2.298570;6489;0;6;2.298630
2026.07.20 16:00:00;2.298570;2.299790;2.298140;2.299580;6355;0;5;2.299630
2026.07.20 17:00:00;2.299580;2.300930;2.298310;2.299400;7027;0;0;2.299400
2026.07.20 18:00:00;2.299380;2.299430;2.294830;2.295300;6858;0;2;2.295320
2026.07.20 19:00:00;2.295300;2.295910;2.294170;2.295910;5120;0;8;2.295990
2026.07.20 20:00:00;2.295910;2.298060;2.295590;2.297790;4164;0;14;2.297930
2026.07.20 21:00:00;2.297790;2.299860;2.297610;2.299410;3901;0;6;2.299470
2026.07.20 22:00:00;2.299440;2.300410;2.299140;2.299930;3954;0;9;2.300020
2026.07.20 23:00:00;2.299930;2.300380;2.299240;2.300010;1837;0;8;2.300090
2026.07.21 00:00:00;2.299990;2.299990;2.299990;2.299990;1;0;96;2.300950
2026.07.21 01:00:00;2.299640;2.300440;2.295550;2.297010;2286;0;0;2.297010
2026.07.21 02:00:00;2.297010;2.297430;2.294680;2.294940;2232;0;5;2.294990
2026.07.21 03:00:00;2.294940;2.295570;2.290690;2.291780;5889;0;5;2.291830
2026.07.21 04:00:00;2.291780;2.292180;2.289510;2.290200;6283;0;0;2.290200
2026.07.21 05:00:00;2.290200;2.291540;2.288000;2.290290;4554;0;0;2.290290
2026.07.21 06:00:00;2.290290;2.292360;2.290030;2.291130;3808;0;0;2.291130
2026.07.21 07:00:00;2.291140;2.292400;2.290660;2.291780;3404;0;6;2.291840
2026.07.21 08:00:00;2.291790;2.292930;2.291320;2.292810;4137;0;10;2.292910
2026.07.21 09:00:00;2.292810;2.296760;2.292550;2.293920;4585;0;0;2.293920
2026.07.21 10:00:00;2.293940;2.295160;2.293320;2.293660;4760;0;0;2.293660
2026.07.21 11:00:00;2.293660;2.294380;2.291740;2.291940;4254;0;0;2.291940
2026.07.21 12:00:00;2.291940;2.292300;2.290340;2.290740;3698;0;3;2.290770
2026.07.21 13:00:00;2.290740;2.291740;2.290230;2.291640;4577;0;6;2.291700
2026.07.21 14:00:00;2.291640;2.293140;2.291290;2.291800;4351;0;0;2.291800
2026.07.21 15:00:00;2.291810;2.293070;2.291090;2.292570;6461;0;0;2.292570
2026.07.21 16:00:00;2.292570;2.296720;2.292370;2.296470;8119;0;5;2.296520
2026.07.21 17:00:00;2.296470;2.297490;2.293940;2.294740;7639;0;0;2.294740
2026.07.21 18:00:00;2.294790;2.295020;2.292930;2.293410;5931;0;3;2.293440
2026.07.21 19:00:00;2.293410;2.294450;2.292670;2.293970;3845;0;7;2.294040
2026.07.21 20:00:00;2.293970;2.295150;2.293660;2.294690;3329;0;8;2.294770
2026.07.21 21:00:00;2.294690;2.294930;2.294110;2.294710;3875;0;4;2.294750
2026.07.21 22:00:00;2.294710;2.296100;2.294610;2.295150;3259;0;10;2.295250
2026.07.21 23:00:00;2.295170;2.296330;2.294620;2.295230;2277;0;2;2.295250
2026.07.22 00:00:00;2.294820;2.295290;2.294750;2.295130;452;0;131;2.296440
2026.07.22 01:00:00;2.295140;2.296290;2.295050;2.296190;1461;0;15;2.296340
2026.07.22 02:00:00;2.296190;2.296620;2.295470;2.296480;1721;0;0;2.296480
2026.07.22 03:00:00;2.296480;2.297800;2.294890;2.294890;5211;0;8;2.294970
2026.07.22 04:00:00;2.294890;2.296940;2.294540;2.295330;5496;0;8;2.295410
2026.07.22 05:00:00;2.295330;2.297000;2.295140;2.296760;4988;0;8;2.296840
2026.07.22 06:00:00;2.296760;2.297600;2.296000;2.296380;4289;0;7;2.296450
2026.07.22 07:00:00;2.296380;2.297670;2.296200;2.296910;3187;0;4;2.296950
2026.07.22 08:00:00;2.296940;2.298760;2.296700;2.297040;4151;0;10;2.297140
2026.07.22 09:00:00;2.296950;2.299500;2.296400;2.299030;4967;0;0;2.299030
2026.07.22 10:00:00;2.298990;2.300290;2.297410;2.299860;6126;0;1;2.299870
2026.07.22 11:00:00;2.299850;2.300780;2.298240;2.298640;5406;0;0;2.298640
2026.07.22 12:00:00;2.298640;2.299140;2.297030;2.298470;5167;0;10;2.298570
2026.07.22 13:00:00;2.298470;2.299310;2.296700;2.297720;4652;0;7;2.297790
2026.07.22 14:00:00;2.297740;2.299420;2.297490;2.297720;5300;0;0;2.297720
2026.07.22 15:00:00;2.297720;2.298300;2.296760;2.297970;5370;0;3;2.298000
2026.07.22 16:00:00;2.297970;2.300560;2.297340;2.300430;6874;0;7;2.300500
2026.07.22 17:00:00;2.300430;2.301220;2.298980;2.299120;6881;0;6;2.299180
2026.07.22 18:00:00;2.299120;2.299640;2.297740;2.297740;5649;0;9;2.297830
2026.07.22 19:00:00;2.297740;2.298840;2.297490;2.298580;4422;0;10;2.298680
2026.07.22 20:00:00;2.298580;2.299330;2.297980;2.299280;3759;0;10;2.299380
2026.07.22 21:00:00;2.299280;2.300080;2.299010;2.299980;3414;0;9;2.300070
2026.07.22 22:00:00;2.299960;2.300080;2.298960;2.299640;2841;0;11;2.299750
2026.07.22 23:00:00;2.299640;2.299710;2.297940;2.297940;2639;0;11;2.298050
2026.07.23 01:00:00;2.298710;2.301310;2.298540;2.300190;1576;0;0;2.300190
2026.07.23 02:00:00;2.300190;2.300770;2.300150;2.300520;1871;0;17;2.300690
2026.07.23 03:00:00;2.300520;2.301250;2.299380;2.300080;4617;0;13;2.300210
2026.07.23 04:00:00;2.300080;2.300690;2.298920;2.299650;6286;0;4;2.299690
2026.07.23 05:00:00;2.299650;2.302070;2.299080;2.301440;4682;0;4;2.301480
2026.07.23 06:00:00;2.301440;2.302890;2.300660;2.300820;4318;0;15;2.300970
2026.07.23 07:00:00;2.300820;2.301160;2.300200;2.300870;4078;0;12;2.300990
2026.07.23 08:00:00;2.300870;2.301460;2.299730;2.299800;4181;0;8;2.299880
2026.07.23 09:00:00;2.299760;2.300660;2.298530;2.300620;4603;0;2;2.300640
2026.07.23 10:00:00;2.300620;2.305730;2.300320;2.304080;6076;0;0;2.304080
2026.07.23 11:00:00;2.304080;2.306590;2.304050;2.306280;5609;0;5;2.306330
2026.07.23 12:00:00;2.306280;2.307510;2.305140;2.306620;4702;0;9;2.306710
2026.07.23 13:00:00;2.306610;2.307970;2.305680;2.306620;4936;0;8;2.306700
2026.07.23 14:00:00;2.306640;2.308070;2.306370;2.307700;6462;0;9;2.307790
2026.07.23 15:00:00;2.307720;2.310640;2.307040;2.309010;7264;0;0;2.309010
2026.07.23 16:00:00;2.309010;2.310460;2.307560;2.308020;9935;0;4;2.308060
2026.07.23 17:00:00;2.308020;2.308940;2.307020;2.307490;9172;0;0;2.307490
2026.07.23 18:00:00;2.307490;2.308370;2.305030;2.305090;8593;0;2;2.305110
2026.07.23 19:00:00;2.305090;2.306910;2.304740;2.306320;5891;0;5;2.306370
2026.07.23 20:00:00;2.306320;2.307670;2.305900;2.307320;6061;0;7;2.307390
2026.07.23 21:00:00;2.307320;2.308180;2.307010;2.307740;4538;0;10;2.307840
2026.07.23 22:00:00;2.307710;2.308220;2.306790;2.306960;3597;0;10;2.307060
2026.07.23 23:00:00;2.307000;2.307210;2.305910;2.306050;2026;0;11;2.306160
2026.07.24 00:00:00;2.306050;2.307050;2.306050;2.306890;57;0;115;2.308040
2026.07.24 01:00:00;2.306540;2.307500;2.306540;2.306960;1375;0;16;2.307120
2026.07.24 02:00:00;2.306960;2.307090;2.305420;2.305600;1956;0;9;2.305690
2026.07.24 03:00:00;2.305610;2.305830;2.303350;2.303710;5662;0;7;2.303780
2026.07.24 04:00:00;2.303710;2.304590;2.302520;2.303870;5711;0;8;2.303950
2026.07.24 05:00:00;2.303880;2.305260;2.303640;2.304440;4923;0;0;2.304440
2026.07.24 06:00:00;2.304460;2.304750;2.303640;2.304150;3792;0;10;2.304250
2026.07.24 07:00:00;2.304190;2.305260;2.303270;2.304900;3414;0;10;2.305000
2026.07.24 08:00:00;2.304900;2.304950;2.303630;2.304430;3991;0;0;2.304430
2026.07.24 09:00:00;2.304380;2.305020;2.303680;2.303920;5026;0;4;2.303960
2026.07.24 10:00:00;2.303920;2.304680;2.303150;2.303690;5560;0;3;2.303720
2026.07.24 11:00:00;2.303690;2.304250;2.302140;2.302340;5687;0;0;2.302340
2026.07.24 12:00:00;2.302340;2.303550;2.301400;2.301470;4821;0;6;2.301530
2026.07.24 13:00:00;2.301470;2.302860;2.300840;2.302190;4727;0;2;2.302210
2026.07.24 14:00:00;2.302190;2.302300;2.300970;2.301800;4417;0;4;2.301840
2026.07.24 15:00:00;2.301820;2.303170;2.301410;2.302830;5601;0;0;2.302830
2026.07.24 16:00:00;2.302830;2.305070;2.302600;2.304210;7295;0;3;2.304240
2026.07.24 17:00:00;2.304210;2.304350;2.300500;2.300570;7389;0;7;2.300640
2026.07.24 18:00:00;2.300570;2.301670;2.299910;2.300060;7290;0;0;2.300060
2026.07.24 19:00:00;2.300060;2.300440;2.299370;2.299790;4209;0;4;2.299830
2026.07.24 20:00:00;2.299830;2.301300;2.299800;2.301030;3942;0;0;2.301030
2026.07.24 21:00:00;2.301030;2.301880;2.300910;2.301330;3286;0;10;2.301430
2026.07.24 22:00:00;2.301330;2.301980;2.300940;2.301030;3687;0;10;2.301130
2026.07.24 23:00:00;2.301030;2.302000;2.300160;2.301360;2162;0;10;2.301460
2026.07.27 01:00:00;2.297850;2.302340;2.297270;2.302100;3332;0;0;2.302100
2026.07.27 02:00:00;2.302140;2.303340;2.301940;2.302590;2218;0;3;2.302620
2026.07.27 03:00:00;2.302590;2.302590;2.299730;2.300970;7234;0;1;2.300980
2026.07.27 04:00:00;2.300980;2.302630;2.300430;2.301630;6347;0;6;2.301690
2026.07.27 05:00:00;2.301610;2.304740;2.301560;2.304560;4695;0;0;2.304560
2026.07.27 06:00:00;2.304550;2.306470;2.304080;2.304280;3991;0;0;2.304280
2026.07.27 07:00:00;2.304290;2.304610;2.302750;2.302800;3125;0;9;2.302890
2026.07.27 08:00:00;2.302780;2.302890;2.301000;2.301730;3619;0;8;2.301810
2026.07.27 09:00:00;2.301730;2.302260;2.299690;2.300100;5414;0;5;2.300150
2026.07.27 10:00:00;2.300100;2.300810;2.298040;2.299110;6389;0;6;2.299170
2026.07.27 11:00:00;2.299050;2.300320;2.298380;2.299700;5313;0;2;2.299720
2026.07.27 12:00:00;2.299610;2.300530;2.299140;2.299520;4643;0;6;2.299580
2026.07.27 13:00:00;2.299600;2.300320;2.297720;2.298000;5025;0;7;2.298070
2026.07.27 14:00:00;2.298000;2.299560;2.297110;2.299460;4807;0;1;2.299470
2026.07.27 15:00:00;2.299460;2.300610;2.298900;2.299720;5713;0;1;2.299730
2026.07.27 16:00:00;2.299720;2.300170;2.298790;2.299490;7633;0;7;2.299560
2026.07.27 17:00:00;2.299490;2.302960;2.299190;2.300520;8190;0;2;2.300540
2026.07.27 18:00:00;2.300520;2.302650;2.300290;2.301660;6343;0;4;2.301700
2026.07.27 19:00:00;2.301660;2.302020;2.300460;2.300720;6412;0;8;2.300800
2026.07.27 20:00:00;2.300720;2.301440;2.299860;2.301210;5119;0;9;2.301300
2026.07.27 21:00:00;2.301210;2.301850;2.300760;2.301000;4618;0;10;2.301100
2026.07.27 22:00:00;2.300950;2.301420;2.300370;2.300610;3270;0;11;2.300720
2026.07.27 23:00:00;2.300590;2.301390;2.300390;2.301070;1909;0;10;2.301170
2026.07.28 00:00:00;2.301090;2.301090;2.300830;2.300830;2;0;91;2.301740
2026.07.28 01:00:00;2.301040;2.302550;2.300850;2.302110;1358;0;0;2.302110
2026.07.28 02:00:00;2.302110;2.303510;2.301940;2.303320;1433;0;9;2.303410
2026.07.28 03:00:00;2.303300;2.304120;2.302300;2.302340;4772;0;5;2.302390
2026.07.28 04:00:00;2.302340;2.304790;2.301830;2.304260;4786;0;8;2.304340
2026.07.28 05:00:00;2.304210;2.304670;2.302900;2.303700;4305;0;6;2.303760
2026.07.28 06:00:00;2.303700;2.304400;2.302040;2.304040;4553;0;5;2.304090
2026.07.28 07:00:00;2.304040;2.305480;2.303850;2.305270;3711;0;9;2.305360
2026.07.28 08:00:00;2.305270;2.305860;2.303880;2.304430;4333;0;9;2.304520
2026.07.28 09:00:00;2.304470;2.305200;2.302240;2.304470;5170;0;8;2.304550
2026.07.28 10:00:00;2.304470;2.305080;2.302700;2.303060;4470;0;9;2.303150
2026.07.28 11:00:00;2.303070;2.304810;2.302580;2.304200;5103;0;5;2.304250
2026.07.28 12:00:00;2.304210;2.304360;2.302690;2.303170;4145;0;3;2.303200
2026.07.28 13:00:00;2.303170;2.303200;2.301980;2.302550;4756;0;6;2.302610
2026.07.28 14:00:00;2.302550;2.302980;2.300770;2.301390;4974;0;0;2.301390
2026.07.28 15:00:00;2.301390;2.303680;2.301330;2.303600;4749;0;2;2.303620
2026.07.28 16:00:00;2.303600;2.304190;2.302420;2.302680;5958;0;5;2.302730
2026.07.28 17:00:00;2.302680;2.302880;2.299080;2.300380;6930;0;2;2.300400
2026.07.28 18:00:00;2.300390;2.300580;2.295680;2.296080;7974;0;0;2.296080
2026.07.28 19:00:00;2.296080;2.296520;2.294770;2.295750;5495;0;6;2.295810
2026.07.28 20:00:00;2.295750;2.297350;2.295470;2.296580;4772;0;10;2.296680
2026.07.28 21:00:00;2.296570;2.296600;2.295390;2.295630;3300;0;9;2.295720
2026.07.28 22:00:00;2.295650;2.297070;2.295230;2.296320;3019;0;8;2.296400
