Time,TrendDir,Kalman_Trend,Kalman_Z,CUSUM_Pos,CUSUM_Neg,Changepoint,Hurst,ATR_H1,SpikeRatio,ADX_D1,HoldBars,CooldownLeft,TrendTicket,HedgeTicket,Event,PnL_USD,Balance,Equity
2026.01.02 01:00,0,0.00000000,0.000,0.000,0.000,0,0.574,0.00346,0.58,31.25,0,0,0,0,IDLE_WAIT_TREND,0.00,4000.00,4000.00
2026.01.02 02:00,0,0.00000126,0.013,0.000,0.000,0,0.531,0.00367,1.40,31.25,0,0,0,0,IDLE_WAIT_TREND,0.00,4000.00,4000.00
2026.01.02 03:00,0,-0.00014672,-0.223,0.000,0.000,0,0.559,0.00373,0.98,31.25,0,0,0,0,IDLE_WAIT_TREND,0.00,4000.00,4000.00
2026.01.02 04:00,0,-0.00025120,-0.191,0.000,0.000,0,0.535,0.00364,0.71,31.25,0,0,0,0,IDLE_WAIT_TREND,0.00,4000.00,4000.00
2026.01.02 05:00,0,-0.00018363,0.193,0.000,0.000,0,0.577,0.00355,0.50,31.25,0,0,0,0,IDLE_WAIT_TREND,0.00,4000.00,4000.00
2026.01.02 06:00,0,-0.00020418,-0.089,0.000,0.000,0,0.586,0.00344,0.50,31.25,0,0,0,0,IDLE_WAIT_TREND,0.00,4000.00,4000.00
2026.01.02 07:00,0,-0.00006428,0.862,0.162,0.000,0,0.590,0.00341,0.65,31.25,0,0,0,0,IDLE_WAIT_TREND,0.00,4000.00,4000.00
2026.01.02 08:00,0,-0.00004548,0.154,0.000,0.000,0,0.608,0.00319,0.50,31.25,0,0,0,0,IDLE_WAIT_TREND,0.00,4000.00,4000.00
2026.01.02 09:00,0,-0.00000877,0.381,0.000,0.000,0,0.621,0.00297,0.75,31.25,0,0,0,0,IDLE_WAIT_TREND,0.00,4000.00,4000.00
2026.01.02 10:00,0,-0.00011842,-1.385,0.000,-0.685,0,0.623,0.00311,1.34,31.25,0,0,0,0,IDLE_WAIT_TREND,0.00,4000.00,4000.00
2026.01.02 11:00,0,-0.00026815,-2.225,0.000,-2.211,0,0.638,0.00274,1.53,31.25,0,0,0,0,IDLE_WAIT_TREND,0.00,4000.00,4000.00
2026.01.02 12:00,0,-0.00032244,-0.923,0.000,-2.434,0,0.578,0.00261,0.66,31.25,0,0,0,0,IDLE_WAIT_TREND,0.00,4000.00,4000.00
2026.01.02 13:00,0,-0.00037599,-1.018,0.000,-2.752,0,0.598,0.00265,1.01,31.25,0,0,0,0,IDLE_WAIT_TREND,0.00,4000.00,4000.00
2026.01.02 14:00,0,-0.00039626,-0.423,0.000,-2.475,0,0.590,0.00272,0.85,31.25,0,0,0,0,IDLE_WAIT_TREND,0.00,4000.00,4000.00
2026.01.02 15:00,0,-0.00036953,0.602,0.000,-1.173,0,0.593,0.00272,0.75,31.25,0,0,0,0,IDLE_WAIT_TREND,0.00,4000.00,4000.00
2026.01.02 16:00,0,-0.00027743,2.210,1.510,0.000,0,0.594,0.00268,1.70,31.25,0,0,0,0,IDLE_WAIT_TREND,0.00,4000.00,4000.00
2026.01.02 17:00,0,-0.00025073,0.675,1.485,0.000,0,0.559,0.00263,1.12,31.25,0,0,0,0,IDLE_WAIT_TREND,0.00,4000.00,4000.00
2026.01.02 18:00,0,-0.00012031,3.441,4.226,0.000,0,0.607,0.00298,2.54,31.25,0,0,0,0,IDLE_WAIT_TREND,0.00,4000.00,4000.00
2026.01.02 19:00,0,-0.00005233,1.858,5.383,0.000,0,0.605,0.00306,0.93,31.25,0,0,0,0,IDLE_WAIT_TREND,0.00,4000.00,4000.00
2026.01.02 20:00,0,-0.00006429,-0.336,4.347,0.000,0,0.604,0.00319,1.13,31.25,0,0,0,0,IDLE_WAIT_TREND,0.00,4000.00,4000.00
2026.01.02 21:00,0,-0.00006581,-0.044,3.603,0.000,0,0.596,0.00311,0.33,31.25,0,0,0,0,IDLE_WAIT_TREND,0.00,4000.00,4000.00
2026.01.02 22:00,0,-0.00008541,-0.575,2.328,0.000,0,0.586,0.00312,0.57,31.25,0,0,0,0,IDLE_WAIT_TREND,0.00,4000.00,4000.00
2026.01.02 23:00,0,-0.00009390,-0.253,1.375,0.000,0,0.626,0.00302,0.28,31.25,0,0,0,0,IDLE_WAIT_TREND,0.00,4000.00,4000.00
2026.01.05 01:00,0,-0.00011070,-0.507,0.167,0.000,0,0.607,0.00284,0.57,35.50,0,0,0,0,IDLE_WAIT_TREND,0.00,4000.00,4000.00
2026.01.05 02:00,0,-0.00007377,1.127,0.595,0.000,0,0.604,0.00287,1.63,35.50,0,0,0,0,IDLE_WAIT_TREND,0.00,4000.00,4000.00
2026.01.05 03:00,0,-0.00003606,1.161,1.056,0.000,0,0.601,0.00303,1.29,35.50,0,0,0,0,IDLE_WAIT_TREND,0.00,4000.00,4000.00
2026.01.05 04:00,0,-0.00003154,0.140,0.496,0.000,0,0.605,0.00317,1.46,35.50,0,0,0,0,IDLE_WAIT_TREND,0.00,4000.00,4000.00
2026.01.05 05:00,0,-0.00006931,-1.178,0.000,-0.478,0,0.659,0.00337,1.54,35.50,0,0,0,0,IDLE_WAIT_TREND,0.00,4000.00,4000.00
2026.01.05 06:00,0,-0.00006981,-0.016,0.000,0.000,0,0.651,0.00337,0.59,35.50,0,0,0,0,IDLE_WAIT_TREND,0.00,4000.00,4000.00
2026.01.05 07:00,0,-0.00004955,0.637,0.000,0.000,0,0.652,0.00329,1.05,35.50,0,0,0,0,IDLE_WAIT_TREND,0.00,4000.00,4000.00
2026.01.05 08:00,0,-0.00004995,-0.013,0.000,0.000,0,0.649,0.00328,0.84,35.50,0,0,0,0,IDLE_WAIT_TREND,0.00,4000.00,4000.00
2026.01.05 09:00,0,-0.00004191,0.254,0.000,0.000,0,0.577,0.00287,0.64,35.50,0,0,0,0,IDLE_WAIT_TREND,0.00,4000.00,4000.00
2026.01.05 10:00,0,-0.00002588,0.508,0.000,0.000,0,0.628,0.00291,1.17,35.50,0,0,0,0,IDLE_WAIT_TREND,0.00,4000.00,4000.00
2026.01.05 11:00,0,-0.00002450,0.044,0.000,0.000,0,0.643,0.00283,0.90,35.50,0,0,0,0,IDLE_WAIT_TREND,0.00,4000.00,4000.00
2026.01.05 12:00,0,0.00003177,1.789,1.089,0.000,0,0.629,0.00309,1.50,35.50,0,0,0,0,IDLE_WAIT_TREND,0.00,4000.00,4000.00
2026.01.05 13:00,0,0.00004829,0.526,0.915,0.000,0,0.648,0.00316,0.89,35.50,0,0,0,0,IDLE_WAIT_TREND,0.00,4000.00,4000.00
2026.01.05 14:00,0,0.00006814,0.632,0.847,0.000,0,0.628,0.00327,0.73,35.50,0,0,0,0,IDLE_WAIT_TREND,0.00,4000.00,4000.00
2026.01.05 15:00,0,0.00007848,0.330,0.477,0.000,0,0.667,0.00331,0.65,35.50,0,0,0,0,IDLE_WAIT_TREND,0.00,4000.00,4000.00
2026.01.05 16:00,0,0.00007299,-0.175,0.000,0.000,0,0.630,0.00319,0.93,35.50,0,0,0,0,IDLE_WAIT_TREND,0.00,4000.00,4000.00
2026.01.05 17:00,0,0.00006637,-0.211,0.000,0.000,0,0.582,0.00316,1.15,35.50,0,0,0,0,IDLE_WAIT_TREND,0.00,4000.00,4000.00
2026.01.05 18:00,0,0.00004567,-0.661,0.000,0.000,0,0.613,0.00315,1.40,35.50,0,0,0,0,IDLE_WAIT_TREND,0.00,4000.00,4000.00
2026.01.05 19:00,0,0.00004517,-0.016,0.000,0.000,0,0.571,0.00295,0.83,35.50,0,0,0,0,IDLE_WAIT_TREND,0.00,4000.00,4000.00
2026.01.05 20:00,0,0.00006949,0.777,0.077,0.000,0,0.579,0.00299,0.85,35.50,0,0,0,0,IDLE_WAIT_TREND,0.00,4000.00,4000.00
2026.01.05 21:00,0,0.00008663,0.547,0.000,0.000,0,0.533,0.00288,0.66,35.50,0,0,0,0,IDLE_WAIT_TREND,0.00,4000.00,4000.00
2026.01.05 22:00,0,0.00008926,0.084,0.000,0.000,0,0.545,0.00278,0.45,35.50,0,0,0,0,IDLE_WAIT_TREND,0.00,4000.00,4000.00
2026.01.05 23:00,0,0.00009827,0.288,0.000,0.000,0,0.542,0.00272,0.37,35.50,0,0,0,0,IDLE_WAIT_TREND,0.00,4000.00,4000.00
2026.01.06 00:00,0,0.00010070,0.078,0.000,0.000,0,0.532,0.00255,0.43,39.19,0,0,0,0,IDLE_WAIT_TREND,0.00,4000.00,4000.00
2026.01.06 01:00,0,0.00009689,-0.122,0.000,0.000,0,0.554,0.00245,0.44,39.19,0,0,0,0,IDLE_WAIT_TREND,0.00,4000.00,4000.00
2026.01.06 02:00,0,0.00008599,-0.348,0.000,0.000,0,0.584,0.00221,0.59,39.19,0,0,0,0,IDLE_WAIT_TREND,0.00,4000.00,4000.00
2026.01.06 03:00,0,0.00007432,-0.373,0.000,0.000,0,0.573,0.00216,0.95,39.19,0,0,0,0,IDLE_WAIT_TREND,0.00,4000.00,4000.00
2026.01.06 04:00,0,0.00005131,-0.736,0.000,-0.036,0,0.549,0.00236,2.22,39.19,0,0,0,0,IDLE_WAIT_TREND,0.00,4000.00,4000.00
2026.01.06 05:00,0,0.00001436,-1.182,0.000,-0.517,0,0.514,0.00243,1.32,39.19,0,0,0,0,IDLE_WAIT_TREND,0.00,4000.00,4000.00
2026.01.06 06:00,0,0.00002435,0.320,0.000,0.000,0,0.550,0.00241,1.08,39.19,0,0,0,0,IDLE_WAIT_TREND,0.00,4000.00,4000.00
2026.01.06 07:00,0,0.00001576,-0.275,0.000,0.000,0,0.554,0.00227,0.72,39.19,0,0,0,0,IDLE_WAIT_TREND,0.00,4000.00,4000.00
2026.01.06 08:00,0,-0.00000749,-0.744,0.000,-0.044,0,0.579,0.00213,1.19,39.19,0,0,0,0,IDLE_WAIT_TREND,0.00,4000.00,4000.00
2026.01.06 09:00,0,-0.00004409,-1.170,0.000,-0.514,0,0.546,0.00212,1.10,39.19,0,0,0,0,IDLE_WAIT_TREND,0.00,4000.00,4000.00
2026.01.06 10:00,0,-0.00006548,-0.684,0.000,-0.498,0,0.511,0.00213,1.21,39.19,0,0,0,0,IDLE_WAIT_TREND,0.00,4000.00,4000.00
2026.01.06 11:00,0,-0.00002815,1.194,0.494,0.000,0,0.550,0.00233,2.05,39.19,0,0,0,0,IDLE_WAIT_TREND,0.00,4000.00,4000.00
2026.01.06 12:00,0,-0.00001758,0.338,0.132,0.000,0,0.536,0.00247,1.31,39.19,0,0,0,0,IDLE_WAIT_TREND,0.00,4000.00,4000.00
2026.01.06 13:00,0,-0.00000569,0.380,0.000,0.000,0,0.507,0.00261,1.11,39.19,0,0,0,0,IDLE_WAIT_TREND,0.00,4000.00,4000.00
2026.01.06 14:00,0,-0.00001999,-0.458,0.000,0.000,0,0.497,0.00273,1.06,39.19,0,0,0,0,IDLE_WAIT_TREND,0.00,4000.00,4000.00
2026.01.06 15:00,0,-0.00002210,-0.067,0.000,0.000,0,0.463,0.00274,0.40,39.19,0,0,0,0,IDLE_WAIT_TREND,0.00,4000.00,4000.00
2026.01.06 16:00,0,-0.00003268,-0.338,0.000,0.000,0,0.483,0.00282,0.89,39.19,0,0,0,0,IDLE_WAIT_TREND,0.00,4000.00,4000.00
2026.01.06 17:00,0,-0.00004681,-0.452,0.000,0.000,0,0.489,0.00285,0.87,39.19,0,0,0,0,IDLE_WAIT_TREND,0.00,4000.00,4000.00
2026.01.06 18:00,0,-0.00001242,1.100,0.400,0.000,0,0.489,0.00271,1.18,39.19,0,0,0,0,IDLE_WAIT_TREND,0.00,4000.00,4000.00
2026.01.06 19:00,0,-0.00002484,-0.397,0.000,0.000,0,0.534,0.00275,1.36,39.19,0,0,0,0,IDLE_WAIT_TREND,0.00,4000.00,4000.00
2026.01.06 20:00,0,-0.00002538,-0.017,0.000,0.000,0,0.525,0.00270,0.71,39.19,0,0,0,0,IDLE_WAIT_TREND,0.00,4000.00,4000.00
2026.01.06 21:00,0,-0.00003656,-0.357,0.000,0.000,0,0.564,0.00269,0.54,39.19,0,0,0,0,IDLE_WAIT_TREND,0.00,4000.00,4000.00
2026.01.06 22:00,0,-0.00004626,-0.310,0.000,0.000,0,0.566,0.00257,0.36,39.19,0,0,0,0,IDLE_WAIT_TREND,0.00,4000.00,4000.00
2026.01.06 23:00,0,-0.00006561,-0.619,0.000,0.000,0,0.560,0.00254,0.75,39.19,0,0,0,0,IDLE_WAIT_TREND,0.00,4000.00,4000.00
2026.01.07 00:00,0,-0.00007396,-0.267,0.000,0.000,0,0.563,0.00245,0.51,42.89,0,0,0,0,IDLE_WAIT_TREND,0.00,4000.00,4000.00
2026.01.07 01:00,0,-0.00008639,-0.398,0.000,0.000,0,0.511,0.00236,1.51,42.89,0,0,0,0,IDLE_WAIT_TREND,0.00,4000.00,4000.00
2026.01.07 02:00,0,-0.00006353,0.731,0.031,0.000,0,0.560,0.00244,1.76,42.89,0,0,0,0,IDLE_WAIT_TREND,0.00,4000.00,4000.00
2026.01.07 03:00,0,-0.00005976,0.121,0.000,0.000,0,0.575,0.00249,1.48,42.89,0,0,0,0,IDLE_WAIT_TREND,0.00,4000.00,4000.00
2026.01.07 04:00,0,-0.00006518,-0.173,0.000,0.000,0,0.550,0.00255,1.45,42.89,0,0,0,0,IDLE_WAIT_TREND,0.00,4000.00,4000.00
2026.01.07 05:00,0,-0.00004948,0.502,0.000,0.000,0,0.546,0.00263,0.83,42.89,0,0,0,0,IDLE_WAIT_TREND,0.00,4000.00,4000.00
2026.01.07 06:00,0,-0.00003318,0.521,0.000,0.000,0,0.512,0.00258,0.72,42.89,0,0,0,0,IDLE_WAIT_TREND,0.00,4000.00,4000.00
2026.01.07 07:00,0,-0.00001116,0.704,0.004,0.000,0,0.561,0.00259,0.99,42.89,0,0,0,0,IDLE_WAIT_TREND,0.00,4000.00,4000.00
2026.01.07 08:00,0,0.00001239,0.753,0.058,0.000,0,0.577,0.00255,1.07,42.89,0,0,0,0,IDLE_WAIT_TREND,0.00,4000.00,4000.00
2026.01.07 09:00,0,0.00002553,0.420,0.000,0.000,0,0.491,0.00242,0.78,42.89,0,0,0,0,IDLE_WAIT_TREND,0.00,4000.00,4000.00
2026.01.07 10:00,0,-0.00000577,-1.001,0.000,-0.301,0,0.494,0.00256,1.51,42.89,0,0,0,0,IDLE_WAIT_TREND,0.00,4000.00,4000.00
2026.01.07 11:00,0,-0.00004910,-1.386,0.000,-0.987,0,0.434,0.00263,0.89,42.89,0,0,0,0,IDLE_WAIT_TREND,0.00,4000.00,4000.00
2026.01.07 12:00,0,-0.00007948,-0.972,0.000,-1.259,0,0.438,0.00268,0.64,42.89,0,0,0,0,IDLE_WAIT_TREND,0.00,4000.00,4000.00
2026.01.07 13:00,0,-0.00009543,-0.510,0.000,-1.069,0,0.443,0.00270,0.79,42.89,0,0,0,0,IDLE_WAIT_TREND,0.00,4000.00,4000.00
2026.01.07 14:00,0,-0.00010737,-0.382,0.000,-0.751,0,0.464,0.00271,0.55,42.89,0,0,0,0,IDLE_WAIT_TREND,0.00,4000.00,4000.00
2026.01.07 15:00,0,-0.00011252,-0.165,0.000,-0.216,0,0.498,0.00260,0.78,42.89,0,0,0,0,IDLE_WAIT_TREND,0.00,4000.00,4000.00
2026.01.07 16:00,0,-0.00012950,-0.543,0.000,-0.059,0,0.460,0.00248,1.03,42.89,0,0,0,0,IDLE_WAIT_TREND,0.00,4000.00,4000.00
2026.01.07 17:00,0,-0.00011717,0.394,0.000,0.000,0,0.439,0.00238,0.97,42.89,0,0,0,0,IDLE_WAIT_TREND,0.00,4000.00,4000.00
2026.01.07 18:00,0,-0.00009484,0.714,0.014,0.000,0,0.427,0.00244,1.87,42.89,0,0,0,0,IDLE_WAIT_TREND,0.00,4000.00,4000.00
2026.01.07 19:00,0,-0.00008765,0.230,0.000,0.000,0,0.472,0.00246,0.97,42.89,0,0,0,0,IDLE_WAIT_TREND,0.00,4000.00,4000.00
2026.01.07 20:00,0,-0.00009190,-0.136,0.000,0.000,0,0.434,0.00248,0.85,42.89,0,0,0,0,IDLE_WAIT_TREND,0.00,4000.00,4000.00
2026.01.07 21:00,0,-0.00010625,-0.459,0.000,0.000,0,0.403,0.00242,0.75,42.89,0,0,0,0,IDLE_WAIT_TREND,0.00,4000.00,4000.00
2026.01.07 22:00,0,-0.00010024,0.192,0.000,0.000,0,0.444,0.00234,0.67,42.89,0,0,0,0,IDLE_WAIT_TREND,0.00,4000.00,4000.00
2026.01.07 23:00,0,-0.00007441,0.826,0.126,0.000,0,0.438,0.00233,0.72,42.89,0,0,0,0,IDLE_WAIT_TREND,0.00,4000.00,4000.00
2026.01.08 00:00,0,-0.00006467,0.312,0.000,0.000,0,0.430,0.00220,0.92,41.07,0,0,0,0,IDLE_WAIT_TREND,0.00,4000.00,4000.00
2026.01.08 01:00,0,-0.00005863,0.193,0.000,0.000,0,0.422,0.00220,1.09,41.07,0,0,0,0,IDLE_WAIT_TREND,0.00,4000.00,4000.00
2026.01.08 02:00,0,-0.00005022,0.269,0.000,0.000,0,0.403,0.00217,0.61,41.07,0,0,0,0,IDLE_WAIT_TREND,0.00,4000.00,4000.00
2026.01.08 03:00,0,-0.00001219,1.216,0.516,0.000,0,0.441,0.00220,1.15,41.07,0,0,0,0,IDLE_WAIT_TREND,0.00,4000.00,4000.00
2026.01.08 04:00,0,-0.00000682,0.172,0.000,0.000,0,0.471,0.00221,0.72,41.07,0,0,0,0,IDLE_WAIT_TREND,0.00,4000.00,4000.00
2026.01.08 05:00,0,0.00002385,0.981,0.281,0.000,0,0.467,0.00225,1.15,41.07,0,0,0,0,IDLE_WAIT_TREND,0.00,4000.00,4000.00
2026.01.08 06:00,0,0.00004066,0.538,0.118,0.000,0,0.413,0.00218,0.77,41.07,0,0,0,0,IDLE_WAIT_TREND,0.00,4000.00,4000.00
2026.01.08 07:00,0,0.00006159,0.670,0.088,0.000,0,0.375,0.00212,0.67,41.07,0,0,0,0,IDLE_WAIT_TREND,0.00,4000.00,4000.00
2026.01.08 08:00,0,0.00007941,0.570,0.000,0.000,0,0.427,0.00190,0.79,41.07,0,0,0,0,IDLE_WAIT_TREND,0.00,4000.00,4000.00
2026.01.08 09:00,0,0.00011754,1.219,0.519,0.000,0,0.448,0.00202,2.02,41.07,0,0,0,0,IDLE_WAIT_TREND,0.00,4000.00,4000.00
2026.01.08 10:00,0,0.00013283,0.489,0.309,0.000,0,0.467,0.00203,1.10,41.07,0,0,0,0,IDLE_WAIT_TREND,0.00,4000.00,4000.00
2026.01.08 11:00,0,0.00015331,0.655,0.264,0.000,0,0.479,0.00212,1.41,41.07,0,0,0,0,IDLE_WAIT_TREND,0.00,4000.00,4000.00
2026.01.08 12:00,0,0.00017256,0.616,0.179,0.000,0,0.503,0.00218,1.16,41.07,0,0,0,0,IDLE_WAIT_TREND,0.00,4000.00,4000.00
2026.01.08 13:00,0,0.00017277,0.007,0.000,0.000,0,0.479,0.00219,0.82,41.07,0,0,0,0,IDLE_WAIT_TREND,0.00,4000.00,4000.00
2026.01.08 14:00,0,0.00015667,-0.515,0.000,0.000,0,0.456,0.00216,0.76,41.07,0,0,0,0,IDLE_WAIT_TREND,0.00,4000.00,4000.00
2026.01.08 15:00,0,0.00013355,-0.739,0.000,-0.039,0,0.438,0.00215,1.02,41.07,0,0,0,0,IDLE_WAIT_TREND,0.00,4000.00,4000.00
2026.01.08 16:00,0,0.00009994,-1.075,0.000,-0.414,0,0.440,0.00224,1.13,41.07,0,0,0,0,IDLE_WAIT_TREND,0.00,4000.00,4000.00
2026.01.08 17:00,0,0.00009028,-0.309,0.000,-0.023,0,0.413,0.00225,1.23,41.07,0,0,0,0,IDLE_WAIT_TREND,0.00,4000.00,4000.00
2026.01.08 18:00,0,0.00005863,-1.012,0.000,-0.336,0,0.496,0.00237,1.38,41.07,0,0,0,0,IDLE_WAIT_TREND,0.00,4000.00,4000.00
2026.01.08 19:00,0,0.00003722,-0.685,0.000,-0.320,0,0.445,0.00237,1.06,41.07,0,0,0,0,IDLE_WAIT_TREND,0.00,4000.00,4000.00
2026.01.08 20:00,0,0.00004079,0.114,0.000,0.000,0,0.432,0.00241,0.92,41.07,0,0,0,0,IDLE_WAIT_TREND,0.00,4000.00,4000.00
2026.01.08 21:00,0,0.00003766,-0.100,0.000,0.000,0,0.437,0.00238,0.45,41.07,0,0,0,0,IDLE_WAIT_TREND,0.00,4000.00,4000.00
2026.01.08 22:00,0,0.00003867,0.033,0.000,0.000,0,0.449,0.00232,0.30,41.07,0,0,0,0,IDLE_WAIT_TREND,0.00,4000.00,4000.00
2026.01.08 23:00,0,0.00003805,-0.020,0.000,0.000,0,0.489,0.00214,0.68,41.07,0,0,0,0,IDLE_WAIT_TREND,0.00,4000.00,4000.00
2026.01.09 00:16,0,0.00001861,-0.622,0.000,0.000,0,0.489,0.00214,1.07,40.55,0,0,0,0,IDLE_WAIT_TREND,0.00,4000.00,4000.00
2026.01.09 01:00,0,0.00000778,-0.346,0.000,0.000,0,0.447,0.00204,0.77,40.55,0,0,0,0,IDLE_WAIT_TREND,0.00,4000.00,4000.00
2026.01.09 02:00,0,0.00001347,0.182,0.000,0.000,0,0.512,0.00204,1.23,40.55,0,0,0,0,IDLE_WAIT_TREND,0.00,4000.00,4000.00
2026.01.09 03:00,0,0.00003513,0.693,0.000,0.000,0,0.485,0.00202,0.79,40.55,0,0,0,0,IDLE_WAIT_TREND,0.00,4000.00,4000.00
2026.01.09 04:00,0,0.00004846,0.426,0.000,0.000,0,0.506,0.00209,1.22,40.55,0,0,0,0,IDLE_WAIT_TREND,0.00,4000.00,4000.00
2026.01.09 05:00,0,0.00006182,0.427,0.000,0.000,0,0.547,0.00208,1.00,40.55,0,0,0,0,IDLE_WAIT_TREND,0.00,4000.00,4000.00
2026.01.09 06:00,0,0.00008203,0.646,0.000,0.000,0,0.532,0.00203,0.93,40.55,0,0,0,0,IDLE_WAIT_TREND,0.00,4000.00,4000.00
2026.01.09 07:00,0,0.00007283,-0.294,0.000,0.000,0,0.580,0.00195,0.84,40.55,0,0,0,0,IDLE_WAIT_TREND,0.00,4000.00,4000.00
2026.01.09 08:00,0,0.00008029,0.239,0.000,0.000,0,0.577,0.00182,0.76,40.55,0,0,0,0,IDLE_WAIT_TREND,0.00,4000.00,4000.00
2026.01.09 09:00,0,0.00008962,0.298,0.000,0.000,0,0.555,0.00176,0.95,40.55,0,0,0,0,IDLE_WAIT_TREND,0.00,4000.00,4000.00
2026.01.09 10:00,0,0.00012388,1.096,0.396,0.000,0,0.545,0.00181,1.62,40.55,0,0,0,0,IDLE_WAIT_TREND,0.00,4000.00,4000.00
2026.01.09 11:00,0,0.00011542,-0.271,0.000,0.000,0,0.565,0.00198,1.71,40.55,0,0,0,0,IDLE_WAIT_TREND,0.00,4000.00,4000.00
2026.01.09 12:00,0,0.00011401,-0.045,0.000,0.000,0,0.578,0.00201,0.56,40.55,0,0,0,0,IDLE_WAIT_TREND,0.00,4000.00,4000.00
2026.01.09 13:00,0,0.00010813,-0.188,0.000,0.000,0,0.544,0.00202,0.82,40.55,0,0,0,0,IDLE_WAIT_TREND,0.00,4000.00,4000.00
2026.01.09 14:00,0,0.00011370,0.178,0.000,0.000,0,0.590,0.00202,1.10,40.55,0,0,0,0,IDLE_WAIT_TREND,0.00,4000.00,4000.00
2026.01.09 15:00,0,0.00015009,1.164,0.464,0.000,0,0.576,0.00215,1.58,40.55,0,0,0,0,IDLE_WAIT_TREND,0.00,4000.00,4000.00
2026.01.09 16:00,0,0.00014169,-0.269,0.000,0.000,0,0.528,0.00232,2.13,40.55,0,0,0,0,IDLE_WAIT_TREND,0.00,4000.00,4000.00
2026.01.09 17:00,0,0.00011127,-0.973,0.000,-0.273,0,0.581,0.00244,1.36,40.55,0,0,0,0,IDLE_WAIT_TREND,0.00,4000.00,4000.00
2026.01.09 18:00,0,0.00009165,-0.628,0.000,-0.201,0,0.572,0.00266,2.09,40.55,0,0,0,0,IDLE_WAIT_TREND,0.00,4000.00,4000.00
2026.01.09 19:00,0,0.00006508,-0.850,0.000,-0.351,0,0.600,0.00270,1.02,40.55,0,0,0,0,IDLE_WAIT_TREND,0.00,4000.00,4000.00
2026.01.09 20:00,0,0.00004775,-0.554,0.000,-0.205,0,0.619,0.00267,0.51,40.55,0,0,0,0,IDLE_WAIT_TREND,0.00,4000.00,4000.00
2026.01.09 21:00,0,0.00003302,-0.471,0.000,0.000,0,0.625,0.00267,0.62,40.55,0,0,0,0,IDLE_WAIT_TREND,0.00,4000.00,4000.00
2026.01.09 22:00,0,0.00001593,-0.547,0.000,0.000,0,0.584,0.00264,0.41,40.55,0,0,0,0,IDLE_WAIT_TREND,0.00,4000.00,4000.00
2026.01.09 23:00,0,-0.00001464,-0.978,0.000,-0.278,0,0.520,0.00267,0.77,40.55,0,0,0,0,IDLE_WAIT_TREND,0.00,4000.00,4000.00
2026.01.12 01:00,0,-0.00004430,-0.949,0.000,-0.526,0,0.560,0.00259,0.71,41.75,0,0,0,0,IDLE_WAIT_TREND,0.00,4000.00,4000.00
2026.01.12 02:00,0,-0.00005628,-0.383,0.000,-0.210,0,0.547,0.00259,1.29,41.75,0,0,0,0,IDLE_WAIT_TREND,0.00,4000.00,4000.00
2026.01.12 03:00,0,-0.00005733,-0.034,0.000,0.000,0,0.555,0.00266,0.81,41.75,0,0,0,0,IDLE_WAIT_TREND,0.00,4000.00,4000.00
2026.01.12 04:00,0,-0.00006736,-0.321,0.000,0.000,0,0.584,0.00267,0.63,41.75,0,0,0,0,IDLE_WAIT_TREND,0.00,4000.00,4000.00
2026.01.12 05:00,0,-0.00007305,-0.182,0.000,0.000,0,0.579,0.00261,0.54,41.75,0,0,0,0,IDLE_WAIT_TREND,0.00,4000.00,4000.00
2026.01.12 06:00,0,-0.00008499,-0.382,0.000,0.000,0,0.549,0.00247,0.59,41.75,0,0,0,0,IDLE_WAIT_TREND,0.00,4000.00,4000.00
2026.01.12 07:00,0,-0.00008152,0.111,0.000,0.000,0,0.517,0.00222,0.63,41.75,0,0,0,0,IDLE_WAIT_TREND,0.00,4000.00,4000.00
2026.01.12 08:00,0,-0.00008051,0.032,0.000,0.000,0,0.527,0.00207,0.65,41.75,0,0,0,0,IDLE_WAIT_TREND,0.00,4000.00,4000.00
2026.01.12 09:00,0,-0.00006169,0.602,0.000,0.000,0,0.554,0.00183,1.17,41.75,0,0,0,0,IDLE_WAIT_TREND,0.00,4000.00,4000.00
2026.01.12 10:00,0,-0.00005876,0.094,0.000,0.000,0,0.531,0.00177,1.08,41.75,0,0,0,0,IDLE_WAIT_TREND,0.00,4000.00,4000.00
2026.01.12 11:00,0,-0.00003454,0.775,0.075,0.000,0,0.573,0.00187,1.46,41.75,0,0,0,0,IDLE_WAIT_TREND,0.00,4000.00,4000.00
2026.01.12 12:00,0,-0.00002867,0.188,0.000,0.000,0,0.530,0.00192,1.22,41.75,0,0,0,0,IDLE_WAIT_TREND,0.00,4000.00,4000.00
2026.01.12 13:00,0,-0.00000474,0.765,0.065,0.000,0,0.524,0.00197,0.87,41.75,0,0,0,0,IDLE_WAIT_TREND,0.00,4000.00,4000.00
2026.01.12 14:00,0,-0.00000986,-0.164,0.000,0.000,0,0.530,0.00201,1.30,41.75,0,0,0,0,IDLE_WAIT_TREND,0.00,4000.00,4000.00
2026.01.12 15:00,0,-0.00001579,-0.190,0.000,0.000,0,0.525,0.00204,1.12,41.75,0,0,0,0,IDLE_WAIT_TREND,0.00,4000.00,4000.00
2026.01.12 16:00,0,-0.00001243,0.108,0.000,0.000,0,0.524,0.00195,1.10,41.75,0,0,0,0,IDLE_WAIT_TREND,0.00,4000.00,4000.00
2026.01.12 17:00,0,0.00000261,0.481,0.000,0.000,0,0.497,0.00197,1.25,41.75,0,0,0,0,IDLE_WAIT_TREND,0.00,4000.00,4000.00
2026.01.12 18:00,0,-0.00000510,-0.247,0.000,0.000,0,0.530,0.00202,1.12,41.75,0,0,0,0,IDLE_WAIT_TREND,0.00,4000.00,4000.00
2026.01.12 19:00,0,-0.00002647,-0.683,0.000,0.000,0,0.578,0.00213,1.41,41.75,0,0,0,0,IDLE_WAIT_TREND,0.00,4000.00,4000.00
2026.01.12 20:00,0,-0.00006558,-1.251,0.000,-0.551,0,0.589,0.00222,1.21,41.75,0,0,0,0,IDLE_WAIT_TREND,0.00,4000.00,4000.00
2026.01.12 21:00,0,-0.00008697,-0.684,0.000,-0.535,0,0.624,0.00223,0.69,41.75,0,0,0,0,IDLE_WAIT_TREND,0.00,4000.00,4000.00
2026.01.12 22:00,0,-0.00008859,-0.052,0.000,0.000,0,0.669,0.00225,0.71,41.75,0,0,0,0,IDLE_WAIT_TREND,0.00,4000.00,4000.00
2026.01.12 23:00,0,-0.00009223,-0.116,0.000,0.000,0,0.670,0.00214,0.33,41.75,0,0,0,0,IDLE_WAIT_TREND,0.00,4000.00,4000.00
2026.01.13 00:12,0,-0.00012485,-1.043,0.000,-0.343,0,0.704,0.00222,1.35,40.11,0,0,0,0,IDLE_WAIT_TREND,0.00,4000.00,4000.00
2026.01.13 01:00,0,-0.00014606,-0.678,0.000,-0.322,0,0.725,0.00215,0.84,40.11,0,0,0,0,IDLE_WAIT_TREND,0.00,4000.00,4000.00
2026.01.13 02:00,0,-0.00014512,0.030,0.000,0.000,0,0.722,0.00210,0.79,40.11,0,0,0,0,IDLE_WAIT_TREND,0.00,4000.00,4000.00
2026.01.13 03:00,0,-0.00013070,0.461,0.000,0.000,0,0.693,0.00208,0.67,40.11,0,0,0,0,IDLE_WAIT_TREND,0.00,4000.00,4000.00
2026.01.13 04:00,0,-0.00013153,-0.027,0.000,0.000,0,0.712,0.00207,1.16,40.11,0,0,0,0,IDLE_WAIT_TREND,0.00,4000.00,4000.00
2026.01.13 05:00,0,-0.00012301,0.273,0.000,0.000,0,0.713,0.00205,0.97,40.11,0,0,0,0,IDLE_WAIT_TREND,0.00,4000.00,4000.00
2026.01.13 06:00,0,-0.00012505,-0.065,0.000,0.000,0,0.683,0.00199,0.68,40.11,0,0,0,0,IDLE_WAIT_TREND,0.00,4000.00,4000.00
2026.01.13 07:00,0,-0.00012585,-0.026,0.000,0.000,0,0.726,0.00191,0.73,40.11,0,0,0,0,IDLE_WAIT_TREND,0.00,4000.00,4000.00
2026.01.13 08:00,0,-0.00011515,0.342,0.000,0.000,0,0.703,0.00185,0.73,40.11,0,0,0,0,IDLE_WAIT_TREND,0.00,4000.00,4000.00
2026.01.13 09:00,0,-0.00008356,1.010,0.310,0.000,0,0.687,0.00179,1.23,40.11,0,0,0,0,IDLE_WAIT_TREND,0.00,4000.00,4000.00
2026.01.13 10:00,0,-0.00006097,0.723,0.333,0.000,0,0.705,0.00170,0.82,40.11,0,0,0,0,IDLE_WAIT_TREND,0.00,4000.00,4000.00
2026.01.13 11:00,0,-0.00001516,1.465,1.098,0.000,0,0.708,0.00184,1.92,40.11,0,0,0,0,IDLE_WAIT_TREND,0.00,4000.00,4000.00
2026.01.13 12:00,0,0.00001630,1.006,1.405,0.000,0,0.731,0.00186,1.04,40.11,0,0,0,0,IDLE_WAIT_TREND,0.00,4000.00,4000.00
2026.01.13 13:00,0,0.00005496,1.236,1.941,0.000,0,0.735,0.00195,0.95,40.11,0,0,0,0,IDLE_WAIT_TREND,0.00,4000.00,4000.00
2026.01.13 14:00,0,0.00006888,0.445,1.686,0.000,0,0.720,0.00186,0.95,40.11,0,0,0,0,IDLE_WAIT_TREND,0.00,4000.00,4000.00
2026.01.13 15:00,0,0.00008276,0.444,1.430,0.000,0,0.703,0.00183,0.76,40.11,0,0,0,0,IDLE_WAIT_TREND,0.00,4000.00,4000.00
2026.01.13 16:00,0,0.00008438,0.052,0.782,0.000,0,0.649,0.00214,2.83,40.11,0,0,0,0,IDLE_WAIT_TREND,0.00,4000.00,4000.00
2026.01.13 17:00,0,0.00007196,-0.397,0.000,0.000,0,0.661,0.00229,1.54,40.11,0,0,0,0,IDLE_WAIT_TREND,0.00,4000.00,4000.00
2026.01.13 18:00,0,0.00008409,0.388,0.000,0.000,0,0.629,0.00252,2.19,40.11,0,0,0,0,IDLE_WAIT_TREND,0.00,4000.00,4000.00
2026.01.13 19:00,0,0.00009393,0.315,0.000,0.000,0,0.604,0.00262,1.34,40.11,0,0,0,0,IDLE_WAIT_TREND,0.00,4000.00,4000.00
2026.01.13 20:00,0,0.00011852,0.786,0.086,0.000,0,0.608,0.00267,0.72,40.11,0,0,0,0,IDLE_WAIT_TREND,0.00,4000.00,4000.00
2026.01.13 21:00,0,0.00014423,0.822,0.209,0.000,0,0.573,0.00271,0.72,40.11,0,0,0,0,IDLE_WAIT_TREND,0.00,4000.00,4000.00
2026.01.13 22:00,0,0.00014830,0.130,0.000,0.000,0,0.591,0.00270,0.45,40.11,0,0,0,0,IDLE_WAIT_TREND,0.00,4000.00,4000.00
2026.01.13 23:00,0,0.00013587,-0.398,0.000,0.000,0,0.541,0.00263,0.49,40.11,0,0,0,0,IDLE_WAIT_TREND,0.00,4000.00,4000.00
2026.01.14 00:00,0,0.00010564,-0.967,0.000,-0.267,0,0.546,0.00268,0.78,39.24,0,0,0,0,IDLE_WAIT_TREND,0.00,4000.00,4000.00
2026.01.14 01:00,0,0.00007069,-1.118,0.000,-0.685,0,0.578,0.00258,0.81,39.24,0,0,0,0,IDLE_WAIT_TREND,0.00,4000.00,4000.00
2026.01.14 02:00,0,0.00007650,0.186,0.000,0.000,0,0.566,0.00265,1.09,39.24,0,0,0,0,IDLE_WAIT_TREND,0.00,4000.00,4000.00
2026.01.14 03:00,0,0.00008906,0.402,0.000,0.000,0,0.594,0.00262,0.54,39.24,0,0,0,0,IDLE_WAIT_TREND,0.00,4000.00,4000.00
2026.01.14 04:00,0,0.00009722,0.261,0.000,0.000,0,0.626,0.00266,0.88,39.24,0,0,0,0,IDLE_WAIT_TREND,0.00,4000.00,4000.00
2026.01.14 05:00,0,0.00007644,-0.665,0.000,0.000,0,0.549,0.00273,0.87,39.24,0,0,0,0,IDLE_WAIT_TREND,0.00,4000.00,4000.00
2026.01.14 06:00,0,0.00007129,-0.165,0.000,0.000,0,0.572,0.00239,0.59,39.24,0,0,0,0,IDLE_WAIT_TREND,0.00,4000.00,4000.00
2026.01.14 07:00,0,0.00006521,-0.194,0.000,0.000,0,0.579,0.00222,0.49,39.24,0,0,0,0,IDLE_WAIT_TREND,0.00,4000.00,4000.00
2026.01.14 08:00,0,0.00005725,-0.254,0.000,0.000,0,0.592,0.00191,0.64,39.24,0,0,0,0,IDLE_WAIT_TREND,0.00,4000.00,4000.00
2026.01.14 09:00,0,0.00003389,-0.747,0.000,-0.047,0,0.558,0.00178,0.92,39.24,0,0,0,0,IDLE_WAIT_TREND,0.00,4000.00,4000.00
2026.01.14 10:00,0,0.00002307,-0.346,0.000,0.000,0,0.568,0.00174,0.78,39.24,0,0,0,0,IDLE_WAIT_TREND,0.00,4000.00,4000.00
2026.01.14 11:00,0,0.00003758,0.464,0.000,0.000,0,0.592,0.00176,1.28,39.24,0,0,0,0,IDLE_WAIT_TREND,0.00,4000.00,4000.00
2026.01.14 12:00,0,0.00005774,0.645,0.000,0.000,0,0.644,0.00187,1.49,39.24,0,0,0,0,IDLE_WAIT_TREND,0.00,4000.00,4000.00
2026.01.14 13:00,0,0.00008915,1.005,0.305,0.000,0,0.673,0.00195,1.18,39.24,0,0,0,0,IDLE_WAIT_TREND,0.00,4000.00,4000.00
2026.01.14 14:00,0,0.00010295,0.441,0.046,0.000,0,0.676,0.00190,0.74,39.24,0,0,0,0,IDLE_WAIT_TREND,0.00,4000.00,4000.00
2026.01.14 15:00,0,0.00009868,-0.136,0.000,0.000,0,0.663,0.00186,0.86,39.24,0,0,0,0,IDLE_WAIT_TREND,0.00,4000.00,4000.00
2026.01.14 16:00,0,0.00008486,-0.442,0.000,0.000,0,0.710,0.00186,1.55,39.24,0,0,0,0,IDLE_WAIT_TREND,0.00,4000.00,4000.00
2026.01.14 17:00,0,0.00006119,-0.757,0.000,-0.057,0,0.748,0.00194,1.30,39.24,0,0,0,0,IDLE_WAIT_TREND,0.00,4000.00,4000.00
2026.01.14 18:00,0,0.00002164,-1.265,0.000,-0.622,0,0.771,0.00205,1.88,39.24,0,0,0,0,IDLE_WAIT_TREND,0.00,4000.00,4000.00
2026.01.14 19:00,0,-0.00000844,-0.962,0.000,-0.884,0,0.726,0.00208,1.39,39.24,0,0,0,0,IDLE_WAIT_TREND,0.00,4000.00,4000.00
2026.01.14 20:00,0,-0.00001319,-0.152,0.000,-0.336,0,0.704,0.00213,0.95,39.24,0,0,0,0,IDLE_WAIT_TREND,0.00,4000.00,4000.00
2026.01.14 21:00,0,-0.00004388,-0.981,0.000,-0.618,0,0.723,0.00222,1.05,39.24,0,0,0,0,IDLE_WAIT_TREND,0.00,4000.00,4000.00
2026.01.14 22:00,0,-0.00004785,-0.127,0.000,-0.045,0,0.714,0.00223,0.62,39.24,0,0,0,0,IDLE_WAIT_TREND,0.00,4000.00,4000.00
2026.01.14 23:00,0,-0.00006037,-0.401,0.000,0.000,0,0.726,0.00222,0.69,39.24,0,0,0,0,IDLE_WAIT_TREND,0.00,4000.00,4000.00
2026.01.15 00:12,0,-0.00005353,0.219,0.000,0.000,0,0.696,0.00230,1.06,39.78,0,0,0,0,IDLE_WAIT_TREND,0.00,4000.00,4000.00
2026.01.15 01:00,0,-0.00004658,0.222,0.000,0.000,0,0.698,0.00237,1.39,39.78,0,0,0,0,IDLE_WAIT_TREND,0.00,4000.00,4000.00
2026.01.15 02:00,0,-0.00001472,1.019,0.319,0.000,0,0.679,0.00269,2.68,39.78,0,0,0,0,IDLE_WAIT_TREND,0.00,4000.00,4000.00
2026.01.15 03:00,0,-0.00000636,0.267,0.000,0.000,0,0.694,0.00266,0.71,39.78,0,0,0,0,IDLE_WAIT_TREND,0.00,4000.00,4000.00
2026.01.15 04:00,0,0.00002218,0.913,0.213,0.000,0,0.720,0.00274,0.90,39.78,0,0,0,0,IDLE_WAIT_TREND,0.00,4000.00,4000.00
2026.01.15 05:00,0,0.00004747,0.809,0.322,0.000,0,0.728,0.00273,0.53,39.78,0,0,0,0,IDLE_WAIT_TREND,0.00,4000.00,4000.00
2026.01.15 06:00,0,0.00005850,0.353,0.000,0.000,0,0.697,0.00264,0.63,39.78,0,0,0,0,IDLE_WAIT_TREND,0.00,4000.00,4000.00
2026.01.15 07:00,0,0.00006356,0.162,0.000,0.000,0,0.655,0.00255,0.51,39.78,0,0,0,0,IDLE_WAIT_TREND,0.00,4000.00,4000.00
2026.01.15 08:00,0,0.00006404,0.015,0.000,0.000,0,0.632,0.00237,0.51,39.78,0,0,0,0,IDLE_WAIT_TREND,0.00,4000.00,4000.00
2026.01.15 09:00,0,0.00004214,-0.700,0.000,-0.000,0,0.639,0.00232,0.98,39.78,0,0,0,0,IDLE_WAIT_TREND,0.00,4000.00,4000.00
2026.01.15 10:00,0,0.00003372,-0.269,0.000,0.000,0,0.617,0.00236,1.10,39.78,0,0,0,0,IDLE_WAIT_TREND,0.00,4000.00,4000.00
2026.01.15 11:00,0,0.00001454,-0.614,0.000,0.000,0,0.609,0.00232,0.77,39.78,0,0,0,0,IDLE_WAIT_TREND,0.00,4000.00,4000.00
2026.01.15 12:00,0,-0.00003343,-1.534,0.000,-0.834,0,0.586,0.00243,1.16,39.78,0,0,0,0,IDLE_WAIT_TREND,0.00,4000.00,4000.00
2026.01.15 13:00,0,-0.00010733,-2.364,0.000,-2.498,0,0.576,0.00261,1.59,39.78,0,0,0,0,IDLE_WAIT_TREND,0.00,4000.00,4000.00
2026.01.15 14:00,0,-0.00012191,-0.466,0.000,-2.264,0,0.619,0.00259,0.81,39.78,0,0,0,0,IDLE_WAIT_TREND,0.00,4000.00,4000.00
2026.01.15 15:00,0,-0.00014617,-0.776,0.000,-2.340,0,0.583,0.00251,0.87,39.78,0,0,0,0,IDLE_WAIT_TREND,0.00,4000.00,4000.00
2026.01.15 16:00,0,-0.00016013,-0.446,0.000,-2.087,0,0.580,0.00219,1.24,39.78,0,0,0,0,IDLE_WAIT_TREND,0.00,4000.00,4000.00
2026.01.15 17:00,0,-0.00019490,-1.112,0.000,-2.499,0,0.596,0.00235,1.76,39.78,0,0,0,0,IDLE_WAIT_TREND,0.00,4000.00,4000.00
2026.01.15 18:00,0,-0.00021283,-0.573,0.000,-2.372,0,0.572,0.00248,1.76,39.78,0,0,0,0,IDLE_WAIT_TREND,0.00,4000.00,4000.00
2026.01.15 19:00,0,-0.00022605,-0.423,0.000,-2.095,0,0.607,0.00254,0.88,39.78,0,0,0,0,IDLE_WAIT_TREND,0.00,4000.00,4000.00
2026.01.15 20:00,0,-0.00022474,0.042,0.000,-1.353,0,0.638,0.00259,0.94,39.78,0,0,0,0,IDLE_WAIT_TREND,0.00,4000.00,4000.00
2026.01.15 21:00,0,-0.00021206,0.405,0.000,-0.248,0,0.566,0.00258,0.45,39.78,0,0,0,0,IDLE_WAIT_TREND,0.00,4000.00,4000.00
2026.01.15 22:00,0,-0.00019885,0.423,0.000,0.000,0,0.600,0.00260,0.55,39.78,0,0,0,0,IDLE_WAIT_TREND,0.00,4000.00,4000.00
2026.01.15 23:00,0,-0.00017967,0.613,0.000,0.000,0,0.558,0.00251,0.43,39.78,0,0,0,0,IDLE_WAIT_TREND,0.00,4000.00,4000.00
2026.01.16 00:31,0,-0.00018928,-0.307,0.000,0.000,0,0.600,0.00250,0.98,36.05,0,0,0,0,IDLE_WAIT_TREND,0.00,4000.00,4000.00
2026.01.16 01:00,0,-0.00019439,-0.163,0.000,0.000,0,0.579,0.00247,0.52,36.05,0,0,0,0,IDLE_WAIT_TREND,0.00,4000.00,4000.00
2026.01.16 02:00,0,-0.00018217,0.391,0.000,0.000,0,0.585,0.00243,0.97,36.05,0,0,0,0,IDLE_WAIT_TREND,0.00,4000.00,4000.00
2026.01.16 03:00,0,-0.00018174,0.014,0.000,0.000,0,0.580,0.00228,0.88,36.05,0,0,0,0,IDLE_WAIT_TREND,0.00,4000.00,4000.00
2026.01.16 04:00,0,-0.00018570,-0.127,0.000,0.000,0,0.620,0.00227,0.85,36.05,0,0,0,0,IDLE_WAIT_TREND,0.00,4000.00,4000.00
2026.01.16 05:00,0,-0.00018655,-0.027,0.000,0.000,0,0.637,0.00223,0.73,36.05,0,0,0,0,IDLE_WAIT_TREND,0.00,4000.00,4000.00
2026.01.16 06:00,0,-0.00020520,-0.596,0.000,0.000,0,0.621,0.00227,1.43,36.05,0,0,0,0,IDLE_WAIT_TREND,0.00,4000.00,4000.00
2026.01.16 07:00,0,-0.00021760,-0.397,0.000,0.000,0,0.606,0.00205,0.52,36.05,0,0,0,0,IDLE_WAIT_TREND,0.00,4000.00,4000.00
2026.01.16 08:00,0,-0.00021647,0.036,0.000,0.000,0,0.626,0.00184,0.76,36.05,0,0,0,0,IDLE_WAIT_TREND,0.00,4000.00,4000.00
2026.01.16 09:00,0,-0.00022043,-0.127,0.000,0.000,0,0.712,0.00178,0.82,36.05,0,0,0,0,IDLE_WAIT_TREND,0.00,4000.00,4000.00
2026.01.16 10:00,0,-0.00020803,0.396,0.000,0.000,0,0.694,0.00178,1.33,36.05,0,0,0,0,IDLE_WAIT_TREND,0.00,4000.00,4000.00
2026.01.16 11:00,0,-0.00019126,0.537,0.000,0.000,0,0.668,0.00185,1.18,36.05,0,0,0,0,IDLE_WAIT_TREND,0.00,4000.00,4000.00
2026.01.16 12:00,0,-0.00016589,0.811,0.111,0.000,0,0.627,0.00199,1.69,36.05,0,0,0,0,IDLE_WAIT_TREND,0.00,4000.00,4000.00
2026.01.16 13:00,0,-0.00013147,1.101,0.512,0.000,0,0.687,0.00205,0.97,36.05,0,0,0,0,IDLE_WAIT_TREND,0.00,4000.00,4000.00
2026.01.16 14:00,0,-0.00011059,0.668,0.480,0.000,0,0.662,0.00208,1.35,36.05,0,0,0,0,IDLE_WAIT_TREND,0.00,4000.00,4000.00
2026.01.16 15:00,0,-0.00009305,0.561,0.341,0.000,0,0.700,0.00218,1.22,36.05,0,0,0,0,IDLE_WAIT_TREND,0.00,4000.00,4000.00
2026.01.16 16:00,0,-0.00005908,1.086,0.728,0.000,0,0.693,0.00228,1.65,36.05,0,0,0,0,IDLE_WAIT_TREND,0.00,4000.00,4000.00
2026.01.16 17:00,0,-0.00003515,0.765,0.793,0.000,0,0.695,0.00226,0.78,36.05,0,0,0,0,IDLE_WAIT_TREND,0.00,4000.00,4000.00
2026.01.16 18:00,0,-0.00002314,0.384,0.477,0.000,0,0.671,0.00236,1.42,36.05,0,0,0,0,IDLE_WAIT_TREND,0.00,4000.00,4000.00
2026.01.16 19:00,0,-0.00002437,-0.039,0.000,0.000,0,0.678,0.00235,0.63,36.05,0,0,0,0,IDLE_WAIT_TREND,0.00,4000.00,4000.00
2026.01.16 20:00,0,-0.00003562,-0.360,0.000,0.000,0,0.688,0.00224,0.76,36.05,0,0,0,0,IDLE_WAIT_TREND,0.00,4000.00,4000.00
2026.01.16 21:00,0,-0.00004114,-0.177,0.000,0.000,0,0.687,0.00226,0.64,36.05,0,0,0,0,IDLE_WAIT_TREND,0.00,4000.00,4000.00
2026.01.16 22:00,0,-0.00005308,-0.382,0.000,0.000,0,0.683,0.00231,0.91,36.05,0,0,0,0,IDLE_WAIT_TREND,0.00,4000.00,4000.00
2026.01.16 23:00,0,-0.00006493,-0.379,0.000,0.000,0,0.636,0.00227,0.40,36.05,0,0,0,0,IDLE_WAIT_TREND,0.00,4000.00,4000.00
2026.01.19 00:11,0,-0.00007318,-0.264,0.000,0.000,0,0.647,0.00226,0.94,33.81,0,0,0,0,IDLE_WAIT_TREND,0.00,4000.00,4000.00
2026.01.19 01:00,0,-0.00011472,-1.329,0.000,-0.629,0,0.657,0.00232,0.12,33.81,0,0,0,0,IDLE_WAIT_TREND,0.00,4000.00,4000.00
2026.01.19 02:00,0,-0.00009821,0.528,0.000,0.000,0,0.653,0.00238,1.45,33.81,0,0,0,0,IDLE_WAIT_TREND,0.00,4000.00,4000.00
2026.01.19 03:00,0,-0.00008688,0.362,0.000,0.000,0,0.658,0.00242,1.03,33.81,0,0,0,0,IDLE_WAIT_TREND,0.00,4000.00,4000.00
2026.01.19 04:00,0,-0.00010566,-0.601,0.000,0.000,0,0.615,0.00250,1.58,33.81,0,0,0,0,IDLE_WAIT_TREND,0.00,4000.00,4000.00
2026.01.19 05:00,0,-0.00013598,-0.970,0.000,-0.270,0,0.626,0.00246,0.85,33.81,0,0,0,0,IDLE_WAIT_TREND,0.00,4000.00,4000.00
2026.01.19 06:00,0,-0.00016666,-0.981,0.000,-0.551,0,0.638,0.00233,0.83,33.81,0,0,0,0,IDLE_WAIT_TREND,0.00,4000.00,4000.00
2026.01.19 07:00,0,-0.00019727,-0.979,0.000,-0.830,0,0.648,0.00234,0.85,33.81,0,0,0,0,IDLE_WAIT_TREND,0.00,4000.00,4000.00
2026.01.19 08:00,0,-0.00019880,-0.049,0.000,-0.179,0,0.628,0.00219,0.54,33.81,0,0,0,0,IDLE_WAIT_TREND,0.00,4000.00,4000.00
2026.01.19 09:00,0,-0.00018009,0.598,0.000,0.000,0,0.703,0.00221,0.82,33.81,0,0,0,0,IDLE_WAIT_TREND,0.00,4000.00,4000.00
2026.01.19 10:00,0,-0.00016633,0.440,0.000,0.000,0,0.694,0.00224,0.92,33.81,0,0,0,0,IDLE_WAIT_TREND,0.00,4000.00,4000.00
2026.01.19 11:00,0,-0.00013307,1.064,0.364,0.000,0,0.707,0.00234,1.21,33.81,0,0,0,0,IDLE_WAIT_TREND,0.00,4000.00,4000.00
2026.01.19 12:00,0,-0.00012486,0.262,0.000,0.000,0,0.704,0.00237,1.09,33.81,0,0,0,0,IDLE_WAIT_TREND,0.00,4000.00,4000.00
2026.01.19 13:00,0,-0.00013911,-0.456,0.000,0.000,0,0.693,0.00253,1.21,33.81,0,0,0,0,IDLE_WAIT_TREND,0.00,4000.00,4000.00
2026.01.19 14:00,0,-0.00015184,-0.407,0.000,0.000,0,0.677,0.00246,0.48,33.81,0,0,0,0,IDLE_WAIT_TREND,0.00,4000.00,4000.00
2026.01.19 15:00,0,-0.00016517,-0.426,0.000,0.000,0,0.643,0.00234,0.60,33.81,0,0,0,0,IDLE_WAIT_TREND,0.00,4000.00,4000.00
2026.01.19 16:00,0,-0.00015327,0.380,0.000,0.000,0,0.621,0.00218,0.93,33.81,0,0,0,0,IDLE_WAIT_TREND,0.00,4000.00,4000.00
2026.01.19 17:00,0,-0.00014394,0.299,0.000,0.000,0,0.588,0.00220,1.25,33.81,0,0,0,0,IDLE_WAIT_TREND,0.00,4000.00,4000.00
2026.01.19 18:00,0,-0.00014336,0.018,0.000,0.000,0,0.603,0.00214,1.42,33.81,0,0,0,0,IDLE_WAIT_TREND,0.00,4000.00,4000.00
2026.01.19 19:00,0,-0.00014284,0.017,0.000,0.000,0,0.587,0.00213,0.93,33.81,0,0,0,0,IDLE_WAIT_TREND,0.00,4000.00,4000.00
2026.01.19 20:00,0,-0.00013726,0.179,0.000,0.000,0,0.605,0.00209,0.62,33.81,0,0,0,0,IDLE_WAIT_TREND,0.00,4000.00,4000.00
2026.01.19 21:00,0,-0.00013350,0.120,0.000,0.000,0,0.607,0.00206,0.80,33.81,0,0,0,0,IDLE_WAIT_TREND,0.00,4000.00,4000.00
2026.01.19 22:00,0,-0.00011644,0.546,0.000,0.000,0,0.551,0.00208,0.67,33.81,0,0,0,0,IDLE_WAIT_TREND,0.00,4000.00,4000.00
2026.01.19 23:00,0,-0.00011415,0.073,0.000,0.000,0,0.553,0.00210,1.02,33.81,0,0,0,0,IDLE_WAIT_TREND,0.00,4000.00,4000.00
2026.01.20 00:09,0,-0.00014897,-1.114,0.000,-0.414,0,0.527,0.00225,1.83,34.30,0,0,0,0,IDLE_WAIT_TREND,0.00,4000.00,4000.00
2026.01.20 01:00,0,-0.00016843,-0.622,0.000,-0.336,0,0.610,0.00212,0.50,34.30,0,0,0,0,IDLE_WAIT_TREND,0.00,4000.00,4000.00
2026.01.20 02:00,0,-0.00014087,0.881,0.181,0.000,0,0.599,0.00213,1.26,34.30,0,0,0,0,IDLE_WAIT_TREND,0.00,4000.00,4000.00
2026.01.20 03:00,0,-0.00015001,-0.293,0.000,0.000,0,0.595,0.00217,1.66,34.30,0,0,0,0,IDLE_WAIT_TREND,0.00,4000.00,4000.00
2026.01.20 04:00,0,-0.00018011,-0.963,0.000,-0.263,0,0.564,0.00234,1.54,34.30,0,0,0,0,IDLE_WAIT_TREND,0.00,4000.00,4000.00
2026.01.20 05:00,0,-0.00023858,-1.870,0.000,-1.433,0,0.577,0.00253,1.58,34.30,0,0,0,0,IDLE_WAIT_TREND,0.00,4000.00,4000.00
2026.01.20 06:00,0,-0.00028932,-1.623,0.000,-2.356,0,0.583,0.00255,0.93,34.30,0,0,0,0,IDLE_WAIT_TREND,0.00,4000.00,4000.00
2026.01.20 07:00,0,-0.00034629,-1.822,0.000,-3.478,0,0.642,0.00255,1.08,34.30,0,0,0,0,IDLE_WAIT_TREND,0.00,4000.00,4000.00
2026.01.20 08:00,0,-0.00036879,-0.720,0.000,-3.497,0,0.615,0.00245,0.69,34.30,0,0,0,0,IDLE_WAIT_TREND,0.00,4000.00,4000.00
2026.01.20 09:00,0,-0.00037154,-0.088,0.000,-2.885,0,0.625,0.00246,0.83,34.30,0,0,0,0,IDLE_WAIT_TREND,0.00,4000.00,4000.00
2026.01.20 10:00,0,-0.00030834,2.021,1.321,-0.164,0,0.591,0.00280,2.19,34.30,0,0,0,0,IDLE_WAIT_TREND,0.00,4000.00,4000.00
2026.01.20 11:00,0,-0.00025722,1.635,2.256,0.000,0,0.607,0.00294,1.21,34.30,0,0,0,0,IDLE_WAIT_TREND,0.00,4000.00,4000.00
2026.01.20 12:00,0,-0.00022280,1.101,2.657,0.000,0,0.594,0.00308,1.07,34.30,0,0,0,0,IDLE_WAIT_TREND,0.00,4000.00,4000.00
2026.01.20 13:00,0,-0.00017945,1.387,3.344,0.000,0,0.586,0.00318,1.13,34.30,0,0,0,0,IDLE_WAIT_TREND,0.00,4000.00,4000.00
2026.01.20 14:00,0,-0.00020960,-0.964,1.680,-0.264,0,0.605,0.00324,1.53,34.30,0,0,0,0,IDLE_WAIT_TREND,0.00,4000.00,4000.00
2026.01.20 15:00,0,-0.00023084,-0.679,0.300,-0.244,0,0.568,0.00328,0.50,34.30,0,0,0,0,IDLE_WAIT_TREND,0.00,4000.00,4000.00
2026.01.20 16:00,0,-0.00020971,0.676,0.276,0.000,0,0.584,0.00339,1.24,34.30,0,0,0,0,IDLE_WAIT_TREND,0.00,4000.00,4000.00
2026.01.20 17:00,0,-0.00019509,0.468,0.043,0.000,0,0.615,0.00332,0.78,34.30,0,0,0,0,IDLE_WAIT_TREND,0.00,4000.00,4000.00
2026.01.20 18:00,0,-0.00024527,-1.605,0.000,-0.905,0,0.651,0.00350,1.75,34.30,0,0,0,0,IDLE_WAIT_TREND,0.00,4000.00,4000.00
2026.01.20 19:00,0,-0.00023181,0.430,0.000,0.000,0,0.656,0.00344,0.90,34.30,0,0,0,0,IDLE_WAIT_TREND,0.00,4000.00,4000.00
2026.01.20 20:00,0,-0.00021889,0.413,0.000,0.000,0,0.581,0.00340,0.53,34.30,0,0,0,0,IDLE_WAIT_TREND,0.00,4000.00,4000.00
2026.01.20 21:00,0,-0.00019600,0.732,0.032,0.000,0,0.574,0.00337,0.71,34.30,0,0,0,0,IDLE_WAIT_TREND,0.00,4000.00,4000.00
2026.01.20 22:00,0,-0.00018812,0.252,0.000,0.000,0,0.604,0.00336,0.45,34.30,0,0,0,0,IDLE_WAIT_TREND,0.00,4000.00,4000.00
2026.01.20 23:00,0,-0.00017636,0.376,0.000,0.000,0,0.543,0.00335,0.56,34.30,0,0,0,0,IDLE_WAIT_TREND,0.00,4000.00,4000.00
2026.01.21 00:07,0,-0.00015637,0.640,0.000,0.000,0,0.522,0.00304,0.61,36.55,0,0,0,0,IDLE_WAIT_TREND,0.00,4000.00,4000.00
2026.01.21 01:00,0,-0.00011605,1.290,0.590,0.000,0,0.625,0.00301,1.03,36.55,0,0,0,0,IDLE_WAIT_TREND,0.00,4000.00,4000.00
2026.01.21 02:00,0,-0.00007211,1.405,1.295,0.000,0,0.637,0.00294,0.80,36.55,0,0,0,0,IDLE_WAIT_TREND,0.00,4000.00,4000.00
2026.01.21 03:00,0,-0.00002006,1.665,2.260,0.000,0,0.705,0.00291,1.09,36.55,0,0,0,0,IDLE_WAIT_TREND,0.00,4000.00,4000.00
2026.01.21 04:00,0,-0.00002602,-0.191,1.369,0.000,0,0.709,0.00283,1.38,36.55,0,0,0,0,IDLE_WAIT_TREND,0.00,4000.00,4000.00
2026.01.21 05:00,0,-0.00003547,-0.302,0.367,0.000,0,0.714,0.00285,0.68,36.55,0,0,0,0,IDLE_WAIT_TREND,0.00,4000.00,4000.00
2026.01.21 06:00,0,-0.00004700,-0.369,0.000,0.000,0,0.657,0.00265,0.52,36.55,0,0,0,0,IDLE_WAIT_TREND,0.00,4000.00,4000.00
2026.01.21 07:00,0,-0.00006957,-0.722,0.000,-0.022,0,0.663,0.00262,0.81,36.55,0,0,0,0,IDLE_WAIT_TREND,0.00,4000.00,4000.00
2026.01.21 08:00,0,-0.00010060,-0.993,0.000,-0.315,0,0.619,0.00234,0.95,36.55,0,0,0,0,IDLE_WAIT_TREND,0.00,4000.00,4000.00
2026.01.21 09:00,0,-0.00018165,-2.592,0.000,-2.207,0,0.620,0.00251,2.19,36.55,0,0,0,0,IDLE_WAIT_TREND,0.00,4000.00,4000.00
2026.01.21 10:00,0,-0.00021950,-1.211,0.000,-2.717,0,0.591,0.00255,0.94,36.55,0,0,0,0,IDLE_WAIT_TREND,0.00,4000.00,4000.00
2026.01.21 11:00,0,-0.00021874,0.024,0.000,-1.993,0,0.578,0.00255,0.95,36.55,0,0,0,0,IDLE_WAIT_TREND,0.00,4000.00,4000.00
2026.01.21 12:00,0,-0.00026402,-1.448,0.000,-2.741,0,0.602,0.00276,1.58,36.55,0,0,0,0,IDLE_WAIT_TREND,0.00,4000.00,4000.00
2026.01.21 13:00,0,-0.00028348,-0.622,0.000,-2.664,0,0.607,0.00276,0.71,36.55,0,0,0,0,IDLE_WAIT_TREND,0.00,4000.00,4000.00
2026.01.21 14:00,0,-0.00031969,-1.158,0.000,-3.122,0,0.555,0.00284,1.03,36.55,0,0,0,0,IDLE_WAIT_TREND,0.00,4000.00,4000.00
2026.01.21 15:00,0,-0.00036909,-1.580,0.000,-4.002,0,0.545,0.00285,1.16,36.55,0,0,0,0,IDLE_WAIT_TREND,0.00,4000.00,4000.00
2026.01.21 16:00,0,-0.00034641,0.725,0.025,-2.577,0,0.528,0.00300,1.48,36.55,0,0,0,0,IDLE_WAIT_TREND,0.00,4000.00,4000.00
2026.01.21 17:00,0,-0.00027397,2.317,1.643,0.000,0,0.520,0.00318,1.77,36.55,0,0,0,0,IDLE_WAIT_TREND,0.00,4000.00,4000.00
2026.01.21 18:00,0,-0.00023132,1.364,2.307,0.000,0,0.568,0.00305,0.67,36.55,0,0,0,0,IDLE_WAIT_TREND,0.00,4000.00,4000.00
2026.01.21 19:00,0,-0.00018278,1.553,3.159,0.000,0,0.563,0.00312,0.95,36.55,0,0,0,0,IDLE_WAIT_TREND,0.00,4000.00,4000.00
2026.01.21 20:00,0,-0.00013559,1.509,3.969,0.000,0,0.547,0.00322,0.86,36.55,0,0,0,0,IDLE_WAIT_TREND,0.00,4000.00,4000.00
2026.01.21 21:00,0,-0.00011346,0.708,3.976,0.000,0,0.537,0.00315,0.38,36.55,0,0,0,0,IDLE_WAIT_TREND,0.00,4000.00,4000.00
2026.01.21 22:00,0,-0.00010986,0.115,3.392,0.000,0,0.553,0.00316,0.75,36.55,0,0,0,0,IDLE_WAIT_TREND,0.00,4000.00,4000.00
2026.01.21 23:00,0,-0.00008588,0.767,3.459,0.000,0,0.574,0.00293,0.75,36.55,0,0,0,0,IDLE_WAIT_TREND,0.00,4000.00,4000.00
2026.01.22 00:05,0,-0.00006068,0.806,3.565,0.000,0,0.572,0.00291,0.72,39.52,0,0,0,0,IDLE_WAIT_TREND,0.00,4000.00,4000.00
2026.01.22 01:00,0,-0.00003988,0.665,3.530,0.000,0,0.570,0.00284,0.52,39.52,0,0,0,0,IDLE_WAIT_TREND,0.00,4000.00,4000.00
2026.01.22 02:00,0,-0.00001696,0.733,3.563,0.000,0,0.575,0.00277,1.21,39.52,0,0,0,0,IDLE_WAIT_TREND,0.00,4000.00,4000.00
2026.01.22 03:00,0,-0.00002489,-0.254,2.609,0.000,0,0.576,0.00295,1.55,39.52,0,0,0,0,IDLE_WAIT_TREND,0.00,4000.00,4000.00
2026.01.22 04:00,0,-0.00005513,-0.967,0.942,-0.267,0,0.568,0.00300,1.19,39.52,0,0,0,0,IDLE_WAIT_TREND,0.00,4000.00,4000.00
2026.01.22 05:00,0,-0.00009525,-1.283,0.000,-0.850,0,0.593,0.00291,0.70,39.52,0,0,0,0,IDLE_WAIT_TREND,0.00,4000.00,4000.00
2026.01.22 06:00,0,-0.00014483,-1.586,0.000,-1.736,0,0.603,0.00274,0.76,39.52,0,0,0,0,IDLE_WAIT_TREND,0.00,4000.00,4000.00
2026.01.22 07:00,0,-0.00014847,-0.116,0.000,-1.153,0,0.575,0.00247,0.76,39.52,0,0,0,0,IDLE_WAIT_TREND,0.00,4000.00,4000.00
2026.01.22 08:00,0,-0.00015374,-0.169,0.000,-0.621,0,0.604,0.00245,0.69,39.52,0,0,0,0,IDLE_WAIT_TREND,0.00,4000.00,4000.00
2026.01.22 09:00,0,-0.00015801,-0.137,0.000,-0.058,0,0.591,0.00238,0.83,39.52,0,0,0,0,IDLE_WAIT_TREND,0.00,4000.00,4000.00
2026.01.22 10:00,0,-0.00014490,0.419,0.000,0.000,0,0.651,0.00236,1.08,39.52,0,0,0,0,IDLE_WAIT_TREND,0.00,4000.00,4000.00
2026.01.22 11:00,0,-0.00018312,-1.223,0.000,-0.523,0,0.664,0.00258,1.63,39.52,0,0,0,0,IDLE_WAIT_TREND,0.00,4000.00,4000.00
2026.01.22 12:00,0,-0.00016005,0.738,0.038,0.000,0,0.583,0.00277,1.84,39.52,0,0,0,0,IDLE_WAIT_TREND,0.00,4000.00,4000.00
2026.01.22 13:00,0,-0.00016420,-0.133,0.000,0.000,0,0.529,0.00289,1.36,39.52,0,0,0,0,IDLE_WAIT_TREND,0.00,4000.00,4000.00
2026.01.22 14:00,0,-0.00024132,-2.467,0.000,-1.767,0,0.569,0.00330,2.36,39.52,0,0,0,0,IDLE_WAIT_TREND,0.00,4000.00,4000.00
2026.01.22 15:00,0,-0.00028496,-1.396,0.000,-2.462,0,0.487,0.00343,0.94,39.52,0,0,0,0,IDLE_WAIT_TREND,0.00,4000.00,4000.00
2026.01.22 16:00,0,-0.00036217,-2.470,0.000,-4.232,0,0.479,0.00365,1.78,39.52,0,0,0,0,IDLE_WAIT_TREND,0.00,4000.00,4000.00
2026.01.22 17:00,0,-0.00033529,0.860,0.160,-2.672,0,0.541,0.00370,1.43,39.52,0,0,0,0,IDLE_WAIT_TREND,0.00,4000.00,4000.00
2026.01.22 18:00,0,-0.00027800,1.832,1.292,-0.140,0,0.581,0.00372,1.02,39.52,0,0,0,0,IDLE_WAIT_TREND,0.00,4000.00,4000.00
2026.01.22 19:00,0,-0.00024260,1.132,1.725,0.000,0,0.641,0.00370,0.50,39.52,0,0,0,0,IDLE_WAIT_TREND,0.00,4000.00,4000.00
2026.01.22 20:00,0,-0.00023770,0.157,1.181,0.000,0,0.641,0.00373,0.66,39.52,0,0,0,0,IDLE_WAIT_TREND,0.00,4000.00,4000.00
2026.01.22 21:00,0,-0.00022277,0.478,0.959,0.000,0,0.643,0.00371,0.43,39.52,0,0,0,0,IDLE_WAIT_TREND,0.00,4000.00,4000.00
2026.01.22 22:00,0,-0.00020885,0.445,0.704,0.000,0,0.639,0.00368,0.36,39.52,0,0,0,0,IDLE_WAIT_TREND,0.00,4000.00,4000.00
2026.01.22 23:00,0,-0.00019473,0.452,0.456,0.000,0,0.616,0.00364,0.37,39.52,0,0,0,0,IDLE_WAIT_TREND,0.00,4000.00,4000.00
2026.01.23 00:00,0,-0.00028368,-2.845,0.000,-2.145,0,0.606,0.00403,2.00,42.83,0,0,0,0,IDLE_WAIT_TREND,0.00,4000.00,4000.00
2026.01.23 01:00,0,-0.00028290,0.025,0.000,-1.420,0,0.605,0.00399,0.88,42.83,0,0,0,0,IDLE_WAIT_TREND,0.00,4000.00,4000.00
2026.01.23 02:00,0,-0.00024877,1.092,0.392,0.000,0,0.587,0.00396,1.20,42.83,0,0,0,0,IDLE_WAIT_TREND,0.00,4000.00,4000.00
2026.01.23 03:00,0,-0.00021778,0.991,0.683,0.000,0,0.598,0.00382,0.50,42.83,0,0,0,0,IDLE_WAIT_TREND,0.00,4000.00,4000.00
2026.01.23 04:00,0,-0.00020753,0.328,0.311,0.000,0,0.590,0.00346,0.79,42.83,0,0,0,0,IDLE_WAIT_TREND,0.00,4000.00,4000.00
2026.01.23 05:00,0,-0.00016266,1.435,1.046,0.000,0,0.597,0.00354,1.22,42.83,0,0,0,0,IDLE_WAIT_TREND,0.00,4000.00,4000.00
2026.01.23 06:00,0,-0.00012767,1.119,1.465,0.000,0,0.642,0.00318,0.45,42.83,0,0,0,0,IDLE_WAIT_TREND,0.00,4000.00,4000.00
2026.01.23 07:00,0,-0.00010664,0.673,1.438,0.000,0,0.592,0.00293,0.63,42.83,0,0,0,0,IDLE_WAIT_TREND,0.00,4000.00,4000.00
2026.01.23 08:00,0,-0.00008111,0.817,1.554,0.000,0,0.622,0.00275,0.46,42.83,0,0,0,0,IDLE_WAIT_TREND,0.00,4000.00,4000.00
2026.01.23 09:00,0,-0.00009481,-0.438,0.416,0.000,0,0.585,0.00281,0.96,42.83,0,0,0,0,IDLE_WAIT_TREND,0.00,4000.00,4000.00
2026.01.23 10:00,0,-0.00004307,1.655,1.371,0.000,0,0.548,0.00301,1.74,42.83,0,0,0,0,IDLE_WAIT_TREND,0.00,4000.00,4000.00
2026.01.23 11:00,0,-0.00000902,1.089,1.760,0.000,0,0.562,0.00306,0.75,42.83,0,0,0,0,IDLE_WAIT_TREND,0.00,4000.00,4000.00
2026.01.23 12:00,0,0.00012999,4.446,5.506,0.000,0,0.568,0.00364,2.57,42.83,0,0,0,0,IDLE_WAIT_TREND,0.00,4000.00,4000.00
2026.01.23 13:00,0,0.00018774,1.847,6.653,0.000,0,0.559,0.00384,1.11,42.83,0,0,0,0,IDLE_WAIT_TREND,0.00,4000.00,4000.00
2026.01.23 14:00,0,0.00016668,-0.674,5.279,0.000,0,0.566,0.00359,1.25,42.83,0,0,0,0,IDLE_WAIT_TREND,0.00,4000.00,4000.00
2026.01.23 15:00,0,0.00012395,-1.367,3.213,-0.667,0,0.578,0.00355,0.83,42.83,0,0,0,0,IDLE_WAIT_TREND,0.00,4000.00,4000.00
2026.01.23 16:00,0,0.00015226,0.906,3.418,0.000,0,0.585,0.00355,1.35,42.83,0,0,0,0,IDLE_WAIT_TREND,0.00,4000.00,4000.00
2026.01.23 17:00,0,0.00013873,-0.432,2.286,0.000,0,0.578,0.00361,0.78,42.83,0,0,0,0,IDLE_WAIT_TREND,0.00,4000.00,4000.00
2026.01.23 18:00,0,0.00013857,-0.005,1.581,0.000,0,0.596,0.00365,0.91,42.83,0,0,0,0,IDLE_WAIT_TREND,0.00,4000.00,4000.00
2026.01.23 19:00,0,0.00016103,0.718,1.599,0.000,0,0.572,0.00356,0.83,42.83,0,0,0,0,IDLE_WAIT_TREND,0.00,4000.00,4000.00
2026.01.23 20:00,0,0.00018091,0.636,1.535,0.000,0,0.583,0.00363,0.69,42.83,0,0,0,0,IDLE_WAIT_TREND,0.00,4000.00,4000.00
2026.01.23 21:00,0,0.00018167,0.024,0.859,0.000,0,0.592,0.00363,0.51,42.83,0,0,0,0,IDLE_WAIT_TREND,0.00,4000.00,4000.00
2026.01.23 22:00,0,0.00018190,0.007,0.166,0.000,0,0.569,0.00365,0.42,42.83,0,0,0,0,IDLE_WAIT_TREND,0.00,4000.00,4000.00
2026.01.23 23:00,0,0.00017537,-0.209,0.000,0.000,0,0.565,0.00359,0.50,42.83,0,0,0,0,IDLE_WAIT_TREND,0.00,4000.00,4000.00
2026.01.26 00:49,0,0.00016133,-0.449,0.000,0.000,0,0.613,0.00333,0.48,45.70,0,0,0,0,IDLE_WAIT_TREND,0.00,4000.00,4000.00
2026.01.26 01:00,0,0.00015690,-0.142,0.000,0.000,0,0.612,0.00327,0.44,45.70,0,0,0,0,IDLE_WAIT_TREND,0.00,4000.00,4000.00
2026.01.26 02:00,0,0.00013102,-0.828,0.000,-0.128,0,0.653,0.00291,1.37,45.70,0,0,0,0,IDLE_WAIT_TREND,0.00,4000.00,4000.00
2026.01.26 03:00,0,0.00010223,-0.921,0.000,-0.349,0,0.679,0.00288,1.36,45.70,0,0,0,0,IDLE_WAIT_TREND,0.00,4000.00,4000.00
2026.01.26 04:00,0,0.00008491,-0.554,0.000,-0.202,0,0.649,0.00268,0.63,45.70,0,0,0,0,IDLE_WAIT_TREND,0.00,4000.00,4000.00
2026.01.26 05:00,0,0.00007438,-0.337,0.000,0.000,0,0.555,0.00261,0.75,45.70,0,0,0,0,IDLE_WAIT_TREND,0.00,4000.00,4000.00
2026.01.26 06:00,0,0.00006619,-0.262,0.000,0.000,0,0.577,0.00244,1.00,45.70,0,0,0,0,IDLE_WAIT_TREND,0.00,4000.00,4000.00
2026.01.26 07:00,0,0.00006108,-0.163,0.000,0.000,0,0.560,0.00235,0.65,45.70,0,0,0,0,IDLE_WAIT_TREND,0.00,4000.00,4000.00
2026.01.26 08:00,0,0.00006470,0.116,0.000,0.000,0,0.611,0.00222,0.67,45.70,0,0,0,0,IDLE_WAIT_TREND,0.00,4000.00,4000.00
2026.01.26 09:00,0,0.00006901,0.138,0.000,0.000,0,0.628,0.00215,0.93,45.70,0,0,0,0,IDLE_WAIT_TREND,0.00,4000.00,4000.00
2026.01.26 10:00,0,0.00004577,-0.743,0.000,-0.043,0,0.639,0.00224,1.65,45.70,0,0,0,0,IDLE_WAIT_TREND,0.00,4000.00,4000.00
2026.01.26 11:00,0,-0.00000599,-1.656,0.000,-0.999,0,0.643,0.00240,1.71,45.70,0,0,0,0,IDLE_WAIT_TREND,0.00,4000.00,4000.00
2026.01.26 12:00,0,-0.00002056,-0.466,0.000,-0.765,0,0.624,0.00248,1.09,45.70,0,0,0,0,IDLE_WAIT_TREND,0.00,4000.00,4000.00
2026.01.26 13:00,0,-0.00002870,-0.260,0.000,-0.325,0,0.647,0.00248,0.71,45.70,0,0,0,0,IDLE_WAIT_TREND,0.00,4000.00,4000.00
2026.01.26 14:00,0,-0.00004026,-0.370,0.000,0.000,0,0.666,0.00253,0.94,45.70,0,0,0,0,IDLE_WAIT_TREND,0.00,4000.00,4000.00
2026.01.26 15:00,0,-0.00004372,-0.111,0.000,0.000,0,0.627,0.00260,0.95,45.70,0,0,0,0,IDLE_WAIT_TREND,0.00,4000.00,4000.00
2026.01.26 16:00,0,-0.00003209,0.372,0.000,0.000,0,0.584,0.00247,1.00,45.70,0,0,0,0,IDLE_WAIT_TREND,0.00,4000.00,4000.00
2026.01.26 17:00,0,-0.00007277,-1.301,0.000,-0.601,0,0.574,0.00250,1.69,45.70,0,0,0,0,IDLE_WAIT_TREND,0.00,4000.00,4000.00
2026.01.26 18:00,0,-0.00009432,-0.689,0.000,-0.590,0,0.593,0.00258,1.13,45.70,0,0,0,0,IDLE_WAIT_TREND,0.00,4000.00,4000.00
2026.01.26 19:00,0,-0.00010068,-0.203,0.000,-0.094,0,0.616,0.00273,1.46,45.70,0,0,0,0,IDLE_WAIT_TREND,0.00,4000.00,4000.00
2026.01.26 20:00,0,-0.00013620,-1.136,0.000,-0.530,0,0.616,0.00281,1.26,45.70,0,0,0,0,IDLE_WAIT_TREND,0.00,4000.00,4000.00
2026.01.26 21:00,0,-0.00014181,-0.179,0.000,-0.009,0,0.586,0.00284,0.68,45.70,0,0,0,0,IDLE_WAIT_TREND,0.00,4000.00,4000.00
2026.01.26 22:00,0,-0.00010252,1.256,0.556,0.000,0,0.654,0.00299,1.22,45.70,0,0,0,0,IDLE_WAIT_TREND,0.00,4000.00,4000.00
2026.01.26 23:00,0,-0.00006206,1.294,1.151,0.000,0,0.620,0.00296,0.53,45.70,0,0,0,0,IDLE_WAIT_TREND,0.00,4000.00,4000.00
2026.01.27 00:05,0,-0.00003225,0.953,1.404,0.000,0,0.661,0.00281,0.57,48.19,0,0,0,0,IDLE_WAIT_TREND,0.00,4000.00,4000.00
2026.01.27 01:00,0,-0.00000075,1.008,1.712,0.000,0,0.625,0.00269,0.88,48.19,0,0,0,0,IDLE_WAIT_TREND,0.00,4000.00,4000.00
2026.01.27 02:00,0,0.00002069,0.686,1.697,0.000,0,0.550,0.00257,0.43,48.19,0,0,0,0,IDLE_WAIT_TREND,0.00,4000.00,4000.00
2026.01.27 03:00,0,0.00008248,1.976,2.974,0.000,0,0.568,0.00272,1.43,48.19,0,0,0,0,IDLE_WAIT_TREND,0.00,4000.00,4000.00
2026.01.27 04:00,0,0.00008964,0.229,2.503,0.000,0,0.581,0.00275,1.00,48.19,0,0,0,0,IDLE_WAIT_TREND,0.00,4000.00,4000.00
2026.01.27 05:00,0,0.00010690,0.552,2.355,0.000,0,0.589,0.00278,1.01,48.19,0,0,0,0,IDLE_WAIT_TREND,0.00,4000.00,4000.00
2026.01.27 06:00,0,0.00010998,0.099,1.753,0.000,0,0.612,0.00284,1.21,48.19,0,0,0,0,IDLE_WAIT_TREND,0.00,4000.00,4000.00
2026.01.27 07:00,0,0.00010357,-0.205,0.848,0.000,0,0.599,0.00266,0.64,48.19,0,0,0,0,IDLE_WAIT_TREND,0.00,4000.00,4000.00
2026.01.27 08:00,0,0.00008980,-0.440,0.000,0.000,0,0.587,0.00255,0.53,48.19,0,0,0,0,IDLE_WAIT_TREND,0.00,4000.00,4000.00
2026.01.27 09:00,0,0.00008448,-0.170,0.000,0.000,0,0.596,0.00239,0.70,48.19,0,0,0,0,IDLE_WAIT_TREND,0.00,4000.00,4000.00
2026.01.27 10:00,0,0.00006513,-0.619,0.000,0.000,0,0.623,0.00228,0.87,48.19,0,0,0,0,IDLE_WAIT_TREND,0.00,4000.00,4000.00
2026.01.27 11:00,0,0.00009076,0.820,0.120,0.000,0,0.589,0.00239,1.49,48.19,0,0,0,0,IDLE_WAIT_TREND,0.00,4000.00,4000.00
2026.01.27 12:00,0,0.00008658,-0.134,0.000,0.000,0,0.579,0.00236,1.34,48.19,0,0,0,0,IDLE_WAIT_TREND,0.00,4000.00,4000.00
2026.01.27 13:00,0,0.00007666,-0.317,0.000,0.000,0,0.517,0.00242,1.01,48.19,0,0,0,0,IDLE_WAIT_TREND,0.00,4000.00,4000.00
2026.01.27 14:00,0,0.00005745,-0.615,0.000,0.000,0,0.509,0.00241,0.61,48.19,0,0,0,0,IDLE_WAIT_TREND,0.00,4000.00,4000.00
2026.01.27 15:00,0,0.00004441,-0.417,0.000,0.000,0,0.537,0.00242,1.02,48.19,0,0,0,0,IDLE_WAIT_TREND,0.00,4000.00,4000.00
2026.01.27 16:00,0,0.00004127,-0.101,0.000,0.000,0,0.541,0.00250,0.93,48.19,0,0,0,0,IDLE_WAIT_TREND,0.00,4000.00,4000.00
2026.01.27 17:00,0,0.00006767,0.844,0.144,0.000,0,0.542,0.00253,1.67,48.19,0,0,0,0,IDLE_WAIT_TREND,0.00,4000.00,4000.00
2026.01.27 18:00,0,-0.00000457,-2.310,0.000,-1.610,0,0.570,0.00284,2.51,48.19,0,0,0,0,IDLE_WAIT_TREND,0.00,4000.00,4000.00
2026.01.27 19:00,0,-0.00002371,-0.612,0.000,-1.523,0,0.614,0.00289,1.23,48.19,0,0,0,0,IDLE_WAIT_TREND,0.00,4000.00,4000.00
2026.01.27 20:00,0,-0.00001689,0.218,0.000,-0.605,0,0.629,0.00284,0.95,48.19,0,0,0,0,IDLE_WAIT_TREND,0.00,4000.00,4000.00
2026.01.27 21:00,0,-0.00003168,-0.473,0.000,-0.377,0,0.615,0.00289,0.84,48.19,0,0,0,0,IDLE_WAIT_TREND,0.00,4000.00,4000.00
2026.01.27 22:00,0,-0.00004463,-0.414,0.000,-0.092,0,0.574,0.00292,0.57,48.19,0,0,0,0,IDLE_WAIT_TREND,0.00,4000.00,4000.00
2026.01.27 23:00,0,-0.00005159,-0.223,0.000,0.000,0,0.614,0.00312,1.46,48.19,0,0,0,0,IDLE_WAIT_TREND,0.00,4000.00,4000.00
2026.01.28 00:05,0,-0.00005177,-0.006,0.000,0.000,0,0.588,0.00317,0.84,49.06,0,0,0,0,IDLE_WAIT_TREND,0.00,4000.00,4000.00
2026.01.28 01:00,0,-0.00003902,0.408,0.000,0.000,0,0.583,0.00322,1.32,49.06,0,0,0,0,IDLE_WAIT_TREND,0.00,4000.00,4000.00
2026.01.28 02:00,0,0.00000588,1.436,0.736,0.000,0,0.643,0.00321,0.97,49.06,0,0,0,0,IDLE_WAIT_TREND,0.00,4000.00,4000.00
2026.01.28 03:00,0,0.00003016,0.777,0.813,0.000,0,0.646,0.00332,1.20,49.06,0,0,0,0,IDLE_WAIT_TREND,0.00,4000.00,4000.00
2026.01.28 04:00,0,0.00007531,1.444,1.557,0.000,0,0.596,0.00344,0.90,49.06,0,0,0,0,IDLE_WAIT_TREND,0.00,4000.00,4000.00
2026.01.28 05:00,0,0.00009724,0.702,1.558,0.000,0,0.645,0.00341,0.58,49.06,0,0,0,0,IDLE_WAIT_TREND,0.00,4000.00,4000.00
2026.01.28 06:00,0,0.00008307,-0.453,0.405,0.000,0,0.622,0.00345,0.87,49.06,0,0,0,0,IDLE_WAIT_TREND,0.00,4000.00,4000.00
2026.01.28 07:00,0,0.00006542,-0.565,0.000,0.000,0,0.611,0.00328,0.55,49.06,0,0,0,0,IDLE_WAIT_TREND,0.00,4000.00,4000.00
2026.01.28 08:00,0,0.00002049,-1.437,0.000,-0.737,0,0.592,0.00301,1.11,49.06,0,0,0,0,IDLE_WAIT_TREND,0.00,4000.00,4000.00
2026.01.28 09:00,0,-0.00000663,-0.867,0.000,-0.904,0,0.596,0.00290,0.70,49.06,0,0,0,0,IDLE_WAIT_TREND,0.00,4000.00,4000.00
2026.01.28 10:00,0,-0.00004505,-1.229,0.000,-1.433,0,0.593,0.00299,1.29,49.06,0,0,0,0,IDLE_WAIT_TREND,0.00,4000.00,4000.00
2026.01.28 11:00,0,-0.00008153,-1.167,0.000,-1.900,0,0.608,0.00302,0.99,49.06,0,0,0,0,IDLE_WAIT_TREND,0.00,4000.00,4000.00
2026.01.28 12:00,0,-0.00013180,-1.608,0.000,-2.808,0,0.612,0.00313,1.00,49.06,0,0,0,0,IDLE_WAIT_TREND,0.00,4000.00,4000.00
2026.01.28 13:00,0,-0.00017731,-1.456,0.000,-3.564,0,0.584,0.00301,0.94,49.06,0,0,0,0,IDLE_WAIT_TREND,0.00,4000.00,4000.00
2026.01.28 14:00,0,-0.00022102,-1.398,0.000,-4.262,0,0.602,0.00304,1.02,49.06,0,0,0,0,IDLE_WAIT_TREND,0.00,4000.00,4000.00
2026.01.28 15:00,0,-0.00018410,1.181,0.481,-2.381,0,0.573,0.00306,1.47,49.06,0,0,0,0,IDLE_WAIT_TREND,0.00,4000.00,4000.00
2026.01.28 16:00,0,-0.00019544,-0.363,0.000,-2.043,0,0.567,0.00305,1.00,49.06,0,0,0,0,IDLE_WAIT_TREND,0.00,4000.00,4000.00
2026.01.28 17:00,0,-0.00018761,0.251,0.000,-1.093,0,0.576,0.00292,0.72,49.06,0,0,0,0,IDLE_WAIT_TREND,0.00,4000.00,4000.00
2026.01.28 18:00,0,-0.00017069,0.541,0.000,0.000,0,0.555,0.00310,1.82,49.06,0,0,0,0,IDLE_WAIT_TREND,0.00,4000.00,4000.00
2026.01.28 19:00,0,-0.00014700,0.758,0.058,0.000,0,0.577,0.00312,0.75,49.06,0,0,0,0,IDLE_WAIT_TREND,0.00,4000.00,4000.00
2026.01.28 20:00,0,-0.00013428,0.407,0.000,0.000,0,0.572,0.00305,0.67,49.06,0,0,0,0,IDLE_WAIT_TREND,0.00,4000.00,4000.00
2026.01.28 21:00,0,-0.00011402,0.648,0.000,0.000,0,0.590,0.00310,0.78,49.06,0,0,0,0,IDLE_WAIT_TREND,0.00,4000.00,4000.00
2026.01.28 22:00,0,-0.00014499,-0.991,0.000,-0.291,0,0.570,0.00319,1.44,49.06,0,0,0,0,IDLE_WAIT_TREND,0.00,4000.00,4000.00
2026.01.28 23:00,0,-0.00018744,-1.358,0.000,-0.948,0,0.549,0.00335,1.29,49.06,0,0,0,0,IDLE_WAIT_TREND,0.00,4000.00,4000.00
2026.01.29 00:08,0,-0.00024913,-1.973,0.000,-2.221,0,0.539,0.00333,1.07,50.92,0,0,0,0,IDLE_WAIT_TREND,0.00,4000.00,4000.00
2026.01.29 01:00,0,-0.00027983,-0.982,0.000,-2.503,0,0.540,0.00324,0.53,50.92,0,0,0,0,IDLE_WAIT_TREND,0.00,4000.00,4000.00
2026.01.29 02:00,0,-0.00025721,0.724,0.024,-1.080,0,0.529,0.00328,1.12,50.92,0,0,0,0,IDLE_WAIT_TREND,0.00,4000.00,4000.00
2026.01.29 03:00,0,-0.00021238,1.434,0.758,0.000,0,0.529,0.00331,0.99,50.92,0,0,0,0,IDLE_WAIT_TREND,0.00,4000.00,4000.00
2026.01.29 04:00,0,-0.00017483,1.201,1.259,0.000,0,0.556,0.00328,0.81,50.92,0,0,0,0,IDLE_WAIT_TREND,0.00,4000.00,4000.00
2026.01.29 05:00,0,-0.00020095,-0.835,0.000,-0.135,0,0.505,0.00327,1.34,50.92,0,0,0,0,IDLE_WAIT_TREND,0.00,4000.00,4000.00
2026.01.29 06:00,0,-0.00025930,-1.866,0.000,-1.302,0,0.505,0.00333,1.17,50.92,0,0,0,0,IDLE_WAIT_TREND,0.00,4000.00,4000.00
2026.01.29 07:00,0,-0.00032164,-1.994,0.000,-2.596,0,0.531,0.00345,1.06,50.92,0,0,0,0,IDLE_WAIT_TREND,0.00,4000.00,4000.00
2026.01.29 08:00,0,-0.00033124,-0.307,0.000,-2.203,0,0.544,0.00322,0.78,50.92,0,0,0,0,IDLE_WAIT_TREND,0.00,4000.00,4000.00
2026.01.29 09:00,0,-0.00030767,0.754,0.054,-0.749,0,0.562,0.00323,0.74,50.92,0,0,0,0,IDLE_WAIT_TREND,0.00,4000.00,4000.00
2026.01.29 10:00,0,-0.00025300,1.749,1.102,0.000,0,0.583,0.00340,1.33,50.92,0,0,0,0,IDLE_WAIT_TREND,0.00,4000.00,4000.00
2026.01.29 11:00,0,-0.00018778,2.086,2.488,0.000,0,0.592,0.00348,1.02,50.92,0,0,0,0,IDLE_WAIT_TREND,0.00,4000.00,4000.00
2026.01.29 12:00,0,-0.00018290,0.156,1.945,0.000,0,0.562,0.00341,1.04,50.92,0,0,0,0,IDLE_WAIT_TREND,0.00,4000.00,4000.00
2026.01.29 13:00,0,-0.00015493,0.894,2.139,0.000,0,0.613,0.00331,0.89,50.92,0,0,0,0,IDLE_WAIT_TREND,0.00,4000.00,4000.00
2026.01.29 14:00,0,-0.00013856,0.524,1.963,0.000,0,0.565,0.00327,0.93,50.92,0,0,0,0,IDLE_WAIT_TREND,0.00,4000.00,4000.00
2026.01.29 15:00,0,-0.00017016,-1.011,0.252,-0.311,0,0.612,0.00342,1.11,50.92,0,0,0,0,IDLE_WAIT_TREND,0.00,4000.00,4000.00
2026.01.29 16:00,0,-0.00019917,-0.928,0.000,-0.539,0,0.552,0.00338,0.91,50.92,0,0,0,0,IDLE_WAIT_TREND,0.00,4000.00,4000.00
2026.01.29 17:00,0,-0.00015338,1.465,0.765,0.000,0,0.534,0.00349,1.38,50.92,0,0,0,0,IDLE_WAIT_TREND,0.00,4000.00,4000.00
2026.01.29 18:00,0,-0.00004272,3.539,3.604,0.000,0,0.568,0.00383,1.95,50.92,0,0,0,0,IDLE_WAIT_TREND,0.00,4000.00,4000.00
2026.01.29 19:00,0,-0.00000878,1.086,3.990,0.000,0,0.582,0.00384,1.17,50.92,0,0,0,0,IDLE_WAIT_TREND,0.00,4000.00,4000.00
2026.01.29 20:00,0,-0.00002035,-0.370,2.920,0.000,0,0.574,0.00397,1.45,50.92,0,0,0,0,IDLE_WAIT_TREND,0.00,4000.00,4000.00
2026.01.29 21:00,0,-0.00007022,-1.595,0.624,-0.895,0,0.591,0.00398,0.96,50.92,0,0,0,0,IDLE_WAIT_TREND,0.00,4000.00,4000.00
2026.01.29 22:00,0,-0.00008880,-0.594,0.000,-0.789,0,0.577,0.00396,0.54,50.92,0,0,0,0,IDLE_WAIT_TREND,0.00,4000.00,4000.00
2026.01.29 23:00,0,-0.00013484,-1.472,0.000,-1.562,0,0.581,0.00406,0.95,50.92,0,0,0,0,IDLE_WAIT_TREND,0.00,4000.00,4000.00
2026.01.30 00:00,0,-0.00016553,-0.982,0.000,-1.844,0,0.598,0.00392,0.66,53.45,0,0,0,0,IDLE_WAIT_TREND,0.00,4000.00,4000.00
2026.01.30 01:00,0,-0.00016452,0.032,0.000,-1.111,0,0.574,0.00402,1.22,53.45,0,0,0,0,IDLE_WAIT_TREND,0.00,4000.00,4000.00
2026.01.30 02:00,0,-0.00015286,0.373,0.000,-0.038,0,0.562,0.00397,0.71,53.45,0,0,0,0,IDLE_WAIT_TREND,0.00,4000.00,4000.00
2026.01.30 03:00,0,-0.00011567,1.189,0.489,0.000,0,0.578,0.00404,0.98,53.45,0,0,0,0,IDLE_WAIT_TREND,0.00,4000.00,4000.00
2026.01.30 04:00,0,-0.00008555,0.964,0.753,0.000,0,0.573,0.00404,0.77,53.45,0,0,0,0,IDLE_WAIT_TREND,0.00,4000.00,4000.00
2026.01.30 05:00,0,-0.00006474,0.665,0.718,0.000,0,0.573,0.00404,0.95,53.45,0,0,0,0,IDLE_WAIT_TREND,0.00,4000.00,4000.00
2026.01.30 06:00,0,-0.00004685,0.572,0.590,0.000,0,0.672,0.00404,0.75,53.45,0,0,0,0,IDLE_WAIT_TREND,0.00,4000.00,4000.00
2026.01.30 07:00,0,-0.00005484,-0.255,0.000,0.000,0,0.624,0.00385,0.56,53.45,0,0,0,0,IDLE_WAIT_TREND,0.00,4000.00,4000.00
2026.01.30 08:00,0,-0.00004592,0.285,0.000,0.000,0,0.561,0.00346,0.59,53.45,0,0,0,0,IDLE_WAIT_TREND,0.00,4000.00,4000.00
2026.01.30 09:00,0,-0.00000850,1.197,0.497,0.000,0,0.610,0.00344,1.22,53.45,0,0,0,0,IDLE_WAIT_TREND,0.00,4000.00,4000.00
2026.01.30 10:00,0,0.00000411,0.403,0.200,0.000,0,0.615,0.00321,0.80,53.45,0,0,0,0,IDLE_WAIT_TREND,0.00,4000.00,4000.00
2026.01.30 11:00,0,-0.00002969,-1.081,0.000,-0.381,0,0.597,0.00326,1.38,53.45,0,0,0,0,IDLE_WAIT_TREND,0.00,4000.00,4000.00
2026.01.30 12:00,0,-0.00001774,0.382,0.000,0.000,0,0.565,0.00347,1.47,53.45,0,0,0,0,IDLE_WAIT_TREND,0.00,4000.00,4000.00
2026.01.30 13:00,0,-0.00004546,-0.887,0.000,-0.187,0,0.588,0.00351,1.23,53.45,0,0,0,0,IDLE_WAIT_TREND,0.00,4000.00,4000.00
2026.01.30 14:00,0,-0.00011229,-2.137,0.000,-1.624,0,0.562,0.00361,1.11,53.45,0,0,0,0,IDLE_WAIT_TREND,0.00,4000.00,4000.00
2026.01.30 15:00,0,-0.00010460,0.246,0.000,-0.678,0,0.527,0.00359,1.30,53.45,0,0,0,0,IDLE_WAIT_TREND,0.00,4000.00,4000.00
2026.01.30 16:00,0,-0.00012017,-0.498,0.000,-0.476,0,0.549,0.00375,1.35,53.45,0,0,0,0,IDLE_WAIT_TREND,0.00,4000.00,4000.00
2026.01.30 17:00,0,-0.00021026,-2.882,0.000,-2.658,0,0.535,0.00401,1.87,53.45,0,0,0,0,IDLE_WAIT_TREND,0.00,4000.00,4000.00
2026.01.30 18:00,0,-0.00020111,0.293,0.000,-1.665,0,0.534,0.00425,1.52,53.45,0,0,0,0,IDLE_WAIT_TREND,0.00,4000.00,4000.00
2026.01.30 19:00,0,-0.00016400,1.187,0.487,0.000,0,0.534,0.00421,0.77,53.45,0,0,0,0,IDLE_WAIT_TREND,0.00,4000.00,4000.00
2026.01.30 20:00,0,-0.00010837,1.779,1.566,0.000,0,0.577,0.00425,0.85,53.45,0,0,0,0,IDLE_WAIT_TREND,0.00,4000.00,4000.00
2026.01.30 21:00,0,-0.00007735,0.992,1.859,0.000,0,0.549,0.00452,1.32,53.45,0,0,0,0,IDLE_WAIT_TREND,0.00,4000.00,4000.00
2026.01.30 22:00,0,-0.00007729,0.002,1.161,0.000,0,0.517,0.00459,0.65,53.45,0,0,0,0,IDLE_WAIT_TREND,0.00,4000.00,4000.00
2026.01.30 23:00,0,-0.00004148,1.145,1.606,0.000,0,0.546,0.00449,0.62,53.45,0,0,0,0,IDLE_WAIT_TREND,0.00,4000.00,4000.00
2026.02.02 00:34,0,-0.00002993,0.369,1.275,0.000,0,0.521,0.00442,0.37,56.29,0,0,0,0,IDLE_WAIT_TREND,0.00,4000.00,4000.00
2026.02.02 01:00,0,0.00003707,2.143,2.718,0.000,0,0.562,0.00440,0.34,56.29,0,0,0,0,IDLE_WAIT_TREND,0.00,4000.00,4000.00
2026.02.02 02:00,0,0.00007806,1.311,3.329,0.000,0,0.575,0.00459,1.69,56.29,0,0,0,0,IDLE_WAIT_TREND,0.00,4000.00,4000.00
2026.02.02 03:00,0,0.00004465,-1.068,1.561,-0.368,0,0.576,0.00466,1.15,56.29,0,0,0,0,IDLE_WAIT_TREND,0.00,4000.00,4000.00
2026.02.02 04:00,0,0.00001499,-0.949,0.000,-0.617,0,0.549,0.00461,0.72,56.29,0,0,0,0,IDLE_WAIT_TREND,0.00,4000.00,4000.00
2026.02.02 05:00,0,0.00003311,0.580,0.000,0.000,0,0.524,0.00458,0.91,56.29,0,0,0,0,IDLE_WAIT_TREND,0.00,4000.00,4000.00
2026.02.02 06:00,0,0.00004610,0.415,0.000,0.000,0,0.545,0.00444,0.70,56.29,0,0,0,0,IDLE_WAIT_TREND,0.00,4000.00,4000.00
2026.02.02 07:00,0,0.00003753,-0.274,0.000,0.000,0,0.562,0.00416,0.88,56.29,0,0,0,0,IDLE_WAIT_TREND,0.00,4000.00,4000.00
2026.02.02 08:00,0,0.00008426,1.495,0.795,0.000,0,0.534,0.00407,1.26,56.29,0,0,0,0,IDLE_WAIT_TREND,0.00,4000.00,4000.00
2026.02.02 09:00,0,0.00015608,2.297,2.392,0.000,0,0.536,0.00421,1.25,56.29,0,0,0,0,IDLE_WAIT_TREND,0.00,4000.00,4000.00
2026.02.02 10:00,0,0.00015101,-0.162,1.530,0.000,0,0.510,0.00425,0.98,56.29,0,0,0,0,IDLE_WAIT_TREND,0.00,4000.00,4000.00
2026.02.02 11:00,0,0.00015437,0.107,0.937,0.000,0,0.486,0.00410,0.92,56.29,0,0,0,0,IDLE_WAIT_TREND,0.00,4000.00,4000.00
2026.02.02 12:00,0,0.00012090,-1.070,0.000,-0.370,0,0.511,0.00414,0.87,56.29,0,0,0,0,IDLE_WAIT_TREND,0.00,4000.00,4000.00
2026.02.02 13:00,0,0.00011299,-0.253,0.000,0.000,0,0.504,0.00415,0.71,56.29,0,0,0,0,IDLE_WAIT_TREND,0.00,4000.00,4000.00
2026.02.02 14:00,0,0.00010051,-0.399,0.000,0.000,0,0.505,0.00419,0.54,56.29,0,0,0,0,IDLE_WAIT_TREND,0.00,4000.00,4000.00
2026.02.02 15:00,0,0.00006538,-1.124,0.000,-0.424,0,0.505,0.00409,0.66,56.29,0,0,0,0,IDLE_WAIT_TREND,0.00,4000.00,4000.00
2026.02.02 16:00,0,0.00002176,-1.395,0.000,-1.119,0,0.523,0.00383,1.09,56.29,0,0,0,0,IDLE_WAIT_TREND,0.00,4000.00,4000.00
2026.02.02 17:00,0,0.00000119,-0.658,0.000,-1.077,0,0.512,0.00371,0.98,56.29,0,0,0,0,IDLE_WAIT_TREND,0.00,4000.00,4000.00
2026.02.02 18:00,0,-0.00001043,-0.372,0.000,-0.749,0,0.525,0.00373,1.00,56.29,0,0,0,0,IDLE_WAIT_TREND,0.00,4000.00,4000.00
2026.02.02 19:00,0,-0.00004321,-1.048,0.000,-1.097,0,0.587,0.00368,0.93,56.29,0,0,0,0,IDLE_WAIT_TREND,0.00,4000.00,4000.00
2026.02.02 20:00,0,-0.00002427,0.606,0.000,0.000,0,0.569,0.00370,0.91,56.29,0,0,0,0,IDLE_WAIT_TREND,0.00,4000.00,4000.00
2026.02.02 21:00,0,0.00001724,1.328,0.628,0.000,0,0.596,0.00366,0.85,56.29,0,0,0,0,IDLE_WAIT_TREND,0.00,4000.00,4000.00
2026.02.02 22:00,0,0.00003051,0.424,0.352,0.000,0,0.666,0.00339,0.41,56.29,0,0,0,0,IDLE_WAIT_TREND,0.00,4000.00,4000.00
2026.02.02 23:00,0,0.00003488,0.140,0.000,0.000,0,0.611,0.00311,0.40,56.29,0,0,0,0,IDLE_WAIT_TREND,0.00,4000.00,4000.00
2026.02.03 00:07,0,0.00005555,0.661,0.000,0.000,0,0.580,0.00300,0.89,56.15,0,0,0,0,IDLE_WAIT_TREND,0.00,4000.00,4000.00
2026.02.03 01:00,0,0.00007639,0.667,0.000,0.000,0,0.621,0.00293,0.95,56.15,0,0,0,0,IDLE_WAIT_TREND,0.00,4000.00,4000.00
2026.02.03 02:00,0,0.00003091,-1.455,0.000,-0.755,0,0.613,0.00298,1.44,56.15,0,0,0,0,IDLE_WAIT_TREND,0.00,4000.00,4000.00
2026.02.03 03:00,0,-0.00002731,-1.862,0.000,-1.917,0,0.591,0.00294,0.81,56.15,0,0,0,0,IDLE_WAIT_TREND,0.00,4000.00,4000.00
2026.02.03 04:00,0,-0.00004597,-0.597,0.000,-1.814,0,0.594,0.00287,0.47,56.15,0,0,0,0,IDLE_WAIT_TREND,0.00,4000.00,4000.00
2026.02.03 05:00,0,-0.00003223,0.439,0.000,-0.674,0,0.609,0.00298,1.38,56.15,0,0,0,0,IDLE_WAIT_TREND,0.00,4000.00,4000.00
2026.02.03 06:00,0,-0.00011928,-2.784,0.000,-2.758,0,0.620,0.00325,2.45,56.15,0,0,0,0,IDLE_WAIT_TREND,0.00,4000.00,4000.00
2026.02.03 07:00,0,-0.00016622,-1.501,0.000,-3.560,0,0.579,0.00326,1.16,56.15,0,0,0,0,IDLE_WAIT_TREND,0.00,4000.00,4000.00
2026.02.03 08:00,0,-0.00018050,-0.457,0.000,-3.316,0,0.594,0.00313,0.63,56.15,0,0,0,0,IDLE_WAIT_TREND,0.00,4000.00,4000.00
2026.02.03 09:00,0,-0.00021613,-1.140,0.000,-3.756,0,0.562,0.00313,1.07,56.15,0,0,0,0,IDLE_WAIT_TREND,0.00,4000.00,4000.00
2026.02.03 10:00,0,-0.00027886,-2.006,0.000,-5.063,0,0.563,0.00325,1.59,56.15,0,0,0,0,IDLE_WAIT_TREND,0.00,4000.00,4000.00
2026.02.03 11:00,0,-0.00031846,-1.266,0.000,-5.629,0,0.576,0.00339,1.49,56.15,0,0,0,0,IDLE_WAIT_TREND,0.00,4000.00,4000.00
2026.02.03 12:00,0,-0.00029394,0.784,0.084,-4.145,0,0.590,0.00363,1.30,56.15,0,0,0,0,IDLE_WAIT_TREND,0.00,4000.00,4000.00
2026.02.03 13:00,0,-0.00027113,0.730,0.114,-2.715,0,0.574,0.00368,0.55,56.15,0,0,0,0,IDLE_WAIT_TREND,0.00,4000.00,4000.00
2026.02.03 14:00,0,-0.00025487,0.520,0.000,-1.495,0,0.550,0.00372,0.85,56.15,0,0,0,0,IDLE_WAIT_TREND,0.00,4000.00,4000.00
2026.02.03 15:00,0,-0.00022301,1.019,0.319,0.000,0,0.576,0.00367,0.60,56.15,0,0,0,0,IDLE_WAIT_TREND,0.00,4000.00,4000.00
2026.02.03 16:00,0,-0.00023370,-0.342,0.000,0.000,0,0.550,0.00365,1.08,56.15,0,0,0,0,IDLE_WAIT_TREND,0.00,4000.00,4000.00
2026.02.03 17:00,0,-0.00016645,2.151,1.451,0.000,0,0.536,0.00382,1.24,56.15,0,0,0,0,IDLE_WAIT_TREND,0.00,4000.00,4000.00
2026.02.03 18:00,0,-0.00012853,1.213,1.964,0.000,0,0.535,0.00408,1.21,56.15,0,0,0,0,IDLE_WAIT_TREND,0.00,4000.00,4000.00
2026.02.03 19:00,0,-0.00013262,-0.131,1.133,0.000,0,0.549,0.00406,0.97,56.15,0,0,0,0,IDLE_WAIT_TREND,0.00,4000.00,4000.00
2026.02.03 20:00,0,-0.00011287,0.632,1.065,0.000,0,0.549,0.00371,0.80,56.15,0,0,0,0,IDLE_WAIT_TREND,0.00,4000.00,4000.00
2026.02.03 21:00,0,-0.00011359,-0.023,0.342,0.000,0,0.552,0.00362,0.69,56.15,0,0,0,0,IDLE_WAIT_TREND,0.00,4000.00,4000.00
2026.02.03 22:00,0,-0.00011646,-0.092,0.000,0.000,0,0.556,0.00368,0.76,56.15,0,0,0,0,IDLE_WAIT_TREND,0.00,4000.00,4000.00
2026.02.03 23:00,0,-0.00014719,-0.983,0.000,-0.283,0,0.548,0.00368,0.92,56.15,0,0,0,0,IDLE_WAIT_TREND,0.00,4000.00,4000.00
2026.02.04 00:07,0,-0.00012011,0.866,0.166,0.000,0,0.535,0.00385,1.97,57.11,0,0,0,0,IDLE_WAIT_TREND,0.00,4000.00,4000.00
2026.02.04 01:00,0,-0.00011618,0.126,0.000,0.000,0,0.528,0.00375,0.96,57.11,0,0,0,0,IDLE_WAIT_TREND,0.00,4000.00,4000.00
2026.02.04 02:00,0,-0.00006325,1.693,0.993,0.000,0,0.544,0.00375,1.24,57.11,0,0,0,0,IDLE_WAIT_TREND,0.00,4000.00,4000.00
2026.02.04 03:00,0,-0.00001849,1.432,1.725,0.000,0,0.544,0.00384,0.85,57.11,0,0,0,0,IDLE_WAIT_TREND,0.00,4000.00,4000.00
2026.02.04 04:00,0,0.00001848,1.182,2.207,0.000,0,0.517,0.00387,0.92,57.11,0,0,0,0,IDLE_WAIT_TREND,0.00,4000.00,4000.00
2026.02.04 05:00,0,0.00007059,1.667,3.174,0.000,0,0.515,0.00396,0.89,57.11,0,0,0,0,IDLE_WAIT_TREND,0.00,4000.00,4000.00
2026.02.04 06:00,0,0.00011633,1.463,3.937,0.000,0,0.507,0.00384,0.60,57.11,0,0,0,0,IDLE_WAIT_TREND,0.00,4000.00,4000.00
2026.02.04 07:00,0,0.00015209,1.144,4.380,0.000,0,0.529,0.00368,0.67,57.11,0,0,0,0,IDLE_WAIT_TREND,0.00,4000.00,4000.00
2026.02.04 08:00,0,0.00014244,-0.309,3.372,0.000,0,0.531,0.00356,0.91,57.11,0,0,0,0,IDLE_WAIT_TREND,0.00,4000.00,4000.00
2026.02.04 09:00,0,0.00010310,-1.258,1.413,-0.558,0,0.531,0.00346,0.75,57.11,0,0,0,0,IDLE_WAIT_TREND,0.00,4000.00,4000.00
2026.02.04 10:00,0,0.00009946,-0.116,0.597,0.000,0,0.540,0.00350,0.97,57.11,0,0,0,0,IDLE_WAIT_TREND,0.00,4000.00,4000.00
2026.02.04 11:00,0,0.00009972,0.008,0.000,0.000,0,0.597,0.00350,0.73,57.11,0,0,0,0,IDLE_WAIT_TREND,0.00,4000.00,4000.00
2026.02.04 12:00,0,0.00016450,2.072,1.372,0.000,0,0.573,0.00373,1.60,57.11,0,0,0,0,IDLE_WAIT_TREND,0.00,4000.00,4000.00
2026.02.04 13:00,0,0.00024370,2.533,3.205,0.000,0,0.598,0.00375,1.00,57.11,0,0,0,0,IDLE_WAIT_TREND,0.00,4000.00,4000.00
2026.02.04 14:00,0,0.00025659,0.412,2.917,0.000,0,0.572,0.00339,0.74,57.11,0,0,0,0,IDLE_WAIT_TREND,0.00,4000.00,4000.00
2026.02.04 15:00,0,0.00023433,-0.712,1.505,-0.012,0,0.522,0.00334,0.88,57.11,0,0,0,0,IDLE_WAIT_TREND,0.00,4000.00,4000.00
2026.02.04 16:00,0,0.00019744,-1.180,0.000,-0.492,0,0.566,0.00318,0.75,57.11,0,0,0,0,IDLE_WAIT_TREND,0.00,4000.00,4000.00
2026.02.04 17:00,0,0.00019489,-0.082,0.000,0.000,0,0.567,0.00324,1.26,57.11,0,0,0,0,IDLE_WAIT_TREND,0.00,4000.00,4000.00
2026.02.04 18:00,0,0.00018315,-0.375,0.000,0.000,0,0.562,0.00333,1.46,57.11,0,0,0,0,IDLE_WAIT_TREND,0.00,4000.00,4000.00
2026.02.04 19:00,0,0.00015554,-0.883,0.000,-0.183,0,0.547,0.00329,0.91,57.11,0,0,0,0,IDLE_WAIT_TREND,0.00,4000.00,4000.00
2026.02.04 20:00,0,0.00017288,0.554,0.000,0.000,0,0.580,0.00354,1.64,57.11,0,0,0,0,IDLE_WAIT_TREND,0.00,4000.00,4000.00
2026.02.04 21:00,0,0.00017021,-0.085,0.000,0.000,0,0.574,0.00354,0.71,57.11,0,0,0,0,IDLE_WAIT_TREND,0.00,4000.00,4000.00
2026.02.04 22:00,0,0.00012864,-1.330,0.000,-0.630,0,0.601,0.00363,1.24,57.11,0,0,0,0,IDLE_WAIT_TREND,0.00,4000.00,4000.00
2026.02.04 23:00,0,0.00008981,-1.242,0.000,-1.172,0,0.580,0.00363,0.71,57.11,0,0,0,0,IDLE_WAIT_TREND,0.00,4000.00,4000.00
2026.02.05 00:05,0,0.00006431,-0.816,0.000,-1.287,0,0.577,0.00353,0.54,57.58,0,0,0,0,IDLE_WAIT_TREND,0.00,4000.00,4000.00
2026.02.05 01:00,0,0.00004670,-0.563,0.000,-1.150,0,0.563,0.00368,1.29,57.58,0,0,0,0,IDLE_WAIT_TREND,0.00,4000.00,4000.00
2026.02.05 02:00,0,0.00005077,0.130,0.000,-0.320,0,0.579,0.00343,0.71,57.58,0,0,0,0,IDLE_WAIT_TREND,0.00,4000.00,4000.00
2026.02.05 03:00,0,0.00002496,-0.825,0.000,-0.446,0,0.613,0.00341,1.00,57.58,0,0,0,0,IDLE_WAIT_TREND,0.00,4000.00,4000.00
2026.02.05 04:00,0,0.00003097,0.192,0.000,0.000,0,0.623,0.00343,0.83,57.58,0,0,0,0,IDLE_WAIT_TREND,0.00,4000.00,4000.00
2026.02.05 05:00,0,0.00008388,1.692,0.992,0.000,0,0.585,0.00362,1.55,57.58,0,0,0,0,IDLE_WAIT_TREND,0.00,4000.00,4000.00
2026.02.05 06:00,0,0.00009430,0.333,0.626,0.000,0,0.589,0.00366,0.81,57.58,0,0,0,0,IDLE_WAIT_TREND,0.00,4000.00,4000.00
2026.02.05 07:00,0,0.00008449,-0.314,0.000,0.000,0,0.626,0.00352,0.60,57.58,0,0,0,0,IDLE_WAIT_TREND,0.00,4000.00,4000.00
2026.02.05 08:00,0,0.00005909,-0.812,0.000,-0.112,0,0.607,0.00337,0.80,57.58,0,0,0,0,IDLE_WAIT_TREND,0.00,4000.00,4000.00
2026.02.05 09:00,0,0.00003353,-0.817,0.000,-0.230,0,0.613,0.00330,0.63,57.58,0,0,0,0,IDLE_WAIT_TREND,0.00,4000.00,4000.00
2026.02.05 10:00,0,0.00002166,-0.380,0.000,0.000,0,0.589,0.00308,0.85,57.58,0,0,0,0,IDLE_WAIT_TREND,0.00,4000.00,4000.00
2026.02.05 11:00,0,-0.00004036,-1.984,0.000,-1.284,0,0.605,0.00318,1.22,57.58,0,0,0,0,IDLE_WAIT_TREND,0.00,4000.00,4000.00
2026.02.05 12:00,0,-0.00011525,-2.395,0.000,-2.979,0,0.626,0.00346,2.44,57.58,0,0,0,0,IDLE_WAIT_TREND,0.00,4000.00,4000.00
2026.02.05 13:00,0,-0.00015314,-1.212,0.000,-3.491,0,0.625,0.00347,0.79,57.58,0,0,0,0,IDLE_WAIT_TREND,0.00,4000.00,4000.00
2026.02.05 14:00,0,-0.00013920,0.446,0.000,-2.345,0,0.617,0.00369,1.35,57.58,0,0,0,0,IDLE_WAIT_TREND,0.00,4000.00,4000.00
2026.02.05 15:00,0,-0.00019642,-1.830,0.000,-3.475,0,0.571,0.00400,2.29,57.58,0,0,0,0,IDLE_WAIT_TREND,0.00,4000.00,4000.00
2026.02.05 16:00,0,-0.00023417,-1.208,0.000,-3.983,0,0.585,0.00408,0.87,57.58,0,0,0,0,IDLE_WAIT_TREND,0.00,4000.00,4000.00
2026.02.05 17:00,0,-0.00030061,-2.125,0.000,-5.408,0,0.567,0.00424,1.35,57.58,0,0,0,0,IDLE_WAIT_TREND,0.00,4000.00,4000.00
2026.02.05 18:00,0,-0.00030393,-0.106,0.000,-4.814,0,0.581,0.00448,1.37,57.58,0,0,0,0,IDLE_WAIT_TREND,0.00,4000.00,4000.00
2026.02.05 19:00,0,-0.00031361,-0.310,0.000,-4.423,0,0.619,0.00426,0.61,57.58,0,0,0,0,IDLE_WAIT_TREND,0.00,4000.00,4000.00
2026.02.05 20:00,0,-0.00028038,1.063,0.363,-2.660,0,0.598,0.00421,0.53,57.58,0,0,0,0,IDLE_WAIT_TREND,0.00,4000.00,4000.00
2026.02.05 21:00,0,-0.00022810,1.672,1.335,-0.288,0,0.597,0.00423,0.57,57.58,0,0,0,0,IDLE_WAIT_TREND,0.00,4000.00,4000.00
2026.02.05 22:00,0,-0.00015498,2.339,2.974,0.000,0,0.547,0.00430,0.86,57.58,0,0,0,0,IDLE_WAIT_TREND,0.00,4000.00,4000.00
2026.02.05 23:00,0,-0.00007136,2.674,4.948,0.000,0,0.582,0.00446,0.96,57.58,0,0,0,0,IDLE_WAIT_TREND,0.00,4000.00,4000.00
2026.02.06 00:06,1,0.00001856,2.876,0.000,0.000,1,0.605,0.00454,0.83,58.30,0,48,2,0,OPEN_TREND,0.00,4000.00,3998.41
2026.02.06 01:00,1,0.00005388,1.395,0.695,0.000,0,0.558,0.00445,0.58,58.30,1,47,2,0,BAR_TICK,0.00,4000.00,3996.78
2026.02.06 02:00,1,0.00009616,1.800,1.796,0.000,0,0.580,0.00423,1.28,58.30,2,46,2,0,BAR_TICK,0.00,4000.00,4000.51
2026.02.06 03:00,1,0.00009770,0.058,1.153,0.000,0,0.576,0.00431,0.89,58.30,3,45,2,0,BAR_TICK,0.00,4000.00,3999.01
2026.02.06 04:00,1,0.00007587,-0.690,0.000,0.000,0,0.555,0.00425,0.97,58.30,4,44,2,0,BAR_TICK,0.00,4000.00,3997.21
2026.02.06 05:00,1,0.00005644,-0.524,0.000,0.000,0,0.617,0.00376,0.60,58.30,5,43,2,0,BAR_TICK,0.00,4000.00,3996.57
2026.02.06 06:00,1,0.00002410,-0.761,0.000,-0.061,0,0.588,0.00368,0.67,58.30,6,42,2,0,BAR_TICK,0.00,4000.00,3995.04
2026.02.06 07:00,1,0.00000385,-0.356,0.000,0.000,0,0.623,0.00339,0.48,58.30,7,41,2,0,BAR_TICK,0.00,4000.00,3995.03
2026.02.06 08:00,1,-0.00005218,-0.825,0.000,-0.125,0,0.635,0.00310,0.66,58.30,8,40,2,0,BAR_TICK,0.00,4000.00,3993.54
2026.02.06 09:00,1,-0.00007649,-0.340,0.000,0.000,0,0.626,0.00305,0.64,58.30,9,39,2,0,BAR_TICK,0.00,4000.00,3993.65
2026.02.06 10:00,1,-0.00010079,-0.349,0.000,0.000,0,0.610,0.00306,0.79,58.30,10,38,2,0,BAR_TICK,0.00,4000.00,3993.11
2026.02.06 11:00,1,-0.00012603,-0.387,0.000,0.000,0,0.571,0.00307,0.81,58.30,11,37,2,0,BAR_TICK,0.00,4000.00,3992.40
2026.02.06 12:00,1,-0.00016139,-0.591,0.000,0.000,0,0.591,0.00299,0.85,58.30,12,36,2,0,BAR_TICK,0.00,4000.00,3991.29
2026.02.06 13:00,1,-0.00016003,0.025,0.000,0.000,0,0.593,0.00280,0.59,58.30,13,35,2,0,BAR_TICK,0.00,4000.00,3991.75
2026.02.06 14:00,1,-0.00019205,-0.635,0.000,0.000,0,0.628,0.00275,1.11,58.30,14,34,2,0,BAR_TICK,0.00,4000.00,3989.91
2026.02.06 15:00,1,-0.00017449,0.376,0.000,0.000,0,0.631,0.00276,1.00,58.30,15,33,2,0,BAR_TICK,0.00,4000.00,3991.15
2026.02.06 16:00,1,-0.00023165,-1.307,0.000,-0.607,0,0.613,0.00270,1.68,58.30,16,32,2,0,BAR_TICK,0.00,4000.00,3987.31
2026.02.06 17:00,1,-0.00028021,-1.175,0.000,-1.082,0,0.621,0.00270,1.44,58.30,17,31,2,0,BAR_TICK,0.00,4000.00,3985.85
2026.02.06 18:00,1,-0.00028055,-0.009,0.000,-0.391,0,0.616,0.00259,1.01,58.30,18,30,2,0,BAR_TICK,0.00,4000.00,3986.76
2026.02.06 19:00,1,-0.00031949,-1.030,0.000,-0.721,0,0.657,0.00268,1.30,58.30,19,29,2,0,MAX_ADVERSE_STOP,-16.12,3983.88,3983.88
2026.02.06 20:00,0,-0.00032173,-0.061,0.000,-0.083,0,0.704,0.00268,0.93,58.30,0,47,0,0,IDLE_WAIT_TREND,0.00,3983.88,3983.88
2026.02.06 21:00,0,-0.00029875,0.647,0.000,0.000,0,0.692,0.00276,0.99,58.30,0,46,0,0,IDLE_WAIT_TREND,0.00,3983.88,3983.88
2026.02.06 22:00,0,-0.00025928,1.137,0.437,0.000,0,0.701,0.00274,0.64,58.30,0,45,0,0,IDLE_WAIT_TREND,0.00,3983.88,3983.88
2026.02.06 23:00,0,-0.00022511,1.003,0.740,0.000,0,0.686,0.00266,0.33,58.30,0,44,0,0,IDLE_WAIT_TREND,0.00,3983.88,3983.88
2026.02.09 00:25,0,-0.00022343,0.050,0.090,0.000,0,0.643,0.00267,0.95,59.00,0,43,0,0,IDLE_WAIT_TREND,0.00,3983.88,3983.88
2026.02.09 01:00,0,-0.00023494,-0.348,0.000,0.000,0,0.694,0.00260,0.07,59.00,0,42,0,0,IDLE_WAIT_TREND,0.00,3983.88,3983.88
2026.02.09 02:00,0,-0.00028585,-1.554,0.000,-0.854,0,0.661,0.00279,1.83,59.00,0,41,0,0,IDLE_WAIT_TREND,0.00,3983.88,3983.88
2026.02.09 03:00,0,-0.00023726,1.496,0.796,0.000,0,0.659,0.00303,1.65,59.00,0,40,0,0,IDLE_WAIT_TREND,0.00,3983.88,3983.88
2026.02.09 04:00,0,-0.00019745,1.234,1.330,0.000,0,0.672,0.00299,0.85,59.00,0,39,0,0,IDLE_WAIT_TREND,0.00,3983.88,3983.88
2026.02.09 05:00,0,-0.00016843,0.905,1.535,0.000,0,0.680,0.00294,0.69,59.00,0,38,0,0,IDLE_WAIT_TREND,0.00,3983.88,3983.88
2026.02.09 06:00,0,-0.00013886,0.926,1.761,0.000,0,0.695,0.00277,0.79,59.00,0,37,0,0,IDLE_WAIT_TREND,0.00,3983.88,3983.88
2026.02.09 07:00,0,-0.00010965,0.918,1.980,0.000,0,0.663,0.00257,0.44,59.00,0,36,0,0,IDLE_WAIT_TREND,0.00,3983.88,3983.88
2026.02.09 08:00,0,-0.00009140,0.576,1.856,0.000,0,0.684,0.00246,0.45,59.00,0,35,0,0,IDLE_WAIT_TREND,0.00,3983.88,3983.88
2026.02.09 09:00,0,-0.00010640,-0.474,0.681,0.000,0,0.684,0.00243,1.25,59.00,0,34,0,0,IDLE_WAIT_TREND,0.00,3983.88,3983.88
2026.02.09 10:00,0,-0.00010942,-0.096,0.000,0.000,0,0.694,0.00250,1.38,59.00,0,33,0,0,IDLE_WAIT_TREND,0.00,3983.88,3983.88
2026.02.09 11:00,0,-0.00007044,1.237,0.537,0.000,0,0.715,0.00262,1.68,59.00,0,32,0,0,IDLE_WAIT_TREND,0.00,3983.88,3983.88
2026.02.09 12:00,0,-0.00004339,0.860,0.697,0.000,0,0.686,0.00269,1.02,59.00,0,31,0,0,IDLE_WAIT_TREND,0.00,3983.88,3983.88
2026.02.09 13:00,0,0.00002141,2.062,2.060,0.000,0,0.688,0.00297,1.58,59.00,0,30,0,0,IDLE_WAIT_TREND,0.00,3983.88,3983.88
2026.02.09 14:00,0,0.00004293,0.685,2.045,0.000,0,0.667,0.00302,1.10,59.00,0,29,0,0,IDLE_WAIT_TREND,0.00,3983.88,3983.88
2026.02.09 15:00,0,0.00006177,0.601,1.946,0.000,0,0.688,0.00308,0.78,59.00,0,28,0,0,IDLE_WAIT_TREND,0.00,3983.88,3983.88
2026.02.09 16:00,0,0.00001181,-1.594,0.000,-0.894,0,0.715,0.00305,1.53,59.00,0,27,0,0,IDLE_WAIT_TREND,0.00,3983.88,3983.88
2026.02.09 17:00,0,-0.00010451,-3.712,0.000,-3.906,0,0.694,0.00321,2.22,59.00,0,26,0,0,IDLE_WAIT_TREND,0.00,3983.88,3983.88
2026.02.09 18:00,0,-0.00008624,0.584,0.000,-2.622,0,0.672,0.00356,2.11,59.00,0,25,0,0,IDLE_WAIT_TREND,0.00,3983.88,3983.88
2026.02.09 19:00,0,-0.00008890,-0.085,0.000,-2.008,0,0.673,0.00361,0.74,59.00,0,24,0,0,IDLE_WAIT_TREND,0.00,3983.88,3983.88
2026.02.09 20:00,0,-0.00008851,0.013,0.000,-1.295,0,0.670,0.00359,0.54,59.00,0,23,0,0,IDLE_WAIT_TREND,0.00,3983.88,3983.88
2026.02.09 21:00,0,-0.00006925,0.615,0.000,0.000,0,0.748,0.00372,0.80,59.00,0,22,0,0,IDLE_WAIT_TREND,0.00,3983.88,3983.88
2026.02.09 22:00,0,-0.00005568,0.434,0.000,0.000,0,0.712,0.00372,0.28,59.00,0,21,0,0,IDLE_WAIT_TREND,0.00,3983.88,3983.88
2026.02.09 23:00,0,-0.00003747,0.582,0.000,0.000,0,0.674,0.00360,0.38,59.00,0,20,0,0,IDLE_WAIT_TREND,0.00,3983.88,3983.88
2026.02.10 00:00,0,-0.00003349,0.127,0.000,0.000,0,0.679,0.00344,0.37,60.38,0,19,0,0,IDLE_WAIT_TREND,0.00,3983.88,3983.88
2026.02.10 01:00,0,-0.00001002,0.750,0.050,0.000,0,0.684,0.00347,1.40,60.38,0,18,0,0,IDLE_WAIT_TREND,0.00,3983.88,3983.88
2026.02.10 02:00,0,-0.00001792,-0.253,0.000,0.000,0,0.716,0.00342,0.59,60.38,0,17,0,0,IDLE_WAIT_TREND,0.00,3983.88,3983.88
2026.02.10 03:00,0,0.00000354,0.686,0.000,0.000,0,0.711,0.00328,0.82,60.38,0,16,0,0,IDLE_WAIT_TREND,0.00,3983.88,3983.88
2026.02.10 04:00,0,0.00001030,0.216,0.000,0.000,0,0.733,0.00317,0.59,60.38,0,15,0,0,IDLE_WAIT_TREND,0.00,3983.88,3983.88
2026.02.10 05:00,0,0.00003857,0.904,0.204,0.000,0,0.750,0.00317,0.73,60.38,0,14,0,0,IDLE_WAIT_TREND,0.00,3983.88,3983.88
2026.02.10 06:00,0,0.00008116,1.362,0.866,0.000,0,0.754,0.00301,0.83,60.38,0,13,0,0,IDLE_WAIT_TREND,0.00,3983.88,3983.88
2026.02.10 07:00,0,0.00010741,0.839,1.005,0.000,0,0.801,0.00261,0.57,60.38,0,12,0,0,IDLE_WAIT_TREND,0.00,3983.88,3983.88
2026.02.10 08:00,0,0.00010582,-0.051,0.255,0.000,0,0.743,0.00219,0.78,60.38,0,11,0,0,IDLE_WAIT_TREND,0.00,3983.88,3983.88
2026.02.10 09:00,0,0.00010586,0.001,0.000,0.000,0,0.759,0.00210,0.65,60.38,0,10,0,0,IDLE_WAIT_TREND,0.00,3983.88,3983.88
2026.02.10 10:00,0,0.00007545,-0.973,0.000,-0.273,0,0.725,0.00214,1.16,60.38,0,9,0,0,IDLE_WAIT_TREND,0.00,3983.88,3983.88
2026.02.10 11:00,0,0.00003638,-1.250,0.000,-0.822,0,0.722,0.00209,1.13,60.38,0,8,0,0,IDLE_WAIT_TREND,0.00,3983.88,3983.88
2026.02.10 12:00,0,-0.00000470,-1.314,0.000,-1.436,0,0.716,0.00224,1.40,60.38,0,7,0,0,IDLE_WAIT_TREND,0.00,3983.88,3983.88
2026.02.10 13:00,0,-0.00002852,-0.762,0.000,-1.498,0,0.704,0.00226,0.70,60.38,0,6,0,0,IDLE_WAIT_TREND,0.00,3983.88,3983.88
2026.02.10 14:00,0,-0.00004895,-0.653,0.000,-1.451,0,0.706,0.00228,0.69,60.38,0,5,0,0,IDLE_WAIT_TREND,0.00,3983.88,3983.88
2026.02.10 15:00,0,0.00000246,1.644,0.944,0.000,0,0.679,0.00234,2.45,60.38,0,4,0,0,IDLE_WAIT_TREND,0.00,3983.88,3983.88
2026.02.10 16:00,0,-0.00001045,-0.413,0.000,0.000,0,0.616,0.00255,1.93,60.38,0,3,0,0,IDLE_WAIT_TREND,0.00,3983.88,3983.88
2026.02.10 17:00,0,-0.00006486,-1.740,0.000,-1.040,0,0.660,0.00261,1.35,60.38,0,2,0,0,IDLE_WAIT_TREND,0.00,3983.88,3983.88
2026.02.10 18:00,0,-0.00010659,-1.335,0.000,-1.675,0,0.614,0.00267,1.03,60.38,0,1,0,0,IDLE_WAIT_TREND,0.00,3983.88,3983.88
2026.02.10 19:00,0,-0.00008767,0.605,0.000,-0.370,0,0.617,0.00279,1.42,60.38,0,0,0,0,IDLE_WAIT_TREND,0.00,3983.88,3983.88
2026.02.10 20:00,0,-0.00009655,-0.284,0.000,0.000,0,0.612,0.00288,1.31,60.38,0,0,0,0,IDLE_WAIT_TREND,0.00,3983.88,3983.88
2026.02.10 21:00,0,-0.00011585,-0.617,0.000,0.000,0,0.619,0.00291,0.65,60.38,0,0,0,0,IDLE_WAIT_TREND,0.00,3983.88,3983.88
2026.02.10 22:00,0,-0.00013488,-0.609,0.000,0.000,0,0.653,0.00292,0.63,60.38,0,0,0,0,IDLE_WAIT_TREND,0.00,3983.88,3983.88
2026.02.10 23:00,0,-0.00014347,-0.275,0.000,0.000,0,0.602,0.00291,0.43,60.38,0,0,0,0,IDLE_WAIT_TREND,0.00,3983.88,3983.88
2026.02.11 00:00,0,-0.00013924,0.135,0.000,0.000,0,0.636,0.00282,0.45,61.58,0,0,0,0,IDLE_WAIT_TREND,0.00,3983.88,3983.88
2026.02.11 01:00,0,-0.00012470,0.465,0.000,0.000,0,0.627,0.00287,1.04,61.58,0,0,0,0,IDLE_WAIT_TREND,0.00,3983.88,3983.88
2026.02.11 02:00,0,-0.00012455,0.005,0.000,0.000,0,0.657,0.00275,0.52,61.58,0,0,0,0,IDLE_WAIT_TREND,0.00,3983.88,3983.88
2026.02.11 03:00,0,-0.00013254,-0.256,0.000,0.000,0,0.667,0.00275,0.61,61.58,0,0,0,0,IDLE_WAIT_TREND,0.00,3983.88,3983.88
2026.02.11 04:00,0,-0.00013852,-0.191,0.000,0.000,0,0.616,0.00278,0.72,61.58,0,0,0,0,IDLE_WAIT_TREND,0.00,3983.88,3983.88
2026.02.11 05:00,0,-0.00015930,-0.665,0.000,0.000,0,0.628,0.00268,1.60,61.58,0,0,0,0,IDLE_WAIT_TREND,0.00,3983.88,3983.88
2026.02.11 06:00,0,-0.00017187,-0.402,0.000,0.000,0,0.624,0.00249,0.90,61.58,0,0,0,0,IDLE_WAIT_TREND,0.00,3983.88,3983.88
2026.02.11 07:00,0,-0.00016216,0.311,0.000,0.000,0,0.630,0.00238,0.86,61.58,0,0,0,0,IDLE_WAIT_TREND,0.00,3983.88,3983.88
2026.02.11 08:00,0,-0.00014356,0.595,0.000,0.000,0,0.648,0.00228,0.60,61.58,0,0,0,0,IDLE_WAIT_TREND,0.00,3983.88,3983.88
2026.02.11 09:00,0,-0.00009760,1.470,0.770,0.000,0,0.646,0.00224,1.50,61.58,0,0,0,0,IDLE_WAIT_TREND,0.00,3983.88,3983.88
2026.02.11 10:00,0,-0.00007181,0.825,0.895,0.000,0,0.661,0.00208,0.75,61.58,0,0,0,0,IDLE_WAIT_TREND,0.00,3983.88,3983.88
2026.02.11 11:00,0,-0.00003376,1.217,1.412,0.000,0,0.647,0.00224,1.80,61.58,0,0,0,0,IDLE_WAIT_TREND,0.00,3983.88,3983.88
2026.02.11 12:00,0,-0.00001011,0.756,1.468,0.000,0,0.644,0.00222,0.73,61.58,0,0,0,0,IDLE_WAIT_TREND,0.00,3983.88,3983.88
2026.02.11 13:00,0,-0.00000202,0.259,1.027,0.000,0,0.674,0.00230,0.99,61.58,0,0,0,0,IDLE_WAIT_TREND,0.00,3983.88,3983.88
2026.02.11 14:00,0,0.00001059,0.404,0.730,0.000,0,0.647,0.00232,0.68,61.58,0,0,0,0,IDLE_WAIT_TREND,0.00,3983.88,3983.88
2026.02.11 15:00,0,0.00000567,-0.157,0.000,0.000,0,0.609,0.00221,0.66,61.58,0,0,0,0,IDLE_WAIT_TREND,0.00,3983.88,3983.88
2026.02.11 16:00,0,-0.00004765,-1.705,0.000,-1.005,0,0.619,0.00263,2.78,61.58,0,0,0,0,IDLE_WAIT_TREND,0.00,3983.88,3983.88
2026.02.11 17:00,0,-0.00007621,-0.913,0.000,-1.219,0,0.631,0.00267,0.83,61.58,0,0,0,0,IDLE_WAIT_TREND,0.00,3983.88,3983.88
2026.02.11 18:00,0,-0.00004129,1.117,0.417,0.000,0,0.648,0.00303,2.30,61.58,0,0,0,0,IDLE_WAIT_TREND,0.00,3983.88,3983.88
2026.02.11 19:00,0,-0.00006633,-0.801,0.000,-0.101,0,0.657,0.00312,1.79,61.58,0,0,0,0,IDLE_WAIT_TREND,0.00,3983.88,3983.88
2026.02.11 20:00,0,-0.00008146,-0.484,0.000,0.000,0,0.677,0.00312,0.72,61.58,0,0,0,0,IDLE_WAIT_TREND,0.00,3983.88,3983.88
2026.02.11 21:00,0,-0.00013268,-1.638,0.000,-0.938,0,0.706,0.00324,1.15,61.58,0,0,0,0,IDLE_WAIT_TREND,0.00,3983.88,3983.88
2026.02.11 22:00,0,-0.00015938,-0.854,0.000,-1.092,0,0.713,0.00327,0.55,61.58,0,0,0,0,IDLE_WAIT_TREND,0.00,3983.88,3983.88
2026.02.11 23:00,0,-0.00015204,0.235,0.000,-0.157,0,0.768,0.00319,0.74,61.58,0,0,0,0,IDLE_WAIT_TREND,0.00,3983.88,3983.88
2026.02.12 00:00,0,-0.00013192,0.644,0.000,0.000,0,0.706,0.00320,0.53,63.64,0,0,0,0,IDLE_WAIT_TREND,0.00,3983.88,3983.88
2026.02.12 01:00,0,-0.00011752,0.460,0.000,0.000,0,0.751,0.00332,1.73,63.64,0,0,0,0,IDLE_WAIT_TREND,0.00,3983.88,3983.88
2026.02.12 02:00,0,-0.00011160,0.189,0.000,0.000,0,0.732,0.00335,0.60,63.64,0,0,0,0,IDLE_WAIT_TREND,0.00,3983.88,3983.88
2026.02.12 03:00,0,-0.00010829,0.106,0.000,0.000,0,0.718,0.00333,0.61,63.64,0,0,0,0,IDLE_WAIT_TREND,0.00,3983.88,3983.88
2026.02.12 04:00,0,-0.00011676,-0.271,0.000,0.000,0,0.632,0.00333,0.46,63.64,0,0,0,0,IDLE_WAIT_TREND,0.00,3983.88,3983.88
2026.02.12 05:00,0,-0.00012028,-0.112,0.000,0.000,0,0.635,0.00334,0.48,63.64,0,0,0,0,IDLE_WAIT_TREND,0.00,3983.88,3983.88
2026.02.12 06:00,0,-0.00011585,0.142,0.000,0.000,0,0.583,0.00295,0.64,63.64,0,0,0,0,IDLE_WAIT_TREND,0.00,3983.88,3983.88
2026.02.12 07:00,0,-0.00007615,1.270,0.570,0.000,0,0.606,0.00303,1.10,63.64,0,0,0,0,IDLE_WAIT_TREND,0.00,3983.88,3983.88
2026.02.12 08:00,0,-0.00007135,0.154,0.023,0.000,0,0.615,0.00267,0.70,63.64,0,0,0,0,IDLE_WAIT_TREND,0.00,3983.88,3983.88
2026.02.12 09:00,0,-0.00006460,0.216,0.000,0.000,0,0.621,0.00243,0.93,63.64,0,0,0,0,IDLE_WAIT_TREND,0.00,3983.88,3983.88
2026.02.12 10:00,0,-0.00008236,-0.568,0.000,0.000,0,0.587,0.00242,0.86,63.64,0,0,0,0,IDLE_WAIT_TREND,0.00,3983.88,3983.88
2026.02.12 11:00,0,-0.00010741,-0.801,0.000,-0.101,0,0.557,0.00237,1.26,63.64,0,0,0,0,IDLE_WAIT_TREND,0.00,3983.88,3983.88
2026.02.12 12:00,0,-0.00013693,-0.944,0.000,-0.345,0,0.504,0.00249,1.40,63.64,0,0,0,0,IDLE_WAIT_TREND,0.00,3983.88,3983.88
2026.02.12 13:00,0,-0.00016735,-0.973,0.000,-0.618,0,0.494,0.00253,1.14,63.64,0,0,0,0,IDLE_WAIT_TREND,0.00,3983.88,3983.88
2026.02.12 14:00,0,-0.00017024,-0.092,0.000,-0.011,0,0.549,0.00255,0.76,63.64,0,0,0,0,IDLE_WAIT_TREND,0.00,3983.88,3983.88
2026.02.12 15:00,0,-0.00016681,0.110,0.000,0.000,0,0.437,0.00225,0.70,63.64,0,0,0,0,IDLE_WAIT_TREND,0.00,3983.88,3983.88
2026.02.12 16:00,0,-0.00016196,0.155,0.000,0.000,0,0.454,0.00225,0.90,63.64,0,0,0,0,IDLE_WAIT_TREND,0.00,3983.88,3983.88
2026.02.12 17:00,0,-0.00005530,3.412,2.712,0.000,0,0.438,0.00265,2.86,63.64,0,0,0,0,IDLE_WAIT_TREND,0.00,3983.88,3983.88
2026.02.12 18:00,0,-0.00004400,0.361,2.373,0.000,0,0.502,0.00292,1.83,63.64,0,0,0,0,IDLE_WAIT_TREND,0.00,3983.88,3983.88
2026.02.12 19:00,0,0.00002415,2.180,3.853,0.000,0,0.488,0.00326,1.96,63.64,0,0,0,0,IDLE_WAIT_TREND,0.00,3983.88,3983.88
2026.02.12 20:00,0,0.00010107,2.460,5.613,0.000,0,0.424,0.00335,0.92,63.64,0,0,0,0,IDLE_WAIT_TREND,0.00,3983.88,3983.88
2026.02.12 21:00,0,0.00013892,1.211,6.124,0.000,0,0.445,0.00325,0.61,63.64,0,0,0,0,IDLE_WAIT_TREND,0.00,3983.88,3983.88
2026.02.12 22:00,0,0.00015550,0.530,5.954,0.000,0,0.432,0.00325,0.56,63.64,0,0,0,0,IDLE_WAIT_TREND,0.00,3983.88,3983.88
2026.02.12 23:00,0,0.00018836,1.051,6.305,0.000,0,0.443,0.00326,0.76,63.64,0,0,0,0,IDLE_WAIT_TREND,0.00,3983.88,3983.88
2026.02.13 00:00,0,0.00017108,-0.553,5.052,0.000,0,0.462,0.00330,0.79,65.83,0,0,0,0,IDLE_WAIT_TREND,0.00,3983.88,3983.88
2026.02.13 01:00,0,0.00017632,0.167,4.520,0.000,0,0.438,0.00344,1.43,65.83,0,0,0,0,IDLE_WAIT_TREND,0.00,3983.88,3983.88
2026.02.13 02:00,0,0.00017071,-0.179,3.640,0.000,0,0.478,0.00333,0.59,65.83,0,0,0,0,IDLE_WAIT_TREND,0.00,3983.88,3983.88
2026.02.13 03:00,0,0.00017022,-0.016,2.925,0.000,0,0.443,0.00326,0.59,65.83,0,0,0,0,IDLE_WAIT_TREND,0.00,3983.88,3983.88
2026.02.13 04:00,0,0.00014076,-0.942,1.283,-0.242,0,0.424,0.00334,0.92,65.83,0,0,0,0,IDLE_WAIT_TREND,0.00,3983.88,3983.88
2026.02.13 05:00,0,0.00011404,-0.855,0.000,-0.397,0,0.480,0.00335,0.50,65.83,0,0,0,0,IDLE_WAIT_TREND,0.00,3983.88,3983.88
2026.02.13 06:00,0,0.00010532,-0.279,0.000,0.000,0,0.438,0.00331,0.44,65.83,0,0,0,0,IDLE_WAIT_TREND,0.00,3983.88,3983.88
2026.02.13 07:00,0,0.00007906,-0.840,0.000,-0.140,0,0.506,0.00291,0.71,65.83,0,0,0,0,IDLE_WAIT_TREND,0.00,3983.88,3983.88
2026.02.13 08:00,0,0.00008409,0.161,0.000,0.000,0,0.498,0.00270,0.88,65.83,0,0,0,0,IDLE_WAIT_TREND,0.00,3983.88,3983.88
2026.02.13 09:00,0,0.00009338,0.297,0.000,0.000,0,0.493,0.00238,0.80,65.83,0,0,0,0,IDLE_WAIT_TREND,0.00,3983.88,3983.88
2026.02.13 10:00,0,0.00012012,0.855,0.155,0.000,0,0.501,0.00242,1.50,65.83,0,0,0,0,IDLE_WAIT_TREND,0.00,3983.88,3983.88
2026.02.13 11:00,0,0.00008076,-1.259,0.000,-0.559,0,0.470,0.00255,1.45,65.83,0,0,0,0,IDLE_WAIT_TREND,0.00,3983.88,3983.88
2026.02.13 12:00,0,0.00005268,-0.898,0.000,-0.757,0,0.504,0.00258,0.91,65.83,0,0,0,0,IDLE_WAIT_TREND,0.00,3983.88,3983.88
2026.02.13 13:00,0,0.00004581,-0.220,0.000,-0.277,0,0.505,0.00252,0.62,65.83,0,0,0,0,IDLE_WAIT_TREND,0.00,3983.88,3983.88
2026.02.13 14:00,0,0.00007299,0.869,0.169,0.000,0,0.465,0.00257,1.31,65.83,0,0,0,0,IDLE_WAIT_TREND,0.00,3983.88,3983.88
2026.02.13 15:00,0,0.00008451,0.369,0.000,0.000,0,0.560,0.00232,0.60,65.83,0,0,0,0,IDLE_WAIT_TREND,0.00,3983.88,3983.88
2026.02.13 16:00,0,0.00007089,-0.436,0.000,0.000,0,0.548,0.00249,1.74,65.83,0,0,0,0,IDLE_WAIT_TREND,0.00,3983.88,3983.88
2026.02.13 17:00,0,0.00010564,1.111,0.411,0.000,0,0.631,0.00272,1.90,65.83,0,0,0,0,IDLE_WAIT_TREND,0.00,3983.88,3983.88
2026.02.13 18:00,0,0.00009049,-0.485,0.000,0.000,0,0.627,0.00281,1.55,65.83,0,0,0,0,IDLE_WAIT_TREND,0.00,3983.88,3983.88
2026.02.13 19:00,0,0.00010609,0.499,0.000,0.000,0,0.623,0.00294,1.21,65.83,0,0,0,0,IDLE_WAIT_TREND,0.00,3983.88,3983.88
2026.02.13 20:00,0,0.00007537,-0.982,0.000,-0.282,0,0.575,0.00312,1.27,65.83,0,0,0,0,IDLE_WAIT_TREND,0.00,3983.88,3983.88
2026.02.13 21:00,0,0.00005738,-0.576,0.000,-0.158,0,0.576,0.00311,0.62,65.83,0,0,0,0,IDLE_WAIT_TREND,0.00,3983.88,3983.88
2026.02.13 22:00,0,0.00005531,-0.066,0.000,0.000,0,0.584,0.00306,0.55,65.83,0,0,0,0,IDLE_WAIT_TREND,0.00,3983.88,3983.88
2026.02.13 23:00,0,0.00006505,0.312,0.000,0.000,0,0.598,0.00305,0.56,65.83,0,0,0,0,IDLE_WAIT_TREND,0.00,3983.88,3983.88
2026.02.16 01:00,0,0.00007268,0.244,0.000,0.000,0,0.589,0.00289,0.50,64.53,0,0,0,0,IDLE_WAIT_TREND,0.00,3983.88,3983.88
2026.02.16 02:00,0,0.00009907,0.844,0.144,0.000,0,0.616,0.00301,1.78,64.53,0,0,0,0,IDLE_WAIT_TREND,0.00,3983.88,3983.88
2026.02.16 03:00,0,0.00010007,0.032,0.000,0.000,0,0.596,0.00303,0.88,64.53,0,0,0,0,IDLE_WAIT_TREND,0.00,3983.88,3983.88
2026.02.16 04:00,0,0.00007194,-0.900,0.000,-0.200,0,0.581,0.00310,0.81,64.53,0,0,0,0,IDLE_WAIT_TREND,0.00,3983.88,3983.88
2026.02.16 05:00,0,0.00007703,0.163,0.000,0.000,0,0.537,0.00304,0.81,64.53,0,0,0,0,IDLE_WAIT_TREND,0.00,3983.88,3983.88
2026.02.16 06:00,0,0.00009153,0.464,0.000,0.000,0,0.518,0.00307,0.60,64.53,0,0,0,0,IDLE_WAIT_TREND,0.00,3983.88,3983.88
2026.02.16 07:00,0,0.00008346,-0.258,0.000,0.000,0,0.552,0.00290,0.66,64.53,0,0,0,0,IDLE_WAIT_TREND,0.00,3983.88,3983.88
2026.02.16 08:00,0,0.00005918,-0.777,0.000,-0.077,0,0.473,0.00268,0.77,64.53,0,0,0,0,IDLE_WAIT_TREND,0.00,3983.88,3983.88
2026.02.16 09:00,0,0.00003112,-0.898,0.000,-0.274,0,0.492,0.00249,0.69,64.53,0,0,0,0,IDLE_WAIT_TREND,0.00,3983.88,3983.88
2026.02.16 10:00,0,0.00002111,-0.320,0.000,0.000,0,0.452,0.00233,0.56,64.53,0,0,0,0,IDLE_WAIT_TREND,0.00,3983.88,3983.88
2026.02.16 11:00,0,-0.00000534,-0.846,0.000,-0.146,0,0.478,0.00221,1.05,64.53,0,0,0,0,IDLE_WAIT_TREND,0.00,3983.88,3983.88
2026.02.16 12:00,0,-0.00000951,-0.134,0.000,0.000,0,0.475,0.00225,1.08,64.53,0,0,0,0,IDLE_WAIT_TREND,0.00,3983.88,3983.88
2026.02.16 13:00,0,-0.00000904,0.015,0.000,0.000,0,0.444,0.00226,0.84,64.53,0,0,0,0,IDLE_WAIT_TREND,0.00,3983.88,3983.88
2026.02.16 14:00,0,-0.00002563,-0.531,0.000,0.000,0,0.437,0.00230,0.99,64.53,0,0,0,0,IDLE_WAIT_TREND,0.00,3983.88,3983.88
2026.02.16 15:00,0,-0.00003200,-0.204,0.000,0.000,0,0.419,0.00233,0.78,64.53,0,0,0,0,IDLE_WAIT_TREND,0.00,3983.88,3983.88
2026.02.16 16:00,0,-0.00004533,-0.426,0.000,0.000,0,0.426,0.00207,0.84,64.53,0,0,0,0,IDLE_WAIT_TREND,0.00,3983.88,3983.88
2026.02.16 17:00,0,-0.00004880,-0.111,0.000,0.000,0,0.437,0.00203,1.04,64.53,0,0,0,0,IDLE_WAIT_TREND,0.00,3983.88,3983.88
2026.02.16 18:00,0,-0.00001472,1.090,0.390,0.000,0,0.438,0.00204,1.32,64.53,0,0,0,0,IDLE_WAIT_TREND,0.00,3983.88,3983.88
2026.02.16 19:00,0,-0.00000797,0.216,0.000,0.000,0,0.444,0.00199,0.88,64.53,0,0,0,0,IDLE_WAIT_TREND,0.00,3983.88,3983.88
2026.02.16 20:00,0,-0.00000279,0.166,0.000,0.000,0,0.435,0.00192,0.46,64.53,0,0,0,0,IDLE_WAIT_TREND,0.00,3983.88,3983.88
2026.02.16 21:00,0,-0.00000142,0.044,0.000,0.000,0,0.424,0.00183,0.31,64.53,0,0,0,0,IDLE_WAIT_TREND,0.00,3983.88,3983.88
2026.02.16 22:00,0,-0.00000253,-0.035,0.000,0.000,0,0.453,0.00172,0.31,64.53,0,0,0,0,IDLE_WAIT_TREND,0.00,3983.88,3983.88
2026.02.16 23:00,0,-0.00000581,-0.105,0.000,0.000,0,0.427,0.00164,0.37,64.53,0,0,0,0,IDLE_WAIT_TREND,0.00,3983.88,3983.88
2026.02.17 00:00,0,-0.00000491,0.029,0.000,0.000,0,0.479,0.00161,0.56,60.73,0,0,0,0,IDLE_WAIT_TREND,0.00,3983.88,3983.88
2026.02.17 01:00,0,-0.00000492,-0.000,0.000,0.000,0,0.447,0.00173,2.30,60.73,0,0,0,0,IDLE_WAIT_TREND,0.00,3983.88,3983.88
2026.02.17 02:00,0,0.00000232,0.232,0.000,0.000,0,0.464,0.00169,1.09,60.73,0,0,0,0,IDLE_WAIT_TREND,0.00,3983.88,3983.88
2026.02.17 03:00,0,0.00000350,0.038,0.000,0.000,0,0.439,0.00167,1.01,60.73,0,0,0,0,IDLE_WAIT_TREND,0.00,3983.88,3983.88
2026.02.17 04:00,0,0.00002311,0.627,0.000,0.000,0,0.423,0.00171,1.62,60.73,0,0,0,0,IDLE_WAIT_TREND,0.00,3983.88,3983.88
2026.02.17 05:00,0,0.00001139,-0.375,0.000,0.000,0,0.453,0.00179,1.66,60.73,0,0,0,0,IDLE_WAIT_TREND,0.00,3983.88,3983.88
2026.02.17 06:00,0,0.00000095,-0.334,0.000,0.000,0,0.456,0.00182,1.23,60.73,0,0,0,0,IDLE_WAIT_TREND,0.00,3983.88,3983.88
2026.02.17 07:00,0,-0.00005865,-1.906,0.000,-1.206,0,0.417,0.00196,2.03,60.73,0,0,0,0,IDLE_WAIT_TREND,0.00,3983.88,3983.88
2026.02.17 08:00,0,-0.00007800,-0.619,0.000,-1.125,0,0.415,0.00190,0.98,60.73,0,0,0,0,IDLE_WAIT_TREND,0.00,3983.88,3983.88
2026.02.17 09:00,0,-0.00010184,-0.762,0.000,-1.188,0,0.455,0.00191,0.99,60.73,0,0,0,0,IDLE_WAIT_TREND,0.00,3983.88,3983.88
2026.02.17 10:00,0,-0.00018356,-2.614,0.000,-3.102,0,0.503,0.00234,2.96,60.73,0,0,0,0,IDLE_WAIT_TREND,0.00,3983.88,3983.88
2026.02.17 11:00,0,-0.00020912,-0.817,0.000,-3.219,0,0.487,0.00249,1.11,60.73,0,0,0,0,IDLE_WAIT_TREND,0.00,3983.88,3983.88
2026.02.17 12:00,0,-0.00024265,-1.072,0.000,-3.591,0,0.545,0.00263,0.92,60.73,0,0,0,0,IDLE_WAIT_TREND,0.00,3983.88,3983.88
2026.02.17 13:00,0,-0.00027509,-1.038,0.000,-3.929,0,0.489,0.00277,0.93,60.73,0,0,0,0,IDLE_WAIT_TREND,0.00,3983.88,3983.88
2026.02.17 14:00,0,-0.00031212,-1.184,0.000,-4.413,0,0.472,0.00290,0.93,60.73,0,0,0,0,IDLE_WAIT_TREND,0.00,3983.88,3983.88
2026.02.17 15:00,0,-0.00031765,-0.177,0.000,-3.890,0,0.471,0.00274,0.67,60.73,0,0,0,0,IDLE_WAIT_TREND,0.00,3983.88,3983.88
2026.02.17 16:00,0,-0.00033235,-0.470,0.000,-3.661,0,0.456,0.00298,1.73,60.73,0,0,0,0,IDLE_WAIT_TREND,0.00,3983.88,3983.88
2026.02.17 17:00,0,-0.00029691,1.134,0.434,-1.827,0,0.451,0.00323,1.61,60.73,0,0,0,0,IDLE_WAIT_TREND,0.00,3983.88,3983.88
2026.02.17 18:00,0,-0.00029866,-0.056,0.000,-1.183,0,0.480,0.00339,1.48,60.73,0,0,0,0,IDLE_WAIT_TREND,0.00,3983.88,3983.88
2026.02.17 19:00,0,-0.00027929,0.619,0.000,0.000,0,0.468,0.00341,0.94,60.73,0,0,0,0,IDLE_WAIT_TREND,0.00,3983.88,3983.88
2026.02.17 20:00,0,-0.00025521,0.770,0.070,0.000,0,0.475,0.00342,0.70,60.73,0,0,0,0,IDLE_WAIT_TREND,0.00,3983.88,3983.88
2026.02.17 21:00,0,-0.00029476,-1.265,0.000,-0.565,0,0.457,0.00348,1.39,60.73,0,0,0,0,IDLE_WAIT_TREND,0.00,3983.88,3983.88
2026.02.17 22:00,0,-0.00030949,-0.471,0.000,-0.336,0,0.465,0.00346,0.42,60.73,0,0,0,0,IDLE_WAIT_TREND,0.00,3983.88,3983.88
2026.02.17 23:00,0,-0.00030233,0.229,0.000,0.000,0,0.518,0.00342,0.41,60.73,0,0,0,0,IDLE_WAIT_TREND,0.00,3983.88,3983.88
2026.02.18 00:05,0,-0.00028459,0.567,0.000,0.000,0,0.512,0.00303,0.48,59.76,0,0,0,0,IDLE_WAIT_TREND,0.00,3983.88,3983.88
2026.02.18 01:00,0,-0.00025947,0.804,0.104,0.000,0,0.494,0.00297,0.65,59.76,0,0,0,0,IDLE_WAIT_TREND,0.00,3983.88,3983.88
2026.02.18 02:00,0,-0.00023897,0.656,0.059,0.000,0,0.440,0.00291,0.57,59.76,0,0,0,0,IDLE_WAIT_TREND,0.00,3983.88,3983.88
2026.02.18 03:00,0,-0.00019949,1.263,0.622,0.000,0,0.475,0.00291,0.86,59.76,0,0,0,0,IDLE_WAIT_TREND,0.00,3983.88,3983.88
2026.02.18 04:00,0,-0.00004521,4.935,4.857,0.000,0,0.463,0.00356,3.32,59.76,0,0,0,0,IDLE_WAIT_TREND,0.00,3983.88,3983.88
2026.02.18 05:00,1,0.00012196,5.347,0.000,0.000,1,0.462,0.00383,1.48,59.76,0,48,4,0,OPEN_TREND,0.00,3983.88,3983.57
2026.02.18 06:00,1,0.00019891,3.040,2.340,0.000,0,0.589,0.00366,0.75,59.76,1,47,4,0,BAR_TICK,0.00,3983.88,3984.92
2026.02.18 07:00,1,0.00022483,1.104,2.744,0.000,0,0.543,0.00339,0.42,59.76,2,46,4,0,BAR_TICK,0.00,3983.88,3985.29
2026.02.18 08:00,1,0.00023938,0.548,2.592,0.000,0,0.595,0.00316,0.58,59.76,3,45,4,0,BAR_TICK,0.00,3983.88,3986.17
2026.02.18 09:00,1,0.00023833,-0.033,1.859,0.000,0,0.593,0.00311,0.78,59.76,4,44,4,0,BAR_TICK,0.00,3983.88,3986.14
2026.02.18 10:00,1,0.00024866,0.278,1.437,0.000,0,0.609,0.00324,1.31,59.76,5,43,4,0,BAR_TICK,0.00,3983.88,3987.46
2026.02.18 11:00,1,0.00022418,-0.577,0.160,0.000,0,0.600,0.00319,1.28,59.76,6,42,4,0,BAR_TICK,0.00,3983.88,3986.06
2026.02.18 12:00,1,0.00015037,-1.296,0.000,-0.596,0,0.584,0.00337,1.17,59.76,7,41,4,0,BAR_TICK,0.00,3983.88,3984.06
2026.02.18 13:00,1,0.00011568,-0.511,0.000,-0.407,0,0.580,0.00343,0.66,59.76,8,40,4,0,BAR_TICK,0.00,3983.88,3984.79
2026.02.18 14:00,1,0.00012102,0.075,0.000,0.000,0,0.586,0.00346,0.53,59.76,9,39,4,0,BAR_TICK,0.00,3983.88,3985.89
2026.02.18 15:00,1,0.00015603,0.502,0.000,0.000,0,0.554,0.00354,0.87,59.76,10,38,4,0,BAR_TICK,0.00,3983.88,3987.23
2026.02.18 16:00,1,0.00021778,0.947,0.247,0.000,0,0.577,0.00366,0.90,59.76,11,37,4,0,BAR_TICK,0.00,3983.88,3989.15
2026.02.18 17:00,1,0.00020491,-0.215,0.000,0.000,0,0.509,0.00370,0.82,59.76,12,36,4,0,BAR_TICK,0.00,3983.88,3987.91
2026.02.18 18:00,1,0.00013622,-1.253,0.000,-0.553,0,0.540,0.00306,0.94,59.76,13,35,4,0,BAR_TICK,0.00,3983.88,3985.78
2026.02.18 19:00,1,0.00012173,-0.287,0.000,-0.141,0,0.530,0.00287,1.06,59.76,14,34,4,0,BAR_TICK,0.00,3983.88,3987.09
2026.02.18 20:00,1,0.00007706,-0.956,0.000,-0.396,0,0.540,0.00290,1.11,59.76,15,33,4,0,BAR_TICK,0.00,3983.88,3985.59
2026.02.18 21:00,1,0.00009441,0.397,0.000,0.000,0,0.567,0.00305,1.13,59.76,16,32,4,0,BAR_TICK,0.00,3983.88,3987.86
2026.02.18 22:00,1,0.00012435,0.725,0.025,0.000,0,0.539,0.00315,1.03,59.76,17,31,4,0,BAR_TICK,0.00,3983.88,3989.19
2026.02.18 23:00,1,0.00012647,0.054,0.000,0.000,0,0.570,0.00311,0.60,59.76,18,30,4,0,BAR_TICK,0.00,3983.88,3988.64
2026.02.19 00:00,1,0.00009757,-0.765,0.000,-0.065,0,0.499,0.00294,0.67,57.93,19,29,4,0,BAR_TICK,0.00,3983.88,3987.18
2026.02.19 01:00,1,0.00009281,-0.130,0.000,0.000,0,0.528,0.00275,0.50,57.93,20,28,4,0,BAR_TICK,0.00,3983.88,3988.10
2026.02.19 02:00,1,0.00008062,-0.343,0.000,0.000,0,0.573,0.00258,0.61,57.93,21,27,4,0,BAR_TICK,0.00,3983.88,3987.71
2026.02.19 03:00,1,0.00006268,-0.517,0.000,0.000,0,0.560,0.00266,1.27,57.93,22,26,4,0,BAR_TICK,0.00,3983.88,3987.20
2026.02.19 04:00,1,0.00001444,-1.416,0.000,-0.716,0,0.618,0.00272,0.98,57.93,23,25,4,0,BAR_TICK,0.00,3983.88,3984.89
2026.02.19 05:00,1,-0.00002180,-1.081,0.000,-1.097,0,0.588,0.00264,0.74,57.93,24,24,4,0,BAR_TICK,0.00,3983.88,3984.41
2026.02.19 06:00,1,-0.00004988,-0.848,0.000,-1.245,0,0.580,0.00253,0.66,57.93,25,23,4,0,BAR_TICK,0.00,3983.88,3983.92
2026.02.19 07:00,1,-0.00005304,-0.097,0.000,-0.641,0,0.593,0.00246,0.86,57.93,26,22,4,0,BAR_TICK,0.00,3983.88,3984.75
2026.02.19 08:00,1,-0.00005331,-0.008,0.000,0.000,0,0.591,0.00237,0.66,57.93,27,21,4,0,BAR_TICK,0.00,3983.88,3984.69
2026.02.19 09:00,1,-0.00007204,-0.580,0.000,0.000,0,0.571,0.00230,0.87,57.93,28,20,4,0,BAR_TICK,0.00,3983.88,3983.32
2026.02.19 10:00,1,-0.00007594,-0.122,0.000,0.000,0,0.560,0.00224,1.07,57.93,29,19,4,0,BAR_TICK,0.00,3983.88,3983.66
2026.02.19 11:00,1,-0.00007827,-0.073,0.000,0.000,0,0.558,0.00218,1.23,57.93,30,18,4,0,BAR_TICK,0.00,3983.88,3983.47
2026.02.19 12:00,1,-0.00004525,1.038,0.338,0.000,0,0.574,0.00218,1.47,57.93,31,17,4,0,BAR_TICK,0.00,3983.88,3985.76
2026.02.19 13:00,1,-0.00005583,-0.334,0.000,0.000,0,0.549,0.00226,1.34,57.93,32,16,4,0,BAR_TICK,0.00,3983.88,3983.49
2026.02.19 14:00,1,-0.00008853,-1.034,0.000,-0.334,0,0.558,0.00231,1.19,57.93,33,15,4,0,BAR_TICK,0.00,3983.88,3981.51
2026.02.19 15:00,1,-0.00009190,-0.107,0.000,0.000,0,0.581,0.00236,0.88,57.93,34,14,4,0,BAR_TICK,0.00,3983.88,3982.46
2026.02.19 16:00,1,-0.00008353,0.266,0.000,0.000,0,0.605,0.00248,1.29,57.93,35,13,4,0,BAR_TICK,0.00,3983.88,3982.98
2026.02.19 17:00,1,-0.00005608,0.873,0.173,0.000,0,0.574,0.00250,1.49,57.93,36,12,4,0,BAR_TICK,0.00,3983.88,3984.35
2026.02.19 18:00,1,-0.00012324,-2.137,0.000,-1.437,0,0.551,0.00282,2.51,57.93,37,11,4,0,BAR_TICK,0.00,3983.88,3978.37
2026.02.19 19:00,1,-0.00015195,-0.914,0.000,-1.652,0,0.570,0.00284,0.81,57.93,38,10,4,0,BAR_TICK,0.00,3983.88,3978.92
2026.02.19 20:00,1,-0.00015084,0.035,0.000,-0.916,0,0.550,0.00294,1.04,57.93,39,9,4,0,BAR_TICK,0.00,3983.88,3979.85
2026.02.19 21:00,1,-0.00015373,-0.092,0.000,-0.309,0,0.542,0.00290,0.56,57.93,40,8,4,0,BAR_TICK,0.00,3983.88,3979.28
2026.02.19 22:00,1,-0.00013244,0.679,0.000,0.000,0,0.659,0.00293,0.68,57.93,41,7,4,0,BAR_TICK,0.00,3983.88,3980.57
2026.02.19 23:00,1,-0.00013029,0.069,0.000,0.000,0,0.626,0.00288,0.43,57.93,42,6,4,0,BAR_TICK,0.00,3983.88,3979.53
2026.02.20 00:00,1,-0.00012039,0.316,0.000,0.000,0,0.676,0.00288,0.80,56.36,43,5,4,0,BAR_TICK,0.00,3983.88,3979.97
2026.02.20 01:00,1,-0.00010443,0.510,0.000,0.000,0,0.670,0.00286,0.86,56.36,44,4,4,0,BAR_TICK,0.00,3983.88,3980.11
2026.02.20 02:00,1,-0.00009030,0.452,0.000,0.000,0,0.690,0.00279,0.80,56.36,45,3,4,0,BAR_TICK,0.00,3983.88,3980.32
2026.02.20 03:00,1,-0.00005071,1.265,0.565,0.000,0,0.688,0.00278,1.02,56.36,46,2,4,0,BAR_TICK,0.00,3983.88,3982.30
2026.02.20 04:00,1,0.00001447,2.083,1.949,0.000,0,0.663,0.00294,1.71,56.36,47,1,4,0,BAR_TICK,0.00,3983.88,3985.09
2026.02.20 05:00,1,0.00009268,2.500,3.749,0.000,0,0.676,0.00323,1.88,56.36,48,0,4,0,BAR_TICK,0.00,3983.88,3987.86
2026.02.20 06:00,1,0.00011413,0.686,3.735,0.000,0,0.656,0.00318,0.79,56.36,49,0,4,0,BAR_TICK,0.00,3983.88,3986.28
2026.02.20 07:00,1,0.00012585,0.375,3.409,0.000,0,0.648,0.00303,0.56,56.36,50,0,4,0,BAR_TICK,0.00,3983.88,3986.41
2026.02.20 08:00,1,0.00009569,-0.964,1.745,-0.264,0,0.669,0.00270,0.91,56.36,51,0,4,0,BAR_TICK,0.00,3983.88,3984.08
2026.02.20 09:00,1,0.00007851,-0.549,0.496,-0.114,0,0.623,0.00261,0.37,56.36,52,0,4,0,BAR_TICK,0.00,3983.88,3984.37
2026.02.20 10:00,1,0.00010094,0.717,0.513,0.000,0,0.629,0.00272,1.72,56.36,53,0,4,0,BAR_TICK,0.00,3983.88,3986.86
2026.02.20 11:00,1,0.00009098,-0.319,0.000,0.000,0,0.634,0.00276,0.76,56.36,54,0,4,0,BAR_TICK,0.00,3983.88,3985.41
2026.02.20 12:00,1,0.00009041,-0.018,0.000,0.000,0,0.647,0.00292,1.46,56.36,55,0,4,0,BAR_TICK,0.00,3983.88,3986.04
2026.02.20 13:00,1,0.00010631,0.508,0.000,0.000,0,0.682,0.00304,0.97,56.36,56,0,4,0,BAR_TICK,0.00,3983.88,3987.35
2026.02.20 14:00,1,0.00011860,0.393,0.000,0.000,0,0.655,0.00303,0.70,56.36,57,0,4,0,BAR_TICK,0.00,3983.88,3987.80
2026.02.20 15:00,1,0.00014674,0.900,0.200,0.000,0,0.657,0.00306,0.94,56.36,58,0,4,0,BAR_TICK,0.00,3983.88,3989.53
2026.02.20 16:00,1,0.00017956,1.050,0.550,0.000,0,0.608,0.00306,0.71,56.36,59,0,4,0,BAR_TICK,0.00,3983.88,3991.00
2026.02.20 17:00,1,0.00014251,-1.185,0.000,-0.485,0,0.583,0.00328,1.80,56.36,60,0,4,0,BAR_TICK,0.00,3983.88,3987.41
2026.02.20 18:00,1,0.00007727,-2.087,0.000,-1.872,0,0.610,0.00342,2.06,56.36,61,0,4,0,BAR_TICK,0.00,3983.88,3984.64
2026.02.20 19:00,1,0.00005168,-0.818,0.000,-1.990,0,0.588,0.00319,0.91,56.36,62,0,4,0,BAR_TICK,0.00,3983.88,3985.84
2026.02.20 20:00,1,0.00002406,-0.883,0.000,-2.173,0,0.599,0.00327,1.08,56.36,63,0,4,0,BAR_TICK,0.00,3983.88,3985.17
2026.02.20 21:00,1,-0.00002179,-1.466,0.000,-2.940,0,0.609,0.00342,1.11,56.36,64,0,4,0,BAR_TICK,0.00,3983.88,3983.08
2026.02.20 22:00,1,-0.00004354,-0.696,0.000,-2.936,0,0.603,0.00336,0.50,56.36,65,0,4,0,BAR_TICK,0.00,3983.88,3983.47
2026.02.20 23:00,1,-0.00006509,-0.689,0.000,-2.925,0,0.640,0.00338,0.37,56.36,66,0,4,0,BAR_TICK,0.00,3983.88,3982.76
2026.02.23 01:00,1,-0.00010316,-1.218,0.000,-3.442,0,0.683,0.00325,0.87,53.38,67,0,4,0,BAR_TICK,0.00,3983.88,3981.67
2026.02.23 02:00,1,-0.00013879,-1.139,0.000,-3.882,0,0.697,0.00337,1.15,53.38,68,0,4,0,BAR_TICK,0.00,3983.88,3979.86
2026.02.23 03:00,1,-0.00011351,0.808,0.108,-2.374,0,0.651,0.00331,1.00,53.38,69,0,4,0,BAR_TICK,0.00,3983.88,3982.71
2026.02.23 04:00,1,-0.00009304,0.655,0.063,-1.019,0,0.654,0.00328,0.77,53.38,70,0,4,0,BAR_TICK,0.00,3983.88,3982.80
2026.02.23 05:00,1,-0.00004036,1.685,1.048,0.000,0,0.669,0.00342,1.20,53.38,71,0,4,0,BAR_TICK,0.00,3983.88,3985.45
2026.02.23 06:00,1,-0.00002383,0.529,0.877,0.000,0,0.635,0.00338,0.66,53.38,72,0,4,0,BAR_TICK,0.00,3983.88,3984.26
2026.02.23 07:00,1,-0.00000329,0.657,0.834,0.000,0,0.649,0.00335,0.55,53.38,73,0,4,0,BAR_TICK,0.00,3983.88,3984.97
2026.02.23 08:00,1,0.00000866,0.382,0.516,0.000,0,0.625,0.00302,0.41,53.38,74,0,4,0,BAR_TICK,0.00,3983.88,3984.93
2026.02.23 09:00,1,0.00002228,0.435,0.251,0.000,0,0.675,0.00261,0.50,53.38,75,0,4,0,BAR_TICK,0.00,3983.88,3985.41
2026.02.23 10:00,1,0.00004766,0.812,0.363,0.000,0,0.658,0.00259,1.03,53.38,76,0,4,0,BAR_TICK,0.00,3983.88,3986.66
2026.02.23 11:00,1,0.00003267,-0.479,0.000,0.000,0,0.634,0.00257,1.24,53.38,77,0,4,0,BAR_TICK,0.00,3983.88,3984.63
2026.02.23 12:00,1,0.00002257,-0.323,0.000,0.000,0,0.621,0.00242,0.71,53.38,78,0,4,0,BAR_TICK,0.00,3983.88,3984.61
2026.02.23 13:00,1,0.00003702,0.462,0.000,0.000,0,0.644,0.00246,0.90,53.38,79,0,4,0,BAR_TICK,0.00,3983.88,3986.13
2026.02.23 14:00,1,0.00005194,0.477,0.000,0.000,0,0.648,0.00251,0.77,53.38,80,0,4,0,BAR_TICK,0.00,3983.88,3986.65
2026.02.23 15:00,1,0.00006751,0.498,0.000,0.000,0,0.656,0.00245,0.85,53.38,81,0,4,0,BAR_TICK,0.00,3983.88,3987.23
2026.02.23 16:00,1,0.00008567,0.581,0.000,0.000,0,0.634,0.00232,0.85,53.38,82,0,4,0,BAR_TICK,0.00,3983.88,3987.98
2026.02.23 17:00,1,0.00010821,0.721,0.021,0.000,0,0.623,0.00235,1.64,53.38,83,0,4,0,BAR_TICK,0.00,3983.88,3989.01
2026.02.23 18:00,1,0.00010646,-0.056,0.000,0.000,0,0.637,0.00230,0.82,53.38,84,0,4,0,BAR_TICK,0.00,3983.88,3988.17
2026.02.23 19:00,1,0.00012621,0.632,0.000,0.000,0,0.636,0.00219,1.15,53.38,85,0,4,0,BAR_TICK,0.00,3983.88,3989.88
2026.02.23 20:00,1,0.00012546,-0.024,0.000,0.000,0,0.666,0.00216,0.83,53.38,86,0,4,0,BAR_TICK,0.00,3983.88,3989.27
2026.02.23 21:00,1,0.00013387,0.269,0.000,0.000,0,0.675,0.00215,0.80,53.38,87,0,4,0,BAR_TICK,0.00,3983.88,3990.18
2026.02.23 22:00,1,0.00013933,0.175,0.000,0.000,0,0.691,0.00217,0.69,53.38,88,0,4,0,BAR_TICK,0.00,3983.88,3990.46
2026.02.23 23:00,1,0.00014751,0.261,0.000,0.000,0,0.653,0.00224,1.00,53.38,89,0,4,0,BAR_TICK,0.00,3983.88,3991.18
2026.02.24 00:00,1,0.00014206,-0.174,0.000,0.000,0,0.641,0.00215,0.68,50.79,90,0,4,0,BAR_TICK,0.00,3983.88,3990.63
2026.02.24 01:00,1,0.00012898,-0.418,0.000,0.000,0,0.648,0.00209,1.12,50.79,91,0,4,0,BAR_TICK,0.00,3983.88,3990.22
2026.02.24 02:00,1,0.00011538,-0.435,0.000,0.000,0,0.626,0.00211,0.94,50.79,92,0,4,0,BAR_TICK,0.00,3983.88,3990.29
2026.02.24 03:00,1,0.00008987,-0.816,0.000,-0.116,0,0.616,0.00205,0.71,50.79,93,0,4,0,BAR_TICK,0.00,3983.88,3989.34
2026.02.24 04:00,1,0.00007597,-0.445,0.000,0.000,0,0.622,0.00205,0.97,50.79,94,0,4,0,BAR_TICK,0.00,3983.88,3989.61
2026.02.24 05:00,1,0.00003397,-1.343,0.000,-0.643,0,0.631,0.00209,1.21,50.79,95,0,4,0,BAR_TICK,0.00,3983.88,3987.46
2026.02.24 06:00,1,0.00001586,-0.579,0.000,-0.523,0,0.662,0.00209,0.97,50.79,96,0,4,0,BAR_TICK,0.00,3983.88,3988.03
2026.02.24 07:00,1,0.00001744,0.051,0.000,0.000,0,0.682,0.00192,0.74,50.79,97,0,4,0,BAR_TICK,0.00,3983.88,3988.95
2026.02.24 08:00,1,0.00000310,-0.459,0.000,0.000,0,0.661,0.00190,0.84,50.79,98,0,4,0,BAR_TICK,0.00,3983.88,3987.88
2026.02.24 09:00,1,-0.00000850,-0.371,0.000,0.000,0,0.633,0.00178,0.52,50.79,99,0,4,0,BAR_TICK,0.00,3983.88,3987.70
2026.02.24 10:00,1,-0.00003394,-0.814,0.000,-0.114,0,0.590,0.00186,1.56,50.79,100,0,4,0,BAR_TICK,0.00,3983.88,3986.40
2026.02.24 11:00,1,-0.00004724,-0.425,0.000,0.000,0,0.597,0.00194,1.49,50.79,101,0,4,0,BAR_TICK,0.00,3983.88,3986.48
2026.02.24 12:00,1,-0.00003236,0.476,0.000,0.000,0,0.585,0.00203,1.36,50.79,102,0,4,0,BAR_TICK,0.00,3983.88,3987.97
2026.02.24 13:00,1,-0.00001255,0.633,0.000,0.000,0,0.565,0.00200,0.85,50.79,103,0,4,0,BAR_TICK,0.00,3983.88,3988.66
2026.02.24 14:00,1,0.00002077,1.066,0.366,0.000,0,0.574,0.00208,1.25,50.79,104,0,4,0,BAR_TICK,0.00,3983.88,3990.15
2026.02.24 15:00,1,0.00006515,1.419,1.085,0.000,0,0.567,0.00214,1.48,50.79,105,0,4,0,BAR_TICK,0.00,3983.88,3991.90
2026.02.24 16:00,1,0.00010501,1.275,1.660,0.000,0,0.610,0.00215,1.00,50.79,106,0,4,0,BAR_TICK,0.00,3983.88,3992.93
2026.02.24 17:00,1,0.00012602,0.672,1.632,0.000,0,0.654,0.00233,1.68,50.79,107,0,4,0,BAR_TICK,0.00,3983.88,3993.05
2026.02.24 18:00,1,0.00013962,0.435,1.367,0.000,0,0.678,0.00237,1.08,50.79,108,0,4,0,BAR_TICK,0.00,3983.88,3993.34
2026.02.24 19:00,1,0.00011550,-0.771,0.000,-0.071,0,0.659,0.00238,1.14,50.79,109,0,4,0,BAR_TICK,0.00,3983.88,3991.33
2026.02.24 20:00,1,0.00008011,-1.132,0.000,-0.503,0,0.644,0.00241,0.98,50.79,110,0,4,0,BAR_TICK,0.00,3983.88,3990.12
2026.02.24 21:00,1,0.00003916,-1.310,0.000,-1.113,0,0.681,0.00243,0.72,50.79,111,0,4,0,BAR_TICK,0.00,3983.88,3988.96
2026.02.24 22:00,1,-0.00000087,-1.280,0.000,-1.693,0,0.663,0.00245,0.77,50.79,112,0,4,0,BAR_TICK,0.00,3983.88,3988.01
2026.02.24 23:00,1,-0.00002701,-0.836,0.000,-1.830,0,0.652,0.00248,0.52,50.79,113,0,4,0,BAR_TICK,0.00,3983.88,3987.85
2026.02.25 00:06,1,-0.00006434,-1.194,0.000,-2.324,0,0.651,0.00243,0.92,46.31,114,0,4,0,BAR_TICK,0.00,3983.88,3988.03
2026.02.25 01:00,1,-0.00006159,0.088,0.000,-1.536,0,0.646,0.00251,1.42,46.31,115,0,4,0,BAR_TICK,0.00,3983.88,3987.90
2026.02.25 02:00,1,-0.00004719,0.461,0.000,-0.375,0,0.643,0.00244,0.74,46.31,116,0,4,0,BAR_TICK,0.00,3983.88,3988.65
2026.02.25 03:00,1,-0.00005964,-0.398,0.000,-0.073,0,0.652,0.00261,1.55,46.31,117,0,4,0,BAR_TICK,0.00,3983.88,3987.01
2026.02.25 04:00,1,-0.00005619,0.111,0.000,0.000,0,0.673,0.00257,0.80,46.31,118,0,4,0,BAR_TICK,0.00,3983.88,3987.72
2026.02.25 05:00,1,-0.00006364,-0.238,0.000,0.000,0,0.714,0.00249,0.80,46.31,119,0,4,0,BAR_TICK,0.00,3983.88,3986.89
2026.02.25 06:00,1,-0.00005518,0.270,0.000,0.000,0,0.718,0.00246,0.71,46.31,120,0,4,0,BAR_TICK,0.00,3983.88,3987.66
2026.02.25 07:00,1,-0.00007468,-0.623,0.000,0.000,0,0.697,0.00234,0.97,46.31,121,0,4,0,BAR_TICK,0.00,3983.88,3985.80
2026.02.25 08:00,1,-0.00008832,-0.436,0.000,0.000,0,0.676,0.00224,0.47,46.31,122,0,4,0,BAR_TICK,0.00,3983.88,3985.50
2026.02.25 09:00,1,-0.00010210,-0.441,0.000,0.000,0,0.640,0.00218,0.87,46.31,123,0,4,0,BAR_TICK,0.00,3983.88,3984.95
2026.02.25 10:00,1,-0.00008815,0.446,0.000,0.000,0,0.619,0.00224,1.44,46.31,124,0,4,0,BAR_TICK,0.00,3983.88,3986.25
2026.02.25 11:00,1,-0.00005025,1.212,0.512,0.000,0,0.582,0.00235,1.42,46.31,125,0,4,0,BAR_TICK,0.00,3983.88,3988.11
2026.02.25 12:00,1,-0.00000987,1.292,1.104,0.000,0,0.604,0.00240,1.06,46.31,126,0,4,0,BAR_TICK,0.00,3983.88,3989.25
2026.02.25 13:00,1,0.00002164,1.008,1.412,0.000,0,0.662,0.00247,0.93,46.31,127,0,4,0,BAR_TICK,0.00,3983.88,3989.72
2026.02.25 14:00,1,0.00005557,1.085,1.797,0.000,0,0.713,0.00248,0.96,46.31,128,0,4,0,BAR_TICK,0.00,3983.88,3990.83
2026.02.25 15:00,1,0.00005432,-0.040,1.057,0.000,0,0.630,0.00235,0.94,46.31,129,0,4,0,BAR_TICK,0.00,3983.88,3989.42
2026.02.25 16:00,1,0.00004433,-0.320,0.037,0.000,0,0.600,0.00235,0.81,46.31,130,0,4,0,BAR_TICK,0.00,3983.88,3988.90
2026.02.25 17:00,1,0.00003318,-0.356,0.000,0.000,0,0.582,0.00225,1.18,46.31,131,0,4,0,BAR_TICK,0.00,3983.88,3988.63
2026.02.25 18:00,1,-0.00001983,-1.696,0.000,-0.996,0,0.585,0.00235,1.45,46.31,132,0,4,0,BAR_TICK,0.00,3983.88,3985.48
2026.02.25 19:00,1,-0.00002430,-0.143,0.000,-0.438,0,0.592,0.00238,0.99,46.31,133,0,4,0,BAR_TICK,0.00,3983.88,3987.34
2026.02.25 20:00,1,-0.00003047,-0.197,0.000,0.000,0,0.619,0.00235,0.55,46.31,134,0,4,0,BAR_TICK,0.00,3983.88,3987.06
2026.02.25 21:00,1,-0.00005520,-0.791,0.000,-0.091,0,0.603,0.00233,0.88,46.31,135,0,4,0,BAR_TICK,0.00,3983.88,3985.49
2026.02.25 22:00,1,-0.00007390,-0.598,0.000,0.000,0,0.597,0.00233,0.46,46.31,136,0,4,0,BAR_TICK,0.00,3983.88,3985.10
2026.02.25 23:00,1,-0.00007887,-0.159,0.000,0.000,0,0.670,0.00228,0.54,46.31,137,0,4,0,BAR_TICK,0.00,3983.88,3985.37
2026.02.26 00:05,1,-0.00008714,-0.265,0.000,0.000,0,0.678,0.00217,0.72,44.02,138,0,4,0,BAR_TICK,0.00,3983.88,3985.21
2026.02.26 01:00,1,-0.00007729,0.315,0.000,0.000,0,0.670,0.00208,1.02,44.02,139,0,4,0,BAR_TICK,0.00,3983.88,3985.88
2026.02.26 02:00,1,-0.00007411,0.102,0.000,0.000,0,0.664,0.00203,0.93,44.02,140,0,4,0,BAR_TICK,0.00,3983.88,3985.31
2026.02.26 03:00,1,-0.00006698,0.228,0.000,0.000,0,0.637,0.00198,0.82,44.02,141,0,4,0,BAR_TICK,0.00,3983.88,3985.49
2026.02.26 04:00,1,-0.00008237,-0.492,0.000,0.000,0,0.656,0.00200,1.31,44.02,142,0,4,0,BAR_TICK,0.00,3983.88,3983.97
2026.02.26 05:00,1,-0.00007484,0.241,0.000,0.000,0,0.669,0.00200,1.07,44.02,143,0,4,0,BAR_TICK,0.00,3983.88,3984.87
2026.02.26 06:00,1,-0.00007442,0.013,0.000,0.000,0,0.662,0.00197,0.75,44.02,144,0,4,0,BAR_TICK,0.00,3983.88,3984.48
2026.02.26 07:00,1,-0.00007206,0.075,0.000,0.000,0,0.655,0.00188,0.77,44.02,145,0,4,0,BAR_TICK,0.00,3983.88,3984.49
2026.02.26 08:00,1,-0.00009814,-0.834,0.000,-0.134,0,0.649,0.00187,1.73,44.02,146,0,4,0,BAR_TICK,0.00,3983.88,3982.41
2026.02.26 09:00,1,-0.00009585,0.073,0.000,0.000,0,0.670,0.00182,0.95,44.02,147,0,4,0,BAR_TICK,0.00,3983.88,3983.44
2026.02.26 10:00,1,-0.00007634,0.624,0.000,0.000,0,0.699,0.00191,1.29,44.02,148,0,4,0,BAR_TICK,0.00,3983.88,3984.52
2026.02.26 11:00,1,-0.00006140,0.478,0.000,0.000,0,0.688,0.00186,0.78,44.02,149,0,4,0,BAR_TICK,0.00,3983.88,3984.55
2026.02.26 12:00,1,-0.00004685,0.465,0.000,0.000,0,0.672,0.00191,0.92,44.02,150,0,4,0,BAR_TICK,0.00,3983.88,3984.76
2026.02.26 13:00,1,-0.00000749,1.259,0.559,0.000,0,0.681,0.00207,1.64,44.02,151,0,4,0,BAR_TICK,0.00,3983.88,3986.87
2026.02.26 14:00,1,0.00002306,0.977,0.836,0.000,0,0.686,0.00205,0.68,44.02,152,0,4,0,BAR_TICK,0.00,3983.88,3987.31
2026.02.26 15:00,1,0.00004730,0.775,0.912,0.000,0,0.665,0.00200,0.68,44.02,153,0,4,0,BAR_TICK,0.00,3983.88,3987.77
2026.02.26 16:00,1,0.00005845,0.357,0.568,0.000,0,0.675,0.00205,1.27,44.02,154,0,4,0,BAR_TICK,0.00,3983.88,3987.62
2026.02.26 17:00,1,0.00009759,1.252,1.120,0.000,0,0.658,0.00217,1.50,44.02,155,0,4,0,BAR_TICK,0.00,3983.88,3990.04
2026.02.26 18:00,1,0.00006470,-1.052,0.000,-0.352,0,0.643,0.00245,2.67,44.02,156,0,4,0,BAR_TICK,0.00,3983.88,3986.30
2026.02.26 19:00,1,0.00004517,-0.625,0.000,-0.277,0,0.668,0.00240,0.62,44.02,157,0,4,0,BAR_TICK,0.00,3983.88,3986.47
2026.02.26 20:00,1,-0.00002215,-2.153,0.000,-1.730,0,0.690,0.00259,1.63,44.02,158,0,4,0,BAR_TICK,0.00,3983.88,3982.72
2026.02.26 21:00,1,-0.00010391,-2.615,0.000,-3.645,0,0.721,0.00279,1.49,44.02,159,0,4,0,BAR_TICK,0.00,3983.88,3979.70
2026.02.26 22:00,1,-0.00015510,-1.637,0.000,-4.582,0,0.718,0.00263,0.42,44.02,160,0,4,0,BAR_TICK,0.00,3983.88,3979.34
2026.02.26 23:00,1,-0.00018050,-0.812,0.000,-4.695,0,0.671,0.00260,0.48,44.02,161,0,4,0,BAR_TICK,0.00,3983.88,3979.38
2026.02.27 00:21,1,-0.00018693,-0.206,0.000,-4.200,0,0.650,0.00256,0.72,43.69,162,0,4,0,BAR_TICK,0.00,3983.88,3981.61
2026.02.27 01:00,1,-0.00016421,0.727,0.027,-2.774,0,0.639,0.00270,1.29,43.69,163,0,4,0,BAR_TICK,0.00,3983.88,3981.04
2026.02.27 02:00,1,-0.00013272,1.007,0.334,-1.066,0,0.583,0.00280,1.09,43.69,164,0,4,0,BAR_TICK,0.00,3983.88,3981.93
2026.02.27 03:00,1,-0.00010687,0.827,0.461,0.000,0,0.565,0.00270,0.76,43.69,165,0,4,0,BAR_TICK,0.00,3983.88,3982.15
2026.02.27 04:00,1,-0.00011625,-0.300,0.000,0.000,0,0.600,0.00276,0.81,43.69,166,0,4,0,BAR_TICK,0.00,3983.88,3980.11
2026.02.27 05:00,1,-0.00015419,-1.213,0.000,-0.513,0,0.619,0.00291,1.19,43.69,167,0,4,0,BAR_TICK,0.00,3983.88,3977.58
2026.02.27 06:00,1,-0.00015908,-0.156,0.000,0.000,0,0.663,0.00287,0.71,43.69,168,0,4,0,BAR_TICK,0.00,3983.88,3978.50
2026.02.27 07:00,1,-0.00016405,-0.159,0.000,0.000,0,0.594,0.00271,0.39,43.69,169,0,4,0,BAR_TICK,0.00,3983.88,3978.00
2026.02.27 08:00,1,-0.00016507,-0.033,0.000,0.000,0,0.546,0.00236,0.65,43.69,170,0,4,0,BAR_TICK,0.00,3983.88,3977.77
2026.02.27 09:00,1,-0.00020027,-1.126,0.000,-0.426,0,0.557,0.00248,1.32,43.69,171,0,4,0,BAR_TICK,0.00,3983.88,3974.98
2026.02.27 10:00,1,-0.00017824,0.705,0.005,0.000,0,0.595,0.00249,1.74,43.69,172,0,4,0,BAR_TICK,0.00,3983.88,3977.58
2026.02.27 11:00,1,-0.00011810,1.924,1.228,0.000,0,0.612,0.00246,1.52,43.69,173,0,4,0,BAR_TICK,0.00,3983.88,3980.42
2026.02.27 12:00,1,-0.00011396,0.132,0.661,0.000,0,0.659,0.00257,1.02,43.69,174,0,4,0,BAR_TICK,0.00,3983.88,3977.92
2026.02.27 13:00,1,-0.00011663,-0.085,0.000,0.000,0,0.642,0.00268,0.99,43.69,175,0,4,0,BAR_TICK,0.00,3983.88,3977.30
2026.02.27 14:00,1,-0.00012689,-0.328,0.000,0.000,0,0.577,0.00277,1.15,43.69,176,0,4,0,BAR_TICK,0.00,3983.88,3976.40
2026.02.27 15:00,1,-0.00010895,0.574,0.000,0.000,0,0.602,0.00271,0.98,43.69,177,0,4,0,BAR_TICK,0.00,3983.88,3977.84
2026.02.27 16:00,1,-0.00013008,-0.676,0.000,0.000,0,0.618,0.00277,1.38,43.69,178,0,4,0,BAR_TICK,0.00,3983.88,3975.36
2026.02.27 17:00,1,-0.00016476,-1.109,0.000,-0.409,0,0.643,0.00283,1.06,43.69,179,0,4,0,BAR_TICK,0.00,3983.88,3973.56
2026.02.27 18:00,1,-0.00028528,-3.855,0.000,-3.564,0,0.651,0.00321,2.36,43.69,180,0,4,0,BAR_TICK,0.00,3983.88,3966.18
2026.02.27 19:00,1,-0.00031122,-0.830,0.000,-3.694,0,0.600,0.00330,1.43,43.69,181,0,4,0,BAR_TICK,0.00,3983.88,3968.82
2026.02.27 20:00,1,-0.00030277,0.270,0.000,-2.724,0,0.613,0.00340,1.00,43.69,182,0,4,0,BAR_TICK,0.00,3983.88,3969.81
2026.02.27 21:00,1,-0.00025884,1.405,0.705,-0.618,0,0.631,0.00352,0.76,43.69,183,0,4,0,BAR_TICK,0.00,3983.88,3971.84
2026.02.27 22:00,1,-0.00019461,2.054,2.059,0.000,0,0.630,0.00364,0.88,43.69,184,0,4,0,BAR_TICK,0.00,3983.88,3973.89
2026.02.27 23:00,1,-0.00017052,0.770,2.130,0.000,0,0.612,0.00356,0.60,43.69,185,0,4,0,BAR_TICK,0.00,3983.88,3972.46
2026.03.02 00:42,1,-0.00014337,0.869,2.298,0.000,0,0.607,0.00340,0.62,45.90,186,0,4,0,BAR_TICK,0.00,3983.88,3977.83
2026.03.02 01:00,1,-0.00008587,1.839,3.437,0.000,0,0.641,0.00348,0.67,45.90,187,0,4,0,BAR_TICK,0.00,3983.88,3979.27
2026.03.02 02:00,1,-0.00003897,1.500,4.238,0.000,0,0.673,0.00369,1.52,45.90,188,0,4,0,BAR_TICK,0.00,3983.88,3976.16
2026.03.02 03:00,1,-0.00002861,0.331,3.869,0.000,0,0.637,0.00382,1.16,45.90,189,0,4,0,BAR_TICK,0.00,3983.88,3974.87
2026.03.02 04:00,1,-0.00006022,-1.011,2.158,-0.311,0,0.617,0.00391,1.12,45.90,190,0,4,0,BAR_TICK,0.00,3983.88,3972.09
2026.03.02 05:00,1,-0.00008710,-0.860,0.598,-0.471,0,0.626,0.00391,0.70,45.90,191,0,4,0,BAR_TICK,0.00,3983.88,3971.41
2026.03.02 06:00,1,-0.00008200,0.163,0.061,0.000,0,0.626,0.00383,0.71,45.90,192,0,4,0,BAR_TICK,0.00,3983.88,3972.71
2026.03.02 07:00,1,-0.00004592,1.154,0.515,0.000,0,0.618,0.00383,0.76,45.90,193,0,4,0,BAR_TICK,0.00,3983.88,3974.82
2026.03.02 08:00,1,0.00000285,1.560,1.375,0.000,0,0.581,0.00344,0.64,45.90,194,0,4,0,BAR_TICK,0.00,3983.88,3976.64
2026.03.02 09:00,1,-0.00000495,-0.250,0.426,0.000,0,0.603,0.00334,0.99,45.90,195,0,4,0,BAR_TICK,0.00,3983.88,3974.02
2026.03.02 10:00,1,-0.00001179,-0.219,0.000,0.000,0,0.574,0.00327,0.75,45.90,196,0,4,0,BAR_TICK,0.00,3983.88,3973.86
2026.03.02 11:00,1,-0.00005078,-1.247,0.000,-0.547,0,0.594,0.00333,1.04,45.90,197,0,4,0,BAR_TICK,0.00,3983.88,3971.37
2026.03.02 12:00,1,-0.00006458,-0.441,0.000,-0.289,0,0.579,0.00338,1.14,45.90,198,0,4,0,BAR_TICK,0.00,3983.88,3971.98
2026.03.02 13:00,1,-0.00004346,0.675,0.000,0.000,0,0.563,0.00359,1.43,45.90,199,0,4,0,BAR_TICK,0.00,3983.88,3973.87
2026.03.02 14:00,1,0.00000717,1.619,0.919,0.000,0,0.575,0.00370,0.99,45.90,200,0,4,0,BAR_TICK,0.00,3983.88,3976.44
2026.03.02 15:00,1,0.00010867,3.246,3.466,0.000,0,0.566,0.00384,1.77,45.90,201,0,4,0,BAR_TICK,0.00,3983.88,3981.42
2026.03.02 16:00,1,0.00015586,1.509,4.275,0.000,0,0.566,0.00370,1.00,45.90,202,0,4,0,BAR_TICK,0.00,3983.88,3980.69
2026.03.02 17:00,1,0.00019033,1.102,4.678,0.000,0,0.589,0.00364,0.97,45.90,203,0,4,0,BAR_TICK,0.00,3983.88,3981.42
2026.03.02 18:00,1,0.00021003,0.630,4.608,0.000,0,0.595,0.00351,0.77,45.90,204,0,4,0,BAR_TICK,0.00,3983.88,3981.82
2026.03.02 19:00,1,0.00024999,1.278,5.186,0.000,0,0.602,0.00353,0.83,45.90,205,0,4,0,BAR_TICK,0.00,3983.88,3984.22
2026.03.02 20:00,1,0.00026173,0.375,4.861,0.000,0,0.634,0.00347,0.55,45.90,206,0,4,0,BAR_TICK,0.00,3983.88,3983.95
2026.03.02 21:00,1,0.00024297,-0.600,3.561,0.000,0,0.642,0.00338,0.51,45.90,207,0,4,0,BAR_TICK,0.00,3983.88,3982.78
2026.03.02 22:00,1,0.00019912,-1.402,1.459,-0.702,0,0.648,0.00346,0.94,45.90,208,0,4,0,BAR_TICK,0.00,3983.88,3980.96
2026.03.02 23:00,1,0.00016710,-1.024,0.000,-1.027,0,0.617,0.00340,0.75,45.90,209,0,4,0,BAR_TICK,0.00,3983.88,3981.06
2026.03.03 00:00,1,0.00015418,-0.413,0.000,-0.740,0,0.559,0.00344,0.86,46.24,210,0,4,0,BAR_TICK,0.00,3983.88,3982.60
2026.03.03 01:00,1,0.00011955,-1.108,0.000,-1.147,0,0.542,0.00359,1.55,46.24,211,0,4,0,BAR_TICK,0.00,3983.88,3980.38
2026.03.03 02:00,1,0.00009735,-0.710,0.000,-1.158,0,0.598,0.00347,0.65,46.24,212,0,4,0,BAR_TICK,0.00,3983.88,3980.51
2026.03.03 03:00,1,0.00009744,0.003,0.000,-0.455,0,0.624,0.00323,0.54,46.24,213,0,4,0,BAR_TICK,0.00,3983.88,3981.68
2026.03.03 04:00,1,0.00008755,-0.316,0.000,-0.071,0,0.655,0.00313,0.74,46.24,214,0,4,0,BAR_TICK,0.00,3983.88,3981.18
2026.03.03 05:00,1,0.00005972,-0.890,0.000,-0.261,0,0.654,0.00291,1.28,46.24,215,0,4,0,BAR_TICK,0.00,3983.88,3979.86
2026.03.03 06:00,1,0.00003829,-0.686,0.000,-0.247,0,0.576,0.00278,0.65,46.24,216,0,4,0,BAR_TICK,0.00,3983.88,3979.67
2026.03.03 07:00,1,0.00002738,-0.349,0.000,0.000,0,0.599,0.00265,0.64,46.24,217,0,4,0,BAR_TICK,0.00,3983.88,3979.89
2026.03.03 08:00,1,0.00002403,-0.107,0.000,0.000,0,0.595,0.00268,1.17,46.24,218,0,4,0,BAR_TICK,0.00,3983.88,3980.19
2026.03.03 09:00,1,-0.00000365,-0.885,0.000,-0.185,0,0.613,0.00266,1.03,46.24,219,0,4,0,BAR_TICK,0.00,3983.88,3978.44
2026.03.03 10:00,1,0.00002637,0.960,0.260,0.000,0,0.637,0.00292,1.86,46.24,220,0,4,0,BAR_TICK,0.00,3983.88,3981.73
2026.03.03 11:00,1,0.00004722,0.667,0.227,0.000,0,0.606,0.00306,1.21,46.24,221,0,4,0,BAR_TICK,0.00,3983.88,3981.96
2026.03.03 12:00,1,0.00008387,1.172,0.699,0.000,0,0.606,0.00313,1.36,46.24,222,0,4,0,BAR_TICK,0.00,3983.88,3983.67
2026.03.03 13:00,1,0.00015963,2.423,2.423,0.000,0,0.620,0.00360,2.54,46.24,223,0,4,0,BAR_TICK,0.00,3983.88,3987.74
2026.03.03 14:00,1,0.00012312,-1.168,0.555,-0.468,0,0.604,0.00390,1.82,46.24,224,0,4,0,BAR_TICK,0.00,3983.88,3982.31
2026.03.03 15:00,1,0.00011728,-0.187,0.000,0.000,0,0.618,0.00374,0.89,46.24,225,0,4,0,BAR_TICK,0.00,3983.88,3983.72
2026.03.03 16:00,1,0.00012489,0.243,0.000,0.000,0,0.595,0.00378,0.72,46.24,226,0,4,0,BAR_TICK,0.00,3983.88,3984.77
2026.03.03 17:00,1,0.00022819,3.304,2.604,0.000,0,0.624,0.00430,2.12,46.24,227,0,4,0,BAR_TICK,0.00,3983.88,3992.02
2026.03.03 18:00,1,0.00031638,2.821,4.725,0.000,0,0.655,0.00458,1.34,46.24,228,0,4,0,BAR_TICK,0.00,3983.88,3994.36
2026.03.03 19:00,1,0.00031287,-0.112,3.913,0.000,0,0.642,0.00469,1.13,46.24,229,0,4,0,BAR_TICK,0.00,3983.88,3991.06
2026.03.03 20:00,1,0.00032322,0.331,3.543,0.000,0,0.610,0.00484,0.80,46.24,230,0,4,0,BAR_TICK,0.00,3983.88,3992.65
2026.03.03 21:00,1,0.00029067,-1.041,1.803,-0.341,0,0.622,0.00495,0.65,46.24,231,0,4,0,BAR_TICK,0.00,3983.88,3990.62
2026.03.03 22:00,1,0.00027032,-0.651,0.452,-0.292,0,0.646,0.00505,0.90,46.24,232,0,4,0,BAR_TICK,0.00,3983.88,3991.17
2026.03.03 23:00,1,0.00028005,0.311,0.063,0.000,0,0.671,0.00509,0.64,46.24,233,0,4,0,BAR_TICK,0.00,3983.88,3993.41
2026.03.04 00:15,1,0.00027172,-0.266,0.000,0.000,0,0.633,0.00487,0.51,42.01,234,0,4,0,BAR_TICK,0.00,3983.88,3994.10
2026.03.04 01:00,1,0.00023521,-1.168,0.000,-0.468,0,0.655,0.00493,0.92,42.01,235,0,4,0,BAR_TICK,0.00,3983.88,3988.88
2026.03.04 02:00,1,0.00023275,-0.078,0.000,0.000,0,0.629,0.00506,1.19,42.01,236,0,4,0,BAR_TICK,0.00,3983.88,3993.36
2026.03.04 03:00,1,0.00023286,0.003,0.000,0.000,0,0.659,0.00474,0.98,42.01,237,0,4,0,BAR_TICK,0.00,3983.88,3994.00
2026.03.04 04:00,1,0.00021033,-0.720,0.000,-0.020,0,0.622,0.00453,0.92,42.01,238,0,4,0,BAR_TICK,0.00,3983.88,3992.89
2026.03.04 05:00,1,0.00014556,-2.072,0.000,-1.392,0,0.602,0.00470,1.22,42.01,239,0,4,0,BAR_TICK,0.00,3983.88,3989.79
2026.03.04 06:00,1,0.00005258,-2.974,0.000,-3.666,0,0.560,0.00482,0.93,42.01,240,0,4,0,BAR_TICK,0.00,3983.88,3986.32
2026.03.04 07:00,1,-0.00002770,-2.568,0.000,-5.534,0,0.544,0.00440,0.72,42.01,241,0,4,0,BAR_TICK,0.00,3983.88,3984.72
2026.03.04 08:00,1,-0.00006710,-1.260,0.000,-6.094,0,0.585,0.00410,0.51,42.01,242,0,4,0,BAR_TICK,0.00,3983.88,3985.29
2026.03.04 09:00,1,-0.00008720,-0.643,0.000,-6.037,0,0.605,0.00387,0.50,42.01,243,0,4,0,BAR_TICK,0.00,3983.88,3985.44
2026.03.04 10:00,1,-0.00005218,1.120,0.420,-4.217,0,0.592,0.00391,1.16,42.01,244,0,4,0,BAR_TICK,0.00,3983.88,3988.56
2026.03.04 11:00,1,-0.00004493,0.232,0.000,-3.285,0,0.570,0.00393,0.88,42.01,245,0,4,0,BAR_TICK,0.00,3983.88,3987.46
2026.03.04 12:00,1,-0.00005187,-0.222,0.000,-2.807,0,0.591,0.00393,1.16,42.01,246,0,4,0,BAR_TICK,0.00,3983.88,3986.58
2026.03.04 13:00,1,-0.00002648,0.812,0.112,-1.295,0,0.605,0.00410,1.36,42.01,247,0,4,0,BAR_TICK,0.00,3983.88,3988.57
2026.03.04 14:00,1,0.00000076,0.871,0.283,0.000,0,0.617,0.00411,0.65,42.01,248,0,4,0,BAR_TICK,0.00,3983.88,3989.31
2026.03.04 15:00,1,-0.00003978,-1.297,0.000,-0.597,0,0.597,0.00414,1.18,42.01,249,0,4,0,BAR_TICK,0.00,3983.88,3985.28
2026.03.04 16:00,1,-0.00004656,-0.217,0.000,-0.113,0,0.563,0.00391,0.71,42.01,250,0,4,0,BAR_TICK,0.00,3983.88,3986.54
2026.03.04 17:00,1,-0.00005171,-0.165,0.000,0.000,0,0.526,0.00384,0.95,42.01,251,0,4,0,BAR_TICK,0.00,3983.88,3986.36
2026.03.04 18:00,1,-0.00015186,-3.203,0.000,-2.503,0,0.530,0.00407,1.83,42.01,252,0,4,0,BAR_TICK,0.00,3983.88,3979.32
2026.03.04 19:00,1,-0.00020937,-1.839,0.000,-3.643,0,0.550,0.00383,0.61,42.01,253,0,4,0,BAR_TICK,0.00,3983.88,3979.16
2026.03.04 20:00,1,-0.00024353,-1.093,0.000,-4.035,0,0.557,0.00370,0.73,42.01,254,0,4,0,BAR_TICK,0.00,3983.88,3978.80
2026.03.04 21:00,1,-0.00029622,-1.685,0.000,-5.021,0,0.558,0.00375,1.02,42.01,255,0,4,0,BAR_TICK,0.00,3983.88,3975.94
2026.03.04 22:00,1,-0.00030234,-0.196,0.000,-4.516,0,0.544,0.00376,0.62,42.01,256,0,4,0,BAR_TICK,0.00,3983.88,3977.10
2026.03.04 23:00,1,-0.00028994,0.397,0.000,-3.420,0,0.589,0.00373,0.40,42.01,257,0,4,0,BAR_TICK,0.00,3983.88,3977.55
2026.03.05 00:01,1,-0.00028924,0.022,0.000,-2.697,0,0.569,0.00355,0.55,38.76,258,0,4,0,BAR_TICK,0.00,3983.88,3977.32
2026.03.05 01:00,1,-0.00027642,0.410,0.000,-1.587,0,0.529,0.00341,0.43,38.76,259,0,4,0,BAR_TICK,0.00,3983.88,3976.86
2026.03.05 02:00,1,-0.00024841,0.896,0.196,0.000,0,0.565,0.00331,0.96,38.76,260,0,4,0,BAR_TICK,0.00,3983.88,3977.44
2026.03.05 03:00,1,-0.00023136,0.545,0.041,0.000,0,0.609,0.00300,0.43,38.76,261,0,4,0,BAR_TICK,0.00,3983.88,3976.89
2026.03.05 04:00,1,-0.00018347,1.532,0.873,0.000,0,0.609,0.00307,1.20,38.76,262,0,4,0,BAR_TICK,0.00,3983.88,3978.98
2026.03.05 05:00,1,-0.00018779,-0.138,0.035,0.000,0,0.603,0.00298,1.20,38.76,263,0,4,0,BAR_TICK,0.00,3983.88,3976.26
2026.03.05 06:00,1,-0.00019065,-0.091,0.000,0.000,0,0.576,0.00301,1.08,38.76,264,0,4,0,BAR_TICK,0.00,3983.88,3975.82
2026.03.05 07:00,1,-0.00019838,-0.247,0.000,0.000,0,0.605,0.00293,0.85,38.76,265,0,4,0,BAR_TICK,0.00,3983.88,3974.97
2026.03.05 08:00,1,-0.00017489,0.751,0.051,0.000,0,0.591,0.00256,0.85,38.76,266,0,4,0,BAR_TICK,0.00,3983.88,3976.50
2026.03.05 09:00,1,-0.00018844,-0.433,0.000,0.000,0,0.596,0.00259,1.09,38.76,267,0,4,0,BAR_TICK,0.00,3983.88,3974.14
2026.03.05 10:00,1,-0.00013261,1.786,1.086,0.000,0,0.612,0.00275,1.80,38.76,268,0,4,0,BAR_TICK,0.00,3983.88,3978.27
2026.03.05 11:00,1,-0.00008495,1.524,1.910,0.000,0,0.608,0.00275,1.39,38.76,269,0,4,0,BAR_TICK,0.00,3983.88,3978.91
2026.03.05 12:00,1,-0.00001916,2.104,3.314,0.000,0,0.581,0.00309,2.26,38.76,270,0,4,0,BAR_TICK,0.00,3983.88,3981.32
2026.03.05 13:00,1,0.00002093,1.282,3.896,0.000,0,0.570,0.00315,0.76,38.76,271,0,4,0,BAR_TICK,0.00,3983.88,3981.30
2026.03.05 14:00,1,0.00004093,0.640,3.836,0.000,0,0.595,0.00318,0.74,38.76,272,0,4,0,BAR_TICK,0.00,3983.88,3981.05
2026.03.05 15:00,1,0.00006904,0.899,4.035,0.000,0,0.625,0.00329,0.90,38.76,273,0,4,0,BAR_TICK,0.00,3983.88,3982.27
2026.03.05 16:00,1,0.00011334,1.417,4.752,0.000,0,0.611,0.00329,0.99,38.76,274,0,4,0,BAR_TICK,0.00,3983.88,3984.35
2026.03.05 17:00,1,0.00011562,0.073,4.125,0.000,0,0.632,0.00356,1.42,38.76,275,0,4,0,BAR_TICK,0.00,3983.88,3982.87
2026.03.05 18:00,1,0.00015061,1.119,4.544,0.000,0,0.622,0.00371,1.56,38.76,276,0,4,0,BAR_TICK,0.00,3983.88,3985.48
2026.03.05 19:00,1,0.00018735,1.175,5.019,0.000,0,0.651,0.00381,1.31,38.76,277,0,4,0,BAR_TICK,0.00,3983.88,3986.95
2026.03.05 20:00,1,0.00028566,3.144,0.000,0.000,1,0.636,0.00406,1.66,38.76,278,0,4,0,BAR_TICK,0.00,3983.88,3992.75
2026.03.05 21:00,1,0.00031044,0.979,0.279,0.000,0,0.615,0.00407,0.66,38.76,279,0,4,0,BAR_TICK,0.00,3983.88,3991.87
2026.03.05 22:00,1,0.00031197,0.065,0.000,0.000,0,0.582,0.00411,0.64,38.76,280,0,4,0,BAR_TICK,0.00,3983.88,3991.71
2026.03.05 23:00,1,0.00028609,-0.975,0.000,-0.275,0,0.560,0.00417,0.90,38.76,281,0,4,0,BAR_TICK,0.00,3983.88,3989.56
2026.03.06 00:00,1,0.00028004,-0.191,0.000,0.000,0,0.579,0.00396,0.48,36.43,282,0,4,0,BAR_TICK,0.00,3983.88,3990.67
2026.03.06 01:00,1,0.00026177,-0.492,0.000,0.000,0,0.588,0.00406,1.30,36.43,283,0,4,0,BAR_TICK,0.00,3983.88,3990.18
2026.03.06 02:00,1,0.00025898,-0.066,0.000,0.000,0,0.545,0.00368,0.46,36.43,284,0,4,0,BAR_TICK,0.00,3983.88,3991.00
2026.03.06 03:00,1,0.00015572,-1.813,0.000,-1.113,0,0.524,0.00380,1.07,36.43,285,0,4,0,BAR_TICK,0.00,3983.88,3987.39
2026.03.06 04:00,1,0.00008256,-1.078,0.000,-1.491,0,0.538,0.00379,0.58,36.43,286,0,4,0,BAR_TICK,0.00,3983.88,3987.37
2026.03.06 05:00,1,0.00004796,-0.484,0.000,-1.275,0,0.495,0.00372,0.55,36.43,287,0,4,0,BAR_TICK,0.00,3983.88,3987.80
2026.03.06 06:00,1,0.00003130,-0.239,0.000,-0.814,0,0.515,0.00364,0.57,36.43,288,0,4,0,BAR_TICK,0.00,3983.88,3987.97
2026.03.06 07:00,1,0.00004924,0.275,0.000,0.000,0,0.537,0.00341,0.54,36.43,289,0,4,0,BAR_TICK,0.00,3983.88,3988.98
2026.03.06 08:00,1,0.00005185,0.044,0.000,0.000,0,0.539,0.00313,0.60,36.43,290,0,4,0,BAR_TICK,0.00,3983.88,3988.80
2026.03.06 09:00,1,0.00003645,-0.281,0.000,0.000,0,0.548,0.00289,0.56,36.43,291,0,4,0,BAR_TICK,0.00,3983.88,3988.26
2026.03.06 10:00,1,-0.00000141,-0.751,0.000,-0.051,0,0.544,0.00260,1.00,36.43,292,0,4,0,BAR_TICK,0.00,3983.88,3987.00
2026.03.06 11:00,1,0.00001286,0.305,0.000,0.000,0,0.546,0.00265,1.31,36.43,293,0,4,0,BAR_TICK,0.00,3983.88,3988.72
2026.03.06 12:00,1,0.00013746,2.849,2.149,0.000,0,0.558,0.00293,2.24,36.43,294,0,4,0,BAR_TICK,0.00,3983.88,3994.71
2026.03.06 13:00,1,0.00019655,1.430,2.879,0.000,0,0.560,0.00286,0.95,36.43,295,0,4,0,BAR_TICK,0.00,3983.88,3994.50
2026.03.06 14:00,1,0.00025917,1.591,3.770,0.000,0,0.585,0.00302,1.36,36.43,296,0,4,0,BAR_TICK,0.00,3983.88,3996.63
2026.03.06 15:00,1,0.00028709,0.739,3.809,0.000,0,0.627,0.00291,1.29,36.43,297,0,4,0,BAR_TICK,0.00,3983.88,3996.80
2026.03.06 16:00,1,0.00037691,2.458,5.567,0.000,0,0.652,0.00342,2.61,36.43,298,0,4,0,BAR_TICK,0.00,3983.88,4001.91
2026.03.06 17:00,1,0.00036881,-0.228,4.639,0.000,0,0.619,0.00344,1.27,36.43,299,0,4,0,BAR_TICK,0.00,3983.88,3999.02
2026.03.06 18:00,1,0.00029493,-2.128,1.811,-1.428,0,0.626,0.00370,1.56,36.43,300,0,4,0,BAR_TICK,0.00,3983.88,3995.39
2026.03.06 19:00,1,0.00025494,-1.174,0.000,-1.902,0,0.651,0.00375,0.75,36.43,301,0,4,0,BAR_TICK,0.00,3983.88,3996.31
2026.03.06 20:00,1,0.00023830,-0.496,0.000,-1.698,0,0.667,0.00374,0.51,36.43,302,0,4,0,BAR_TICK,0.00,3983.88,3997.35
2026.03.06 21:00,1,0.00018595,-1.581,0.000,-2.579,0,0.655,0.00396,1.25,36.43,303,0,4,0,BAR_TICK,0.00,3983.88,3995.06
2026.03.06 22:00,1,0.00013676,-1.501,0.000,-3.381,0,0.649,0.00393,0.37,36.43,304,0,4,0,BAR_TICK,0.00,3983.88,3994.24
2026.03.06 23:00,1,0.00012602,-0.331,0.000,-3.011,0,0.650,0.00395,0.48,36.43,305,0,4,0,BAR_TICK,0.00,3983.88,3995.82
2026.03.09 00:00,1,0.00012663,0.019,0.000,-2.292,0,0.661,0.00396,0.71,32.53,306,0,4,0,BAR_TICK,0.00,3983.88,3998.72
2026.03.09 01:00,1,0.00016864,1.310,0.610,-0.282,0,0.663,0.00408,1.11,32.53,307,0,4,0,BAR_TICK,0.00,3983.88,3999.77
2026.03.09 02:00,1,0.00018417,0.486,0.397,0.000,0,0.661,0.00379,0.64,32.53,308,0,4,0,BAR_TICK,0.00,3983.88,3999.45
2026.03.09 03:00,1,0.00015210,-1.009,0.000,-0.309,0,0.652,0.00382,0.82,32.53,309,0,4,0,BAR_TICK,0.00,3983.88,3996.99
2026.03.09 04:00,1,0.00008137,-2.231,0.000,-1.840,0,0.638,0.00388,1.27,32.53,310,0,4,0,BAR_TICK,0.00,3983.88,3993.71
2026.03.09 05:00,1,-0.00002004,-3.207,0.000,-4.347,0,0.640,0.00394,1.16,32.53,311,0,4,0,BAR_TICK,0.00,3983.88,3989.82
2026.03.09 06:00,1,-0.00006235,-1.341,0.000,-4.988,0,0.654,0.00351,0.84,32.53,312,0,4,0,BAR_TICK,0.00,3983.88,3991.09
2026.03.09 07:00,1,-0.00009025,-0.886,0.000,-5.174,0,0.642,0.00332,0.52,32.53,313,0,4,0,BAR_TICK,0.00,3983.88,3990.78
2026.03.09 08:00,1,-0.00012938,-1.244,0.000,-5.718,0,0.585,0.00326,1.53,32.53,314,0,4,0,BAR_TICK,0.00,3983.88,3989.01
2026.03.09 09:00,1,-0.00014312,-0.437,0.000,-5.455,0,0.595,0.00322,0.70,32.53,315,0,4,0,BAR_TICK,0.00,3983.88,3989.41
2026.03.09 10:00,1,-0.00012109,0.702,0.002,-4.053,0,0.587,0.00333,1.02,32.53,316,0,4,0,BAR_TICK,0.00,3983.88,3991.23
2026.03.09 11:00,1,-0.00015021,-0.928,0.000,-4.281,0,0.593,0.00328,1.30,32.53,317,0,4,0,BAR_TICK,0.00,3983.88,3987.94
2026.03.09 12:00,1,-0.00023036,-2.557,0.000,-6.138,0,0.615,0.00359,1.60,32.53,318,0,4,0,BAR_TICK,0.00,3983.88,3983.22
2026.03.09 13:00,1,-0.00024534,-0.478,0.000,-5.916,0,0.583,0.00369,0.90,32.53,319,0,4,0,BAR_TICK,0.00,3983.88,3985.05
2026.03.09 14:00,1,-0.00023784,0.239,0.000,-4.977,0,0.570,0.00364,0.59,32.53,320,0,4,0,BAR_TICK,0.00,3983.88,3985.66
2026.03.09 15:00,1,-0.00017798,1.912,1.212,-2.365,0,0.556,0.00361,1.31,32.53,321,0,4,0,BAR_TICK,0.00,3983.88,3989.02
2026.03.09 16:00,1,-0.00014888,0.930,1.441,-0.735,0,0.573,0.00375,1.17,32.53,322,0,4,0,BAR_TICK,0.00,3983.88,3988.13
2026.03.09 17:00,1,-0.00011050,1.226,1.968,0.000,0,0.567,0.00398,1.60,32.53,323,0,4,0,BAR_TICK,0.00,3983.88,3989.25
2026.03.09 18:00,1,-0.00008533,0.804,2.072,0.000,0,0.579,0.00401,1.32,32.53,324,0,4,0,BAR_TICK,0.00,3983.88,3989.14
2026.03.09 19:00,1,-0.00010822,-0.732,0.640,-0.032,0,0.546,0.00396,0.99,32.53,325,0,4,0,BAR_TICK,0.00,3983.88,3986.26
2026.03.09 20:00,1,-0.00007549,1.047,0.987,0.000,0,0.560,0.00399,0.82,32.53,326,0,4,0,BAR_TICK,0.00,3983.88,3989.30
2026.03.09 21:00,1,-0.00005272,0.728,1.015,0.000,0,0.551,0.00397,0.39,32.53,327,0,4,0,BAR_TICK,0.00,3983.88,3989.34
2026.03.09 22:00,1,-0.00000485,1.531,1.845,0.000,0,0.521,0.00392,1.09,32.53,328,0,4,0,BAR_TICK,0.00,3983.88,3991.63
2026.03.09 23:01,1,0.00000286,0.246,1.392,0.000,0,0.536,0.00400,0.82,32.53,329,0,4,0,BAR_TICK,0.00,3983.88,3988.67
2026.03.10 00:00,1,0.00001210,0.295,0.987,0.000,0,0.545,0.00396,0.72,28.40,330,0,4,0,BAR_TICK,0.00,3983.88,3990.27
2026.03.10 01:00,1,0.00000894,-0.101,0.186,0.000,0,0.583,0.00386,0.76,28.40,331,0,4,0,BAR_TICK,0.00,3983.88,3989.86
2026.03.10 02:00,1,0.00002160,0.405,0.000,0.000,0,0.574,0.00355,0.39,28.40,332,0,4,0,BAR_TICK,0.00,3983.88,3990.91
2026.03.10 03:00,1,0.00005516,1.073,0.373,0.000,0,0.555,0.00354,0.88,28.40,333,0,4,0,BAR_TICK,0.00,3983.88,3992.79
2026.03.10 04:00,1,0.00008795,1.049,0.722,0.000,0,0.589,0.00352,0.52,28.40,334,0,4,0,BAR_TICK,0.00,3983.88,3993.80
2026.03.10 05:00,1,0.00013715,1.574,1.595,0.000,0,0.591,0.00345,1.12,28.40,335,0,4,0,BAR_TICK,0.00,3983.88,3996.07
2026.03.10 06:00,1,0.00014936,0.390,1.286,0.000,0,0.606,0.00327,0.55,28.40,336,0,4,0,BAR_TICK,0.00,3983.88,3995.15
2026.03.10 07:00,1,0.00017877,0.941,1.526,0.000,0,0.578,0.00300,0.88,28.40,337,0,4,0,BAR_TICK,0.00,3983.88,3997.05
2026.03.10 08:00,1,0.00019208,0.426,1.252,0.000,0,0.669,0.00274,0.61,28.40,338,0,4,0,BAR_TICK,0.00,3983.88,3997.14
2026.03.10 09:00,1,0.00015910,-1.055,0.000,-0.355,0,0.643,0.00270,1.24,28.40,339,0,4,0,BAR_TICK,0.00,3983.88,3994.63
2026.03.10 10:00,1,0.00013689,-0.710,0.000,-0.365,0,0.668,0.00266,1.05,28.40,340,0,4,0,BAR_TICK,0.00,3983.88,3994.89
2026.03.10 11:00,1,0.00015607,0.613,0.000,0.000,0,0.678,0.00287,1.54,28.40,341,0,4,0,BAR_TICK,0.00,3983.88,3997.50
2026.03.10 12:00,1,0.00008722,-2.202,0.000,-1.502,0,0.680,0.00298,1.94,28.40,342,0,4,0,BAR_TICK,0.00,3983.88,3992.19
2026.03.10 13:00,1,0.00003038,-1.818,0.000,-2.620,0,0.682,0.00294,0.93,28.40,343,0,4,0,BAR_TICK,0.00,3983.88,3991.26
2026.03.10 14:00,1,-0.00004289,-2.343,0.000,-4.264,0,0.686,0.00300,1.22,28.40,344,0,4,0,BAR_TICK,0.00,3983.88,3988.59
2026.03.10 15:00,1,-0.00007376,-0.987,0.000,-4.551,0,0.688,0.00300,0.98,28.40,345,0,4,0,BAR_TICK,0.00,3983.88,3989.50
2026.03.10 16:00,1,-0.00005509,0.597,0.000,-3.254,0,0.709,0.00322,1.39,28.40,346,0,4,0,BAR_TICK,0.00,3983.88,3991.93
2026.03.10 17:00,1,-0.00010391,-1.562,0.000,-4.115,0,0.701,0.00343,1.75,28.40,347,0,4,0,BAR_TICK,0.00,3983.88,3987.54
2026.03.10 18:00,1,-0.00015560,-1.653,0.000,-5.069,0,0.715,0.00352,0.91,28.40,348,0,4,0,BAR_TICK,0.00,3983.88,3985.74
2026.03.10 19:00,1,-0.00015733,-0.055,0.000,-4.424,0,0.690,0.00343,0.74,28.40,349,0,4,0,BAR_TICK,0.00,3983.88,3987.49
2026.03.10 20:00,1,-0.00017147,-0.452,0.000,-4.176,0,0.698,0.00351,0.82,28.40,350,0,4,0,BAR_TICK,0.00,3983.88,3986.19
2026.03.10 21:00,1,-0.00016502,0.206,0.000,-3.270,0,0.690,0.00361,1.12,28.40,351,0,4,0,BAR_TICK,0.00,3983.88,3986.86
2026.03.10 22:00,1,-0.00013741,0.883,0.183,-1.687,0,0.732,0.00370,0.80,28.40,352,0,4,0,BAR_TICK,0.00,3983.88,3988.20
2026.03.10 23:00,1,-0.00011193,0.815,0.298,-0.172,0,0.710,0.00362,0.61,28.40,353,0,4,0,BAR_TICK,0.00,3983.88,3988.67
2026.03.11 00:00,1,-0.00009465,0.553,0.151,0.000,0,0.640,0.00356,0.55,24.82,354,0,4,0,BAR_TICK,0.00,3983.88,3988.20
2026.03.11 01:00,1,-0.00005242,1.351,0.801,0.000,0,0.656,0.00347,0.94,24.82,355,0,4,0,BAR_TICK,0.00,3983.88,3990.38
2026.03.11 02:00,1,-0.00001702,1.132,1.234,0.000,0,0.643,0.00316,0.44,24.82,356,0,4,0,BAR_TICK,0.00,3983.88,3990.96
2026.03.11 03:00,1,0.00001228,0.937,1.471,0.000,0,0.648,0.00316,0.88,24.82,357,0,4,0,BAR_TICK,0.00,3983.88,3991.48
2026.03.11 04:00,1,0.00002422,0.382,1.153,0.000,0,0.654,0.00303,0.60,24.82,358,0,4,0,BAR_TICK,0.00,3983.88,3991.12
2026.03.11 05:00,1,0.00003164,0.238,0.690,0.000,0,0.615,0.00315,1.47,24.82,359,0,4,0,BAR_TICK,0.00,3983.88,3991.17
2026.03.11 06:00,1,0.00000851,-0.740,0.000,-0.040,0,0.636,0.00304,0.97,24.82,360,0,4,0,BAR_TICK,0.00,3983.88,3989.29
2026.03.11 07:00,1,-0.00001977,-0.904,0.000,-0.244,0,0.620,0.00276,0.73,24.82,361,0,4,0,BAR_TICK,0.00,3983.88,3988.29
2026.03.11 08:00,1,-0.00003622,-0.526,0.000,-0.071,0,0.625,0.00262,0.47,24.82,362,0,4,0,BAR_TICK,0.00,3983.88,3988.30
2026.03.11 09:00,1,-0.00004784,-0.372,0.000,0.000,0,0.616,0.00255,0.62,24.82,363,0,4,0,BAR_TICK,0.00,3983.88,3988.14
2026.03.11 10:00,1,-0.00002840,0.622,0.000,0.000,0,0.620,0.00265,1.58,24.82,364,0,4,0,BAR_TICK,0.00,3983.88,3989.86
2026.03.11 11:00,1,-0.00000215,0.839,0.139,0.000,0,0.610,0.00259,1.28,24.82,365,0,4,0,BAR_TICK,0.00,3983.88,3990.82
2026.03.11 12:00,1,0.00003528,1.197,0.637,0.000,0,0.601,0.00260,1.18,24.82,366,0,4,0,BAR_TICK,0.00,3983.88,3992.34
2026.03.11 13:00,1,0.00006483,0.945,0.882,0.000,0,0.683,0.00262,0.94,24.82,367,0,4,0,BAR_TICK,0.00,3983.88,3992.96
2026.03.11 14:00,1,0.00007764,0.410,0.592,0.000,0,0.676,0.00268,1.04,24.82,368,0,4,0,BAR_TICK,0.00,3983.88,3992.71
2026.03.11 15:00,1,0.00006323,-0.461,0.000,0.000,0,0.619,0.00263,0.96,24.82,369,0,4,0,BAR_TICK,0.00,3983.88,3991.29
2026.03.11 16:00,1,0.00003367,-0.945,0.000,-0.245,0,0.615,0.00273,1.07,24.82,370,0,4,0,BAR_TICK,0.00,3983.88,3989.97
2026.03.11 17:00,1,-0.00001217,-1.466,0.000,-1.012,0,0.599,0.00275,1.09,24.82,371,0,4,0,BAR_TICK,0.00,3983.88,3988.08
2026.03.11 18:00,1,0.00003763,1.593,0.893,0.000,0,0.618,0.00305,1.97,24.82,372,0,4,0,BAR_TICK,0.00,3983.88,3993.53
2026.03.11 19:00,1,0.00005395,0.522,0.715,0.000,0,0.591,0.00290,0.88,24.82,373,0,4,0,BAR_TICK,0.00,3983.88,3992.63
2026.03.11 20:00,1,0.00008271,0.920,0.935,0.000,0,0.589,0.00292,1.08,24.82,374,0,4,0,BAR_TICK,0.00,3983.88,3994.06
2026.03.11 21:00,1,0.00009250,0.313,0.548,0.000,0,0.561,0.00309,1.44,24.82,375,0,4,0,BAR_TICK,0.00,3983.88,3993.75
2026.03.11 22:00,1,0.00008060,-0.380,0.000,0.000,0,0.570,0.00314,0.61,24.82,376,0,4,0,BAR_TICK,0.00,3983.88,3992.70
2026.03.11 23:00,1,0.00008313,0.081,0.000,0.000,0,0.539,0.00315,0.54,24.82,377,0,4,0,BAR_TICK,0.00,3983.88,3993.34
2026.03.12 00:00,1,0.00007973,-0.109,0.000,0.000,0,0.625,0.00311,1.17,21.72,378,0,4,0,BAR_TICK,0.00,3983.88,3992.94
2026.03.12 01:00,1,0.00010677,0.865,0.165,0.000,0,0.605,0.00313,1.15,21.72,379,0,4,0,BAR_TICK,0.00,3983.88,3995.65
2026.03.12 02:00,1,0.00012251,0.503,0.000,0.000,0,0.600,0.00300,0.45,21.72,380,0,4,0,BAR_TICK,0.00,3983.88,3995.85
2026.03.12 03:00,1,0.00007227,-1.607,0.000,-0.907,0,0.600,0.00311,1.28,21.72,381,0,4,0,BAR_TICK,0.00,3983.88,3991.92
2026.03.12 04:00,1,0.00004186,-0.973,0.000,-1.179,0,0.611,0.00310,0.84,21.72,382,0,4,0,BAR_TICK,0.00,3983.88,3992.06
2026.03.12 05:00,1,-0.00000092,-1.368,0.000,-1.848,0,0.610,0.00315,1.01,21.72,383,0,4,0,BAR_TICK,0.00,3983.88,3990.43
2026.03.12 06:00,1,-0.00004019,-1.256,0.000,-2.404,0,0.612,0.00326,1.40,21.72,384,0,4,0,BAR_TICK,0.00,3983.88,3989.48
2026.03.12 07:00,1,-0.00004395,-0.120,0.000,-1.824,0,0.632,0.00320,0.67,21.72,385,0,4,0,BAR_TICK,0.00,3983.88,3990.80
2026.03.12 08:00,1,-0.00002359,0.651,0.000,-0.473,0,0.628,0.00301,1.08,21.72,386,0,4,0,BAR_TICK,0.00,3983.88,3992.30
2026.03.12 09:00,1,-0.00001294,0.341,0.000,0.000,0,0.645,0.00303,0.95,21.72,387,0,4,0,BAR_TICK,0.00,3983.88,3992.13
2026.03.12 10:00,1,0.00001300,0.830,0.130,0.000,0,0.650,0.00303,1.06,21.72,388,0,4,0,BAR_TICK,0.00,3983.88,3993.52
2026.03.12 11:00,1,0.00001667,0.117,0.000,0.000,0,0.639,0.00292,0.99,21.72,389,0,4,0,BAR_TICK,0.00,3983.88,3992.66
2026.03.12 12:00,1,0.00001764,0.031,0.000,0.000,0,0.638,0.00297,0.89,21.72,390,0,4,0,BAR_TICK,0.00,3983.88,3992.64
2026.03.12 13:00,1,0.00003166,0.448,0.000,0.000,0,0.611,0.00300,0.73,21.72,391,0,4,0,BAR_TICK,0.00,3983.88,3993.60
2026.03.12 14:00,1,0.00006314,1.007,0.307,0.000,0,0.642,0.00291,0.81,21.72,392,0,4,0,BAR_TICK,0.00,3983.88,3995.30
2026.03.12 15:00,1,0.00008451,0.684,0.290,0.000,0,0.625,0.00280,0.72,21.72,393,0,4,0,BAR_TICK,0.00,3983.88,3995.61
2026.03.12 16:00,1,0.00017285,2.826,2.416,0.000,0,0.603,0.00318,2.08,21.72,394,0,4,0,BAR_TICK,0.00,3983.88,4001.15
2026.03.12 17:00,1,0.00022986,1.823,3.539,0.000,0,0.614,0.00312,1.01,21.72,395,0,4,0,BAR_TICK,0.00,3983.88,4001.80
2026.03.12 18:00,1,0.00023707,0.231,3.070,0.000,0,0.578,0.00323,1.29,21.72,396,0,4,0,BAR_TICK,0.00,3983.88,4000.39
2026.03.12 19:00,1,0.00028298,1.468,3.838,0.000,0,0.593,0.00330,1.26,21.72,397,0,4,0,BAR_TICK,0.00,3983.88,4003.88
2026.03.12 20:00,1,0.00033343,1.614,4.752,0.000,0,0.590,0.00317,0.88,21.72,398,0,4,0,BAR_TICK,0.00,3983.88,4006.14
2026.03.12 21:00,1,0.00033369,0.008,4.060,0.000,0,0.601,0.00316,0.62,21.72,399,0,4,0,BAR_TICK,0.00,3983.88,4004.76
2026.03.12 22:00,1,0.00033327,-0.013,3.347,0.000,0,0.634,0.00301,0.40,21.72,400,0,4,0,BAR_TICK,0.00,3983.88,4005.47
2026.03.12 23:00,1,0.00030968,-0.754,1.893,-0.054,0,0.645,0.00293,0.58,21.72,401,0,4,0,BAR_TICK,0.00,3983.88,4004.28
2026.03.13 00:00,1,0.00030491,-0.153,1.040,0.000,0,0.600,0.00302,1.49,22.88,402,0,4,0,BAR_TICK,0.00,3983.88,4005.67
2026.03.13 01:00,1,0.00030658,0.054,0.393,0.000,0,0.609,0.00295,0.65,22.88,403,0,4,0,BAR_TICK,0.00,3983.88,4006.97
2026.03.13 02:00,1,0.00029538,-0.358,0.000,0.000,0,0.589,0.00286,0.45,22.88,404,0,4,0,BAR_TICK,0.00,3983.88,4006.83
2026.03.13 03:00,1,0.00030260,0.231,0.000,0.000,0,0.594,0.00287,0.81,22.88,405,0,4,0,BAR_TICK,0.00,3983.88,4008.49
2026.03.13 04:00,1,0.00029319,-0.301,0.000,0.000,0,0.578,0.00290,0.95,22.88,406,0,4,0,BAR_TICK,0.00,3983.88,4008.18
2026.03.13 05:00,1,0.00029103,-0.069,0.000,0.000,0,0.615,0.00291,0.76,22.88,407,0,4,0,BAR_TICK,0.00,3983.88,4009.16
2026.03.13 06:00,1,0.00027702,-0.448,0.000,0.000,0,0.636,0.00255,0.61,22.88,408,0,4,0,BAR_TICK,0.00,3983.88,4008.86
2026.03.13 07:00,1,0.00030920,1.029,0.329,0.000,0,0.590,0.00259,1.45,22.88,409,0,4,0,BAR_TICK,0.00,3983.88,4012.39
2026.03.13 08:00,1,0.00032602,0.538,0.167,0.000,0,0.601,0.00246,0.92,22.88,410,0,4,0,BAR_TICK,0.00,3983.88,4012.90
2026.03.13 09:00,1,0.00035138,0.811,0.278,0.000,0,0.548,0.00247,1.74,22.88,411,0,4,0,BAR_TICK,0.00,3983.88,4014.74
2026.03.13 10:00,1,0.00031676,-1.107,0.000,-0.407,0,0.563,0.00247,1.17,22.88,412,0,4,0,BAR_TICK,0.00,3983.88,4011.98
2026.03.13 11:00,1,0.00018796,-4.120,0.000,-3.827,0,0.551,0.00284,2.52,22.88,413,0,4,0,BAR_TICK,0.00,3983.88,4005.02
2026.03.13 12:00,1,0.00010917,-2.520,0.000,-5.647,0,0.570,0.00304,1.31,22.88,414,0,4,0,BAR_TICK,0.00,3983.88,4005.38
2026.03.13 13:00,1,0.00002823,-2.589,0.000,0.000,-1,0.554,0.00320,1.21,22.88,415,0,4,0,CLOSE_TREND_ON_REVERSAL,19.38,4003.26,4003.26
2026.03.13 13:00,-1,0.00002823,-2.589,0.000,0.000,-1,0.554,0.00320,1.21,22.88,0,48,6,0,OPEN_TREND_AFTER_REVERSAL,0.00,4003.26,4003.00
2026.03.13 14:00,-1,-0.00004422,-2.862,0.000,-2.162,0,0.558,0.00319,1.38,22.88,1,47,6,0,BAR_TICK,0.00,4003.26,4007.34
2026.03.13 15:00,-1,-0.00005979,-0.663,0.000,-2.125,0,0.550,0.00335,1.23,22.88,2,46,6,0,BAR_TICK,0.00,4003.26,4006.16
2026.03.13 16:00,-1,-0.00005735,0.092,0.000,-1.333,0,0.596,0.00345,0.78,22.88,3,45,6,0,BAR_TICK,0.00,4003.26,4005.34
2026.03.13 17:00,-1,-0.00001681,1.283,0.583,0.000,0,0.594,0.00364,1.38,22.88,4,44,6,0,BAR_TICK,0.00,4003.26,4001.87
2026.03.13 18:00,-1,0.00003912,1.506,1.389,0.000,0,0.588,0.00371,0.99,22.88,5,43,6,0,BAR_TICK,0.00,4003.26,3999.04
2026.03.13 19:00,-1,0.00008483,1.076,1.765,0.000,0,0.563,0.00373,0.70,22.88,6,42,6,0,BAR_TICK,0.00,4003.26,3997.36
2026.03.13 20:00,-1,0.00015343,1.205,2.270,0.000,0,0.583,0.00387,0.90,22.88,7,41,6,0,BAR_TICK,0.00,4003.26,3995.39
2026.03.13 21:00,-1,0.00021791,0.950,2.520,0.000,0,0.577,0.00375,0.55,22.88,8,40,6,0,BAR_TICK,0.00,4003.26,3994.20
2026.03.13 22:00,-1,0.00026487,0.656,2.476,0.000,0,0.556,0.00372,0.50,22.88,9,39,6,0,BAR_TICK,0.00,4003.26,3993.48
2026.03.15 23:27,-1,0.00033897,1.063,2.839,0.000,0,0.591,0.00365,0.91,26.08,10,38,6,0,BAR_TICK,0.00,4003.26,3990.45
2026.03.16 00:04,-1,0.00025909,-1.226,0.913,-0.526,0,0.578,0.00400,1.92,28.86,11,37,6,0,BAR_TICK,0.00,4003.26,3993.22
2026.03.16 01:00,-1,0.00020509,-0.902,0.000,-0.728,0,0.600,0.00381,1.19,28.86,12,36,6,0,BAR_TICK,0.00,4003.26,3994.50
2026.03.16 02:00,-1,0.00015430,-0.927,0.000,-0.954,0,0.587,0.00367,0.56,28.86,13,35,6,0,BAR_TICK,0.00,4003.26,3994.94
2026.03.16 03:00,-1,0.00011409,-0.798,0.000,-1.052,0,0.568,0.00355,0.63,28.86,14,34,6,0,BAR_TICK,0.00,4003.26,3995.33
2026.03.16 04:00,-1,0.00006462,-1.058,0.000,-1.410,0,0.587,0.00346,0.89,28.86,15,33,6,0,BAR_TICK,0.00,4003.26,3996.42
2026.03.16 05:00,-1,-0.00000914,-1.686,0.000,-2.397,0,0.608,0.00340,0.98,28.86,16,32,6,0,BAR_TICK,0.00,4003.26,3998.80
2026.03.16 06:00,-1,-0.00003753,-0.687,0.000,-2.384,0,0.631,0.00336,0.62,28.86,17,31,6,0,BAR_TICK,0.00,4003.26,3998.09
2026.03.16 07:00,-1,-0.00004983,-0.312,0.000,-1.997,0,0.634,0.00308,0.37,28.86,18,30,6,0,BAR_TICK,0.00,4003.26,3997.90
2026.03.16 08:00,-1,-0.00007254,-0.601,0.000,-1.897,0,0.644,0.00299,0.80,28.86,19,29,6,0,BAR_TICK,0.00,4003.26,3998.89
2026.03.16 09:00,-1,-0.00007912,-0.180,0.000,-1.377,0,0.671,0.00296,0.76,28.86,20,28,6,0,BAR_TICK,0.00,4003.26,3998.82
2026.03.16 10:00,-1,-0.00009434,-0.428,0.000,-1.106,0,0.667,0.00284,0.61,28.86,21,27,6,0,BAR_TICK,0.00,4003.26,3999.62
2026.03.16 11:00,-1,-0.00014351,-1.416,0.000,-1.822,0,0.692,0.00293,1.13,28.86,22,26,6,0,BAR_TICK,0.00,4003.26,4002.49
2026.03.16 12:00,-1,-0.00021212,-2.014,0.000,-3.136,0,0.654,0.00307,1.25,28.86,23,25,6,0,BAR_TICK,0.00,4003.26,4005.40
2026.03.16 13:00,-1,-0.00027968,-2.015,0.000,-4.451,0,0.652,0.00306,1.08,28.86,24,24,6,0,BAR_TICK,0.00,4003.26,4007.74
2026.03.16 14:00,-1,-0.00029612,-0.496,0.000,-4.247,0,0.636,0.00268,0.84,28.86,25,23,6,0,BAR_TICK,0.00,4003.26,4006.81
2026.03.16 15:00,-1,-0.00030541,-0.283,0.000,-3.831,0,0.667,0.00249,0.71,28.86,26,22,6,0,BAR_TICK,0.00,4003.26,4007.41
2026.03.16 16:00,-1,-0.00031352,-0.250,0.000,-3.380,0,0.629,0.00251,0.96,28.86,27,21,6,0,BAR_TICK,0.00,4003.26,4008.10
2026.03.16 17:00,-1,-0.00029756,0.495,0.000,-2.186,0,0.626,0.00257,1.18,28.86,28,20,6,0,BAR_TICK,0.00,4003.26,4007.56
2026.03.16 18:00,-1,-0.00024083,1.769,1.069,0.000,0,0.605,0.00256,1.17,28.86,29,19,6,0,BAR_TICK,0.00,4003.26,4004.91
2026.03.16 19:00,-1,-0.00018930,1.614,1.983,0.000,0,0.618,0.00245,0.73,28.86,30,18,6,0,BAR_TICK,0.00,4003.26,4004.28
2026.03.16 20:00,-1,-0.00017922,0.317,1.600,0.000,0,0.594,0.00245,0.86,28.86,31,17,6,0,BAR_TICK,0.00,4003.26,4006.04
2026.03.16 21:00,-1,-0.00017506,0.131,1.031,0.000,0,0.579,0.00251,0.76,28.86,32,16,6,0,BAR_TICK,0.00,4003.26,4006.74
2026.03.16 22:00,-1,-0.00016830,0.214,0.545,0.000,0,0.572,0.00252,0.99,28.86,33,15,6,0,BAR_TICK,0.00,4003.26,4006.75
2026.03.16 23:00,-1,-0.00017529,-0.221,0.000,0.000,0,0.563,0.00248,0.71,28.86,34,14,6,0,BAR_TICK,0.00,4003.26,4007.74
2026.03.17 00:00,-1,-0.00015652,0.596,0.000,0.000,0,0.576,0.00250,0.80,26.40,35,13,6,0,BAR_TICK,0.00,4003.26,4005.88
2026.03.17 01:00,-1,-0.00012059,1.142,0.442,0.000,0,0.552,0.00246,1.10,26.40,36,12,6,0,BAR_TICK,0.00,4003.26,4005.25
2026.03.17 02:00,-1,-0.00010537,0.484,0.227,0.000,0,0.559,0.00226,0.46,26.40,37,11,6,0,BAR_TICK,0.00,4003.26,4005.99
2026.03.17 03:00,-1,-0.00007639,0.923,0.450,0.000,0,0.561,0.00219,1.05,26.40,38,10,6,0,BAR_TICK,0.00,4003.26,4004.84
2026.03.17 04:00,-1,-0.00008103,-0.148,0.000,0.000,0,0.625,0.00218,0.98,26.40,39,9,6,0,BAR_TICK,0.00,4003.26,4006.55
2026.03.17 05:00,-1,-0.00005368,0.872,0.172,0.000,0,0.624,0.00224,1.21,26.40,40,8,6,0,BAR_TICK,0.00,4003.26,4004.69
2026.03.17 06:00,-1,-0.00002853,0.803,0.275,0.000,0,0.602,0.00232,1.50,26.40,41,7,6,0,BAR_TICK,0.00,4003.26,4004.24
2026.03.17 07:00,-1,0.00002169,1.603,1.178,0.000,0,0.607,0.00235,1.46,26.40,42,6,6,0,BAR_TICK,0.00,4003.26,4001.79
2026.03.17 08:00,-1,0.00007442,1.684,2.163,0.000,0,0.630,0.00233,1.17,26.40,43,5,6,0,BAR_TICK,0.00,4003.26,4000.24
2026.03.17 09:00,-1,0.00012443,1.597,3.060,0.000,0,0.649,0.00245,1.43,26.40,44,4,6,0,BAR_TICK,0.00,4003.26,3998.75
2026.03.17 10:00,-1,0.00018338,1.884,4.244,0.000,0,0.648,0.00258,1.53,26.40,45,3,6,0,BAR_TICK,0.00,4003.26,3996.37
2026.03.17 11:00,-1,0.00019865,0.488,4.032,0.000,0,0.618,0.00267,1.19,26.40,46,2,6,0,BAR_TICK,0.00,4003.26,3997.45
2026.03.17 12:00,-1,0.00018704,-0.371,2.961,0.000,0,0.626,0.00266,0.86,26.40,47,1,6,0,BAR_TICK,0.00,4003.26,3998.36
2026.03.17 13:00,-1,0.00017725,-0.313,1.948,0.000,0,0.632,0.00265,0.61,26.40,48,0,6,0,BAR_TICK,0.00,4003.26,3998.13
2026.03.17 14:00,-1,0.00013895,-1.225,0.023,-0.525,0,0.626,0.00276,1.31,26.40,49,0,6,0,BAR_TICK,0.00,4003.26,4000.04
2026.03.17 15:00,-1,0.00008519,-1.719,0.000,-1.543,0,0.654,0.00274,0.86,26.40,50,0,6,0,BAR_TICK,0.00,4003.26,4001.93
2026.03.17 16:00,-1,0.00003885,-1.482,0.000,-2.325,0,0.636,0.00284,0.88,26.40,51,0,6,0,BAR_TICK,0.00,4003.26,4002.77
2026.03.17 17:00,-1,0.00002706,-0.377,0.000,-2.002,0,0.637,0.00287,0.96,26.40,52,0,6,0,BAR_TICK,0.00,4003.26,4001.56
2026.03.17 18:00,-1,0.00000288,-0.773,0.000,-2.075,0,0.636,0.00295,1.08,26.40,53,0,6,0,BAR_TICK,0.00,4003.26,4002.64
2026.03.17 19:00,-1,-0.00001041,-0.425,0.000,-1.800,0,0.663,0.00287,0.57,26.40,54,0,6,0,BAR_TICK,0.00,4003.26,4002.61
2026.03.17 20:00,-1,-0.00002290,-0.399,0.000,-1.500,0,0.689,0.00270,0.40,26.40,55,0,6,0,BAR_TICK,0.00,4003.26,4002.85
2026.03.17 21:00,-1,-0.00001170,0.358,0.000,-0.442,0,0.702,0.00262,0.88,26.40,56,0,6,0,BAR_TICK,0.00,4003.26,4001.63
2026.03.17 22:00,-1,0.00000951,0.678,0.000,0.000,0,0.697,0.00256,0.72,26.40,57,0,6,0,BAR_TICK,0.00,4003.26,4000.56
2026.03.17 23:00,-1,0.00001893,0.301,0.000,0.000,0,0.732,0.00238,0.42,26.40,58,0,6,0,BAR_TICK,0.00,4003.26,4000.54
2026.03.18 00:00,-1,0.00005872,1.273,0.573,0.000,0,0.775,0.00238,1.67,24.28,59,0,6,0,BAR_TICK,0.00,4003.26,3997.84
2026.03.18 01:00,-1,0.00005433,-0.140,0.000,0.000,0,0.782,0.00238,1.00,24.28,60,0,6,0,BAR_TICK,0.00,4003.26,4000.18
2026.03.18 02:00,-1,0.00004895,-0.172,0.000,0.000,0,0.814,0.00240,1.07,24.28,61,0,6,0,BAR_TICK,0.00,4003.26,4000.08
2026.03.18 03:00,-1,0.00002670,-0.712,0.000,-0.012,0,0.797,0.00241,0.73,24.28,62,0,6,0,BAR_TICK,0.00,4003.26,4001.57
2026.03.18 04:00,-1,-0.00000069,-0.876,0.000,-0.188,0,0.795,0.00226,0.66,24.28,63,0,6,0,BAR_TICK,0.00,4003.26,4002.38
2026.03.18 05:00,-1,0.00002033,0.672,0.000,0.000,0,0.804,0.00229,1.22,24.28,64,0,6,0,BAR_TICK,0.00,4003.26,3999.82
2026.03.18 06:00,-1,0.00001888,-0.046,0.000,0.000,0,0.794,0.00222,0.68,24.28,65,0,6,0,BAR_TICK,0.00,4003.26,4000.65
2026.03.18 07:00,-1,0.00001333,-0.178,0.000,0.000,0,0.757,0.00216,0.91,24.28,66,0,6,0,BAR_TICK,0.00,4003.26,4001.02
2026.03.18 08:00,-1,0.00000110,-0.391,0.000,0.000,0,0.730,0.00204,0.70,24.28,67,0,6,0,BAR_TICK,0.00,4003.26,4001.58
2026.03.18 09:00,-1,-0.00001870,-0.633,0.000,0.000,0,0.734,0.00205,0.88,24.28,68,0,6,0,BAR_TICK,0.00,4003.26,4002.54
2026.03.18 10:00,-1,-0.00000348,0.487,0.000,0.000,0,0.749,0.00217,1.30,24.28,69,0,6,0,BAR_TICK,0.00,4003.26,4000.62
2026.03.18 11:00,-1,-0.00002709,-0.755,0.000,-0.055,0,0.801,0.00227,1.66,24.28,70,0,6,0,BAR_TICK,0.00,4003.26,4003.07
2026.03.18 12:00,-1,-0.00002656,0.017,0.000,0.000,0,0.768,0.00223,0.55,24.28,71,0,6,0,BAR_TICK,0.00,4003.26,4001.94
2026.03.18 13:00,-1,-0.00000697,0.627,0.000,0.000,0,0.736,0.00229,0.79,24.28,72,0,6,0,BAR_TICK,0.00,4003.26,4000.77
2026.03.18 14:00,-1,0.00003630,1.384,0.684,0.000,0,0.732,0.00222,1.35,24.28,73,0,6,0,BAR_TICK,0.00,4003.26,3998.47
2026.03.18 15:00,-1,0.00012961,2.984,2.968,0.000,0,0.754,0.00236,2.16,24.28,74,0,6,0,BAR_TICK,0.00,4003.26,3993.61
2026.03.18 16:00,-1,0.00015969,0.962,3.230,0.000,0,0.759,0.00244,1.52,24.28,75,0,6,0,BAR_TICK,0.00,4003.26,3995.12
2026.03.18 17:00,-1,0.00011350,-1.477,1.053,-0.777,0,0.712,0.00267,1.84,24.28,76,0,6,0,BAR_TICK,0.00,4003.26,3999.47
2026.03.18 18:00,-1,0.00008955,-0.766,0.000,-0.843,0,0.696,0.00273,0.89,24.28,77,0,6,0,BAR_TICK,0.00,4003.26,3998.94
2026.03.18 19:00,-1,0.00009523,0.182,0.000,0.000,0,0.693,0.00273,1.00,24.28,78,0,6,0,BAR_TICK,0.00,4003.26,3997.24
2026.03.18 20:00,-1,0.00009561,0.012,0.000,0.000,0,0.695,0.00279,0.83,24.28,79,0,6,0,BAR_TICK,0.00,4003.26,3994.98
2026.03.18 21:00,-1,0.00012280,0.870,0.170,0.000,0,0.716,0.00313,2.18,24.28,80,0,6,0,BAR_TICK,0.00,4003.26,3994.95
2026.03.18 22:00,-1,0.00015423,1.005,0.475,0.000,0,0.701,0.00324,0.89,24.28,81,0,6,0,BAR_TICK,0.00,4003.26,3993.69
2026.03.18 23:00,-1,0.00016981,0.499,0.273,0.000,0,0.669,0.00334,0.98,24.28,82,0,6,0,BAR_TICK,0.00,4003.26,3993.28
2026.03.19 00:00,-1,0.00018458,0.472,0.046,0.000,0,0.659,0.00376,2.31,24.27,83,0,6,0,BAR_TICK,0.00,4003.26,3991.20
2026.03.19 01:00,-1,0.00022792,1.386,0.732,0.000,0,0.657,0.00374,0.83,24.27,84,0,6,0,BAR_TICK,0.00,4003.26,3990.01
2026.03.19 02:00,-1,0.00022454,-0.108,0.000,0.000,0,0.687,0.00385,0.72,24.27,85,0,6,0,BAR_TICK,0.00,4003.26,3991.50
2026.03.19 03:00,-1,0.00014549,-2.528,0.000,-1.828,0,0.659,0.00424,1.71,24.27,86,0,6,0,BAR_TICK,0.00,4003.26,3996.51
2026.03.19 04:00,-1,0.00010358,-1.340,0.000,-2.469,0,0.652,0.00420,0.58,24.27,87,0,6,0,BAR_TICK,0.00,4003.26,3995.67
2026.03.19 05:00,-1,0.00006161,-1.343,0.000,-3.111,0,0.652,0.00413,0.99,24.27,88,0,6,0,BAR_TICK,0.00,4003.26,3996.78
2026.03.19 06:00,-1,0.00001110,-1.615,0.000,-4.027,0,0.680,0.00401,0.52,24.27,89,0,6,0,BAR_TICK,0.00,4003.26,3998.34
2026.03.19 07:00,-1,-0.00003130,-1.356,0.000,-4.683,0,0.713,0.00381,0.53,24.27,90,0,6,0,BAR_TICK,0.00,4003.26,3999.22
2026.03.19 08:00,-1,-0.00004791,-0.531,0.000,-4.514,0,0.676,0.00377,0.49,24.27,91,0,6,0,BAR_TICK,0.00,4003.26,3998.69
2026.03.19 09:00,-1,-0.00007482,-0.861,0.000,-4.675,0,0.667,0.00372,0.55,24.27,92,0,6,0,BAR_TICK,0.00,4003.26,3999.92
2026.03.19 10:00,-1,-0.00004472,0.963,0.263,-3.012,0,0.683,0.00390,1.25,24.27,93,0,6,0,BAR_TICK,0.00,4003.26,3996.80
2026.03.19 11:00,-1,-0.00007623,-1.008,0.000,-3.320,0,0.773,0.00372,1.16,24.27,94,0,6,0,BAR_TICK,0.00,4003.26,4000.54
2026.03.19 12:00,-1,-0.00006978,0.206,0.000,-2.414,0,0.758,0.00375,0.87,24.27,95,0,6,0,BAR_TICK,0.00,4003.26,3998.84
2026.03.19 13:00,-1,-0.00004117,0.915,0.215,-0.799,0,0.665,0.00370,0.72,24.27,96,0,6,0,BAR_TICK,0.00,4003.26,3997.30
2026.03.19 14:00,-1,0.00000956,1.623,1.138,0.000,0,0.672,0.00334,1.10,24.27,97,0,6,0,BAR_TICK,0.00,4003.26,3994.21
2026.03.19 15:00,-1,0.00010226,2.965,3.403,0.000,0,0.686,0.00354,1.75,24.27,98,0,6,0,BAR_TICK,0.00,4003.26,3990.44
2026.03.19 16:00,-1,0.00012826,0.831,3.534,0.000,0,0.751,0.00380,1.68,24.27,99,0,6,0,BAR_TICK,0.00,4003.26,3992.38
2026.03.19 17:00,-1,0.00015288,0.788,3.622,0.000,0,0.739,0.00354,1.02,24.27,100,0,6,0,BAR_TICK,0.00,4003.26,3991.41
2026.03.19 18:00,-1,0.00018820,1.130,4.051,0.000,0,0.769,0.00363,1.04,24.27,101,0,6,0,BAR_TICK,0.00,4003.26,3989.69
2026.03.19 19:00,-1,0.00018867,0.015,3.366,0.000,0,0.737,0.00356,0.87,24.27,102,0,6,0,BAR_TICK,0.00,4003.26,3990.77
2026.03.19 20:00,-1,0.00020152,0.411,3.077,0.000,0,0.728,0.00358,0.65,24.27,103,0,6,0,BAR_TICK,0.00,4003.26,3989.44
2026.03.19 21:00,-1,0.00017288,-0.916,1.461,-0.216,0,0.756,0.00365,0.85,24.27,104,0,6,0,BAR_TICK,0.00,4003.26,3991.36
2026.03.19 22:00,-1,0.00011710,-1.784,0.000,-1.300,0,0.757,0.00384,1.15,24.27,105,0,6,0,BAR_TICK,0.00,4003.26,3993.80
2026.03.19 23:00,-1,0.00007474,-1.355,0.000,-1.955,0,0.711,0.00381,0.42,24.27,106,0,6,0,BAR_TICK,0.00,4003.26,3993.70
2026.03.20 00:00,-1,0.00005529,-0.622,0.000,-1.877,0,0.671,0.00370,0.93,25.34,107,0,6,0,BAR_TICK,0.00,4003.26,3994.04
2026.03.20 01:00,-1,0.00005998,0.150,0.000,-1.027,0,0.675,0.00367,1.04,25.34,108,0,6,0,BAR_TICK,0.00,4003.26,3992.36
2026.03.20 02:00,-1,0.00005907,-0.029,0.000,-0.356,0,0.701,0.00356,0.47,25.34,109,0,6,0,BAR_TICK,0.00,4003.26,3992.38
2026.03.20 03:00,-1,-0.00003259,-2.932,0.000,-2.588,0,0.747,0.00387,1.82,25.34,110,0,6,0,BAR_TICK,0.00,4003.26,3998.75
2026.03.20 04:00,-1,-0.00009719,-2.066,0.000,-3.954,0,0.711,0.00381,0.75,25.34,111,0,6,0,BAR_TICK,0.00,4003.26,3999.58
2026.03.20 05:00,-1,-0.00017404,-2.458,0.000,-5.712,0,0.695,0.00362,0.96,25.34,112,0,6,0,BAR_TICK,0.00,4003.26,4002.36
2026.03.20 06:00,-1,-0.00020870,-1.109,0.000,-6.121,0,0.686,0.00324,0.35,25.34,113,0,6,0,BAR_TICK,0.00,4003.26,4002.05
2026.03.20 07:00,-1,-0.00021692,-0.263,0.000,-5.684,0,0.721,0.00311,0.56,25.34,114,0,6,0,BAR_TICK,0.00,4003.26,4001.56
2026.03.20 08:00,-1,-0.00019918,0.567,0.000,-4.416,0,0.708,0.00297,0.62,25.34,115,0,6,0,BAR_TICK,0.00,4003.26,4000.36
2026.03.20 09:00,-1,-0.00016366,1.136,0.436,-2.580,0,0.657,0.00288,0.63,25.34,116,0,6,0,BAR_TICK,0.00,4003.26,3999.21
2026.03.20 10:00,-1,-0.00015228,0.364,0.100,-1.516,0,0.648,0.00295,1.15,25.34,117,0,6,0,BAR_TICK,0.00,4003.26,4000.28
2026.03.20 11:00,-1,-0.00013180,0.655,0.055,-0.161,0,0.659,0.00290,0.82,25.34,118,0,6,0,BAR_TICK,0.00,4003.26,3999.56
2026.03.20 12:00,-1,-0.00009553,1.160,0.515,0.000,0,0.640,0.00276,0.89,25.34,119,0,6,0,BAR_TICK,0.00,4003.26,3998.29
2026.03.20 13:00,-1,-0.00007013,0.812,0.628,0.000,0,0.660,0.00278,0.68,25.34,120,0,6,0,BAR_TICK,0.00,4003.26,3998.27
2026.03.20 14:00,-1,-0.00006995,0.006,0.000,0.000,0,0.628,0.00273,1.01,25.34,121,0,6,0,BAR_TICK,0.00,4003.26,3999.35
2026.03.20 15:00,-1,-0.00006620,0.120,0.000,0.000,0,0.607,0.00260,0.77,25.34,122,0,6,0,BAR_TICK,0.00,4003.26,3999.33
2026.03.20 16:00,-1,0.00000542,2.291,1.591,0.000,0,0.612,0.00294,2.17,25.34,123,0,6,0,BAR_TICK,0.00,4003.26,3994.47
2026.03.20 17:00,-1,-0.00002573,-0.996,0.000,-0.296,0,0.606,0.00283,1.97,25.34,124,0,6,0,BAR_TICK,0.00,4003.26,3999.86
2026.03.20 18:00,-1,-0.00008057,-1.754,0.000,-1.350,0,0.605,0.00297,1.63,25.34,125,0,6,0,BAR_TICK,0.00,4003.26,4002.48
2026.03.20 19:00,-1,-0.00007794,0.084,0.000,-0.566,0,0.565,0.00293,0.97,25.34,126,0,6,0,BAR_TICK,0.00,4003.26,4000.19
2026.03.20 20:00,-1,-0.00000688,2.273,1.573,0.000,0,0.555,0.00328,1.85,25.34,127,0,6,0,BAR_TICK,0.00,4003.26,3995.37
2026.03.20 21:00,-1,0.00008758,3.021,3.894,0.000,0,0.575,0.00349,1.34,25.34,128,0,6,0,BAR_TICK,0.00,4003.26,3991.62
2026.03.20 22:00,-1,0.00013541,1.530,4.724,0.000,0,0.620,0.00356,0.78,25.34,129,0,6,0,BAR_TICK,0.00,4003.26,3992.10
2026.03.23 00:00,-1,0.00015283,0.557,4.581,0.000,0,0.607,0.00359,0.61,25.10,130,0,6,0,BAR_TICK,0.00,4003.26,3991.88
2026.03.23 01:00,-1,0.00013071,-0.708,3.174,-0.008,0,0.564,0.00363,1.08,25.10,131,0,6,0,BAR_TICK,0.00,4003.26,3994.66
2026.03.23 02:00,-1,0.00011596,-0.472,2.002,0.000,0,0.572,0.00359,0.51,25.10,132,0,6,0,BAR_TICK,0.00,4003.26,3994.33
2026.03.23 03:00,-1,0.00012127,0.170,1.472,0.000,0,0.600,0.00367,0.97,25.10,133,0,6,0,BAR_TICK,0.00,4003.26,3993.08
2026.03.23 04:00,-1,0.00015616,1.116,1.888,0.000,0,0.729,0.00396,1.51,25.10,134,0,6,0,BAR_TICK,0.00,4003.26,3990.62
2026.03.23 05:00,-1,0.00018862,1.038,2.226,0.000,0,0.663,0.00391,0.55,25.10,135,0,6,0,BAR_TICK,0.00,4003.26,3989.48
2026.03.23 06:00,-1,0.00020358,0.479,2.004,0.000,0,0.557,0.00394,0.60,25.10,136,0,6,0,BAR_TICK,0.00,4003.26,3989.21
2026.03.23 07:00,-1,0.00022134,0.568,1.872,0.000,0,0.569,0.00364,0.59,25.10,137,0,6,0,BAR_TICK,0.00,4003.26,3988.17
2026.03.23 08:00,-1,0.00023337,0.385,1.557,0.000,0,0.560,0.00342,0.76,25.10,138,0,6,0,BAR_TICK,0.00,4003.26,3987.59
2026.03.23 09:00,-1,0.00023750,0.132,0.989,0.000,0,0.633,0.00325,0.76,25.10,139,0,6,0,BAR_TICK,0.00,4003.26,3987.38
2026.03.23 10:00,-1,0.00025557,0.578,0.867,0.000,0,0.621,0.00328,0.99,25.10,140,0,6,0,BAR_TICK,0.00,4003.26,3985.74
2026.03.23 11:00,-1,0.00027226,0.534,0.701,0.000,0,0.597,0.00315,1.34,25.10,141,0,6,0,BAR_TICK,0.00,4003.26,3984.73
2026.03.23 12:00,-1,0.00026581,-0.207,0.000,0.000,0,0.573,0.00300,0.87,25.10,142,0,6,0,BAR_TICK,0.00,4003.26,3985.19
2026.03.23 13:00,-1,0.00031337,1.521,0.821,0.000,0,0.537,0.00328,2.03,25.10,143,0,6,0,MAX_ADVERSE_STOP,-22.25,3981.01,3981.01
2026.03.23 14:00,0,0.00031507,0.054,0.176,0.000,0,0.595,0.00415,3.46,25.10,0,47,0,0,IDLE_WAIT_TREND,0.00,3981.01,3981.01
2026.03.23 15:00,0,0.00025533,-1.911,0.000,-1.211,0,0.579,0.00434,1.52,25.10,0,46,0,0,IDLE_WAIT_TREND,0.00,3981.01,3981.01
2026.03.23 16:00,0,0.00014295,-3.594,0.000,-4.105,0,0.537,0.00471,1.48,25.10,0,45,0,0,IDLE_WAIT_TREND,0.00,3981.01,3981.01
2026.03.23 17:00,0,0.00003965,-3.304,0.000,-6.709,0,0.540,0.00483,1.08,25.10,0,44,0,0,IDLE_WAIT_TREND,0.00,3981.01,3981.01
2026.03.23 18:00,0,0.00001949,-0.645,0.000,-6.654,0,0.572,0.00500,1.68,25.10,0,43,0,0,IDLE_WAIT_TREND,0.00,3981.01,3981.01
2026.03.23 19:00,0,-0.00000143,-0.669,0.000,-6.623,0,0.608,0.00528,1.13,25.10,0,42,0,0,IDLE_WAIT_TREND,0.00,3981.01,3981.01
2026.03.23 20:00,-1,-0.00004035,-1.245,0.000,0.000,-1,0.617,0.00537,0.68,25.10,0,48,8,0,OPEN_TREND,0.00,3981.01,3980.85
2026.03.23 21:00,-1,-0.00004720,-0.271,0.000,0.000,0,0.565,0.00539,0.45,25.10,1,47,8,0,BAR_TICK,0.00,3981.01,3980.07
2026.03.23 22:00,-1,-0.00004276,0.189,0.000,0.000,0,0.603,0.00537,0.43,25.10,2,46,8,0,BAR_TICK,0.00,3981.01,3979.28
2026.03.23 23:03,-1,-0.00002279,0.752,0.052,0.000,0,0.545,0.00545,0.66,25.10,3,45,8,0,BAR_TICK,0.00,3981.01,3974.44
2026.03.24 00:00,-1,0.00000255,0.802,0.154,0.000,0,0.652,0.00582,1.45,27.92,4,44,8,0,BAR_TICK,0.00,3981.01,3974.59
2026.03.24 01:00,-1,-0.00001752,-0.540,0.000,0.000,0,0.620,0.00581,0.71,27.92,5,43,8,0,BAR_TICK,0.00,3981.01,3978.19
2026.03.24 02:00,-1,0.00001117,0.676,0.000,0.000,0,0.598,0.00588,0.60,27.92,6,42,8,0,BAR_TICK,0.00,3981.01,3975.73
2026.03.24 03:00,-1,0.00002558,0.253,0.000,0.000,0,0.602,0.00567,0.67,27.92,7,41,8,0,BAR_TICK,0.00,3981.01,3975.86
2026.03.24 04:00,-1,0.00008332,0.851,0.151,0.000,0,0.576,0.00493,0.80,27.92,8,40,8,0,BAR_TICK,0.00,3981.01,3974.07
2026.03.24 05:00,-1,0.00013905,0.779,0.230,0.000,0,0.603,0.00465,0.58,27.92,9,39,8,0,BAR_TICK,0.00,3981.01,3973.06
2026.03.24 06:00,-1,0.00019530,0.807,0.336,0.000,0,0.627,0.00429,0.45,27.92,10,38,8,0,BAR_TICK,0.00,3981.01,3971.98
2026.03.24 07:00,-1,0.00022100,0.394,0.031,0.000,0,0.601,0.00400,0.30,27.92,11,37,8,0,BAR_TICK,0.00,3981.01,3971.57
2026.03.24 08:00,-1,0.00024264,0.362,0.000,0.000,0,0.624,0.00354,0.53,27.92,12,36,8,0,BAR_TICK,0.00,3981.01,3970.80
2026.03.24 09:00,-1,0.00019826,-0.810,0.000,-0.110,0,0.620,0.00335,1.00,27.92,13,35,8,0,BAR_TICK,0.00,3981.01,3972.53
2026.03.24 10:00,-1,0.00016776,-0.605,0.000,-0.015,0,0.621,0.00334,1.05,27.92,14,34,8,0,BAR_TICK,0.00,3981.01,3972.40
2026.03.24 11:00,-1,0.00019561,0.596,0.000,0.000,0,0.602,0.00355,1.51,27.92,15,33,8,0,BAR_TICK,0.00,3981.01,3969.71
2026.03.24 12:00,-1,0.00019885,0.074,0.000,0.000,0,0.596,0.00361,0.88,27.92,16,32,8,0,BAR_TICK,0.00,3981.01,3969.99
2026.03.24 13:00,-1,0.00016150,-0.904,0.000,-0.204,0,0.621,0.00357,0.86,27.92,17,31,8,0,BAR_TICK,0.00,3981.01,3971.66
2026.03.24 14:00,-1,0.00012862,-0.835,0.000,-0.339,0,0.616,0.00317,0.88,27.92,18,30,8,0,BAR_TICK,0.00,3981.01,3972.06
2026.03.24 15:00,-1,0.00013959,0.290,0.000,0.000,0,0.623,0.00322,1.49,27.92,19,29,8,0,BAR_TICK,0.00,3981.01,3969.96
2026.03.24 16:00,-1,0.00012647,-0.359,0.000,0.000,0,0.607,0.00316,0.86,27.92,20,28,8,0,BAR_TICK,0.00,3981.01,3970.92
2026.03.24 17:00,-1,0.00014247,0.450,0.000,0.000,0,0.567,0.00313,1.07,27.92,21,27,8,0,BAR_TICK,0.00,3981.01,3968.98
2026.03.24 18:00,-1,0.00015322,0.310,0.000,0.000,0,0.591,0.00303,0.83,27.92,22,26,8,0,BAR_TICK,0.00,3981.01,3968.72
2026.03.24 19:00,-1,0.00017203,0.552,0.000,0.000,0,0.552,0.00296,0.61,27.92,23,25,8,0,BAR_TICK,0.00,3981.01,3967.51
2026.03.24 20:00,-1,0.00022305,1.521,0.821,0.000,0,0.621,0.00316,1.48,27.92,24,24,8,0,BAR_TICK,0.00,3981.01,3964.32
2026.03.24 21:00,-1,0.00019416,-0.873,0.000,-0.173,0,0.602,0.00341,1.39,27.92,25,23,8,0,BAR_TICK,0.00,3981.01,3967.93
2026.03.24 22:00,-1,0.00014906,-1.377,0.000,-0.849,0,0.589,0.00345,0.73,27.92,26,22,8,0,BAR_TICK,0.00,3981.01,3969.43
2026.03.24 23:00,-1,0.00008554,-1.956,0.000,-2.105,0,0.592,0.00361,1.54,27.92,27,21,8,0,BAR_TICK,0.00,3981.01,3970.74
2026.03.25 00:00,-1,0.00004286,-1.323,0.000,-2.728,0,0.571,0.00362,1.02,30.87,28,20,8,0,BAR_TICK,0.00,3981.01,3970.21
2026.03.25 01:00,-1,0.00002432,-0.578,0.000,-2.606,0,0.595,0.00345,0.86,30.87,29,19,8,0,BAR_TICK,0.00,3981.01,3971.13
2026.03.25 02:00,-1,0.00002093,-0.106,0.000,-2.012,0,0.588,0.00337,0.59,30.87,30,18,8,0,BAR_TICK,0.00,3981.01,3970.53
2026.03.25 03:00,-1,0.00003451,0.427,0.000,-0.885,0,0.553,0.00344,1.19,30.87,31,17,8,0,BAR_TICK,0.00,3981.01,3969.39
2026.03.25 04:00,-1,0.00006668,1.015,0.315,0.000,0,0.573,0.00348,0.94,30.87,32,16,8,0,BAR_TICK,0.00,3981.01,3967.59
2026.03.25 05:00,-1,0.00007516,0.268,0.000,0.000,0,0.603,0.00332,0.77,30.87,33,15,8,0,BAR_TICK,0.00,3981.01,3968.18
2026.03.25 06:00,-1,0.00007784,0.085,0.000,0.000,0,0.600,0.00327,0.64,30.87,34,14,8,0,BAR_TICK,0.00,3981.01,3968.12
2026.03.25 07:00,-1,0.00009868,0.662,0.000,0.000,0,0.596,0.00320,0.75,30.87,35,13,8,0,BAR_TICK,0.00,3981.01,3966.72
2026.03.25 08:00,-1,0.00009350,-0.165,0.000,0.000,0,0.566,0.00317,0.65,30.87,36,12,8,0,BAR_TICK,0.00,3981.01,3967.59
2026.03.25 09:00,-1,0.00010009,0.210,0.000,0.000,0,0.582,0.00316,0.51,30.87,37,11,8,0,BAR_TICK,0.00,3981.01,3966.65
2026.03.25 10:00,-1,0.00010365,0.113,0.000,0.000,0,0.614,0.00303,0.97,30.87,38,10,8,0,BAR_TICK,0.00,3981.01,3966.67
2026.03.25 11:00,-1,0.00007145,-1.027,0.000,-0.327,0,0.629,0.00310,1.81,30.87,39,9,8,0,BAR_TICK,0.00,3981.01,3968.78
2026.03.25 12:00,-1,0.00008043,0.286,0.000,0.000,0,0.632,0.00321,1.27,30.87,40,8,8,0,BAR_TICK,0.00,3981.01,3966.55
2026.03.25 13:00,-1,0.00010837,0.892,0.192,0.000,0,0.616,0.00310,1.31,30.87,41,7,8,0,BAR_TICK,0.00,3981.01,3964.78
2026.03.25 14:00,-1,0.00011256,0.134,0.000,0.000,0,0.640,0.00299,0.73,30.87,42,6,8,0,BAR_TICK,0.00,3981.01,3965.51
2026.03.25 15:00,-1,0.00009504,-0.560,0.000,0.000,0,0.609,0.00305,1.23,30.87,43,5,8,0,BAR_TICK,0.00,3981.01,3966.73
2026.03.25 16:00,-1,0.00007764,-0.556,0.000,0.000,0,0.674,0.00305,0.65,30.87,44,4,8,0,BAR_TICK,0.00,3981.01,3967.05
2026.03.25 17:00,-1,0.00002783,-1.592,0.000,-0.892,0,0.631,0.00309,1.53,30.87,45,3,8,0,BAR_TICK,0.00,3981.01,3969.46
2026.03.25 18:00,-1,0.00000089,-0.861,0.000,-1.053,0,0.619,0.00299,0.61,30.87,46,2,8,0,BAR_TICK,0.00,3981.01,3969.27
2026.03.25 19:00,-1,-0.00001528,-0.517,0.000,-0.869,0,0.628,0.00293,0.60,30.87,47,1,8,0,BAR_TICK,0.00,3981.01,3969.35
2026.03.25 20:00,-1,-0.00002623,-0.350,0.000,-0.520,0,0.605,0.00290,0.54,30.87,48,0,8,0,BAR_TICK,0.00,3981.01,3969.29
2026.03.25 21:00,-1,-0.00001932,0.221,0.000,0.000,0,0.633,0.00295,1.07,30.87,49,0,8,0,BAR_TICK,0.00,3981.01,3968.37
2026.03.25 22:00,-1,-0.00000658,0.407,0.000,0.000,0,0.652,0.00289,0.41,30.87,50,0,8,0,BAR_TICK,0.00,3981.01,3967.81
2026.03.25 23:00,-1,0.00000676,0.427,0.000,0.000,0,0.631,0.00285,0.39,30.87,51,0,8,0,BAR_TICK,0.00,3981.01,3966.91
2026.03.26 00:00,-1,-0.00000421,-0.351,0.000,0.000,0,0.619,0.00276,0.59,33.43,52,0,8,0,BAR_TICK,0.00,3981.01,3967.29
2026.03.26 01:00,-1,0.00000672,0.349,0.000,0.000,0,0.687,0.00256,1.11,33.43,53,0,8,0,BAR_TICK,0.00,3981.01,3967.44
2026.03.26 02:00,-1,0.00001352,0.218,0.000,0.000,0,0.685,0.00234,0.43,33.43,54,0,8,0,BAR_TICK,0.00,3981.01,3967.47
2026.03.26 03:00,-1,0.00004031,0.857,0.157,0.000,0,0.624,0.00229,1.47,33.43,55,0,8,0,MAX_ADVERSE_STOP,-15.05,3965.96,3965.96
2026.03.26 04:00,0,0.00004950,0.294,0.000,0.000,0,0.603,0.00224,0.67,33.43,0,47,0,0,IDLE_WAIT_TREND,0.00,3965.96,3965.96
2026.03.26 05:00,0,0.00005598,0.207,0.000,0.000,0,0.627,0.00205,0.52,33.43,0,46,0,0,IDLE_WAIT_TREND,0.00,3965.96,3965.96
2026.03.26 06:00,0,0.00004111,-0.476,0.000,0.000,0,0.636,0.00205,0.96,33.43,0,45,0,0,IDLE_WAIT_TREND,0.00,3965.96,3965.96
2026.03.26 07:00,0,0.00002872,-0.396,0.000,0.000,0,0.648,0.00180,0.70,33.43,0,44,0,0,IDLE_WAIT_TREND,0.00,3965.96,3965.96
2026.03.26 08:00,0,0.00003785,0.292,0.000,0.000,0,0.646,0.00178,0.88,33.43,0,43,0,0,IDLE_WAIT_TREND,0.00,3965.96,3965.96
2026.03.26 09:00,0,0.00006929,1.005,0.305,0.000,0,0.619,0.00183,1.35,33.43,0,42,0,0,IDLE_WAIT_TREND,0.00,3965.96,3965.96
2026.03.26 10:00,0,0.00013054,1.959,1.564,0.000,0,0.602,0.00200,1.95,33.43,0,41,0,0,IDLE_WAIT_TREND,0.00,3965.96,3965.96
2026.03.26 11:00,0,0.00015364,0.739,1.604,0.000,0,0.559,0.00194,1.17,33.43,0,40,0,0,IDLE_WAIT_TREND,0.00,3965.96,3965.96
2026.03.26 12:00,0,0.00015226,-0.044,0.859,0.000,0,0.585,0.00203,1.22,33.43,0,39,0,0,IDLE_WAIT_TREND,0.00,3965.96,3965.96
2026.03.26 13:00,0,0.00015808,0.186,0.345,0.000,0,0.601,0.00209,0.92,33.43,0,38,0,0,IDLE_WAIT_TREND,0.00,3965.96,3965.96
2026.03.26 14:00,0,0.00017194,0.443,0.089,0.000,0,0.567,0.00210,0.86,33.43,0,37,0,0,IDLE_WAIT_TREND,0.00,3965.96,3965.96
2026.03.26 15:00,0,0.00015842,-0.432,0.000,0.000,0,0.568,0.00208,1.26,33.43,0,36,0,0,IDLE_WAIT_TREND,0.00,3965.96,3965.96
2026.03.26 16:00,0,0.00013850,-0.637,0.000,0.000,0,0.536,0.00216,0.95,33.43,0,35,0,0,IDLE_WAIT_TREND,0.00,3965.96,3965.96
2026.03.26 17:00,0,0.00017381,1.129,0.429,0.000,0,0.541,0.00230,2.34,33.43,0,34,0,0,IDLE_WAIT_TREND,0.00,3965.96,3965.96
2026.03.26 18:00,0,0.00019555,0.695,0.424,0.000,0,0.541,0.00230,0.61,33.43,0,33,0,0,IDLE_WAIT_TREND,0.00,3965.96,3965.96
2026.03.26 19:00,0,0.00022071,0.805,0.529,0.000,0,0.516,0.00244,1.25,33.43,0,32,0,0,IDLE_WAIT_TREND,0.00,3965.96,3965.96
2026.03.26 20:00,0,0.00024354,0.730,0.559,0.000,0,0.516,0.00245,0.88,33.43,0,31,0,0,IDLE_WAIT_TREND,0.00,3965.96,3965.96
2026.03.26 21:00,0,0.00024246,-0.035,0.000,0.000,0,0.572,0.00249,0.72,33.43,0,30,0,0,IDLE_WAIT_TREND,0.00,3965.96,3965.96
2026.03.26 22:00,0,0.00025205,0.307,0.000,0.000,0,0.562,0.00253,0.81,33.43,0,29,0,0,IDLE_WAIT_TREND,0.00,3965.96,3965.96
2026.03.26 23:00,0,0.00023646,-0.498,0.000,0.000,0,0.571,0.00265,1.58,33.43,0,28,0,0,IDLE_WAIT_TREND,0.00,3965.96,3965.96
2026.03.27 00:00,0,0.00019327,-1.382,0.000,-0.682,0,0.555,0.00283,2.29,37.51,0,27,0,0,IDLE_WAIT_TREND,0.00,3965.96,3965.96
2026.03.27 01:00,0,0.00020157,0.266,0.000,0.000,0,0.580,0.00292,0.80,37.51,0,26,0,0,IDLE_WAIT_TREND,0.00,3965.96,3965.96
2026.03.27 02:00,0,0.00020941,0.251,0.000,0.000,0,0.568,0.00287,0.63,37.51,0,25,0,0,IDLE_WAIT_TREND,0.00,3965.96,3965.96
2026.03.27 03:00,0,0.00022433,0.477,0.000,0.000,0,0.572,0.00292,0.87,37.51,0,24,0,0,IDLE_WAIT_TREND,0.00,3965.96,3965.96
2026.03.27 04:00,0,0.00019305,-1.000,0.000,-0.300,0,0.583,0.00307,1.29,37.51,0,23,0,0,IDLE_WAIT_TREND,0.00,3965.96,3965.96
2026.03.27 05:00,0,0.00015079,-1.352,0.000,-0.952,0,0.582,0.00302,0.64,37.51,0,22,0,0,IDLE_WAIT_TREND,0.00,3965.96,3965.96
2026.03.27 06:00,0,0.00010461,-1.477,0.000,-1.729,0,0.622,0.00301,0.63,37.51,0,21,0,0,IDLE_WAIT_TREND,0.00,3965.96,3965.96
2026.03.27 07:00,0,0.00006045,-1.412,0.000,-2.442,0,0.589,0.00273,0.51,37.51,0,20,0,0,IDLE_WAIT_TREND,0.00,3965.96,3965.96
2026.03.27 08:00,0,0.00004653,-0.445,0.000,-2.187,0,0.625,0.00276,0.66,37.51,0,19,0,0,IDLE_WAIT_TREND,0.00,3965.96,3965.96
2026.03.27 09:00,0,0.00002289,-0.756,0.000,-2.243,0,0.547,0.00272,0.91,37.51,0,18,0,0,IDLE_WAIT_TREND,0.00,3965.96,3965.96
2026.03.27 10:00,0,-0.00000475,-0.884,0.000,-2.427,0,0.552,0.00279,1.12,37.51,0,17,0,0,IDLE_WAIT_TREND,0.00,3965.96,3965.96
2026.03.27 11:00,0,-0.00003588,-0.996,0.000,-2.723,0,0.584,0.00291,1.21,37.51,0,16,0,0,IDLE_WAIT_TREND,0.00,3965.96,3965.96
2026.03.27 12:00,0,-0.00007813,-1.351,0.000,-3.374,0,0.592,0.00303,1.26,37.51,0,15,0,0,IDLE_WAIT_TREND,0.00,3965.96,3965.96
2026.03.27 13:00,0,-0.00009921,-0.674,0.000,-3.348,0,0.602,0.00287,0.68,37.51,0,14,0,0,IDLE_WAIT_TREND,0.00,3965.96,3965.96
2026.03.27 14:00,0,-0.00011599,-0.537,0.000,-3.185,0,0.622,0.00262,1.13,37.51,0,13,0,0,IDLE_WAIT_TREND,0.00,3965.96,3965.96
2026.03.27 15:00,0,-0.00009450,0.688,0.000,-1.797,0,0.608,0.00259,1.20,37.51,0,12,0,0,IDLE_WAIT_TREND,0.00,3965.96,3965.96
2026.03.27 16:00,0,-0.00006362,0.987,0.287,-0.110,0,0.560,0.00268,1.13,37.51,0,11,0,0,IDLE_WAIT_TREND,0.00,3965.96,3965.96
2026.03.27 17:00,0,-0.00000936,1.736,1.323,0.000,0,0.634,0.00272,1.13,37.51,0,10,0,0,IDLE_WAIT_TREND,0.00,3965.96,3965.96
2026.03.27 18:00,0,-0.00002108,-0.375,0.248,0.000,0,0.626,0.00277,1.67,37.51,0,9,0,0,IDLE_WAIT_TREND,0.00,3965.96,3965.96
2026.03.27 19:00,0,-0.00003762,-0.529,0.000,0.000,0,0.568,0.00276,0.66,37.51,0,8,0,0,IDLE_WAIT_TREND,0.00,3965.96,3965.96
2026.03.27 20:00,0,-0.00000311,1.104,0.404,0.000,0,0.560,0.00288,1.26,37.51,0,7,0,0,IDLE_WAIT_TREND,0.00,3965.96,3965.96
2026.03.27 21:00,0,0.00001687,0.639,0.343,0.000,0,0.515,0.00289,0.54,37.51,0,6,0,0,IDLE_WAIT_TREND,0.00,3965.96,3965.96
2026.03.27 22:00,0,0.00001370,-0.101,0.000,0.000,0,0.557,0.00289,0.62,37.51,0,5,0,0,IDLE_WAIT_TREND,0.00,3965.96,3965.96
2026.03.30 01:01,0,-0.00000947,-0.741,0.000,-0.041,0,0.615,0.00290,0.91,41.37,0,4,0,0,IDLE_WAIT_TREND,0.00,3965.96,3965.96
2026.03.30 02:00,0,-0.00000263,0.219,0.000,0.000,0,0.561,0.00294,1.24,41.37,0,3,0,0,IDLE_WAIT_TREND,0.00,3965.96,3965.96
2026.03.30 03:00,0,0.00002156,0.774,0.074,0.000,0,0.589,0.00284,0.75,41.37,0,2,0,0,IDLE_WAIT_TREND,0.00,3965.96,3965.96
2026.03.30 04:00,0,0.00004367,0.707,0.081,0.000,0,0.585,0.00277,1.03,41.37,0,1,0,0,IDLE_WAIT_TREND,0.00,3965.96,3965.96
2026.03.30 05:00,0,0.00004468,0.032,0.000,0.000,0,0.565,0.00287,1.17,41.37,0,0,0,0,IDLE_WAIT_TREND,0.00,3965.96,3965.96
2026.03.30 06:00,0,0.00008835,1.397,0.697,0.000,0,0.576,0.00289,1.13,41.37,0,0,0,0,IDLE_WAIT_TREND,0.00,3965.96,3965.96
2026.03.30 07:00,0,0.00009583,0.239,0.236,0.000,0,0.578,0.00285,0.90,41.37,0,0,0,0,IDLE_WAIT_TREND,0.00,3965.96,3965.96
2026.03.30 08:00,0,0.00009631,0.015,0.000,0.000,0,0.566,0.00272,0.40,41.37,0,0,0,0,IDLE_WAIT_TREND,0.00,3965.96,3965.96
2026.03.30 09:00,0,0.00008077,-0.497,0.000,0.000,0,0.581,0.00268,0.96,41.37,0,0,0,0,IDLE_WAIT_TREND,0.00,3965.96,3965.96
2026.03.30 10:00,0,0.00005367,-0.867,0.000,-0.167,0,0.585,0.00264,1.53,41.37,0,0,0,0,IDLE_WAIT_TREND,0.00,3965.96,3965.96
2026.03.30 11:00,0,0.00005942,0.184,0.000,0.000,0,0.590,0.00280,1.44,41.37,0,0,0,0,IDLE_WAIT_TREND,0.00,3965.96,3965.96
2026.03.30 12:00,0,0.00005891,-0.016,0.000,0.000,0,0.616,0.00275,1.07,41.37,0,0,0,0,IDLE_WAIT_TREND,0.00,3965.96,3965.96
2026.03.30 13:00,0,0.00006711,0.262,0.000,0.000,0,0.578,0.00284,1.01,41.37,0,0,0,0,IDLE_WAIT_TREND,0.00,3965.96,3965.96
2026.03.30 14:00,0,0.00005342,-0.438,0.000,0.000,0,0.582,0.00293,1.04,41.37,0,0,0,0,IDLE_WAIT_TREND,0.00,3965.96,3965.96
2026.03.30 15:00,0,0.00004621,-0.231,0.000,0.000,0,0.608,0.00293,0.87,41.37,0,0,0,0,IDLE_WAIT_TREND,0.00,3965.96,3965.96
2026.03.30 16:00,0,0.00002248,-0.759,0.000,-0.059,0,0.561,0.00282,0.74,41.37,0,0,0,0,IDLE_WAIT_TREND,0.00,3965.96,3965.96
2026.03.30 17:00,0,-0.00003532,-1.849,0.000,-1.208,0,0.578,0.00299,1.52,41.37,0,0,0,0,IDLE_WAIT_TREND,0.00,3965.96,3965.96
2026.03.30 18:00,0,-0.00006051,-0.806,0.000,-1.313,0,0.569,0.00307,1.32,41.37,0,0,0,0,IDLE_WAIT_TREND,0.00,3965.96,3965.96
2026.03.30 19:00,0,-0.00007990,-0.620,0.000,-1.234,0,0.580,0.00299,0.71,41.37,0,0,0,0,IDLE_WAIT_TREND,0.00,3965.96,3965.96
2026.03.30 20:00,0,-0.00010712,-0.870,0.000,-1.404,0,0.577,0.00292,0.79,41.37,0,0,0,0,IDLE_WAIT_TREND,0.00,3965.96,3965.96
2026.03.30 21:00,0,-0.00012027,-0.421,0.000,-1.125,0,0.577,0.00289,0.76,41.37,0,0,0,0,IDLE_WAIT_TREND,0.00,3965.96,3965.96
2026.03.30 22:00,0,-0.00013659,-0.522,0.000,-0.947,0,0.565,0.00292,0.52,41.37,0,0,0,0,IDLE_WAIT_TREND,0.00,3965.96,3965.96
2026.03.30 23:00,0,-0.00013874,-0.069,0.000,-0.315,0,0.549,0.00284,0.50,41.37,0,0,0,0,IDLE_WAIT_TREND,0.00,3965.96,3965.96
2026.03.31 00:00,0,-0.00016062,-0.700,0.000,-0.315,0,0.568,0.00276,1.05,43.87,0,0,0,0,IDLE_WAIT_TREND,0.00,3965.96,3965.96
2026.03.31 01:00,0,-0.00017481,-0.454,0.000,-0.069,0,0.553,0.00271,1.22,43.87,0,0,0,0,IDLE_WAIT_TREND,0.00,3965.96,3965.96
2026.03.31 02:00,0,-0.00017083,0.127,0.000,0.000,0,0.608,0.00260,0.57,43.87,0,0,0,0,IDLE_WAIT_TREND,0.00,3965.96,3965.96
2026.03.31 03:00,0,-0.00016921,0.052,0.000,0.000,0,0.546,0.00250,0.60,43.87,0,0,0,0,IDLE_WAIT_TREND,0.00,3965.96,3965.96
2026.03.31 04:00,0,-0.00012707,1.348,0.648,0.000,0,0.551,0.00251,1.25,43.87,0,0,0,0,IDLE_WAIT_TREND,0.00,3965.96,3965.96
2026.03.31 05:00,0,-0.00010254,0.785,0.732,0.000,0,0.559,0.00255,1.19,43.87,0,0,0,0,IDLE_WAIT_TREND,0.00,3965.96,3965.96
2026.03.31 06:00,0,-0.00006234,1.286,1.318,0.000,0,0.575,0.00255,0.85,43.87,0,0,0,0,IDLE_WAIT_TREND,0.00,3965.96,3965.96
2026.03.31 07:00,0,-0.00001855,1.401,2.019,0.000,0,0.596,0.00236,0.79,43.87,0,0,0,0,IDLE_WAIT_TREND,0.00,3965.96,3965.96
2026.03.31 08:00,0,0.00004527,2.041,3.360,0.000,0,0.592,0.00233,1.58,43.87,0,0,0,0,IDLE_WAIT_TREND,0.00,3965.96,3965.96
2026.03.31 09:00,0,0.00007656,1.001,3.661,0.000,0,0.569,0.00231,0.77,43.87,0,0,0,0,IDLE_WAIT_TREND,0.00,3965.96,3965.96
2026.03.31 10:00,0,0.00009163,0.482,3.443,0.000,0,0.529,0.00233,1.13,43.87,0,0,0,0,IDLE_WAIT_TREND,0.00,3965.96,3965.96
2026.03.31 11:00,0,0.00008032,-0.362,2.381,0.000,0,0.561,0.00254,2.01,43.87,0,0,0,0,IDLE_WAIT_TREND,0.00,3965.96,3965.96
2026.03.31 12:00,0,0.00009879,0.591,2.272,0.000,0,0.570,0.00279,1.80,43.87,0,0,0,0,IDLE_WAIT_TREND,0.00,3965.96,3965.96
2026.03.31 13:00,0,0.00015291,1.731,3.303,0.000,0,0.568,0.00301,1.52,43.87,0,0,0,0,IDLE_WAIT_TREND,0.00,3965.96,3965.96
2026.03.31 14:00,0,0.00016563,0.407,3.010,0.000,0,0.554,0.00296,0.72,43.87,0,0,0,0,IDLE_WAIT_TREND,0.00,3965.96,3965.96
2026.03.31 15:00,0,0.00012074,-1.436,0.874,-0.736,0,0.544,0.00308,1.64,43.87,0,0,0,0,IDLE_WAIT_TREND,0.00,3965.96,3965.96
2026.03.31 16:00,0,0.00011553,-0.167,0.007,-0.202,0,0.583,0.00328,1.28,43.87,0,0,0,0,IDLE_WAIT_TREND,0.00,3965.96,3965.96
2026.03.31 17:00,0,0.00009635,-0.614,0.000,-0.116,0,0.666,0.00338,0.86,43.87,0,0,0,0,IDLE_WAIT_TREND,0.00,3965.96,3965.96
2026.03.31 18:00,0,0.00008513,-0.359,0.000,0.000,0,0.608,0.00344,1.15,43.87,0,0,0,0,IDLE_WAIT_TREND,0.00,3965.96,3965.96
2026.03.31 19:00,0,0.00004011,-1.440,0.000,-0.740,0,0.602,0.00359,1.44,43.87,0,0,0,0,IDLE_WAIT_TREND,0.00,3965.96,3965.96
2026.03.31 20:00,0,-0.00003073,-2.266,0.000,-2.306,0,0.606,0.00383,1.44,43.87,0,0,0,0,IDLE_WAIT_TREND,0.00,3965.96,3965.96
2026.03.31 21:00,0,-0.00003340,-0.085,0.000,-1.691,0,0.616,0.00399,1.04,43.87,0,0,0,0,IDLE_WAIT_TREND,0.00,3965.96,3965.96
2026.03.31 22:00,0,-0.00009340,-1.919,0.000,-2.910,0,0.643,0.00405,1.11,43.87,0,0,0,0,IDLE_WAIT_TREND,0.00,3965.96,3965.96
2026.03.31 23:00,0,-0.00014878,-1.771,0.000,-3.981,0,0.614,0.00411,0.63,43.87,0,0,0,0,IDLE_WAIT_TREND,0.00,3965.96,3965.96
2026.04.01 00:10,0,-0.00021145,-2.004,0.000,-5.286,0,0.573,0.00417,0.84,43.72,0,0,0,0,IDLE_WAIT_TREND,0.00,3965.96,3965.96
2026.04.01 01:00,0,-0.00023837,-0.861,0.000,-5.447,0,0.584,0.00401,0.71,43.72,0,0,0,0,IDLE_WAIT_TREND,0.00,3965.96,3965.96
2026.04.01 02:00,0,-0.00022471,0.437,0.000,-4.310,0,0.662,0.00387,0.79,43.72,0,0,0,0,IDLE_WAIT_TREND,0.00,3965.96,3965.96
2026.04.01 03:00,0,-0.00023516,-0.334,0.000,-3.944,0,0.689,0.00372,0.67,43.72,0,0,0,0,IDLE_WAIT_TREND,0.00,3965.96,3965.96
2026.04.01 04:00,0,-0.00022071,0.462,0.000,-2.782,0,0.728,0.00370,0.48,43.72,0,0,0,0,IDLE_WAIT_TREND,0.00,3965.96,3965.96
2026.04.01 05:00,0,-0.00017414,1.489,0.789,-0.593,0,0.661,0.00363,1.13,43.72,0,0,0,0,IDLE_WAIT_TREND,0.00,3965.96,3965.96
2026.04.01 06:00,0,-0.00009913,2.399,2.489,0.000,0,0.647,0.00356,0.94,43.72,0,0,0,0,IDLE_WAIT_TREND,0.00,3965.96,3965.96
2026.04.01 07:00,0,-0.00003493,2.053,3.842,0.000,0,0.641,0.00352,0.65,43.72,0,0,0,0,IDLE_WAIT_TREND,0.00,3965.96,3965.96
2026.04.01 08:00,0,0.00000068,1.139,4.281,0.000,0,0.683,0.00333,0.37,43.72,0,0,0,0,IDLE_WAIT_TREND,0.00,3965.96,3965.96
2026.04.01 09:00,0,0.00002163,0.670,4.251,0.000,0,0.707,0.00311,0.69,43.72,0,0,0,0,IDLE_WAIT_TREND,0.00,3965.96,3965.96
2026.04.01 10:00,0,-0.00003606,-1.845,1.706,-1.145,0,0.673,0.00323,2.22,43.72,0,0,0,0,IDLE_WAIT_TREND,0.00,3965.96,3965.96
2026.04.01 11:00,0,-0.00002596,0.323,1.329,-0.122,0,0.615,0.00321,1.23,43.72,0,0,0,0,IDLE_WAIT_TREND,0.00,3965.96,3965.96
2026.04.01 12:00,0,-0.00002889,-0.094,0.535,0.000,0,0.644,0.00316,1.20,43.72,0,0,0,0,IDLE_WAIT_TREND,0.00,3965.96,3965.96
2026.04.01 13:00,0,-0.00003349,-0.147,0.000,0.000,0,0.664,0.00318,0.88,43.72,0,0,0,0,IDLE_WAIT_TREND,0.00,3965.96,3965.96
2026.04.01 14:00,0,-0.00002227,0.359,0.000,0.000,0,0.627,0.00321,1.24,43.72,0,0,0,0,IDLE_WAIT_TREND,0.00,3965.96,3965.96
2026.04.01 15:00,0,0.00000232,0.786,0.086,0.000,0,0.609,0.00320,0.85,43.72,0,0,0,0,IDLE_WAIT_TREND,0.00,3965.96,3965.96
2026.04.01 16:00,0,0.00004266,1.290,0.677,0.000,0,0.606,0.00325,1.16,43.72,0,0,0,0,IDLE_WAIT_TREND,0.00,3965.96,3965.96
2026.04.01 17:00,0,0.00007135,0.918,0.894,0.000,0,0.590,0.00329,0.89,43.72,0,0,0,0,IDLE_WAIT_TREND,0.00,3965.96,3965.96
2026.04.01 18:00,0,0.00011942,1.537,1.732,0.000,0,0.664,0.00354,1.51,43.72,0,0,0,0,IDLE_WAIT_TREND,0.00,3965.96,3965.96
2026.04.01 19:00,0,0.00012287,0.110,1.142,0.000,0,0.643,0.00339,0.58,43.72,0,0,0,0,IDLE_WAIT_TREND,0.00,3965.96,3965.96
2026.04.01 20:00,0,0.00012393,0.034,0.476,0.000,0,0.647,0.00327,0.50,43.72,0,0,0,0,IDLE_WAIT_TREND,0.00,3965.96,3965.96
2026.04.01 21:00,0,0.00014777,0.763,0.539,0.000,0,0.628,0.00327,0.70,43.72,0,0,0,0,IDLE_WAIT_TREND,0.00,3965.96,3965.96
2026.04.01 22:00,0,0.00019208,1.417,1.256,0.000,0,0.640,0.00339,0.88,43.72,0,0,0,0,IDLE_WAIT_TREND,0.00,3965.96,3965.96
2026.04.01 23:00,0,0.00018084,-0.360,0.196,0.000,0,0.677,0.00343,0.78,43.72,0,0,0,0,IDLE_WAIT_TREND,0.00,3965.96,3965.96
2026.04.02 00:00,0,0.00016395,-0.540,0.000,0.000,0,0.658,0.00302,0.44,43.10,0,0,0,0,IDLE_WAIT_TREND,0.00,3965.96,3965.96
2026.04.02 01:00,0,0.00015113,-0.410,0.000,0.000,0,0.623,0.00292,0.88,43.10,0,0,0,0,IDLE_WAIT_TREND,0.00,3965.96,3965.96
2026.04.02 02:00,0,0.00014421,-0.221,0.000,0.000,0,0.572,0.00280,0.77,43.10,0,0,0,0,IDLE_WAIT_TREND,0.00,3965.96,3965.96
2026.04.02 03:00,0,0.00014677,0.082,0.000,0.000,0,0.600,0.00273,0.66,43.10,0,0,0,0,IDLE_WAIT_TREND,0.00,3965.96,3965.96
2026.04.02 04:00,0,0.00012976,-0.544,0.000,0.000,0,0.606,0.00266,1.13,43.10,0,0,0,0,IDLE_WAIT_TREND,0.00,3965.96,3965.96
2026.04.02 05:00,0,0.00017057,1.305,0.605,0.000,0,0.609,0.00287,1.99,43.10,0,0,0,0,IDLE_WAIT_TREND,0.00,3965.96,3965.96
2026.04.02 06:00,0,0.00017980,0.295,0.201,0.000,0,0.573,0.00274,0.74,43.10,0,0,0,0,IDLE_WAIT_TREND,0.00,3965.96,3965.96
2026.04.02 07:00,0,0.00018225,0.078,0.000,0.000,0,0.587,0.00266,0.64,43.10,0,0,0,0,IDLE_WAIT_TREND,0.00,3965.96,3965.96
2026.04.02 08:00,0,0.00020085,0.595,0.000,0.000,0,0.638,0.00244,0.97,43.10,0,0,0,0,IDLE_WAIT_TREND,0.00,3965.96,3965.96
2026.04.02 09:00,0,0.00019375,-0.227,0.000,0.000,0,0.676,0.00245,0.87,43.10,0,0,0,0,IDLE_WAIT_TREND,0.00,3965.96,3965.96
2026.04.02 10:00,0,0.00015281,-1.310,0.000,-0.610,0,0.639,0.00253,1.06,43.10,0,0,0,0,IDLE_WAIT_TREND,0.00,3965.96,3965.96
2026.04.02 11:00,0,0.00008452,-2.184,0.000,-2.094,0,0.607,0.00266,1.57,43.10,0,0,0,0,IDLE_WAIT_TREND,0.00,3965.96,3965.96
2026.04.02 12:00,0,0.00003346,-1.633,0.000,-3.027,0,0.617,0.00258,0.72,43.10,0,0,0,0,IDLE_WAIT_TREND,0.00,3965.96,3965.96
2026.04.02 13:00,0,-0.00002246,-1.789,0.000,-4.115,0,0.624,0.00261,1.15,43.10,0,0,0,0,IDLE_WAIT_TREND,0.00,3965.96,3965.96
2026.04.02 14:00,0,-0.00003084,-0.268,0.000,-3.684,0,0.662,0.00271,1.01,43.10,0,0,0,0,IDLE_WAIT_TREND,0.00,3965.96,3965.96
2026.04.02 15:00,0,0.00000111,1.022,0.322,-1.962,0,0.632,0.00277,1.25,43.10,0,0,0,0,IDLE_WAIT_TREND,0.00,3965.96,3965.96
2026.04.02 16:00,0,0.00001305,0.382,0.004,-0.880,0,0.591,0.00280,0.93,43.10,0,0,0,0,IDLE_WAIT_TREND,0.00,3965.96,3965.96
2026.04.02 17:00,0,-0.00001911,-1.029,0.000,-1.208,0,0.593,0.00293,1.21,43.10,0,0,0,0,IDLE_WAIT_TREND,0.00,3965.96,3965.96
2026.04.02 18:00,0,-0.00002351,-0.141,0.000,-0.649,0,0.652,0.00303,1.48,43.10,0,0,0,0,IDLE_WAIT_TREND,0.00,3965.96,3965.96
2026.04.02 19:00,0,-0.00002431,-0.025,0.000,0.000,0,0.666,0.00277,0.76,43.10,0,0,0,0,IDLE_WAIT_TREND,0.00,3965.96,3965.96
2026.04.02 20:00,0,-0.00002526,-0.030,0.000,0.000,0,0.667,0.00279,0.81,43.10,0,0,0,0,IDLE_WAIT_TREND,0.00,3965.96,3965.96
2026.04.02 21:00,0,-0.00001823,0.225,0.000,0.000,0,0.633,0.00278,0.57,43.10,0,0,0,0,IDLE_WAIT_TREND,0.00,3965.96,3965.96
2026.04.02 22:00,0,-0.00001756,0.022,0.000,0.000,0,0.624,0.00273,0.59,43.10,0,0,0,0,IDLE_WAIT_TREND,0.00,3965.96,3965.96
2026.04.02 23:00,0,-0.00000578,0.377,0.000,0.000,0,0.625,0.00268,0.55,43.10,0,0,0,0,IDLE_WAIT_TREND,0.00,3965.96,3965.96
2026.04.03 00:05,0,0.00000596,0.375,0.000,0.000,0,0.700,0.00264,0.76,44.05,0,0,0,0,IDLE_WAIT_TREND,0.00,3965.96,3965.96
2026.04.03 01:01,0,0.00001439,0.270,0.000,0.000,0,0.696,0.00247,0.75,44.05,0,0,0,0,IDLE_WAIT_TREND,0.00,3965.96,3965.96
2026.04.03 02:00,0,0.00001736,0.095,0.000,0.000,0,0.661,0.00241,0.42,44.05,0,0,0,0,IDLE_WAIT_TREND,0.00,3965.96,3965.96
2026.04.03 03:00,0,0.00003106,0.438,0.000,0.000,0,0.603,0.00230,0.67,44.05,0,0,0,0,IDLE_WAIT_TREND,0.00,3965.96,3965.96
2026.04.03 04:00,0,0.00005109,0.641,0.000,0.000,0,0.628,0.00224,0.79,44.05,0,0,0,0,IDLE_WAIT_TREND,0.00,3965.96,3965.96
2026.04.03 05:00,0,0.00007028,0.614,0.000,0.000,0,0.655,0.00209,0.69,44.05,0,0,0,0,IDLE_WAIT_TREND,0.00,3965.96,3965.96
2026.04.03 06:00,0,0.00009318,0.733,0.033,0.000,0,0.646,0.00201,0.73,44.05,0,0,0,0,IDLE_WAIT_TREND,0.00,3965.96,3965.96
2026.04.03 07:00,0,0.00010929,0.515,0.000,0.000,0,0.623,0.00182,0.49,44.05,0,0,0,0,IDLE_WAIT_TREND,0.00,3965.96,3965.96
2026.04.03 08:00,0,0.00011857,0.297,0.000,0.000,0,0.602,0.00156,0.49,44.05,0,0,0,0,IDLE_WAIT_TREND,0.00,3965.96,3965.96
2026.04.03 09:00,0,0.00012729,0.279,0.000,0.000,0,0.648,0.00147,0.57,44.05,0,0,0,0,IDLE_WAIT_TREND,0.00,3965.96,3965.96
2026.04.03 10:00,0,0.00012821,0.029,0.000,0.000,0,0.645,0.00136,0.58,44.05,0,0,0,0,IDLE_WAIT_TREND,0.00,3965.96,3965.96
2026.04.03 11:00,0,0.00013972,0.368,0.000,0.000,0,0.592,0.00136,1.14,44.05,0,0,0,0,IDLE_WAIT_TREND,0.00,3965.96,3965.96
2026.04.03 12:00,0,0.00015782,0.579,0.000,0.000,0,0.602,0.00135,1.13,44.05,0,0,0,0,IDLE_WAIT_TREND,0.00,3965.96,3965.96
2026.04.03 13:00,0,0.00014725,-0.338,0.000,0.000,0,0.591,0.00136,1.16,44.05,0,0,0,0,IDLE_WAIT_TREND,0.00,3965.96,3965.96
2026.04.03 14:00,0,0.00012798,-0.616,0.000,0.000,0,0.610,0.00131,1.05,44.05,0,0,0,0,IDLE_WAIT_TREND,0.00,3965.96,3965.96
2026.04.03 15:00,0,0.00010132,-0.853,0.000,-0.153,0,0.635,0.00130,1.30,44.05,0,0,0,0,IDLE_WAIT_TREND,0.00,3965.96,3965.96
2026.04.03 16:00,0,0.00007282,-0.911,0.000,-0.364,0,0.621,0.00167,3.70,44.05,0,0,0,0,IDLE_WAIT_TREND,0.00,3965.96,3965.96
2026.04.03 17:00,0,0.00005341,-0.621,0.000,-0.285,0,0.612,0.00172,1.28,44.05,0,0,0,0,IDLE_WAIT_TREND,0.00,3965.96,3965.96
2026.04.03 18:00,0,0.00006348,0.322,0.000,0.000,0,0.607,0.00175,1.25,44.05,0,0,0,0,IDLE_WAIT_TREND,0.00,3965.96,3965.96
2026.04.03 19:00,0,0.00005854,-0.158,0.000,0.000,0,0.620,0.00196,2.20,44.05,0,0,0,0,IDLE_WAIT_TREND,0.00,3965.96,3965.96
2026.04.03 20:00,0,0.00005603,-0.080,0.000,0.000,0,0.648,0.00195,0.71,44.05,0,0,0,0,IDLE_WAIT_TREND,0.00,3965.96,3965.96
2026.04.03 21:00,0,0.00005645,0.013,0.000,0.000,0,0.654,0.00201,0.88,44.05,0,0,0,0,IDLE_WAIT_TREND,0.00,3965.96,3965.96
2026.04.03 22:00,0,0.00005531,-0.036,0.000,0.000,0,0.584,0.00203,0.49,44.05,0,0,0,0,IDLE_WAIT_TREND,0.00,3965.96,3965.96
2026.04.03 23:00,0,0.00002228,-1.057,0.000,-0.357,0,0.579,0.00291,4.54,44.05,0,0,0,0,IDLE_WAIT_TREND,0.00,3965.96,3965.96
2026.04.06 01:01,0,-0.00001238,-1.108,0.000,-0.765,0,0.589,0.00373,3.28,45.60,0,0,0,0,IDLE_WAIT_TREND,0.00,3965.96,3965.96
2026.04.06 02:00,0,0.00001992,1.033,0.333,0.000,0,0.616,0.00402,1.14,45.60,0,0,0,0,IDLE_WAIT_TREND,0.00,3965.96,3965.96
2026.04.06 03:00,0,0.00004129,0.683,0.317,0.000,0,0.599,0.00398,0.25,45.60,0,0,0,0,IDLE_WAIT_TREND,0.00,3965.96,3965.96
2026.04.06 04:00,0,0.00003352,-0.248,0.000,0.000,0,0.570,0.00401,0.47,45.60,0,0,0,0,IDLE_WAIT_TREND,0.00,3965.96,3965.96
2026.04.06 05:00,0,0.00004034,0.218,0.000,0.000,0,0.585,0.00402,0.39,45.60,0,0,0,0,IDLE_WAIT_TREND,0.00,3965.96,3965.96
2026.04.06 06:00,0,0.00002643,-0.445,0.000,0.000,0,0.596,0.00408,0.61,45.60,0,0,0,0,IDLE_WAIT_TREND,0.00,3965.96,3965.96
2026.04.06 07:00,0,0.00001912,-0.234,0.000,0.000,0,0.626,0.00372,0.33,45.60,0,0,0,0,IDLE_WAIT_TREND,0.00,3965.96,3965.96
2026.04.06 08:00,0,0.00000149,-0.564,0.000,0.000,0,0.623,0.00366,0.38,45.60,0,0,0,0,IDLE_WAIT_TREND,0.00,3965.96,3965.96
2026.04.06 09:00,0,0.00000256,0.034,0.000,0.000,0,0.599,0.00361,0.41,45.60,0,0,0,0,IDLE_WAIT_TREND,0.00,3965.96,3965.96
2026.04.06 10:00,0,-0.00001847,-0.672,0.000,0.000,0,0.612,0.00348,0.72,45.60,0,0,0,0,IDLE_WAIT_TREND,0.00,3965.96,3965.96
2026.04.06 11:00,0,-0.00003183,-0.427,0.000,0.000,0,0.621,0.00349,0.45,45.60,0,0,0,0,IDLE_WAIT_TREND,0.00,3965.96,3965.96
2026.04.06 12:00,0,-0.00005383,-0.704,0.000,-0.004,0,0.641,0.00352,0.61,45.60,0,0,0,0,IDLE_WAIT_TREND,0.00,3965.96,3965.96
2026.04.06 13:00,0,-0.00004962,0.135,0.000,0.000,0,0.618,0.00355,0.41,45.60,0,0,0,0,IDLE_WAIT_TREND,0.00,3965.96,3965.96
2026.04.06 14:00,0,-0.00004881,0.026,0.000,0.000,0,0.606,0.00272,0.59,45.60,0,0,0,0,IDLE_WAIT_TREND,0.00,3965.96,3965.96
2026.04.06 15:00,0,-0.00007043,-0.692,0.000,0.000,0,0.608,0.00198,0.95,45.60,0,0,0,0,IDLE_WAIT_TREND,0.00,3965.96,3965.96
2026.04.06 16:00,0,-0.00006213,0.266,0.000,0.000,0,0.616,0.00172,1.12,45.60,0,0,0,0,IDLE_WAIT_TREND,0.00,3965.96,3965.96
2026.04.06 17:00,0,-0.00002994,1.030,0.330,0.000,0,0.628,0.00183,1.37,45.60,0,0,0,0,IDLE_WAIT_TREND,0.00,3965.96,3965.96
2026.04.06 18:00,0,-0.00004232,-0.396,0.000,0.000,0,0.654,0.00196,1.89,45.60,0,0,0,0,IDLE_WAIT_TREND,0.00,3965.96,3965.96
2026.04.06 19:00,0,-0.00005399,-0.373,0.000,0.000,0,0.633,0.00196,0.84,45.60,0,0,0,0,IDLE_WAIT_TREND,0.00,3965.96,3965.96
2026.04.06 20:00,0,-0.00003841,0.499,0.000,0.000,0,0.645,0.00192,0.96,45.60,0,0,0,0,IDLE_WAIT_TREND,0.00,3965.96,3965.96
2026.04.06 21:00,0,-0.00002803,0.332,0.000,0.000,0,0.699,0.00196,0.94,45.60,0,0,0,0,IDLE_WAIT_TREND,0.00,3965.96,3965.96
2026.04.06 22:00,0,-0.00001450,0.433,0.000,0.000,0,0.617,0.00196,0.68,45.60,0,0,0,0,IDLE_WAIT_TREND,0.00,3965.96,3965.96
2026.04.06 23:00,0,-0.00000738,0.228,0.000,0.000,0,0.595,0.00193,0.52,45.60,0,0,0,0,IDLE_WAIT_TREND,0.00,3965.96,3965.96
2026.04.07 00:03,0,0.00000629,0.437,0.000,0.000,0,0.556,0.00185,0.75,46.95,0,0,0,0,IDLE_WAIT_TREND,0.00,3965.96,3965.96
2026.04.07 01:00,0,-0.00000627,-0.402,0.000,0.000,0,0.539,0.00192,1.33,46.95,0,0,0,0,IDLE_WAIT_TREND,0.00,3965.96,3965.96
2026.04.07 02:00,0,0.00001651,0.728,0.028,0.000,0,0.614,0.00193,1.20,46.95,0,0,0,0,IDLE_WAIT_TREND,0.00,3965.96,3965.96
2026.04.07 03:00,0,0.00001120,-0.170,0.000,0.000,0,0.539,0.00194,0.81,46.95,0,0,0,0,IDLE_WAIT_TREND,0.00,3965.96,3965.96
2026.04.07 04:00,0,0.00004747,1.160,0.460,0.000,0,0.548,0.00205,1.53,46.95,0,0,0,0,IDLE_WAIT_TREND,0.00,3965.96,3965.96
2026.04.07 05:00,0,0.00010944,1.982,1.742,0.000,0,0.520,0.00221,1.92,46.95,0,0,0,0,IDLE_WAIT_TREND,0.00,3965.96,3965.96
2026.04.07 06:00,0,0.00012626,0.538,1.580,0.000,0,0.524,0.00226,1.12,46.95,0,0,0,0,IDLE_WAIT_TREND,0.00,3965.96,3965.96
2026.04.07 07:00,0,0.00013183,0.178,1.058,0.000,0,0.540,0.00220,0.76,46.95,0,0,0,0,IDLE_WAIT_TREND,0.00,3965.96,3965.96
2026.04.07 08:00,0,0.00012599,-0.187,0.172,0.000,0,0.557,0.00206,0.85,46.95,0,0,0,0,IDLE_WAIT_TREND,0.00,3965.96,3965.96
2026.04.07 09:00,0,0.00011525,-0.344,0.000,0.000,0,0.571,0.00202,0.55,46.95,0,0,0,0,IDLE_WAIT_TREND,0.00,3965.96,3965.96
2026.04.07 10:00,0,0.00012578,0.337,0.000,0.000,0,0.562,0.00215,1.67,46.95,0,0,0,0,IDLE_WAIT_TREND,0.00,3965.96,3965.96
2026.04.07 11:00,0,0.00013543,0.309,0.000,0.000,0,0.600,0.00214,0.82,46.95,0,0,0,0,IDLE_WAIT_TREND,0.00,3965.96,3965.96
2026.04.07 12:00,0,0.00013609,0.021,0.000,0.000,0,0.608,0.00230,1.54,46.95,0,0,0,0,IDLE_WAIT_TREND,0.00,3965.96,3965.96
2026.04.07 13:00,0,0.00012978,-0.202,0.000,0.000,0,0.633,0.00235,0.75,46.95,0,0,0,0,IDLE_WAIT_TREND,0.00,3965.96,3965.96
2026.04.07 14:00,0,0.00011615,-0.436,0.000,0.000,0,0.580,0.00244,1.10,46.95,0,0,0,0,IDLE_WAIT_TREND,0.00,3965.96,3965.96
2026.04.07 15:00,0,0.00010764,-0.272,0.000,0.000,0,0.521,0.00242,0.93,46.95,0,0,0,0,IDLE_WAIT_TREND,0.00,3965.96,3965.96
2026.04.07 16:00,0,0.00012651,0.603,0.000,0.000,0,0.548,0.00254,1.56,46.95,0,0,0,0,IDLE_WAIT_TREND,0.00,3965.96,3965.96
2026.04.07 17:00,0,0.00012724,0.023,0.000,0.000,0,0.541,0.00260,0.91,46.95,0,0,0,0,IDLE_WAIT_TREND,0.00,3965.96,3965.96
2026.04.07 18:00,0,0.00013201,0.153,0.000,0.000,0,0.556,0.00259,1.18,46.95,0,0,0,0,IDLE_WAIT_TREND,0.00,3965.96,3965.96
2026.04.07 19:00,0,0.00009851,-1.071,0.000,-0.371,0,0.521,0.00255,1.44,46.95,0,0,0,0,IDLE_WAIT_TREND,0.00,3965.96,3965.96
2026.04.07 20:00,0,0.00007663,-0.700,0.000,-0.371,0,0.497,0.00253,0.88,46.95,0,0,0,0,IDLE_WAIT_TREND,0.00,3965.96,3965.96
2026.04.07 21:00,0,0.00006868,-0.254,0.000,0.000,0,0.463,0.00249,0.46,46.95,0,0,0,0,IDLE_WAIT_TREND,0.00,3965.96,3965.96
2026.04.07 22:00,0,0.00007823,0.306,0.000,0.000,0,0.491,0.00250,0.73,46.95,0,0,0,0,IDLE_WAIT_TREND,0.00,3965.96,3965.96
2026.04.07 23:00,0,0.00005307,-0.805,0.000,-0.105,0,0.454,0.00267,1.35,46.95,0,0,0,0,IDLE_WAIT_TREND,0.00,3965.96,3965.96
2026.04.08 00:07,0,-0.00001317,-2.119,0.000,-1.524,0,0.508,0.00268,1.39,49.68,0,0,0,0,IDLE_WAIT_TREND,0.00,3965.96,3965.96
2026.04.08 01:00,0,-0.00003798,-0.794,0.000,-1.617,0,0.507,0.00272,0.75,49.68,0,0,0,0,IDLE_WAIT_TREND,0.00,3965.96,3965.96
2026.04.08 02:00,0,-0.00021890,-5.786,0.000,-6.704,0,0.534,0.00355,4.28,49.68,0,0,0,0,IDLE_WAIT_TREND,0.00,3965.96,3965.96
2026.04.08 03:00,-1,-0.00031898,-3.201,0.000,0.000,-1,0.534,0.00396,1.90,49.68,0,48,10,0,OPEN_TREND,0.00,3965.96,3965.59
2026.04.08 04:00,-1,-0.00029681,0.876,0.176,0.000,0,0.555,0.00437,1.93,49.68,1,47,10,0,BAR_TICK,0.00,3965.96,3959.51
2026.04.08 05:00,-1,-0.00028615,0.454,0.000,0.000,0,0.553,0.00442,0.65,49.68,2,46,10,0,BAR_TICK,0.00,3965.96,3959.08
2026.04.08 06:00,-1,-0.00029415,-0.301,0.000,0.000,0,0.535,0.00465,1.56,49.68,3,45,10,0,BAR_TICK,0.00,3965.96,3961.90
2026.04.08 07:00,-1,-0.00039512,-3.195,0.000,-2.495,0,0.527,0.00538,2.33,49.68,4,44,10,0,BAR_TICK,0.00,3965.96,3971.68
2026.04.08 08:00,-1,-0.00044073,-1.228,0.000,-3.023,0,0.510,0.00543,0.71,49.68,5,43,10,0,BAR_TICK,0.00,3965.96,3972.76
2026.04.08 09:00,-1,-0.00042909,0.274,0.000,-2.049,0,0.528,0.00539,0.57,49.68,6,42,10,0,BAR_TICK,0.00,3965.96,3971.78
2026.04.08 10:00,-1,-0.00044702,-0.315,0.000,-1.664,0,0.597,0.00562,0.95,49.68,7,41,10,0,BAR_TICK,0.00,3965.96,3973.78
2026.04.08 11:00,-1,-0.00030279,2.125,1.425,0.000,0,0.559,0.00589,0.84,49.68,8,40,10,0,BAR_TICK,0.00,3965.96,3969.26
2026.04.08 12:00,-1,-0.00004679,3.578,4.303,0.000,0,0.622,0.00612,0.83,49.68,9,39,10,0,BAR_TICK,0.00,3965.96,3964.48
2026.04.08 13:00,-1,0.00008571,1.900,5.503,0.000,0,0.673,0.00608,0.51,49.68,10,38,10,0,BAR_TICK,0.00,3965.96,3964.73
2026.04.08 14:00,-1,0.00017178,1.320,6.124,0.000,0,0.562,0.00596,0.34,49.68,11,37,10,0,BAR_TICK,0.00,3965.96,3963.90
2026.04.08 15:00,-1,0.00019459,0.381,5.805,0.000,0,0.557,0.00599,0.44,49.68,12,36,10,0,BAR_TICK,0.00,3965.96,3964.36
2026.04.08 16:00,-1,0.00005295,-2.584,2.521,-1.884,0,0.504,0.00537,1.22,49.68,13,35,10,0,BAR_TICK,0.00,3965.96,3970.41
2026.04.08 17:00,-1,-0.00001167,-1.282,0.539,-2.466,0,0.516,0.00516,0.88,49.68,14,34,10,0,BAR_TICK,0.00,3965.96,3969.75
2026.04.08 18:00,-1,-0.00003229,-0.441,0.000,-2.207,0,0.487,0.00479,0.68,49.68,15,33,10,0,BAR_TICK,0.00,3965.96,3969.18
2026.04.08 19:00,-1,-0.00005790,-0.585,0.000,-2.093,0,0.501,0.00487,0.82,49.68,16,32,10,0,BAR_TICK,0.00,3965.96,3969.97
2026.04.08 20:00,-1,-0.00011561,-1.397,0.000,-2.790,0,0.592,0.00457,0.67,49.68,17,31,10,0,BAR_TICK,0.00,3965.96,3972.59
2026.04.08 21:00,-1,-0.00011438,0.031,0.000,-2.058,0,0.552,0.00385,0.65,49.68,18,30,10,0,BAR_TICK,0.00,3965.96,3970.85
2026.04.08 22:00,-1,-0.00008898,0.672,0.000,-0.686,0,0.588,0.00373,0.57,49.68,19,29,10,0,BAR_TICK,0.00,3965.96,3969.68
2026.04.08 23:00,-1,-0.00010580,-0.460,0.000,-0.447,0,0.588,0.00371,0.74,49.68,20,28,10,0,BAR_TICK,0.00,3965.96,3971.80
2026.04.09 00:00,-1,-0.00012382,-0.507,0.000,-0.254,0,0.591,0.00343,0.43,44.49,21,27,10,0,BAR_TICK,0.00,3965.96,3971.93
2026.04.09 01:00,-1,-0.00012133,0.072,0.000,0.000,0,0.609,0.00326,0.79,44.49,22,26,10,0,BAR_TICK,0.00,3965.96,3970.67
2026.04.09 02:00,-1,-0.00012728,-0.175,0.000,0.000,0,0.586,0.00300,0.44,44.49,23,25,10,0,BAR_TICK,0.00,3965.96,3972.72
2026.04.09 03:00,-1,-0.00013776,-0.312,0.000,0.000,0,0.582,0.00289,0.56,44.49,24,24,10,0,BAR_TICK,0.00,3965.96,3973.45
2026.04.09 04:00,-1,-0.00014063,-0.087,0.000,0.000,0,0.583,0.00296,0.99,44.49,25,23,10,0,BAR_TICK,0.00,3965.96,3973.61
2026.04.09 05:00,-1,-0.00015993,-0.589,0.000,0.000,0,0.613,0.00302,1.16,44.49,26,22,10,0,BAR_TICK,0.00,3965.96,3975.00
2026.04.09 06:00,-1,-0.00017785,-0.552,0.000,0.000,0,0.572,0.00272,0.88,44.49,27,21,10,0,BAR_TICK,0.00,3965.96,3975.87
2026.04.09 07:00,-1,-0.00018341,-0.172,0.000,0.000,0,0.561,0.00258,0.97,44.49,28,20,10,0,BAR_TICK,0.00,3965.96,3975.94
2026.04.09 08:00,-1,-0.00017757,0.182,0.000,0.000,0,0.575,0.00247,0.73,44.49,29,19,10,0,BAR_TICK,0.00,3965.96,3975.71
2026.04.09 09:00,-1,-0.00016926,0.260,0.000,0.000,0,0.552,0.00237,1.08,44.49,30,18,10,0,BAR_TICK,0.00,3965.96,3975.78
2026.04.09 10:00,-1,-0.00018571,-0.517,0.000,0.000,0,0.561,0.00233,1.06,44.49,31,17,10,0,BAR_TICK,0.00,3965.96,3977.64
2026.04.09 11:00,-1,-0.00015916,0.837,0.137,0.000,0,0.540,0.00238,1.36,44.49,32,16,10,0,BAR_TICK,0.00,3965.96,3975.53
2026.04.09 12:00,-1,-0.00010772,1.627,1.064,0.000,0,0.503,0.00248,1.43,44.49,33,15,10,0,BAR_TICK,0.00,3965.96,3973.35
2026.04.09 13:00,-1,-0.00009082,0.535,0.900,0.000,0,0.465,0.00243,0.85,44.49,34,14,10,0,BAR_TICK,0.00,3965.96,3974.74
2026.04.09 14:00,-1,-0.00007687,0.443,0.643,0.000,0,0.473,0.00240,0.45,44.49,35,13,10,0,BAR_TICK,0.00,3965.96,3974.61
2026.04.09 15:00,-1,-0.00004143,1.126,1.069,0.000,0,0.454,0.00240,1.04,44.49,36,12,10,0,BAR_TICK,0.00,3965.96,3972.86
2026.04.09 16:00,-1,-0.00003399,0.237,0.606,0.000,0,0.490,0.00242,0.70,44.49,37,11,10,0,BAR_TICK,0.00,3965.96,3973.96
2026.04.09 17:00,-1,-0.00005781,-0.759,0.000,-0.059,0,0.495,0.00256,1.39,44.49,38,10,10,0,BAR_TICK,0.00,3965.96,3976.03
2026.04.09 18:00,-1,-0.00009960,-1.332,0.000,-0.691,0,0.508,0.00261,1.39,44.49,39,9,10,0,BAR_TICK,0.00,3965.96,3978.13
2026.04.09 19:00,-1,-0.00017756,-2.487,0.000,-2.478,0,0.491,0.00272,1.81,44.49,40,8,10,0,BAR_TICK,0.00,3965.96,3982.23
2026.04.09 20:00,-1,-0.00020492,-0.873,0.000,-2.651,0,0.499,0.00269,0.77,44.49,41,7,10,0,BAR_TICK,0.00,3965.96,3981.15
2026.04.09 21:00,-1,-0.00020673,-0.058,0.000,-2.009,0,0.509,0.00264,0.67,44.49,42,6,10,0,BAR_TICK,0.00,3965.96,3980.65
2026.04.09 22:00,-1,-0.00017558,0.995,0.295,-0.314,0,0.478,0.00268,0.88,44.49,43,5,10,0,BAR_TICK,0.00,3965.96,3978.58
2026.04.09 23:00,-1,-0.00017128,0.137,0.000,0.000,0,0.465,0.00264,0.75,44.49,44,4,10,0,BAR_TICK,0.00,3965.96,3980.15
2026.04.10 00:20,-1,-0.00016248,0.281,0.000,0.000,0,0.461,0.00255,0.51,40.77,45,3,10,0,BAR_TICK,0.00,3965.96,3978.50
2026.04.10 01:00,-1,-0.00017715,-0.469,0.000,0.000,0,0.464,0.00256,1.30,40.77,46,2,10,0,BAR_TICK,0.00,3965.96,3979.48
2026.04.10 02:00,-1,-0.00014927,0.891,0.191,0.000,0,0.486,0.00259,1.22,40.77,47,1,10,0,BAR_TICK,0.00,3965.96,3979.58
2026.04.10 03:00,-1,-0.00009646,1.688,1.179,0.000,0,0.459,0.00266,1.15,40.77,48,0,10,0,BAR_TICK,0.00,3965.96,3977.45
2026.04.10 04:00,-1,-0.00006789,0.913,1.393,0.000,0,0.492,0.00273,0.77,40.77,49,0,10,0,BAR_TICK,0.00,3965.96,3977.83
2026.04.10 05:00,-1,-0.00005320,0.470,1.163,0.000,0,0.505,0.00268,0.66,40.77,50,0,10,0,BAR_TICK,0.00,3965.96,3978.17
2026.04.10 06:00,-1,-0.00002222,0.991,1.453,0.000,0,0.477,0.00273,0.86,40.77,51,0,10,0,BAR_TICK,0.00,3965.96,3976.70
2026.04.10 07:00,-1,-0.00002654,-0.138,0.615,0.000,0,0.541,0.00266,0.99,40.77,52,0,10,0,BAR_TICK,0.00,3965.96,3978.38
2026.04.10 08:00,-1,-0.00000957,0.542,0.457,0.000,0,0.509,0.00253,0.71,40.77,53,0,10,0,BAR_TICK,0.00,3965.96,3977.19
2026.04.10 09:00,-1,-0.00000572,0.123,0.000,0.000,0,0.507,0.00225,0.47,40.77,54,0,10,0,BAR_TICK,0.00,3965.96,3977.67
2026.04.10 10:00,-1,0.00002122,0.862,0.162,0.000,0,0.461,0.00240,1.71,40.77,55,0,10,0,BAR_TICK,0.00,3965.96,3975.80
2026.04.10 11:00,-1,0.00006152,1.289,0.750,0.000,0,0.473,0.00242,0.89,40.77,56,0,10,0,BAR_TICK,0.00,3965.96,3974.07
2026.04.10 12:00,-1,0.00010383,1.353,1.404,0.000,0,0.525,0.00242,0.98,40.77,57,0,10,0,BAR_TICK,0.00,3965.96,3972.76
2026.04.10 13:00,-1,0.00012622,0.716,1.420,0.000,0,0.518,0.00243,0.84,40.77,58,0,10,0,BAR_TICK,0.00,3965.96,3972.71
2026.04.10 14:00,-1,0.00013472,0.272,0.992,0.000,0,0.526,0.00245,0.65,40.77,59,0,10,0,BAR_TICK,0.00,3965.96,3972.78
2026.04.10 15:00,-1,0.00012927,-0.174,0.117,0.000,0,0.514,0.00235,0.80,40.77,60,0,10,0,BAR_TICK,0.00,3965.96,3973.15
2026.04.10 16:00,-1,0.00012838,-0.028,0.000,0.000,0,0.565,0.00223,1.08,40.77,61,0,10,0,BAR_TICK,0.00,3965.96,3972.82
2026.04.10 17:00,-1,0.00011565,-0.407,0.000,0.000,0,0.588,0.00228,1.62,40.77,62,0,10,0,BAR_TICK,0.00,3965.96,3973.35
2026.04.10 18:00,-1,0.00011484,-0.026,0.000,0.000,0,0.515,0.00243,1.74,40.77,63,0,10,0,BAR_TICK,0.00,3965.96,3972.61
2026.04.10 19:00,-1,0.00016065,1.465,0.765,0.000,0,0.526,0.00260,1.59,40.77,64,0,10,0,BAR_TICK,0.00,3965.96,3969.02
2026.04.10 20:00,-1,0.00019669,1.152,1.218,0.000,0,0.546,0.00257,0.74,40.77,65,0,10,0,BAR_TICK,0.00,3965.96,3968.05
2026.04.10 21:00,-1,0.00020687,0.326,0.844,0.000,0,0.530,0.00249,0.59,40.77,66,0,10,0,BAR_TICK,0.00,3965.96,3968.43
2026.04.10 22:00,-1,0.00020779,0.029,0.173,0.000,0,0.607,0.00250,0.81,40.77,67,0,10,0,BAR_TICK,0.00,3965.96,3968.25
2026.04.10 23:00,-1,0.00020975,0.063,0.000,0.000,0,0.582,0.00252,0.51,40.77,68,0,10,0,BAR_TICK,0.00,3965.96,3967.60
2026.04.13 01:01,-1,0.00020560,-0.133,0.000,0.000,0,0.522,0.00238,0.88,35.71,69,0,10,0,BAR_TICK,0.00,3965.96,3962.60
2026.04.13 02:00,-1,0.00024416,1.233,0.533,0.000,0,0.509,0.00260,1.19,35.71,70,0,10,0,BAR_TICK,0.00,3965.96,3964.10
2026.04.13 03:00,-1,0.00025061,0.206,0.040,0.000,0,0.530,0.00259,0.85,35.71,71,0,10,0,BAR_TICK,0.00,3965.96,3964.72
2026.04.13 04:00,-1,0.00018503,-2.098,0.000,-1.398,0,0.560,0.00278,1.69,35.71,72,0,10,0,BAR_TICK,0.00,3965.96,3969.27
2026.04.13 05:00,-1,0.00014114,-1.404,0.000,-2.101,0,0.540,0.00281,0.73,35.71,73,0,10,0,BAR_TICK,0.00,3965.96,3969.11
2026.04.13 06:00,-1,0.00008560,-1.777,0.000,-3.178,0,0.525,0.00283,0.77,35.71,74,0,10,0,BAR_TICK,0.00,3965.96,3970.87
2026.04.13 07:00,-1,0.00003745,-1.540,0.000,-4.018,0,0.521,0.00278,0.60,35.71,75,0,10,0,BAR_TICK,0.00,3965.96,3971.65
2026.04.13 08:00,-1,0.00000896,-0.911,0.000,-4.229,0,0.556,0.00260,0.44,35.71,76,0,10,0,BAR_TICK,0.00,3965.96,3971.58
2026.04.13 09:00,-1,-0.00000757,-0.529,0.000,-4.058,0,0.620,0.00238,0.48,35.71,77,0,10,0,BAR_TICK,0.00,3965.96,3971.45
2026.04.13 10:00,-1,-0.00002455,-0.543,0.000,-3.901,0,0.600,0.00220,0.78,35.71,78,0,10,0,BAR_TICK,0.00,3965.96,3971.99
2026.04.13 11:00,-1,-0.00002832,-0.121,0.000,-3.322,0,0.596,0.00231,1.47,35.71,79,0,10,0,BAR_TICK,0.00,3965.96,3971.63
2026.04.13 12:00,-1,-0.00000171,0.851,0.151,-1.770,0,0.561,0.00238,1.04,35.71,80,0,10,0,BAR_TICK,0.00,3965.96,3969.69
2026.04.13 13:00,-1,0.00002445,0.837,0.288,-0.234,0,0.566,0.00233,0.58,35.71,81,0,10,0,BAR_TICK,0.00,3965.96,3968.85
2026.04.13 14:00,-1,0.00003697,0.400,0.000,0.000,0,0.586,0.00232,0.49,35.71,82,0,10,0,BAR_TICK,0.00,3965.96,3969.02
2026.04.13 15:00,-1,0.00007631,1.258,0.558,0.000,0,0.555,0.00242,1.41,35.71,83,0,10,0,BAR_TICK,0.00,3965.96,3966.73
2026.04.13 16:00,-1,0.00009694,0.660,0.518,0.000,0,0.555,0.00217,0.87,35.71,84,0,10,0,BAR_TICK,0.00,3965.96,3966.82
2026.04.13 17:00,-1,0.00009115,-0.185,0.000,0.000,0,0.550,0.00226,1.51,35.71,85,0,10,0,BAR_TICK,0.00,3965.96,3967.83
2026.04.13 18:00,-1,0.00004980,-1.322,0.000,-0.622,0,0.540,0.00215,1.44,35.71,86,0,10,0,BAR_TICK,0.00,3965.96,3970.43
2026.04.13 19:00,-1,0.00004410,-0.183,0.000,-0.105,0,0.552,0.00212,0.80,35.71,87,0,10,0,BAR_TICK,0.00,3965.96,3968.93
2026.04.13 20:00,-1,-0.00001089,-1.759,0.000,-1.164,0,0.566,0.00227,1.86,35.71,88,0,10,0,BAR_TICK,0.00,3965.96,3972.56
2026.04.13 21:00,-1,-0.00003485,-0.766,0.000,-1.230,0,0.557,0.00229,0.90,35.71,89,0,10,0,BAR_TICK,0.00,3965.96,3971.85
2026.04.13 22:00,-1,-0.00006215,-0.873,0.000,-1.403,0,0.565,0.00236,0.87,35.71,90,0,10,0,BAR_TICK,0.00,3965.96,3972.75
2026.04.13 23:00,-1,-0.00005701,0.164,0.000,-0.539,0,0.570,0.00243,0.88,35.71,91,0,10,0,BAR_TICK,0.00,3965.96,3971.32
2026.04.14 00:05,-1,-0.00005082,0.198,0.000,0.000,0,0.586,0.00238,0.40,32.48,92,0,10,0,BAR_TICK,0.00,3965.96,3968.75
2026.04.14 01:00,-1,-0.00007862,-0.889,0.000,-0.189,0,0.629,0.00241,1.59,32.48,93,0,10,0,BAR_TICK,0.00,3965.96,3970.83
2026.04.14 02:00,-1,-0.00005500,0.756,0.056,0.000,0,0.633,0.00247,0.89,32.48,94,0,10,0,BAR_TICK,0.00,3965.96,3970.95
2026.04.14 03:00,-1,-0.00003534,0.629,0.000,0.000,0,0.630,0.00247,0.55,32.48,95,0,10,0,BAR_TICK,0.00,3965.96,3970.70
2026.04.14 04:00,-1,0.00000133,1.173,0.473,0.000,0,0.643,0.00258,1.05,32.48,96,0,10,0,BAR_TICK,0.00,3965.96,3968.94
2026.04.14 05:00,-1,0.00005155,1.606,1.379,0.000,0,0.650,0.00252,1.03,32.48,97,0,10,0,BAR_TICK,0.00,3965.96,3967.03
2026.04.14 06:00,-1,0.00006939,0.571,1.250,0.000,0,0.665,0.00250,0.64,32.48,98,0,10,0,BAR_TICK,0.00,3965.96,3967.73
2026.04.14 07:00,-1,0.00006669,-0.087,0.463,0.000,0,0.606,0.00243,0.99,32.48,99,0,10,0,BAR_TICK,0.00,3965.96,3968.61
2026.04.14 08:00,-1,0.00003745,-0.935,0.000,-0.235,0,0.525,0.00235,0.82,32.48,100,0,10,0,BAR_TICK,0.00,3965.96,3970.40
2026.04.14 09:00,-1,0.00001120,-0.840,0.000,-0.375,0,0.597,0.00232,0.58,32.48,101,0,10,0,BAR_TICK,0.00,3965.96,3970.92
2026.04.14 10:00,-1,-0.00004487,-1.793,0.000,-1.468,0,0.614,0.00227,1.54,32.48,102,0,10,0,BAR_TICK,0.00,3965.96,3973.86
2026.04.14 11:00,-1,-0.00008624,-1.323,0.000,-2.092,0,0.576,0.00237,1.46,32.48,103,0,10,0,BAR_TICK,0.00,3965.96,3974.50
2026.04.14 12:00,-1,-0.00012159,-1.131,0.000,-2.522,0,0.592,0.00239,1.00,32.48,104,0,10,0,BAR_TICK,0.00,3965.96,3975.46
2026.04.14 13:00,-1,-0.00015190,-0.969,0.000,-2.791,0,0.585,0.00240,0.94,32.48,105,0,10,0,BAR_TICK,0.00,3965.96,3976.32
2026.04.14 14:00,-1,-0.00011499,1.180,0.480,-0.911,0,0.548,0.00266,1.72,32.48,106,0,10,0,BAR_TICK,0.00,3965.96,3972.66
2026.04.14 15:00,-1,-0.00009960,0.492,0.273,0.000,0,0.606,0.00256,0.91,32.48,107,0,10,0,BAR_TICK,0.00,3965.96,3973.38
2026.04.14 16:00,-1,-0.00009324,0.203,0.000,0.000,0,0.627,0.00252,1.11,32.48,108,0,10,0,BAR_TICK,0.00,3965.96,3973.98
2026.04.14 17:00,-1,-0.00009380,-0.018,0.000,0.000,0,0.558,0.00257,0.84,32.48,109,0,10,0,BAR_TICK,0.00,3965.96,3974.53
2026.04.14 18:00,-1,-0.00011275,-0.606,0.000,0.000,0,0.548,0.00263,1.32,32.48,110,0,10,0,BAR_TICK,0.00,3965.96,3975.93
2026.04.14 19:00,-1,-0.00012506,-0.394,0.000,0.000,0,0.561,0.00259,0.77,32.48,111,0,10,0,BAR_TICK,0.00,3965.96,3976.40
2026.04.14 20:00,-1,-0.00011495,0.323,0.000,0.000,0,0.585,0.00258,0.62,32.48,112,0,10,0,BAR_TICK,0.00,3965.96,3975.43
2026.04.14 21:00,-1,-0.00011158,0.108,0.000,0.000,0,0.611,0.00253,0.64,32.48,113,0,10,0,BAR_TICK,0.00,3965.96,3975.86
2026.04.14 22:00,-1,-0.00009829,0.425,0.000,0.000,0,0.617,0.00251,0.67,32.48,114,0,10,0,BAR_TICK,0.00,3965.96,3975.31
2026.04.14 23:00,-1,-0.00008236,0.509,0.000,0.000,0,0.600,0.00250,0.45,32.48,115,0,10,0,BAR_TICK,0.00,3965.96,3974.88
2026.04.15 00:09,-1,-0.00006048,0.700,0.000,0.000,0,0.621,0.00237,0.70,28.60,116,0,10,0,BAR_TICK,0.00,3965.96,3972.15
2026.04.15 01:00,-1,-0.00004085,0.628,0.000,0.000,0,0.701,0.00224,0.74,28.60,117,0,10,0,BAR_TICK,0.00,3965.96,3972.91
2026.04.15 02:00,-1,-0.00002949,0.363,0.000,0.000,0,0.682,0.00216,0.60,28.60,118,0,10,0,BAR_TICK,0.00,3965.96,3973.96
2026.04.15 03:00,-1,-0.00000691,0.722,0.022,0.000,0,0.663,0.00211,0.75,28.60,119,0,10,0,BAR_TICK,0.00,3965.96,3972.97
2026.04.15 04:00,-1,0.00001156,0.591,0.000,0.000,0,0.609,0.00189,0.78,28.60,120,0,10,0,BAR_TICK,0.00,3965.96,3972.63
2026.04.15 05:00,-1,0.00002570,0.452,0.000,0.000,0,0.594,0.00181,0.70,28.60,121,0,10,0,BAR_TICK,0.00,3965.96,3972.44
2026.04.15 06:00,-1,0.00001808,-0.243,0.000,0.000,0,0.570,0.00173,0.98,28.60,122,0,10,0,BAR_TICK,0.00,3965.96,3973.47
2026.04.15 07:00,-1,0.00000524,-0.411,0.000,0.000,0,0.542,0.00172,1.10,28.60,123,0,10,0,BAR_TICK,0.00,3965.96,3974.09
2026.04.15 08:00,-1,0.00000288,-0.075,0.000,0.000,0,0.549,0.00156,0.88,28.60,124,0,10,0,BAR_TICK,0.00,3965.96,3973.47
2026.04.15 09:00,-1,-0.00001467,-0.561,0.000,0.000,0,0.578,0.00154,1.11,28.60,125,0,10,0,BAR_TICK,0.00,3965.96,3974.80
2026.04.15 10:00,-1,-0.00002104,-0.204,0.000,0.000,0,0.544,0.00158,1.33,28.60,126,0,10,0,BAR_TICK,0.00,3965.96,3974.48
2026.04.15 11:00,-1,-0.00004696,-0.829,0.000,-0.129,0,0.566,0.00164,1.46,28.60,127,0,10,0,BAR_TICK,0.00,3965.96,3976.22
2026.04.15 12:00,-1,-0.00006056,-0.435,0.000,0.000,0,0.573,0.00164,1.03,28.60,128,0,10,0,BAR_TICK,0.00,3965.96,3976.18
2026.04.15 13:00,-1,-0.00005665,0.125,0.000,0.000,0,0.570,0.00169,1.11,28.60,129,0,10,0,BAR_TICK,0.00,3965.96,3975.35
2026.04.15 14:00,-1,-0.00007019,-0.433,0.000,0.000,0,0.662,0.00179,1.72,28.60,130,0,10,0,BAR_TICK,0.00,3965.96,3976.74
2026.04.15 15:00,-1,-0.00005603,0.453,0.000,0.000,0,0.661,0.00182,1.14,28.60,131,0,10,0,BAR_TICK,0.00,3965.96,3975.31
2026.04.15 16:00,-1,-0.00002657,0.942,0.242,0.000,0,0.612,0.00185,0.92,28.60,132,0,10,0,BAR_TICK,0.00,3965.96,3973.92
2026.04.15 17:00,-1,-0.00000527,0.681,0.224,0.000,0,0.657,0.00190,1.18,28.60,133,0,10,0,BAR_TICK,0.00,3965.96,3973.75
2026.04.15 18:00,-1,-0.00000575,-0.015,0.000,0.000,0,0.658,0.00200,1.44,28.60,134,0,10,0,BAR_TICK,0.00,3965.96,3974.70
2026.04.15 19:00,-1,-0.00002567,-0.637,0.000,0.000,0,0.669,0.00211,1.35,28.60,135,0,10,0,BAR_TICK,0.00,3965.96,3976.04
2026.04.15 20:00,-1,-0.00005057,-0.796,0.000,-0.096,0,0.676,0.00210,0.76,28.60,136,0,10,0,BAR_TICK,0.00,3965.96,3976.96
2026.04.15 21:00,-1,-0.00004822,0.075,0.000,0.000,0,0.671,0.00209,0.84,28.60,137,0,10,0,BAR_TICK,0.00,3965.96,3975.99
2026.04.15 22:00,-1,-0.00007778,-0.946,0.000,-0.246,0,0.684,0.00221,1.39,28.60,138,0,10,0,BAR_TICK,0.00,3965.96,3978.13
2026.04.15 23:00,-1,-0.00010028,-0.720,0.000,-0.265,0,0.661,0.00218,0.55,28.60,139,0,10,0,BAR_TICK,0.00,3965.96,3978.68
2026.04.16 00:33,-1,-0.00012254,-0.712,0.000,-0.277,0,0.608,0.00214,0.77,26.50,140,0,10,0,BAR_TICK,0.00,3965.96,3977.17
2026.04.16 01:00,-1,-0.00011879,0.120,0.000,0.000,0,0.592,0.00217,1.28,26.50,141,0,10,0,BAR_TICK,0.00,3965.96,3978.09
2026.04.16 02:00,-1,-0.00012292,-0.132,0.000,0.000,0,0.592,0.00215,0.53,26.50,142,0,10,0,BAR_TICK,0.00,3965.96,3979.25
2026.04.16 03:00,-1,-0.00008460,1.226,0.526,0.000,0,0.596,0.00223,1.35,26.50,143,0,10,0,BAR_TICK,0.00,3965.96,3976.66
2026.04.16 04:00,-1,-0.00006459,0.640,0.466,0.000,0,0.590,0.00211,0.65,26.50,144,0,10,0,BAR_TICK,0.00,3965.96,3977.15
2026.04.16 05:00,-1,-0.00004596,0.596,0.361,0.000,0,0.580,0.00209,0.89,26.50,145,0,10,0,BAR_TICK,0.00,3965.96,3976.86
2026.04.16 06:00,-1,-0.00004357,0.077,0.000,0.000,0,0.598,0.00215,1.18,26.50,146,0,10,0,BAR_TICK,0.00,3965.96,3977.53
2026.04.16 07:00,-1,-0.00004519,-0.052,0.000,0.000,0,0.588,0.00218,1.19,26.50,147,0,10,0,BAR_TICK,0.00,3965.96,3977.85
2026.04.16 08:00,-1,-0.00003592,0.296,0.000,0.000,0,0.676,0.00210,0.82,26.50,148,0,10,0,BAR_TICK,0.00,3965.96,3977.21
2026.04.16 09:00,-1,-0.00003797,-0.065,0.000,0.000,0,0.653,0.00203,0.96,26.50,149,0,10,0,BAR_TICK,0.00,3965.96,3977.94
2026.04.16 10:00,-1,-0.00001035,0.884,0.184,0.000,0,0.674,0.00210,1.22,26.50,150,0,10,0,BAR_TICK,0.00,3965.96,3975.91
2026.04.16 11:00,-1,0.00000528,0.500,0.000,0.000,0,0.657,0.00212,0.94,26.50,151,0,10,0,BAR_TICK,0.00,3965.96,3976.07
2026.04.16 12:00,-1,0.00004120,1.149,0.449,0.000,0,0.652,0.00214,1.57,26.50,152,0,10,0,BAR_TICK,0.00,3965.96,3974.16
2026.04.16 13:00,-1,0.00005894,0.567,0.316,0.000,0,0.698,0.00217,0.73,26.50,153,0,10,0,BAR_TICK,0.00,3965.96,3974.36
2026.04.16 14:00,-1,0.00008673,0.889,0.505,0.000,0,0.700,0.00223,1.12,26.50,154,0,10,0,BAR_TICK,0.00,3965.96,3972.86
2026.04.16 15:00,-1,0.00006895,-0.569,0.000,0.000,0,0.663,0.00226,1.44,26.50,155,0,10,0,BAR_TICK,0.00,3965.96,3975.20
2026.04.16 16:00,-1,0.00008681,0.571,0.000,0.000,0,0.651,0.00240,1.40,26.50,156,0,10,0,BAR_TICK,0.00,3965.96,3973.06
2026.04.16 17:00,-1,0.00009022,0.109,0.000,0.000,0,0.690,0.00241,1.28,26.50,157,0,10,0,BAR_TICK,0.00,3965.96,3973.28
2026.04.16 18:00,-1,0.00003820,-1.664,0.000,-0.964,0,0.727,0.00273,2.16,26.50,158,0,10,0,BAR_TICK,0.00,3965.96,3977.06
2026.04.16 19:00,-1,0.00002033,-0.572,0.000,-0.836,0,0.713,0.00273,0.66,26.50,159,0,10,0,BAR_TICK,0.00,3965.96,3976.03
2026.04.16 20:00,-1,0.00002910,0.281,0.000,0.000,0,0.675,0.00274,0.96,26.50,160,0,10,0,BAR_TICK,0.00,3965.96,3974.58
2026.04.16 21:00,-1,0.00003571,0.211,0.000,0.000,0,0.620,0.00261,0.34,26.50,161,0,10,0,BAR_TICK,0.00,3965.96,3974.25
2026.04.16 22:00,-1,0.00004539,0.310,0.000,0.000,0,0.535,0.00258,0.47,26.50,162,0,10,0,BAR_TICK,0.00,3965.96,3973.75
2026.04.16 23:00,-1,0.00002816,-0.551,0.000,0.000,0,0.519,0.00259,0.83,26.50,163,0,10,0,BAR_TICK,0.00,3965.96,3975.28
2026.04.17 00:15,-1,-0.00001246,-1.299,0.000,-0.599,0,0.537,0.00259,0.96,25.36,164,0,10,0,BAR_TICK,0.00,3965.96,3976.50
2026.04.17 01:00,-1,-0.00004499,-1.040,0.000,-0.940,0,0.563,0.00249,0.27,25.36,165,0,10,0,BAR_TICK,0.00,3965.96,3975.69
2026.04.17 02:00,-1,-0.00003082,0.453,0.000,0.000,0,0.500,0.00247,0.93,25.36,166,0,10,0,BAR_TICK,0.00,3965.96,3975.74
2026.04.17 03:00,-1,-0.00000369,0.868,0.168,0.000,0,0.499,0.00252,0.91,25.36,167,0,10,0,BAR_TICK,0.00,3965.96,3974.56
2026.04.17 04:00,-1,-0.00000782,-0.132,0.000,0.000,0,0.531,0.00247,0.69,25.36,168,0,10,0,BAR_TICK,0.00,3965.96,3975.87
2026.04.17 05:00,-1,-0.00000365,0.133,0.000,0.000,0,0.533,0.00239,0.94,25.36,169,0,10,0,BAR_TICK,0.00,3965.96,3975.38
2026.04.17 06:00,-1,0.00000638,0.321,0.000,0.000,0,0.664,0.00224,0.54,25.36,170,0,10,0,BAR_TICK,0.00,3965.96,3974.96
2026.04.17 07:00,-1,0.00001880,0.397,0.000,0.000,0,0.649,0.00212,0.67,25.36,171,0,10,0,BAR_TICK,0.00,3965.96,3974.42
2026.04.17 08:00,-1,0.00000156,-0.551,0.000,0.000,0,0.576,0.00184,1.07,25.36,172,0,10,0,BAR_TICK,0.00,3965.96,3976.14
2026.04.17 09:00,-1,-0.00001728,-0.603,0.000,0.000,0,0.623,0.00181,0.79,25.36,173,0,10,0,BAR_TICK,0.00,3965.96,3976.77
2026.04.17 10:00,-1,-0.00002602,-0.280,0.000,0.000,0,0.633,0.00177,1.15,25.36,174,0,10,0,BAR_TICK,0.00,3965.96,3976.77
2026.04.17 11:00,-1,-0.00001777,0.264,0.000,0.000,0,0.569,0.00184,1.03,25.36,175,0,10,0,BAR_TICK,0.00,3965.96,3975.74
2026.04.17 12:00,-1,-0.00002463,-0.220,0.000,0.000,0,0.570,0.00192,1.15,25.36,176,0,10,0,BAR_TICK,0.00,3965.96,3976.72
2026.04.17 13:00,-1,0.00000884,1.071,0.371,0.000,0,0.567,0.00200,1.68,25.36,177,0,10,0,BAR_TICK,0.00,3965.96,3974.00
2026.04.17 14:00,-1,0.00002935,0.656,0.326,0.000,0,0.577,0.00195,0.92,25.36,178,0,10,0,BAR_TICK,0.00,3965.96,3974.01
2026.04.17 15:00,-1,0.00003801,0.277,0.000,0.000,0,0.570,0.00199,0.63,25.36,179,0,10,0,BAR_TICK,0.00,3965.96,3974.26
2026.04.17 16:00,-1,-0.00001800,-1.791,0.000,-1.091,0,0.551,0.00212,2.29,25.36,180,0,10,0,BAR_TICK,0.00,3965.96,3978.54
2026.04.17 17:00,-1,-0.00007013,-1.667,0.000,-2.059,0,0.538,0.00222,1.69,25.36,181,0,10,0,BAR_TICK,0.00,3965.96,3979.92
2026.04.17 18:00,-1,-0.00008793,-0.569,0.000,-1.928,0,0.498,0.00226,0.98,25.36,182,0,10,0,BAR_TICK,0.00,3965.96,3979.03
2026.04.17 19:00,-1,-0.00009083,-0.093,0.000,-1.321,0,0.516,0.00226,1.00,25.36,183,0,10,0,BAR_TICK,0.00,3965.96,3978.65
2026.04.17 20:00,-1,-0.00008395,0.220,0.000,-0.401,0,0.539,0.00233,0.94,25.36,184,0,10,0,BAR_TICK,0.00,3965.96,3978.26
2026.04.17 21:00,-1,-0.00005852,0.813,0.113,0.000,0,0.535,0.00239,0.93,25.36,185,0,10,0,BAR_TICK,0.00,3965.96,3977.03
2026.04.17 22:00,-1,-0.00001491,1.395,0.808,0.000,0,0.532,0.00244,1.10,25.36,186,0,10,0,BAR_TICK,0.00,3965.96,3974.93
2026.04.17 23:00,-1,-0.00000984,0.162,0.270,0.000,0,0.504,0.00251,0.94,25.36,187,0,10,0,BAR_TICK,0.00,3965.96,3976.67
2026.04.20 01:00,-1,0.00000721,0.545,0.116,0.000,0,0.564,0.00258,1.19,24.36,188,0,10,0,BAR_TICK,0.00,3965.96,3968.50
2026.04.20 02:00,-1,0.00003765,0.974,0.389,0.000,0,0.551,0.00289,1.89,24.36,189,0,10,0,BAR_TICK,0.00,3965.96,3974.01
2026.04.20 03:00,-1,0.00005415,0.527,0.217,0.000,0,0.552,0.00284,0.52,24.36,190,0,10,0,BAR_TICK,0.00,3965.96,3974.03
2026.04.20 04:00,-1,0.00003657,-0.562,0.000,0.000,0,0.542,0.00281,1.06,24.36,191,0,10,0,BAR_TICK,0.00,3965.96,3976.04
2026.04.20 05:00,-1,0.00002631,-0.328,0.000,0.000,0,0.565,0.00281,0.62,24.36,192,0,10,0,BAR_TICK,0.00,3965.96,3975.91
2026.04.20 06:00,-1,0.00001633,-0.319,0.000,0.000,0,0.625,0.00283,0.52,24.36,193,0,10,0,BAR_TICK,0.00,3965.96,3976.14
2026.04.20 07:00,-1,0.00002081,0.143,0.000,0.000,0,0.580,0.00258,0.52,24.36,194,0,10,0,BAR_TICK,0.00,3965.96,3975.42
2026.04.20 08:00,-1,0.00002103,0.007,0.000,0.000,0,0.545,0.00238,0.41,24.36,195,0,10,0,BAR_TICK,0.00,3965.96,3975.45
2026.04.20 09:00,-1,0.00004476,0.759,0.059,0.000,0,0.537,0.00238,0.94,24.36,196,0,10,0,BAR_TICK,0.00,3965.96,3973.82
2026.04.20 10:00,-1,0.00005976,0.480,0.000,0.000,0,0.551,0.00233,0.68,24.36,197,0,10,0,BAR_TICK,0.00,3965.96,3973.59
2026.04.20 11:00,-1,0.00009644,1.173,0.473,0.000,0,0.601,0.00245,1.57,24.36,198,0,10,0,BAR_TICK,0.00,3965.96,3971.52
2026.04.20 12:00,-1,0.00008780,-0.277,0.000,0.000,0,0.591,0.00247,1.05,24.36,199,0,10,0,BAR_TICK,0.00,3965.96,3973.33
2026.04.20 13:00,-1,0.00007446,-0.427,0.000,0.000,0,0.570,0.00248,1.14,24.36,200,0,10,0,BAR_TICK,0.00,3965.96,3973.76
2026.04.20 14:00,-1,0.00006624,-0.263,0.000,0.000,0,0.525,0.00254,1.25,24.36,201,0,10,0,BAR_TICK,0.00,3965.96,3973.72
2026.04.20 15:00,-1,0.00004046,-0.824,0.000,-0.124,0,0.495,0.00253,1.16,24.36,202,0,10,0,BAR_TICK,0.00,3965.96,3975.03
2026.04.20 16:00,-1,0.00004270,0.071,0.000,0.000,0,0.431,0.00220,0.72,24.36,203,0,10,0,BAR_TICK,0.00,3965.96,3973.63
2026.04.20 17:00,-1,0.00002190,-0.665,0.000,0.000,0,0.446,0.00228,1.18,24.36,204,0,10,0,BAR_TICK,0.00,3965.96,3975.26
2026.04.20 18:00,-1,0.00001128,-0.340,0.000,0.000,0,0.500,0.00225,1.13,24.36,205,0,10,0,BAR_TICK,0.00,3965.96,3975.01
2026.04.20 19:00,-1,0.00001398,0.087,0.000,0.000,0,0.535,0.00230,1.07,24.36,206,0,10,0,BAR_TICK,0.00,3965.96,3974.26
2026.04.20 20:00,-1,0.00001447,0.016,0.000,0.000,0,0.510,0.00236,0.95,24.36,207,0,10,0,BAR_TICK,0.00,3965.96,3974.26
2026.04.20 21:00,-1,0.00001444,-0.001,0.000,0.000,0,0.538,0.00234,0.46,24.36,208,0,10,0,BAR_TICK,0.00,3965.96,3974.41
2026.04.20 22:00,-1,0.00001187,-0.082,0.000,0.000,0,0.558,0.00235,0.49,24.36,209,0,10,0,BAR_TICK,0.00,3965.96,3974.51
2026.04.20 23:00,-1,-0.00001155,-0.749,0.000,-0.049,0,0.611,0.00232,0.77,24.36,210,0,10,0,BAR_TICK,0.00,3965.96,3975.94
2026.04.21 00:40,-1,-0.00002533,-0.441,0.000,0.000,0,0.566,0.00232,0.70,22.30,211,0,10,0,BAR_TICK,0.00,3965.96,3972.78
2026.04.21 01:00,-1,-0.00001360,0.375,0.000,0.000,0,0.545,0.00218,0.28,22.30,212,0,10,0,BAR_TICK,0.00,3965.96,3974.62
2026.04.21 02:00,-1,-0.00013282,-3.813,0.000,-3.113,0,0.553,0.00270,3.66,22.30,213,0,10,0,BAR_TICK,0.00,3965.96,3983.69
2026.04.21 03:00,-1,-0.00017094,-1.219,0.000,-3.633,0,0.549,0.00275,1.26,22.30,214,0,10,0,BAR_TICK,0.00,3965.96,3981.51
2026.04.21 04:00,-1,-0.00024437,-2.349,0.000,-5.281,0,0.513,0.00282,1.50,22.30,215,0,10,0,BAR_TICK,0.00,3965.96,3985.63
2026.04.21 05:00,-1,-0.00030657,-1.989,0.000,-6.571,0,0.514,0.00282,1.01,22.30,216,0,10,0,BAR_TICK,0.00,3965.96,3987.50
2026.04.21 06:00,-1,-0.00031736,-0.345,0.000,-6.216,0,0.504,0.00289,0.91,22.30,217,0,10,0,BAR_TICK,0.00,3965.96,3986.14
2026.04.21 07:00,-1,-0.00027644,1.309,0.609,-4.207,0,0.566,0.00302,1.50,22.30,218,0,10,0,BAR_TICK,0.00,3965.96,3983.53
2026.04.21 08:00,-1,-0.00025322,0.743,0.651,-2.764,0,0.520,0.00296,0.58,22.30,219,0,10,0,BAR_TICK,0.00,3965.96,3984.22
2026.04.21 09:00,-1,-0.00023891,0.458,0.409,-1.607,0,0.540,0.00294,0.72,22.30,220,0,10,0,BAR_TICK,0.00,3965.96,3984.82
2026.04.21 10:00,-1,-0.00024798,-0.290,0.000,-1.197,0,0.527,0.00307,1.35,22.30,221,0,10,0,BAR_TICK,0.00,3965.96,3986.69
2026.04.21 11:00,-1,-0.00022743,0.657,0.000,0.000,0,0.537,0.00323,1.01,22.30,222,0,10,0,BAR_TICK,0.00,3965.96,3985.36
2026.04.21 12:00,-1,-0.00020716,0.648,0.000,0.000,0,0.507,0.00337,0.91,22.30,223,0,10,0,BAR_TICK,0.00,3965.96,3985.39
2026.04.21 13:00,-1,-0.00018491,0.712,0.012,0.000,0,0.517,0.00337,0.54,22.30,224,0,10,0,BAR_TICK,0.00,3965.96,3985.11
2026.04.21 14:00,-1,-0.00015797,0.862,0.173,0.000,0,0.510,0.00336,0.43,22.30,225,0,10,0,BAR_TICK,0.00,3965.96,3984.43
2026.04.21 15:00,-1,-0.00015568,0.073,0.000,0.000,0,0.509,0.00346,0.93,22.30,226,0,10,0,BAR_TICK,0.00,3965.96,3985.83
2026.04.21 16:00,-1,-0.00011933,1.163,0.463,0.000,0,0.515,0.00298,1.09,22.30,227,0,10,0,BAR_TICK,0.00,3965.96,3983.80
2026.04.21 17:00,-1,-0.00013487,-0.497,0.000,0.000,0,0.507,0.00297,1.13,22.30,228,0,10,0,BAR_TICK,0.00,3965.96,3986.61
2026.04.21 18:00,-1,-0.00010295,1.021,0.321,0.000,0,0.525,0.00297,1.42,22.30,229,0,10,0,BAR_TICK,0.00,3965.96,3984.15
2026.04.21 19:00,-1,-0.00008218,0.664,0.285,0.000,0,0.537,0.00294,0.83,22.30,230,0,10,0,BAR_TICK,0.00,3965.96,3984.29
2026.04.21 20:00,-1,-0.00004333,1.243,0.828,0.000,0,0.533,0.00297,1.02,22.30,231,0,10,0,BAR_TICK,0.00,3965.96,3982.51
2026.04.21 21:00,-1,-0.00000419,1.252,1.380,0.000,0,0.534,0.00290,1.21,22.30,232,0,10,0,BAR_TICK,0.00,3965.96,3981.56
2026.04.21 22:00,-1,0.00001652,0.662,1.342,0.000,0,0.539,0.00290,0.61,22.30,233,0,10,0,BAR_TICK,0.00,3965.96,3981.62
2026.04.21 23:00,-1,0.00007869,1.989,2.631,0.000,0,0.506,0.00314,1.75,22.30,234,0,10,0,BAR_TICK,0.00,3965.96,3978.07
2026.04.22 00:10,-1,0.00007460,-0.131,1.800,0.000,0,0.523,0.00326,1.75,22.29,235,0,10,0,BAR_TICK,0.00,3965.96,3980.30
2026.04.22 01:00,-1,0.00005659,-0.576,0.524,0.000,0,0.523,0.00320,0.78,22.29,236,0,10,0,BAR_TICK,0.00,3965.96,3980.66
2026.04.22 02:00,-1,0.00004627,-0.330,0.000,0.000,0,0.536,0.00309,0.51,22.29,237,0,10,0,BAR_TICK,0.00,3965.96,3981.49
2026.04.22 03:00,-1,0.00003295,-0.426,0.000,0.000,0,0.519,0.00304,0.34,22.29,238,0,10,0,BAR_TICK,0.00,3965.96,3981.99
2026.04.22 04:00,-1,-0.00001774,-1.621,0.000,-0.921,0,0.527,0.00315,0.98,22.29,239,0,10,0,BAR_TICK,0.00,3965.96,3984.95
2026.04.22 05:00,-1,-0.00004276,-0.800,0.000,-1.022,0,0.518,0.00301,0.40,22.29,240,0,10,0,BAR_TICK,0.00,3965.96,3984.71
2026.04.22 06:00,-1,-0.00006421,-0.686,0.000,-1.008,0,0.508,0.00288,0.48,22.29,241,0,10,0,BAR_TICK,0.00,3965.96,3985.19
2026.04.22 07:00,-1,-0.00008016,-0.510,0.000,-0.818,0,0.534,0.00274,0.50,22.29,242,0,10,0,BAR_TICK,0.00,3965.96,3985.53
2026.04.22 08:00,-1,-0.00008331,-0.101,0.000,-0.219,0,0.502,0.00254,0.56,22.29,243,0,10,0,BAR_TICK,0.00,3965.96,3985.26
2026.04.22 09:00,-1,-0.00010427,-0.670,0.000,-0.189,0,0.505,0.00252,0.90,22.29,244,0,10,0,BAR_TICK,0.00,3965.96,3986.93
2026.04.22 10:00,-1,-0.00012888,-0.787,0.000,-0.276,0,0.521,0.00248,0.99,22.29,245,0,10,0,BAR_TICK,0.00,3965.96,3987.95
2026.04.22 11:00,-1,-0.00013696,-0.258,0.000,0.000,0,0.553,0.00240,1.01,22.29,246,0,10,0,BAR_TICK,0.00,3965.96,3987.87
2026.04.22 12:00,-1,-0.00011655,0.653,0.000,0.000,0,0.553,0.00249,1.17,22.29,247,0,10,0,BAR_TICK,0.00,3965.96,3986.36
2026.04.22 13:00,-1,-0.00009138,0.805,0.105,0.000,0,0.530,0.00221,0.74,22.29,248,0,10,0,BAR_TICK,0.00,3965.96,3985.62
2026.04.22 14:00,-1,-0.00007337,0.576,0.000,0.000,0,0.560,0.00194,0.98,22.29,249,0,10,0,BAR_TICK,0.00,3965.96,3985.63
2026.04.22 15:00,-1,-0.00007234,0.033,0.000,0.000,0,0.531,0.00187,0.83,22.29,250,0,10,0,BAR_TICK,0.00,3965.96,3986.44
2026.04.22 16:00,-1,-0.00005608,0.520,0.000,0.000,0,0.508,0.00194,1.29,22.29,251,0,10,0,BAR_TICK,0.00,3965.96,3985.56
2026.04.22 17:00,-1,-0.00008273,-0.853,0.000,-0.153,0,0.490,0.00213,1.76,22.29,252,0,10,0,BAR_TICK,0.00,3965.96,3988.23
2026.04.22 18:00,-1,-0.00009760,-0.475,0.000,0.000,0,0.485,0.00209,1.21,22.29,253,0,10,0,BAR_TICK,0.00,3965.96,3988.50
2026.04.22 19:00,-1,-0.00009040,0.230,0.000,0.000,0,0.502,0.00217,1.02,22.29,254,0,10,0,BAR_TICK,0.00,3965.96,3987.47
2026.04.22 20:00,-1,-0.00006156,0.922,0.222,0.000,0,0.493,0.00221,0.89,22.29,255,0,10,0,BAR_TICK,0.00,3965.96,3986.01
2026.04.22 21:00,-1,-0.00003978,0.697,0.219,0.000,0,0.479,0.00221,0.63,22.29,256,0,10,0,BAR_TICK,0.00,3965.96,3985.84
2026.04.22 22:00,-1,-0.00002618,0.435,0.000,0.000,0,0.475,0.00219,0.51,22.29,257,0,10,0,BAR_TICK,0.00,3965.96,3985.70
2026.04.22 23:00,-1,-0.00001825,0.254,0.000,0.000,0,0.582,0.00210,0.49,22.29,258,0,10,0,BAR_TICK,0.00,3965.96,3985.81
2026.04.23 00:00,-1,-0.00002128,-0.097,0.000,0.000,0,0.545,0.00201,0.58,22.83,259,0,10,0,BAR_TICK,0.00,3965.96,3984.99
2026.04.23 01:00,-1,-0.00002649,-0.167,0.000,0.000,0,0.568,0.00206,1.52,22.83,260,0,10,0,BAR_TICK,0.00,3965.96,3985.66
2026.04.23 02:00,-1,-0.00001800,0.272,0.000,0.000,0,0.554,0.00201,1.09,22.83,261,0,10,0,BAR_TICK,0.00,3965.96,3985.99
2026.04.23 03:00,-1,-0.00002014,-0.068,0.000,0.000,0,0.573,0.00194,0.35,22.83,262,0,10,0,BAR_TICK,0.00,3965.96,3986.59
2026.04.23 04:00,-1,-0.00001098,0.293,0.000,0.000,0,0.550,0.00208,1.85,22.83,263,0,10,0,BAR_TICK,0.00,3965.96,3985.86
2026.04.23 05:00,-1,0.00000472,0.502,0.000,0.000,0,0.558,0.00208,0.76,22.83,264,0,10,0,BAR_TICK,0.00,3965.96,3985.19
2026.04.23 06:00,-1,0.00004109,1.163,0.463,0.000,0,0.572,0.00207,1.17,22.83,265,0,10,0,BAR_TICK,0.00,3965.96,3983.15
2026.04.23 07:00,-1,0.00012064,2.544,2.307,0.000,0,0.596,0.00212,2.07,22.83,266,0,10,0,BAR_TICK,0.00,3965.96,3979.09
2026.04.23 08:00,-1,0.00014052,0.636,2.243,0.000,0,0.595,0.00213,1.29,22.83,267,0,10,0,BAR_TICK,0.00,3965.96,3980.73
2026.04.23 09:00,-1,0.00013628,-0.136,1.408,0.000,0,0.591,0.00209,0.77,22.83,268,0,10,0,BAR_TICK,0.00,3965.96,3981.45
2026.04.23 10:00,-1,0.00013830,0.065,0.772,0.000,0,0.597,0.00209,0.93,22.83,269,0,10,0,BAR_TICK,0.00,3965.96,3980.93
2026.04.23 11:00,-1,0.00010024,-1.217,0.000,-0.517,0,0.622,0.00224,1.61,22.83,270,0,10,0,BAR_TICK,0.00,3965.96,3983.54
2026.04.23 12:00,-1,0.00014159,1.322,0.622,0.000,0,0.594,0.00254,2.07,22.83,271,0,10,0,BAR_TICK,0.00,3965.96,3978.63
2026.04.23 13:00,-1,0.00019248,1.628,1.550,0.000,0,0.588,0.00267,1.05,22.83,272,0,10,0,BAR_TICK,0.00,3965.96,3976.49
2026.04.23 14:00,-1,0.00020855,0.514,1.364,0.000,0,0.566,0.00277,0.94,22.83,273,0,10,0,BAR_TICK,0.00,3965.96,3977.02
2026.04.23 15:00,-1,0.00019398,-0.466,0.198,0.000,0,0.565,0.00277,1.13,22.83,274,0,10,0,BAR_TICK,0.00,3965.96,3978.26
2026.04.23 16:00,-1,0.00018608,-0.253,0.000,0.000,0,0.580,0.00280,0.93,22.83,275,0,10,0,BAR_TICK,0.00,3965.96,3977.84
2026.04.23 17:00,-1,0.00023228,1.478,0.778,0.000,0,0.601,0.00307,1.48,22.83,276,0,10,0,BAR_TICK,0.00,3965.96,3973.77
2026.04.23 18:00,-1,0.00021857,-0.438,0.000,0.000,0,0.613,0.00304,1.13,22.83,277,0,10,0,BAR_TICK,0.00,3965.96,3976.19
2026.04.23 19:00,-1,0.00019240,-0.837,0.000,-0.137,0,0.570,0.00308,0.66,22.83,278,0,10,0,BAR_TICK,0.00,3965.96,3977.02
2026.04.23 20:00,-1,0.00017976,-0.404,0.000,0.000,0,0.575,0.00299,0.42,22.83,279,0,10,0,BAR_TICK,0.00,3965.96,3976.24
2026.04.23 21:00,-1,0.00018214,0.076,0.000,0.000,0,0.593,0.00315,2.08,22.83,280,0,10,0,BAR_TICK,0.00,3965.96,3975.11
2026.04.23 22:00,-1,0.00019921,0.546,0.000,0.000,0,0.592,0.00318,1.01,22.83,281,0,10,0,BAR_TICK,0.00,3965.96,3973.50
2026.04.23 23:00,-1,0.00020328,0.130,0.000,0.000,0,0.590,0.00320,0.59,22.83,282,0,10,0,BAR_TICK,0.00,3965.96,3973.71
2026.04.24 00:10,-1,0.00020620,0.093,0.000,0.000,0,0.595,0.00327,0.86,20.06,283,0,10,0,BAR_TICK,0.00,3965.96,3973.96
2026.04.24 01:00,-1,0.00019466,-0.369,0.000,0.000,0,0.606,0.00335,1.41,20.06,284,0,10,0,BAR_TICK,0.00,3965.96,3971.87
2026.04.24 02:00,-1,0.00018647,-0.262,0.000,0.000,0,0.630,0.00308,0.48,20.06,285,0,10,0,BAR_TICK,0.00,3965.96,3973.16
2026.04.24 03:00,-1,0.00019142,0.159,0.000,0.000,0,0.650,0.00300,0.55,20.06,286,0,10,0,BAR_TICK,0.00,3965.96,3972.03
2026.04.24 04:00,-1,0.00016724,-0.774,0.000,-0.074,0,0.626,0.00295,0.62,20.06,287,0,10,0,BAR_TICK,0.00,3965.96,3973.61
2026.04.24 05:00,-1,0.00014434,-0.733,0.000,-0.106,0,0.646,0.00283,0.54,20.06,288,0,10,0,BAR_TICK,0.00,3965.96,3973.79
2026.04.24 06:00,-1,0.00015932,0.479,0.000,0.000,0,0.628,0.00284,0.94,20.06,289,0,10,0,BAR_TICK,0.00,3965.96,3971.36
2026.04.24 07:00,-1,0.00018860,0.937,0.237,0.000,0,0.606,0.00271,1.00,20.06,290,0,10,0,BAR_TICK,0.00,3965.96,3969.65
2026.04.24 08:00,-1,0.00015875,-0.955,0.000,-0.255,0,0.607,0.00273,1.39,20.06,291,0,10,0,BAR_TICK,0.00,3965.96,3972.63
2026.04.24 09:00,-1,0.00015248,-0.201,0.000,0.000,0,0.618,0.00272,0.67,20.06,292,0,10,0,BAR_TICK,0.00,3965.96,3971.42
2026.04.24 10:00,-1,0.00015732,0.155,0.000,0.000,0,0.591,0.00279,0.79,20.06,293,0,10,0,BAR_TICK,0.00,3965.96,3970.32
2026.04.24 11:00,-1,0.00014795,-0.299,0.000,0.000,0,0.617,0.00243,0.66,20.06,294,0,10,0,BAR_TICK,0.00,3965.96,3970.79
2026.04.24 12:00,-1,0.00012474,-0.742,0.000,-0.042,0,0.566,0.00239,1.12,20.06,295,0,10,0,BAR_TICK,0.00,3965.96,3971.87
2026.04.24 13:00,-1,0.00012412,-0.020,0.000,0.000,0,0.535,0.00241,0.91,20.06,296,0,10,0,BAR_TICK,0.00,3965.96,3970.61
2026.04.24 14:00,-1,0.00011991,-0.135,0.000,0.000,0,0.563,0.00235,0.81,20.06,297,0,10,0,BAR_TICK,0.00,3965.96,3970.52
2026.04.24 15:00,-1,0.00004885,-2.273,0.000,-1.573,0,0.596,0.00240,2.26,20.06,298,0,10,0,BAR_TICK,0.00,3965.96,3975.13
2026.04.24 16:00,-1,0.00004060,-0.264,0.000,-1.137,0,0.576,0.00257,1.56,20.06,299,0,10,0,BAR_TICK,0.00,3965.96,3972.58
2026.04.24 17:00,-1,0.00003250,-0.259,0.000,-0.696,0,0.564,0.00264,1.00,20.06,300,0,10,0,BAR_TICK,0.00,3965.96,3972.77
2026.04.24 18:00,-1,0.00002879,-0.119,0.000,-0.114,0,0.535,0.00277,1.31,20.06,301,0,10,0,BAR_TICK,0.00,3965.96,3972.59
2026.04.24 19:00,-1,0.00000500,-0.761,0.000,-0.175,0,0.530,0.00282,0.80,20.06,302,0,10,0,BAR_TICK,0.00,3965.96,3974.14
2026.04.24 20:00,-1,0.00000426,-0.024,0.000,0.000,0,0.528,0.00275,0.62,20.06,303,0,10,0,BAR_TICK,0.00,3965.96,3972.99
2026.04.24 21:00,-1,0.00000855,0.137,0.000,0.000,0,0.547,0.00263,0.37,20.06,304,0,10,0,BAR_TICK,0.00,3965.96,3972.68
2026.04.24 22:00,-1,0.00001729,0.279,0.000,0.000,0,0.552,0.00244,0.45,20.06,305,0,10,0,BAR_TICK,0.00,3965.96,3972.25
2026.04.24 23:00,-1,0.00002675,0.303,0.000,0.000,0,0.539,0.00237,0.40,20.06,306,0,10,0,BAR_TICK,0.00,3965.96,3971.98
2026.04.27 00:18,-1,0.00002436,-0.076,0.000,0.000,0,0.557,0.00233,0.68,18.11,307,0,10,0,BAR_TICK,0.00,3965.96,3969.27
2026.04.27 01:00,-1,0.00006600,1.332,0.632,0.000,0,0.558,0.00247,0.78,18.11,308,0,10,0,BAR_TICK,0.00,3965.96,3970.40
2026.04.27 02:00,-1,0.00006121,-0.153,0.000,0.000,0,0.538,0.00245,0.95,18.11,309,0,10,0,BAR_TICK,0.00,3965.96,3971.24
2026.04.27 03:00,-1,0.00006596,0.152,0.000,0.000,0,0.527,0.00237,0.48,18.11,310,0,10,0,BAR_TICK,0.00,3965.96,3970.54
2026.04.27 04:00,-1,0.00001780,-1.540,0.000,-0.840,0,0.499,0.00250,1.46,18.11,311,0,10,0,BAR_TICK,0.00,3965.96,3974.02
2026.04.27 05:00,-1,-0.00001870,-1.168,0.000,-1.308,0,0.519,0.00224,0.80,18.11,312,0,10,0,BAR_TICK,0.00,3965.96,3974.62
2026.04.27 06:00,-1,-0.00004727,-0.914,0.000,-1.522,0,0.495,0.00204,0.61,18.11,313,0,10,0,BAR_TICK,0.00,3965.96,3975.06
2026.04.27 07:00,-1,-0.00004712,0.005,0.000,-0.817,0,0.533,0.00196,0.77,18.11,314,0,10,0,BAR_TICK,0.00,3965.96,3974.03
2026.04.27 08:00,-1,-0.00003103,0.515,0.000,0.000,0,0.501,0.00180,0.76,18.11,315,0,10,0,BAR_TICK,0.00,3965.96,3972.85
2026.04.27 09:00,-1,-0.00001724,0.441,0.000,0.000,0,0.514,0.00171,0.56,18.11,316,0,10,0,BAR_TICK,0.00,3965.96,3972.66
2026.04.27 10:00,-1,-0.00002020,-0.095,0.000,0.000,0,0.506,0.00172,1.08,18.11,317,0,10,0,BAR_TICK,0.00,3965.96,3973.62
2026.04.27 11:00,-1,-0.00005984,-1.268,0.000,-0.568,0,0.521,0.00187,1.61,18.11,318,0,10,0,BAR_TICK,0.00,3965.96,3976.30
2026.04.27 12:00,-1,-0.00013175,-2.300,0.000,-2.168,0,0.515,0.00211,2.15,18.11,319,0,10,0,BAR_TICK,0.00,3965.96,3979.86
2026.04.27 13:00,-1,-0.00017056,-1.241,0.000,-2.709,0,0.517,0.00214,0.63,18.11,320,0,10,0,BAR_TICK,0.00,3965.96,3979.92
2026.04.27 14:00,-1,-0.00018086,-0.329,0.000,-2.339,0,0.521,0.00212,0.60,18.11,321,0,10,0,BAR_TICK,0.00,3965.96,3979.28
2026.04.27 15:00,-1,-0.00018409,-0.103,0.000,-1.742,0,0.504,0.00198,0.78,18.11,322,0,10,0,BAR_TICK,0.00,3965.96,3979.60
2026.04.27 16:00,-1,-0.00022405,-1.278,0.000,-2.320,0,0.513,0.00204,1.63,18.11,323,0,10,0,BAR_TICK,0.00,3965.96,3982.68
2026.04.27 17:00,-1,-0.00023319,-0.292,0.000,-1.912,0,0.539,0.00223,1.68,18.11,324,0,10,0,BAR_TICK,0.00,3965.96,3982.15
2026.04.27 18:00,-1,-0.00022927,0.125,0.000,-1.087,0,0.548,0.00212,1.04,18.11,325,0,10,0,BAR_TICK,0.00,3965.96,3981.93
2026.04.27 19:00,-1,-0.00022977,-0.016,0.000,-0.403,0,0.616,0.00216,1.05,18.11,326,0,10,0,BAR_TICK,0.00,3965.96,3982.74
2026.04.27 20:00,-1,-0.00022229,0.239,0.000,0.000,0,0.579,0.00221,0.88,18.11,327,0,10,0,BAR_TICK,0.00,3965.96,3982.63
2026.04.27 21:00,-1,-0.00022003,0.073,0.000,0.000,0,0.594,0.00219,0.60,18.11,328,0,10,0,BAR_TICK,0.00,3965.96,3983.23
2026.04.27 22:00,-1,-0.00020474,0.489,0.000,0.000,0,0.586,0.00220,0.65,18.11,329,0,10,0,BAR_TICK,0.00,3965.96,3982.63
2026.04.27 23:00,-1,-0.00018419,0.657,0.000,0.000,0,0.550,0.00222,0.58,18.11,330,0,10,0,BAR_TICK,0.00,3965.96,3982.40
2026.04.28 00:10,-1,-0.00016516,0.609,0.000,0.000,0,0.501,0.00214,0.35,17.79,331,0,10,0,BAR_TICK,0.00,3965.96,3981.36
2026.04.28 01:00,-1,-0.00013522,0.958,0.258,0.000,0,0.544,0.00209,1.06,17.79,332,0,10,0,BAR_TICK,0.00,3965.96,3981.08
2026.04.28 02:00,-1,-0.00012888,0.203,0.000,0.000,0,0.535,0.00187,0.73,17.79,333,0,10,0,BAR_TICK,0.00,3965.96,3982.63
2026.04.28 03:00,-1,-0.00012218,0.214,0.000,0.000,0,0.553,0.00185,0.63,17.79,334,0,10,0,BAR_TICK,0.00,3965.96,3982.73
2026.04.28 04:00,-1,-0.00013046,-0.265,0.000,0.000,0,0.505,0.00191,1.04,17.79,335,0,10,0,BAR_TICK,0.00,3965.96,3983.92
2026.04.28 05:00,-1,-0.00009656,1.084,0.384,0.000,0,0.466,0.00204,1.70,17.79,336,0,10,0,BAR_TICK,0.00,3965.96,3981.36
2026.04.28 06:00,-1,-0.00005145,1.443,1.127,0.000,0,0.501,0.00196,1.08,17.79,337,0,10,0,BAR_TICK,0.00,3965.96,3979.78
2026.04.28 07:00,-1,-0.00002044,0.992,1.419,0.000,0,0.496,0.00179,0.81,17.79,338,0,10,0,BAR_TICK,0.00,3965.96,3979.74
2026.04.28 08:00,-1,0.00000510,0.817,1.536,0.000,0,0.520,0.00172,0.72,17.79,339,0,10,0,BAR_TICK,0.00,3965.96,3979.24
2026.04.28 09:00,-1,0.00002135,0.520,1.355,0.000,0,0.494,0.00170,1.14,17.79,340,0,10,0,BAR_TICK,0.00,3965.96,3979.19
2026.04.28 10:00,-1,0.00005759,1.159,1.815,0.000,0,0.457,0.00182,2.01,17.79,341,0,10,0,BAR_TICK,0.00,3965.96,3977.23
2026.04.28 11:00,-1,0.00003880,-0.601,0.514,0.000,0,0.463,0.00195,1.56,17.79,342,0,10,0,BAR_TICK,0.00,3965.96,3979.99
2026.04.28 12:00,-1,0.00002508,-0.439,0.000,0.000,0,0.473,0.00198,0.94,17.79,343,0,10,0,BAR_TICK,0.00,3965.96,3980.15
2026.04.28 13:00,-1,-0.00000667,-1.016,0.000,-0.316,0,0.496,0.00209,1.39,17.79,344,0,10,0,BAR_TICK,0.00,3965.96,3981.73
2026.04.28 14:00,-1,0.00000834,0.480,0.000,0.000,0,0.463,0.00232,1.67,17.79,345,0,10,0,BAR_TICK,0.00,3965.96,3979.26
2026.04.28 15:00,-1,0.00003363,0.809,0.109,0.000,0,0.450,0.00231,0.91,17.79,346,0,10,0,BAR_TICK,0.00,3965.96,3978.24
2026.04.28 16:00,-1,0.00005984,0.839,0.247,0.000,0,0.491,0.00241,1.24,17.79,347,0,10,0,BAR_TICK,0.00,3965.96,3977.26
2026.04.28 17:00,-1,0.00008061,0.664,0.212,0.000,0,0.497,0.00253,1.08,17.79,348,0,10,0,BAR_TICK,0.00,3965.96,3976.78
2026.04.28 18:00,-1,0.00011193,1.002,0.513,0.000,0,0.464,0.00264,1.34,17.79,349,0,10,0,BAR_TICK,0.00,3965.96,3975.27
2026.04.28 19:00,-1,0.00008734,-0.786,0.000,-0.086,0,0.450,0.00260,1.15,17.79,350,0,10,0,BAR_TICK,0.00,3965.96,3978.16
2026.04.28 20:00,-1,0.00009495,0.244,0.000,0.000,0,0.461,0.00265,1.05,17.79,351,0,10,0,BAR_TICK,0.00,3965.96,3976.42
2026.04.28 21:00,-1,0.00009079,-0.133,0.000,0.000,0,0.463,0.00265,0.58,17.79,352,0,10,0,BAR_TICK,0.00,3965.96,3976.84
2026.04.28 22:00,-1,0.00009625,0.175,0.000,0.000,0,0.449,0.00265,0.48,17.79,353,0,10,0,BAR_TICK,0.00,3965.96,3975.92
2026.04.28 23:00,-1,0.00009884,0.083,0.000,0.000,0,0.457,0.00262,0.54,17.79,354,0,10,0,BAR_TICK,0.00,3965.96,3975.64
2026.04.29 00:10,-1,0.00009333,-0.176,0.000,0.000,0,0.453,0.00244,0.50,17.68,355,0,10,0,BAR_TICK,0.00,3965.96,3974.02
2026.04.29 01:00,-1,0.00008854,-0.153,0.000,0.000,0,0.451,0.00249,1.47,17.68,356,0,10,0,BAR_TICK,0.00,3965.96,3974.53
2026.04.29 02:00,-1,0.00009090,0.076,0.000,0.000,0,0.468,0.00248,0.73,17.68,357,0,10,0,BAR_TICK,0.00,3965.96,3975.35
2026.04.29 03:00,-1,0.00008411,-0.217,0.000,0.000,0,0.568,0.00238,0.63,17.68,358,0,10,0,BAR_TICK,0.00,3965.96,3975.75
2026.04.29 04:00,-1,0.00007718,-0.222,0.000,0.000,0,0.553,0.00220,0.61,17.68,359,0,10,0,BAR_TICK,0.00,3965.96,3975.72
2026.04.29 05:00,-1,0.00011513,1.214,0.514,0.000,0,0.544,0.00241,2.05,17.68,360,0,10,0,BAR_TICK,0.00,3965.96,3972.64
2026.04.29 06:00,-1,0.00021093,3.064,2.878,0.000,0,0.533,0.00264,2.37,17.68,361,0,10,0,BAR_TICK,0.00,3965.96,3967.12
2026.04.29 07:00,-1,0.00026276,1.658,3.836,0.000,0,0.519,0.00260,0.85,17.68,362,0,10,0,BAR_TICK,0.00,3965.96,3967.01
2026.04.29 08:00,-1,0.00027161,0.283,3.419,0.000,0,0.517,0.00245,0.59,17.68,363,0,10,0,BAR_TICK,0.00,3965.96,3967.89
2026.04.29 09:00,-1,0.00025546,-0.517,2.202,0.000,0,0.496,0.00243,1.11,17.68,364,0,10,0,BAR_TICK,0.00,3965.96,3968.84
2026.04.29 10:00,-1,0.00021830,-1.188,0.314,-0.488,0,0.498,0.00250,1.51,17.68,365,0,10,0,BAR_TICK,0.00,3965.96,3970.48
2026.04.29 11:00,-1,0.00019247,-0.826,0.000,-0.615,0,0.537,0.00255,0.87,17.68,366,0,10,0,BAR_TICK,0.00,3965.96,3970.15
2026.04.29 12:00,-1,0.00019087,-0.051,0.000,0.000,0,0.554,0.00267,1.09,17.68,367,0,10,0,BAR_TICK,0.00,3965.96,3968.59
2026.04.29 13:00,-1,0.00022396,1.058,0.358,0.000,0,0.514,0.00282,1.23,17.68,368,0,10,0,BAR_TICK,0.00,3965.96,3965.68
2026.04.29 14:00,-1,0.00021747,-0.208,0.000,0.000,0,0.531,0.00291,0.85,17.68,369,0,10,0,BAR_TICK,0.00,3965.96,3967.13
2026.04.29 15:00,-1,0.00020685,-0.340,0.000,0.000,0,0.557,0.00276,0.59,17.68,370,0,10,0,BAR_TICK,0.00,3965.96,3967.04
2026.04.29 16:00,-1,0.00021242,0.178,0.000,0.000,0,0.454,0.00275,0.60,17.68,371,0,10,0,BAR_TICK,0.00,3965.96,3965.86
2026.04.29 17:00,-1,0.00022607,0.436,0.000,0.000,0,0.510,0.00291,1.27,17.68,372,0,10,0,BAR_TICK,0.00,3965.96,3964.51
2026.04.29 18:00,-1,0.00024262,0.529,0.000,0.000,0,0.534,0.00303,1.00,17.68,373,0,10,0,BAR_TICK,0.00,3965.96,3963.45
2026.04.29 19:00,-1,0.00027578,1.061,0.361,0.000,0,0.532,0.00299,1.50,17.68,374,0,10,0,BAR_TICK,0.00,3965.96,3961.17
2026.04.29 20:00,-1,0.00027589,0.003,0.000,0.000,0,0.504,0.00271,0.83,17.68,375,0,10,0,BAR_TICK,0.00,3965.96,3962.02
2026.04.29 21:00,-1,0.00023963,-1.160,0.000,-0.460,0,0.482,0.00274,0.96,17.68,376,0,10,11,OPEN_HEDGE,0.00,3965.96,3960.20
2026.04.29 22:00,-1,0.00026053,0.669,0.000,0.000,0,0.491,0.00307,1.99,17.68,377,0,10,11,BAR_TICK,0.00,3965.96,3961.91
2026.04.29 23:00,-1,0.00024152,-0.608,0.000,0.000,0,0.475,0.00307,0.88,17.68,378,0,10,0,CLOSE_HEDGE_RETRACE,-0.07,3965.89,3961.91
2026.04.30 00:10,-1,0.00022770,-0.442,0.000,0.000,0,0.518,0.00292,0.57,17.62,379,0,10,0,BAR_TICK,0.00,3965.89,3962.80
2026.04.30 01:00,-1,0.00024227,0.466,0.000,0.000,0,0.486,0.00318,1.84,17.62,380,0,10,0,BAR_TICK,0.00,3965.89,3960.65
2026.04.30 02:00,-1,0.00021212,-0.964,0.000,-0.264,0,0.495,0.00316,0.45,17.62,381,0,10,0,BAR_TICK,0.00,3965.89,3961.51
2026.04.30 03:00,-1,0.00016989,-1.350,0.000,-0.915,0,0.506,0.00304,0.58,17.62,382,0,10,0,BAR_TICK,0.00,3965.89,3962.76
2026.04.30 04:00,-1,0.00013824,-1.012,0.000,-1.227,0,0.522,0.00302,0.71,17.62,383,0,10,0,BAR_TICK,0.00,3965.89,3962.89
2026.04.30 05:00,-1,0.00013521,-0.097,0.000,-0.624,0,0.540,0.00316,1.13,17.62,384,0,10,0,BAR_TICK,0.00,3965.89,3961.34
2026.04.30 06:00,-1,0.00011129,-0.765,0.000,-0.689,0,0.534,0.00326,0.94,17.62,385,0,10,0,BAR_TICK,0.00,3965.89,3962.70
2026.04.30 07:00,-1,0.00008494,-0.843,0.000,-0.832,0,0.504,0.00310,0.46,17.62,386,0,10,0,BAR_TICK,0.00,3965.89,3963.32
2026.04.30 08:00,-1,0.00007754,-0.237,0.000,-0.369,0,0.498,0.00299,0.51,17.62,387,0,10,0,BAR_TICK,0.00,3965.89,3962.57
2026.04.30 09:00,-1,0.00007779,0.008,0.000,0.000,0,0.475,0.00283,0.79,17.62,388,0,10,0,BAR_TICK,0.00,3965.89,3961.96
2026.04.30 10:00,-1,0.00007504,-0.088,0.000,0.000,0,0.471,0.00289,1.07,17.62,389,0,10,0,BAR_TICK,0.00,3965.89,3961.93
2026.04.30 11:00,-1,0.00005223,-0.729,0.000,-0.029,0,0.477,0.00285,0.73,17.62,390,0,10,0,BAR_TICK,0.00,3965.89,3963.36
2026.04.30 12:00,-1,0.00003442,-0.570,0.000,0.000,0,0.477,0.00254,0.67,17.62,391,0,10,0,BAR_TICK,0.00,3965.89,3963.49
2026.04.30 13:00,-1,-0.00001189,-1.481,0.000,-0.781,0,0.484,0.00260,1.39,17.62,392,0,10,0,BAR_TICK,0.00,3965.89,3966.08
2026.04.30 14:00,-1,-0.00004311,-0.999,0.000,-1.080,0,0.490,0.00265,0.90,17.62,393,0,10,0,BAR_TICK,0.00,3965.89,3965.79
2026.04.30 15:00,-1,-0.00009605,-1.693,0.000,-2.073,0,0.505,0.00253,1.60,17.62,394,0,10,0,BAR_TICK,0.00,3965.89,3968.72
2026.04.30 16:00,-1,-0.00013721,-1.316,0.000,-2.690,0,0.499,0.00250,0.92,17.62,395,0,10,0,BAR_TICK,0.00,3965.89,3969.65
2026.04.30 17:00,-1,-0.00017996,-1.367,0.000,-3.357,0,0.482,0.00258,1.11,17.62,396,0,10,0,BAR_TICK,0.00,3965.89,3971.20
2026.04.30 18:00,-1,-0.00011713,2.010,1.310,-0.647,0,0.475,0.00314,3.18,17.62,397,0,10,0,BAR_TICK,0.00,3965.89,3965.36
2026.04.30 19:00,-1,-0.00010668,0.334,0.944,0.000,0,0.545,0.00319,1.33,17.62,398,0,10,0,BAR_TICK,0.00,3965.89,3967.48
2026.04.30 20:00,-1,-0.00010139,0.169,0.413,0.000,0,0.550,0.00311,0.63,17.62,399,0,10,0,BAR_TICK,0.00,3965.89,3967.96
2026.04.30 21:00,-1,-0.00009856,0.090,0.000,0.000,0,0.534,0.00312,0.52,17.62,400,0,10,0,BAR_TICK,0.00,3965.89,3968.10
2026.04.30 22:00,-1,-0.00011846,-0.636,0.000,0.000,0,0.561,0.00318,0.73,17.62,401,0,10,0,BAR_TICK,0.00,3965.89,3969.83
2026.04.30 23:00,-1,-0.00012112,-0.085,0.000,0.000,0,0.543,0.00312,0.48,17.62,402,0,10,0,BAR_TICK,0.00,3965.89,3969.44
2026.05.01 00:00,-1,-0.00013569,-0.466,0.000,0.000,0,0.543,0.00305,0.67,17.57,403,0,10,0,BAR_TICK,0.00,3965.89,3969.76
2026.05.01 01:00,-1,-0.00013694,-0.040,0.000,0.000,0,0.514,0.00304,0.67,17.57,404,0,10,0,BAR_TICK,0.00,3965.89,3968.36
2026.05.01 02:00,-1,-0.00011800,0.606,0.000,0.000,0,0.529,0.00306,0.64,17.57,405,0,10,0,BAR_TICK,0.00,3965.89,3969.39
2026.05.01 03:00,-1,-0.00010764,0.331,0.000,0.000,0,0.536,0.00291,0.49,17.57,406,0,10,0,BAR_TICK,0.00,3965.89,3969.66
2026.05.01 04:00,-1,-0.00008499,0.725,0.025,0.000,0,0.548,0.00285,0.59,17.57,407,0,10,0,BAR_TICK,0.00,3965.89,3968.81
2026.05.01 05:00,-1,-0.00007150,0.432,0.000,0.000,0,0.553,0.00265,0.46,17.57,408,0,10,0,BAR_TICK,0.00,3965.89,3969.09
2026.05.01 06:00,-1,-0.00005132,0.646,0.000,0.000,0,0.580,0.00262,0.72,17.57,409,0,10,0,BAR_TICK,0.00,3965.89,3968.42
2026.05.01 07:00,-1,-0.00002538,0.830,0.130,0.000,0,0.586,0.00256,0.78,17.57,410,0,10,0,BAR_TICK,0.00,3965.89,3967.43
2026.05.01 08:00,-1,0.00001586,1.319,0.748,0.000,0,0.562,0.00198,0.91,17.57,411,0,10,0,BAR_TICK,0.00,3965.89,3965.71
2026.05.01 09:00,-1,0.00003234,0.527,0.576,0.000,0,0.566,0.00179,0.86,17.57,412,0,10,0,BAR_TICK,0.00,3965.89,3966.19
2026.05.01 10:00,-1,0.00006419,1.019,0.894,0.000,0,0.617,0.00192,1.98,17.57,413,0,10,0,BAR_TICK,0.00,3965.89,3964.64
2026.05.01 11:00,-1,0.00007846,0.457,0.651,0.000,0,0.641,0.00193,0.96,17.57,414,0,10,0,BAR_TICK,0.00,3965.89,3964.81
2026.05.01 12:00,-1,0.00008207,0.115,0.066,0.000,0,0.627,0.00187,0.79,17.57,415,0,10,0,BAR_TICK,0.00,3965.89,3964.96
2026.05.01 13:00,-1,0.00008371,0.052,0.000,0.000,0,0.626,0.00187,0.78,17.57,416,0,10,0,BAR_TICK,0.00,3965.89,3964.78
2026.05.01 14:00,-1,0.00010159,0.572,0.000,0.000,0,0.624,0.00190,1.28,17.57,417,0,10,0,BAR_TICK,0.00,3965.89,3963.45
2026.05.01 15:00,-1,0.00012191,0.650,0.000,0.000,0,0.597,0.00186,0.78,17.57,418,0,10,0,BAR_TICK,0.00,3965.89,3962.47
2026.05.01 16:00,-1,0.00012306,0.037,0.000,0.000,0,0.601,0.00183,0.86,17.57,419,0,10,0,BAR_TICK,0.00,3965.89,3963.11
2026.05.01 17:00,-1,0.00009830,-0.792,0.000,-0.092,0,0.563,0.00195,1.57,17.57,420,0,10,0,BAR_TICK,0.00,3965.89,3964.41
2026.05.01 18:00,-1,0.00001053,-2.807,0.000,-2.199,0,0.571,0.00225,2.62,17.57,421,0,10,0,BAR_TICK,0.00,3965.89,3969.66
2026.05.01 19:00,-1,-0.00006651,-2.464,0.000,-3.964,0,0.568,0.00237,1.26,17.57,422,0,10,0,BAR_TICK,0.00,3965.89,3971.39
2026.05.01 20:00,-1,-0.00011902,-1.679,0.000,-4.943,0,0.583,0.00237,0.77,17.57,423,0,10,0,BAR_TICK,0.00,3965.89,3971.77
2026.05.01 21:00,-1,-0.00013523,-0.519,0.000,-4.762,0,0.586,0.00233,0.62,17.57,424,0,10,0,BAR_TICK,0.00,3965.89,3971.04
2026.05.01 22:00,-1,-0.00016020,-0.799,0.000,-4.860,0,0.604,0.00235,0.87,17.57,425,0,10,0,BAR_TICK,0.00,3965.89,3972.38
2026.05.01 23:00,-1,-0.00016709,-0.220,0.000,-4.380,0,0.579,0.00230,0.37,17.57,426,0,10,0,BAR_TICK,0.00,3965.89,3972.11
2026.05.04 00:25,-1,-0.00015628,0.346,0.000,-3.335,0,0.553,0.00217,0.90,17.53,427,0,10,0,BAR_TICK,0.00,3965.89,3966.70
2026.05.04 01:00,-1,-0.00009784,1.869,1.169,-0.765,0,0.523,0.00228,0.00,17.53,428,0,10,0,BAR_TICK,0.00,3965.89,3970.44
2026.05.04 02:00,-1,-0.00011325,-0.493,0.000,-0.559,0,0.543,0.00255,0.96,17.53,429,0,10,0,BAR_TICK,0.00,3965.89,3972.01
2026.05.04 03:00,-1,-0.00012465,-0.365,0.000,-0.223,0,0.549,0.00260,0.82,17.53,430,0,10,0,BAR_TICK,0.00,3965.89,3972.55
2026.05.04 04:00,-1,-0.00011487,0.313,0.000,0.000,0,0.528,0.00254,0.66,17.53,431,0,10,0,BAR_TICK,0.00,3965.89,3971.59
2026.05.04 05:00,-1,-0.00013844,-0.754,0.000,-0.054,0,0.496,0.00265,1.10,17.53,432,0,10,0,BAR_TICK,0.00,3965.89,3973.87
2026.05.04 06:00,-1,-0.00017099,-1.041,0.000,-0.395,0,0.515,0.00267,0.73,17.53,433,0,10,0,BAR_TICK,0.00,3965.89,3975.47
2026.05.04 07:00,-1,-0.00021463,-1.396,0.000,-1.091,0,0.518,0.00269,1.22,17.53,434,0,10,0,BAR_TICK,0.00,3965.89,3977.58
2026.05.04 08:00,-1,-0.00022421,-0.306,0.000,-0.697,0,0.530,0.00236,0.55,17.53,435,0,10,0,BAR_TICK,0.00,3965.89,3976.97
2026.05.04 09:00,-1,-0.00020732,0.540,0.000,0.000,0,0.526,0.00227,0.76,17.53,436,0,10,0,BAR_TICK,0.00,3965.89,3975.85
2026.05.04 10:00,-1,-0.00016675,1.298,0.598,0.000,0,0.513,0.00239,1.43,17.53,437,0,10,0,BAR_TICK,0.00,3965.89,3974.18
2026.05.04 11:00,-1,-0.00011013,1.811,1.709,0.000,0,0.547,0.00244,0.93,17.53,438,0,10,0,BAR_TICK,0.00,3965.89,3972.07
2026.05.04 12:00,-1,-0.00010388,0.200,1.208,0.000,0,0.546,0.00252,1.24,17.53,439,0,10,0,BAR_TICK,0.00,3965.89,3974.46
2026.05.04 13:00,-1,-0.00009176,0.388,0.896,0.000,0,0.547,0.00255,0.49,17.53,440,0,10,0,BAR_TICK,0.00,3965.89,3974.09
2026.05.04 14:00,-1,-0.00005362,1.220,1.416,0.000,0,0.580,0.00272,1.57,17.53,441,0,10,0,BAR_TICK,0.00,3965.89,3972.16
2026.05.04 15:00,-1,-0.00001338,1.287,2.003,0.000,0,0.581,0.00262,0.79,17.53,442,0,10,0,BAR_TICK,0.00,3965.89,3971.10
2026.05.04 16:00,-1,-0.00000327,0.324,1.626,0.000,0,0.603,0.00235,0.61,17.53,443,0,10,0,BAR_TICK,0.00,3965.89,3971.93
2026.05.04 17:00,-1,0.00002997,1.063,1.989,0.000,0,0.608,0.00239,1.15,17.53,444,0,10,0,BAR_TICK,0.00,3965.89,3970.14
2026.05.04 18:00,-1,0.00004255,0.402,1.692,0.000,0,0.635,0.00242,0.88,17.53,445,0,10,0,BAR_TICK,0.00,3965.89,3970.54
2026.05.04 19:00,-1,0.00008650,1.406,2.398,0.000,0,0.618,0.00247,1.44,17.53,446,0,10,0,BAR_TICK,0.00,3965.89,3967.84
2026.05.04 20:00,-1,0.00011501,0.912,2.610,0.000,0,0.613,0.00246,0.78,17.53,447,0,10,0,BAR_TICK,0.00,3965.89,3967.69
2026.05.04 21:00,-1,0.00011423,-0.025,1.885,0.000,0,0.577,0.00235,0.69,17.53,448,0,10,0,BAR_TICK,0.00,3965.89,3968.64
2026.05.04 22:00,-1,0.00010912,-0.163,1.021,0.000,0,0.613,0.00233,0.48,17.53,449,0,10,0,BAR_TICK,0.00,3965.89,3968.44
2026.05.04 23:00,-1,0.00010282,-0.202,0.120,0.000,0,0.605,0.00230,0.53,17.53,450,0,10,0,BAR_TICK,0.00,3965.89,3968.61
2026.05.05 00:00,-1,0.00008834,-0.463,0.000,0.000,0,0.602,0.00215,0.64,16.02,451,0,10,0,BAR_TICK,0.00,3965.89,3968.26
2026.05.05 01:00,-1,0.00007077,-0.562,0.000,0.000,0,0.585,0.00210,0.76,16.02,452,0,10,0,BAR_TICK,0.00,3965.89,3968.13
2026.05.05 02:00,-1,0.00007473,0.126,0.000,0.000,0,0.612,0.00199,0.80,16.02,453,0,10,0,BAR_TICK,0.00,3965.89,3968.34
2026.05.05 03:00,-1,0.00007653,0.058,0.000,0.000,0,0.640,0.00195,0.35,16.02,454,0,10,0,BAR_TICK,0.00,3965.89,3968.16
2026.05.05 04:00,-1,0.00010783,1.001,0.301,0.000,0,0.636,0.00186,1.57,16.02,455,0,10,0,BAR_TICK,0.00,3965.89,3965.88
2026.05.05 05:00,-1,0.00011940,0.370,0.000,0.000,0,0.640,0.00178,0.59,16.02,456,0,10,0,BAR_TICK,0.00,3965.89,3966.18
2026.05.05 06:00,-1,0.00011006,-0.299,0.000,0.000,0,0.640,0.00179,0.84,16.02,457,0,10,0,BAR_TICK,0.00,3965.89,3967.10
2026.05.05 07:00,-1,0.00010102,-0.289,0.000,0.000,0,0.655,0.00169,0.80,16.02,458,0,10,0,BAR_TICK,0.00,3965.89,3967.05
2026.05.05 08:00,-1,0.00011387,0.411,0.000,0.000,0,0.652,0.00179,1.99,16.02,459,0,10,0,BAR_TICK,0.00,3965.89,3965.48
2026.05.05 09:00,-1,0.00007516,-1.238,0.000,-0.538,0,0.650,0.00184,2.34,16.02,460,0,10,0,BAR_TICK,0.00,3965.89,3968.62
2026.05.05 10:00,-1,0.00003906,-1.155,0.000,-0.993,0,0.676,0.00185,1.11,16.02,461,0,10,0,BAR_TICK,0.00,3965.89,3969.29
2026.05.05 11:00,-1,0.00003589,-0.101,0.000,-0.394,0,0.671,0.00193,1.39,16.02,462,0,10,0,BAR_TICK,0.00,3965.89,3967.96
2026.05.05 12:00,-1,0.00001391,-0.703,0.000,-0.397,0,0.691,0.00202,1.21,16.02,463,0,10,0,BAR_TICK,0.00,3965.89,3969.27
2026.05.05 13:00,-1,-0.00002112,-1.120,0.000,-0.818,0,0.691,0.00208,0.97,16.02,464,0,10,0,BAR_TICK,0.00,3965.89,3970.72
2026.05.05 14:00,-1,-0.00002380,-0.086,0.000,-0.203,0,0.700,0.00220,1.36,16.02,465,0,10,0,BAR_TICK,0.00,3965.89,3969.56
2026.05.05 15:00,-1,-0.00003648,-0.406,0.000,0.000,0,0.703,0.00224,0.99,16.02,466,0,10,0,BAR_TICK,0.00,3965.89,3970.44
2026.05.05 16:00,-1,-0.00004479,-0.266,0.000,0.000,0,0.682,0.00232,1.18,16.02,467,0,10,0,BAR_TICK,0.00,3965.89,3970.48
2026.05.05 17:00,-1,-0.00004392,0.028,0.000,0.000,0,0.677,0.00249,1.19,16.02,468,0,10,0,BAR_TICK,0.00,3965.89,3970.16
2026.05.05 18:00,-1,-0.00006022,-0.522,0.000,0.000,0,0.682,0.00252,1.35,16.02,469,0,10,0,BAR_TICK,0.00,3965.89,3971.49
2026.05.05 19:00,-1,-0.00008222,-0.704,0.000,-0.004,0,0.681,0.00265,1.07,16.02,470,0,10,0,BAR_TICK,0.00,3965.89,3972.57
2026.05.05 20:00,-1,-0.00008368,-0.047,0.000,0.000,0,0.676,0.00264,0.54,16.02,471,0,10,0,BAR_TICK,0.00,3965.89,3971.92
2026.05.05 21:00,-1,-0.00009386,-0.326,0.000,0.000,0,0.638,0.00267,0.66,16.02,472,0,10,0,BAR_TICK,0.00,3965.89,3972.78
2026.05.05 22:00,-1,-0.00009227,0.051,0.000,0.000,0,0.651,0.00250,0.46,16.02,473,0,10,0,BAR_TICK,0.00,3965.89,3972.43
2026.05.05 23:00,-1,-0.00009072,0.050,0.000,0.000,0,0.642,0.00224,0.30,16.02,474,0,10,0,BAR_TICK,0.00,3965.89,3972.56
2026.05.06 00:10,-1,-0.00009092,-0.006,0.000,0.000,0,0.653,0.00214,0.31,13.99,475,0,10,0,BAR_TICK,0.00,3965.89,3972.39
2026.05.06 01:00,-1,-0.00005608,1.114,0.414,0.000,0,0.667,0.00248,3.00,13.99,476,0,10,0,BAR_TICK,0.00,3965.89,3971.69
2026.05.06 02:00,-1,-0.00007155,-0.495,0.000,0.000,0,0.639,0.00253,0.79,13.99,477,0,10,0,BAR_TICK,0.00,3965.89,3973.16
2026.05.06 03:00,-1,-0.00008348,-0.382,0.000,0.000,0,0.672,0.00267,1.50,13.99,478,0,10,0,BAR_TICK,0.00,3965.89,3973.59
2026.05.06 04:00,-1,-0.00017023,-2.775,0.000,-2.075,0,0.683,0.00288,2.05,13.99,479,0,10,0,BAR_TICK,0.00,3965.89,3979.54
2026.05.06 05:00,-1,-0.00025791,-2.804,0.000,-4.179,0,0.690,0.00301,1.33,13.99,480,0,10,0,BAR_TICK,0.00,3965.89,3982.47
2026.05.06 06:00,-1,-0.00032516,-2.151,0.000,-5.630,0,0.684,0.00299,0.83,13.99,481,0,10,0,BAR_TICK,0.00,3965.89,3983.92
2026.05.06 07:00,-1,-0.00036953,-1.419,0.000,-6.349,0,0.658,0.00303,1.16,13.99,482,0,10,0,BAR_TICK,0.00,3965.89,3985.00
2026.05.06 08:00,-1,-0.00042418,-1.748,0.000,0.000,-1,0.695,0.00308,1.32,13.99,483,0,10,0,BAR_TICK,0.00,3965.89,3987.77
2026.05.06 09:00,-1,-0.00043948,-0.605,0.000,0.000,0,0.733,0.00308,0.93,13.99,484,0,10,0,BAR_TICK,0.00,3965.89,3988.08
2026.05.06 10:00,-1,-0.00044964,-0.433,0.000,0.000,0,0.695,0.00319,0.91,13.99,485,0,10,0,BAR_TICK,0.00,3965.89,3989.79
2026.05.06 11:00,-1,-0.00043816,0.433,0.000,0.000,0,0.694,0.00333,1.15,13.99,486,0,10,0,BAR_TICK,0.00,3965.89,3988.88
2026.05.06 12:00,-1,-0.00043650,0.053,0.000,0.000,0,0.697,0.00356,1.23,13.99,487,0,10,0,BAR_TICK,0.00,3965.89,3990.33
2026.05.06 13:00,-1,-0.00041786,0.502,0.000,0.000,0,0.723,0.00369,0.66,13.99,488,0,10,0,BAR_TICK,0.00,3965.89,3989.94
2026.05.06 14:00,-1,-0.00044669,-0.679,0.000,0.000,0,0.722,0.00410,1.56,13.99,489,0,10,0,BAR_TICK,0.00,3965.89,3993.49
2026.05.06 15:00,-1,-0.00039045,0.988,0.288,0.000,0,0.724,0.00381,0.90,13.99,490,0,10,0,BAR_TICK,0.00,3965.89,3991.42
2026.05.06 16:00,-1,-0.00026422,1.860,1.447,0.000,0,0.707,0.00379,0.75,13.99,491,0,10,0,BAR_TICK,0.00,3965.89,3989.07
2026.05.06 17:00,-1,-0.00012170,1.992,2.739,0.000,0,0.677,0.00368,0.67,13.99,492,0,10,0,BAR_TICK,0.00,3965.89,3987.46
2026.05.06 18:00,-1,-0.00011326,0.121,2.160,0.000,0,0.672,0.00359,1.29,13.99,493,0,10,0,BAR_TICK,0.00,3965.89,3990.02
2026.05.06 19:00,-1,-0.00009438,0.290,1.750,0.000,0,0.649,0.00342,0.49,13.99,494,0,10,0,BAR_TICK,0.00,3965.89,3989.66
2026.05.06 20:00,-1,-0.00007530,0.319,1.369,0.000,0,0.629,0.00332,0.30,13.99,495,0,10,0,BAR_TICK,0.00,3965.89,3989.43
2026.05.06 21:00,-1,-0.00007021,0.093,0.762,0.000,0,0.638,0.00316,0.41,13.99,496,0,10,0,BAR_TICK,0.00,3965.89,3989.97
2026.05.06 22:00,-1,-0.00007854,-0.165,0.000,0.000,0,0.603,0.00296,0.44,13.99,497,0,10,0,BAR_TICK,0.00,3965.89,3990.47
2026.05.06 23:00,-1,-0.00007377,0.102,0.000,0.000,0,0.670,0.00286,0.51,13.99,498,0,10,0,BAR_TICK,0.00,3965.89,3990.33
2026.05.07 00:00,-1,-0.00006909,0.107,0.000,0.000,0,0.670,0.00271,0.28,16.09,499,0,10,0,BAR_TICK,0.00,3965.89,3989.85
2026.05.07 01:00,-1,-0.00008044,-0.275,0.000,0.000,0,0.693,0.00260,0.88,16.09,500,0,10,0,BAR_TICK,0.00,3965.89,3989.24
2026.05.07 02:00,-1,-0.00006892,0.293,0.000,0.000,0,0.715,0.00239,0.56,16.09,501,0,10,0,BAR_TICK,0.00,3965.89,3990.22
2026.05.07 03:00,-1,-0.00004815,0.549,0.000,0.000,0,0.726,0.00231,0.55,16.09,502,0,10,0,BAR_TICK,0.00,3965.89,3989.64
2026.05.07 04:00,-1,-0.00003983,0.228,0.000,0.000,0,0.763,0.00197,0.83,16.09,503,0,10,0,BAR_TICK,0.00,3965.89,3990.04
2026.05.07 05:00,-1,-0.00004546,-0.158,0.000,0.000,0,0.767,0.00195,1.59,16.09,504,0,10,0,BAR_TICK,0.00,3965.89,3990.86
2026.05.07 06:00,-1,-0.00004264,0.081,0.000,0.000,0,0.767,0.00186,0.90,16.09,505,0,10,0,BAR_TICK,0.00,3965.89,3990.55
2026.05.07 07:00,-1,-0.00005138,-0.257,0.000,0.000,0,0.791,0.00179,0.83,16.09,506,0,10,0,BAR_TICK,0.00,3965.89,3991.26
2026.05.07 08:00,-1,-0.00006199,-0.316,0.000,0.000,0,0.761,0.00154,0.75,16.09,507,0,10,0,BAR_TICK,0.00,3965.89,3991.86
2026.05.07 09:00,-1,-0.00006232,-0.010,0.000,0.000,0,0.763,0.00152,0.92,16.09,508,0,10,0,BAR_TICK,0.00,3965.89,3991.58
2026.05.07 10:00,-1,-0.00004575,0.506,0.000,0.000,0,0.744,0.00161,1.41,16.09,509,0,10,0,BAR_TICK,0.00,3965.89,3990.53
2026.05.07 11:00,-1,-0.00007091,-0.775,0.000,-0.075,0,0.748,0.00179,2.08,16.09,510,0,10,0,BAR_TICK,0.00,3965.89,3993.07
2026.05.07 12:00,-1,-0.00008347,-0.389,0.000,0.000,0,0.749,0.00183,1.00,16.09,511,0,10,0,BAR_TICK,0.00,3965.89,3993.10
2026.05.07 13:00,-1,-0.00010584,-0.697,0.000,0.000,0,0.747,0.00194,1.59,16.09,512,0,10,0,BAR_TICK,0.00,3965.89,3994.25
2026.05.07 14:00,-1,-0.00012943,-0.739,0.000,-0.039,0,0.716,0.00204,1.05,16.09,513,0,10,0,BAR_TICK,0.00,3965.89,3995.06
2026.05.07 15:00,-1,-0.00014740,-0.565,0.000,0.000,0,0.699,0.00205,1.17,16.09,514,0,10,0,BAR_TICK,0.00,3965.89,3995.77
2026.05.07 16:00,-1,-0.00012904,0.579,0.000,0.000,0,0.705,0.00211,1.13,16.09,515,0,10,0,BAR_TICK,0.00,3965.89,3994.03
2026.05.07 17:00,-1,-0.00010613,0.725,0.025,0.000,0,0.715,0.00220,1.14,16.09,516,0,10,0,BAR_TICK,0.00,3965.89,3993.47
2026.05.07 18:00,-1,-0.00007670,0.933,0.257,0.000,0,0.684,0.00228,1.22,16.09,517,0,10,0,BAR_TICK,0.00,3965.89,3992.74
2026.05.07 19:00,-1,-0.00002308,1.702,1.259,0.000,0,0.716,0.00229,1.40,16.09,518,0,10,0,BAR_TICK,0.00,3965.89,3990.22
2026.05.07 20:00,-1,-0.00001219,0.346,0.905,0.000,0,0.698,0.00236,1.18,16.09,519,0,10,0,BAR_TICK,0.00,3965.89,3991.96
2026.05.07 21:00,-1,-0.00000636,0.186,0.391,0.000,0,0.727,0.00242,0.95,16.09,520,0,10,0,BAR_TICK,0.00,3965.89,3991.98
2026.05.07 22:00,-1,0.00000385,0.325,0.017,0.000,0,0.738,0.00248,0.79,16.09,521,0,10,0,BAR_TICK,0.00,3965.89,3991.52
2026.05.07 23:00,-1,0.00002272,0.601,0.000,0.000,0,0.697,0.00251,0.71,16.09,522,0,10,0,BAR_TICK,0.00,3965.89,3990.57
2026.05.08 00:18,-1,0.00002380,0.035,0.000,0.000,0,0.729,0.00247,0.73,18.55,523,0,10,0,BAR_TICK,0.00,3965.89,3990.68
2026.05.08 01:00,-1,0.00002088,-0.093,0.000,0.000,0,0.737,0.00228,0.35,18.55,524,0,10,0,BAR_TICK,0.00,3965.89,3989.79
2026.05.08 02:00,-1,0.00004039,0.623,0.000,0.000,0,0.705,0.00233,1.00,18.55,525,0,10,0,BAR_TICK,0.00,3965.89,3989.86
2026.05.08 03:00,-1,0.00004821,0.250,0.000,0.000,0,0.733,0.00219,0.55,18.55,526,0,10,0,BAR_TICK,0.00,3965.89,3990.01
2026.05.08 04:00,-1,0.00004393,-0.137,0.000,0.000,0,0.726,0.00220,1.01,18.55,527,0,10,0,BAR_TICK,0.00,3965.89,3990.70
2026.05.08 05:00,-1,0.00005470,0.344,0.000,0.000,0,0.781,0.00219,1.00,18.55,528,0,10,0,BAR_TICK,0.00,3965.89,3989.61
2026.05.08 06:00,-1,0.00006254,0.251,0.000,0.000,0,0.761,0.00216,0.93,18.55,529,0,10,0,BAR_TICK,0.00,3965.89,3989.40
2026.05.08 07:00,-1,0.00004222,-0.649,0.000,0.000,0,0.755,0.00217,1.23,18.55,530,0,10,0,BAR_TICK,0.00,3965.89,3990.93
2026.05.08 08:00,-1,0.00003379,-0.269,0.000,0.000,0,0.770,0.00212,0.95,18.55,531,0,10,0,BAR_TICK,0.00,3965.89,3990.55
2026.05.08 09:00,-1,0.00003127,-0.081,0.000,0.000,0,0.750,0.00200,0.79,18.55,532,0,10,0,BAR_TICK,0.00,3965.89,3990.41
2026.05.08 10:00,-1,0.00002622,-0.162,0.000,0.000,0,0.736,0.00191,0.82,18.55,533,0,10,0,BAR_TICK,0.00,3965.89,3990.60
2026.05.08 11:00,-1,0.00002232,-0.125,0.000,0.000,0,0.697,0.00185,0.76,18.55,534,0,10,0,BAR_TICK,0.00,3965.89,3990.60
2026.05.08 12:00,-1,0.00003400,0.373,0.000,0.000,0,0.695,0.00189,1.36,18.55,535,0,10,0,BAR_TICK,0.00,3965.89,3989.50
2026.05.08 13:00,-1,0.00004095,0.222,0.000,0.000,0,0.718,0.00192,1.08,18.55,536,0,10,0,BAR_TICK,0.00,3965.89,3989.42
2026.05.08 14:00,-1,0.00000914,-1.017,0.000,-0.317,0,0.644,0.00199,1.40,18.55,537,0,10,0,BAR_TICK,0.00,3965.89,3991.82
2026.05.08 15:00,-1,0.00003162,0.719,0.019,0.000,0,0.702,0.00219,1.76,18.55,538,0,10,0,BAR_TICK,0.00,3965.89,3988.97
2026.05.08 16:00,-1,0.00005570,0.770,0.089,0.000,0,0.684,0.00224,1.41,18.55,539,0,10,0,BAR_TICK,0.00,3965.89,3988.06
2026.05.08 17:00,-1,0.00007856,0.731,0.120,0.000,0,0.675,0.00238,1.34,18.55,540,0,10,0,BAR_TICK,0.00,3965.89,3987.32
2026.05.08 18:00,-1,0.00011622,1.204,0.625,0.000,0,0.657,0.00241,1.11,18.55,541,0,10,0,BAR_TICK,0.00,3965.89,3985.54
2026.05.08 19:00,-1,0.00012362,0.237,0.161,0.000,0,0.628,0.00238,0.72,18.55,542,0,10,0,BAR_TICK,0.00,3965.89,3986.41
2026.05.08 20:00,-1,0.00011277,-0.347,0.000,0.000,0,0.658,0.00236,0.74,18.55,543,0,10,0,BAR_TICK,0.00,3965.89,3987.02
2026.05.08 21:00,-1,0.00009923,-0.433,0.000,0.000,0,0.635,0.00226,0.58,18.55,544,0,10,0,BAR_TICK,0.00,3965.89,3987.45
2026.05.08 22:00,-1,0.00009376,-0.175,0.000,0.000,0,0.679,0.00220,0.53,18.55,545,0,10,0,BAR_TICK,0.00,3965.89,3986.90
2026.05.08 23:00,-1,0.00008324,-0.336,0.000,0.000,0,0.700,0.00217,0.54,18.55,546,0,10,0,BAR_TICK,0.00,3965.89,3987.12
2026.05.11 01:01,-1,0.00006131,-0.701,0.000,-0.001,0,0.684,0.00221,0.96,17.37,547,0,10,0,BAR_TICK,0.00,3965.89,3990.00
2026.05.11 02:00,-1,0.00003557,-0.823,0.000,-0.125,0,0.710,0.00235,1.37,17.37,548,0,10,0,BAR_TICK,0.00,3965.89,3988.91
2026.05.11 03:00,-1,0.00003445,-0.036,0.000,0.000,0,0.748,0.00226,0.60,17.37,549,0,10,0,BAR_TICK,0.00,3965.89,3987.72
2026.05.11 04:00,-1,0.00000727,-0.869,0.000,-0.169,0,0.725,0.00233,1.29,17.37,550,0,10,0,BAR_TICK,0.00,3965.89,3989.47
2026.05.11 05:00,-1,0.00000843,0.037,0.000,0.000,0,0.731,0.00228,0.95,17.37,551,0,10,0,BAR_TICK,0.00,3965.89,3988.38
2026.05.11 06:00,-1,0.00002654,0.579,0.000,0.000,0,0.732,0.00214,0.88,17.37,552,0,10,0,BAR_TICK,0.00,3965.89,3986.97
2026.05.11 07:00,-1,0.00003733,0.345,0.000,0.000,0,0.706,0.00199,0.52,17.37,553,0,10,0,BAR_TICK,0.00,3965.89,3986.98
2026.05.11 08:00,-1,0.00004687,0.305,0.000,0.000,0,0.682,0.00185,0.67,17.37,554,0,10,0,BAR_TICK,0.00,3965.89,3986.61
2026.05.11 09:00,-1,0.00005561,0.280,0.000,0.000,0,0.660,0.00176,0.81,17.37,555,0,10,0,BAR_TICK,0.00,3965.89,3986.45
2026.05.11 10:00,-1,0.00004523,-0.332,0.000,0.000,0,0.688,0.00182,1.37,17.37,556,0,10,0,BAR_TICK,0.00,3965.89,3987.46
2026.05.11 11:00,-1,0.00005321,0.255,0.000,0.000,0,0.682,0.00187,1.29,17.37,557,0,10,0,BAR_TICK,0.00,3965.89,3986.22
2026.05.11 12:00,-1,0.00006699,0.440,0.000,0.000,0,0.662,0.00197,1.38,17.37,558,0,10,0,BAR_TICK,0.00,3965.89,3985.45
2026.05.11 13:00,-1,0.00008045,0.431,0.000,0.000,0,0.655,0.00198,0.65,17.37,559,0,10,0,BAR_TICK,0.00,3965.89,3984.86
2026.05.11 14:00,-1,0.00004212,-1.226,0.000,-0.526,0,0.689,0.00223,2.09,17.37,560,0,10,0,BAR_TICK,0.00,3965.89,3988.09
2026.05.11 15:00,-1,0.00005449,0.396,0.000,0.000,0,0.736,0.00231,1.43,17.37,561,0,10,0,BAR_TICK,0.00,3965.89,3985.47
2026.05.11 16:00,-1,0.00005615,0.053,0.000,0.000,0,0.721,0.00217,0.63,17.37,562,0,10,0,BAR_TICK,0.00,3965.89,3985.77
2026.05.11 17:00,-1,0.00004400,-0.389,0.000,0.000,0,0.744,0.00223,1.01,17.37,563,0,10,0,BAR_TICK,0.00,3965.89,3986.46
2026.05.11 18:00,-1,0.00004604,0.065,0.000,0.000,0,0.717,0.00221,1.24,17.37,564,0,10,0,BAR_TICK,0.00,3965.89,3985.89
2026.05.11 19:00,-1,0.00005210,0.194,0.000,0.000,0,0.698,0.00216,0.65,17.37,565,0,10,0,BAR_TICK,0.00,3965.89,3985.32
2026.05.11 20:00,-1,0.00005830,0.198,0.000,0.000,0,0.724,0.00215,0.85,17.37,566,0,10,0,BAR_TICK,0.00,3965.89,3984.97
2026.05.11 21:00,-1,0.00005766,-0.021,0.000,0.000,0,0.716,0.00218,0.62,17.37,567,0,10,0,BAR_TICK,0.00,3965.89,3985.24
2026.05.11 22:00,-1,0.00003790,-0.632,0.000,0.000,0,0.735,0.00221,0.79,17.37,568,0,10,0,BAR_TICK,0.00,3965.89,3986.49
2026.05.11 23:00,-1,-0.00000415,-1.345,0.000,-0.645,0,0.721,0.00228,1.00,17.37,569,0,10,0,BAR_TICK,0.00,3965.89,3988.50
2026.05.12 00:12,-1,-0.00005975,-1.778,0.000,-1.723,0,0.706,0.00229,1.19,15.79,570,0,10,0,BAR_TICK,0.00,3965.89,3988.04
2026.05.12 01:00,-1,-0.00010507,-1.449,0.000,-2.473,0,0.708,0.00235,1.37,15.79,571,0,10,0,BAR_TICK,0.00,3965.89,3990.74
2026.05.12 02:00,-1,-0.00013218,-0.867,0.000,-2.640,0,0.663,0.00227,0.70,15.79,572,0,10,0,BAR_TICK,0.00,3965.89,3992.00
2026.05.12 03:00,-1,-0.00014531,-0.420,0.000,-2.360,0,0.653,0.00225,0.41,15.79,573,0,10,0,BAR_TICK,0.00,3965.89,3991.92
2026.05.12 04:00,-1,-0.00012386,0.686,0.000,-0.974,0,0.648,0.00205,0.95,15.79,574,0,10,0,BAR_TICK,0.00,3965.89,3990.11
2026.05.12 05:00,-1,-0.00011310,0.344,0.000,0.000,0,0.633,0.00193,0.86,15.79,575,0,10,0,BAR_TICK,0.00,3965.89,3990.67
2026.05.12 06:00,-1,-0.00012743,-0.458,0.000,0.000,0,0.664,0.00204,1.37,15.79,576,0,10,0,BAR_TICK,0.00,3965.89,3992.40
2026.05.12 07:00,-1,-0.00011584,0.371,0.000,0.000,0,0.634,0.00196,0.61,15.79,577,0,10,0,BAR_TICK,0.00,3965.89,3991.23
2026.05.12 08:00,-1,-0.00011595,-0.003,0.000,0.000,0,0.659,0.00188,0.89,15.79,578,0,10,0,BAR_TICK,0.00,3965.89,3992.03
2026.05.12 09:00,-1,-0.00013479,-0.603,0.000,0.000,0,0.616,0.00196,1.26,15.79,579,0,10,0,BAR_TICK,0.00,3965.89,3993.51
2026.05.12 10:00,-1,-0.00013651,-0.055,0.000,0.000,0,0.587,0.00194,0.83,15.79,580,0,10,0,BAR_TICK,0.00,3965.89,3993.21
2026.05.12 11:00,-1,-0.00021117,-2.388,0.000,-1.688,0,0.554,0.00234,2.95,15.79,581,0,10,0,BAR_TICK,0.00,3965.89,3998.75
2026.05.12 12:00,-1,-0.00022050,-0.298,0.000,-1.286,0,0.493,0.00250,1.58,15.79,582,0,10,0,BAR_TICK,0.00,3965.89,3996.71
2026.05.12 13:00,-1,-0.00021977,0.023,0.000,-0.563,0,0.477,0.00251,0.96,15.79,583,0,10,0,BAR_TICK,0.00,3965.89,3996.84
2026.05.12 14:00,-1,-0.00022778,-0.256,0.000,-0.119,0,0.442,0.00250,1.03,15.79,584,0,10,0,BAR_TICK,0.00,3965.89,3997.83
2026.05.12 15:00,-1,-0.00023843,-0.341,0.000,0.000,0,0.507,0.00244,1.00,15.79,585,0,10,0,BAR_TICK,0.00,3965.89,3998.76
2026.05.12 16:00,-1,-0.00025697,-0.593,0.000,0.000,0,0.526,0.00251,1.03,15.79,586,0,10,0,BAR_TICK,0.00,3965.89,4000.25
2026.05.12 17:00,-1,-0.00024470,0.392,0.000,0.000,0,0.525,0.00262,0.94,15.79,587,0,10,0,BAR_TICK,0.00,3965.89,3999.03
2026.05.12 18:00,-1,-0.00021676,0.894,0.194,0.000,0,0.541,0.00271,1.17,15.79,588,0,10,0,BAR_TICK,0.00,3965.89,3998.25
2026.05.12 19:00,-1,-0.00016757,1.573,1.067,0.000,0,0.619,0.00281,1.12,15.79,589,0,10,0,BAR_TICK,0.00,3965.89,3996.48
2026.05.12 20:00,-1,-0.00012614,1.325,1.692,0.000,0,0.583,0.00278,0.83,15.79,590,0,10,0,BAR_TICK,0.00,3965.89,3996.05
2026.05.12 21:00,-1,-0.00012635,-0.007,0.985,0.000,0,0.608,0.00285,0.78,15.79,591,0,10,0,BAR_TICK,0.00,3965.89,3998.04
2026.05.12 22:00,-1,-0.00013385,-0.240,0.046,0.000,0,0.602,0.00285,0.58,15.79,592,0,10,0,BAR_TICK,0.00,3965.89,3998.72
2026.05.12 23:00,-1,-0.00012634,0.240,0.000,0.000,0,0.583,0.00276,0.43,15.79,593,0,10,0,BAR_TICK,0.00,3965.89,3998.20
2026.05.13 00:00,-1,-0.00011408,0.392,0.000,0.000,0,0.546,0.00273,0.47,17.97,594,0,10,0,BAR_TICK,0.00,3965.89,3997.65
2026.05.13 01:00,-1,-0.00009555,0.593,0.000,0.000,0,0.547,0.00243,1.07,17.97,595,0,10,0,BAR_TICK,0.00,3965.89,3996.08
2026.05.13 02:00,-1,-0.00008947,0.195,0.000,0.000,0,0.601,0.00222,0.47,17.97,596,0,10,0,BAR_TICK,0.00,3965.89,3998.06
2026.05.13 03:00,-1,-0.00008785,0.052,0.000,0.000,0,0.578,0.00211,0.39,17.97,597,0,10,0,BAR_TICK,0.00,3965.89,3998.43
2026.05.13 04:00,-1,-0.00010267,-0.474,0.000,0.000,0,0.533,0.00206,0.93,17.97,598,0,10,0,BAR_TICK,0.00,3965.89,3999.78
2026.05.13 05:00,-1,-0.00013641,-1.079,0.000,-0.379,0,0.519,0.00208,1.34,17.97,599,0,10,0,BAR_TICK,0.00,3965.89,4001.74
2026.05.13 06:00,-1,-0.00014269,-0.201,0.000,0.000,0,0.553,0.00198,0.56,17.97,600,0,10,0,BAR_TICK,0.00,3965.89,4000.94
2026.05.13 07:00,-1,-0.00006750,2.405,1.705,0.000,0,0.617,0.00233,3.17,17.97,601,0,10,0,BAR_TICK,0.00,3965.89,3995.72
2026.05.13 08:00,-1,0.00000558,2.337,3.342,0.000,0,0.586,0.00228,1.09,17.97,602,0,10,0,BAR_TICK,0.00,3965.89,3994.03
2026.05.13 09:00,-1,0.00006447,1.884,4.526,0.000,0,0.616,0.00220,0.94,17.97,603,0,10,0,BAR_TICK,0.00,3965.89,3992.98
2026.05.13 10:00,-1,0.00007605,0.370,4.196,0.000,0,0.572,0.00218,0.90,17.97,604,0,10,0,BAR_TICK,0.00,3965.89,3994.44
2026.05.13 11:00,-1,0.00009706,0.672,4.168,0.000,0,0.565,0.00217,0.98,17.97,605,0,10,0,BAR_TICK,0.00,3965.89,3993.40
2026.05.13 12:00,-1,0.00012521,0.900,4.369,0.000,0,0.589,0.00229,1.42,17.97,606,0,10,0,BAR_TICK,0.00,3965.89,3991.86
2026.05.13 13:00,-1,0.00012176,-0.110,3.558,0.000,0,0.583,0.00238,1.03,17.97,607,0,10,0,BAR_TICK,0.00,3965.89,3993.24
2026.05.13 14:00,-1,0.00008510,-1.172,1.686,-0.472,0,0.624,0.00252,1.28,17.97,608,0,10,0,BAR_TICK,0.00,3965.89,3995.37
2026.05.13 15:00,-1,0.00005755,-0.881,0.105,-0.654,0,0.615,0.00251,0.98,17.97,609,0,10,0,BAR_TICK,0.00,3965.89,3995.50
2026.05.13 16:00,-1,0.00004173,-0.506,0.000,-0.460,0,0.651,0.00256,0.72,17.97,610,0,10,0,BAR_TICK,0.00,3965.89,3995.42
2026.05.13 17:00,-1,0.00007288,0.997,0.297,0.000,0,0.592,0.00281,1.53,17.97,611,0,10,0,BAR_TICK,0.00,3965.89,3992.38
2026.05.13 18:00,-1,0.00006983,-0.098,0.000,0.000,0,0.508,0.00291,1.12,17.97,612,0,10,0,BAR_TICK,0.00,3965.89,3993.79
2026.05.13 19:00,-1,0.00004662,-0.743,0.000,-0.043,0,0.522,0.00289,0.86,17.97,613,0,10,0,BAR_TICK,0.00,3965.89,3995.09
2026.05.13 20:00,-1,0.00001969,-0.861,0.000,-0.204,0,0.535,0.00292,0.54,17.97,614,0,10,0,BAR_TICK,0.00,3965.89,3995.98
2026.05.13 21:00,-1,0.00001911,-0.018,0.000,0.000,0,0.519,0.00252,0.70,17.97,615,0,10,0,BAR_TICK,0.00,3965.89,3994.66
2026.05.13 22:00,-1,0.00002969,0.338,0.000,0.000,0,0.537,0.00246,0.69,17.97,616,0,10,0,BAR_TICK,0.00,3965.89,3993.92
2026.05.13 23:00,-1,0.00003232,0.084,0.000,0.000,0,0.526,0.00239,0.44,17.97,617,0,10,0,BAR_TICK,0.00,3965.89,3994.00
2026.05.14 00:00,-1,0.00002696,-0.171,0.000,0.000,0,0.514,0.00234,0.56,20.21,618,0,10,0,BAR_TICK,0.00,3965.89,3994.21
2026.05.14 01:00,-1,0.00002328,-0.118,0.000,0.000,0,0.480,0.00226,0.46,20.21,619,0,10,0,BAR_TICK,0.00,3965.89,3993.52
2026.05.14 02:00,-1,0.00002706,0.121,0.000,0.000,0,0.520,0.00213,0.67,20.21,620,0,10,0,BAR_TICK,0.00,3965.89,3993.95
2026.05.14 03:00,-1,0.00005801,0.990,0.290,0.000,0,0.508,0.00214,1.19,20.21,621,0,10,0,BAR_TICK,0.00,3965.89,3991.95
2026.05.14 04:00,-1,0.00007541,0.557,0.146,0.000,0,0.510,0.00204,0.86,20.21,622,0,10,0,BAR_TICK,0.00,3965.89,3991.84
2026.05.14 05:00,-1,0.00008534,0.318,0.000,0.000,0,0.525,0.00199,0.91,20.21,623,0,10,0,BAR_TICK,0.00,3965.89,3991.79
2026.05.14 06:00,-1,0.00008045,-0.156,0.000,0.000,0,0.488,0.00198,0.88,20.21,624,0,10,0,BAR_TICK,0.00,3965.89,3992.31
2026.05.14 07:00,-1,0.00009923,0.601,0.000,0.000,0,0.504,0.00181,1.06,20.21,625,0,10,0,BAR_TICK,0.00,3965.89,3990.59
2026.05.14 08:00,-1,0.00008083,-0.588,0.000,0.000,0,0.542,0.00176,1.45,20.21,626,0,10,0,BAR_TICK,0.00,3965.89,3992.40
2026.05.14 09:00,-1,0.00003492,-1.468,0.000,-0.768,0,0.538,0.00183,1.85,20.21,627,0,10,0,BAR_TICK,0.00,3965.89,3994.24
2026.05.14 10:00,-1,-0.00000196,-1.180,0.000,-1.248,0,0.541,0.00186,1.12,20.21,628,0,10,0,BAR_TICK,0.00,3965.89,3995.32
2026.05.14 11:00,-1,-0.00001603,-0.450,0.000,-0.998,0,0.522,0.00188,1.04,20.21,629,0,10,0,BAR_TICK,0.00,3965.89,3994.72
2026.05.14 12:00,-1,-0.00004724,-0.998,0.000,-1.296,0,0.527,0.00191,1.14,20.21,630,0,10,0,BAR_TICK,0.00,3965.89,3996.39
2026.05.14 13:00,-1,-0.00006473,-0.559,0.000,-1.156,0,0.581,0.00198,1.04,20.21,631,0,10,0,BAR_TICK,0.00,3965.89,3996.39
2026.05.14 14:00,-1,-0.00005549,0.296,0.000,-0.160,0,0.546,0.00205,1.11,20.21,632,0,10,0,BAR_TICK,0.00,3965.89,3995.15
2026.05.14 15:00,-1,-0.00005966,-0.134,0.000,0.000,0,0.537,0.00219,1.35,20.21,633,0,10,0,BAR_TICK,0.00,3965.89,3995.99
2026.05.14 16:00,-1,-0.00003593,0.759,0.059,0.000,0,0.532,0.00225,1.01,20.21,634,0,10,0,BAR_TICK,0.00,3965.89,3994.30
2026.05.14 17:00,-1,0.00000277,1.238,0.597,0.000,0,0.528,0.00222,0.97,20.21,635,0,10,0,BAR_TICK,0.00,3965.89,3992.57
2026.05.14 18:00,-1,-0.00002050,-0.744,0.000,-0.044,0,0.565,0.00236,1.55,20.21,636,0,10,0,BAR_TICK,0.00,3965.89,3995.82
2026.05.14 19:00,-1,-0.00004587,-0.812,0.000,-0.156,0,0.541,0.00238,0.87,20.21,637,0,10,0,BAR_TICK,0.00,3965.89,3996.82
2026.05.14 20:00,-1,-0.00012459,-2.518,0.000,-1.973,0,0.515,0.00266,2.15,20.21,638,0,10,0,BAR_TICK,0.00,3965.89,4001.35
2026.05.14 21:00,-1,-0.00024163,-3.744,0.000,-5.017,0,0.512,0.00293,1.95,20.21,639,0,10,0,BAR_TICK,0.00,3965.89,4006.67
2026.05.14 22:00,-1,-0.00031805,-2.444,0.000,-6.761,0,0.511,0.00296,1.01,20.21,640,0,10,0,BAR_TICK,0.00,3965.89,4007.46
2026.05.14 23:00,-1,-0.00034060,-0.721,0.000,-6.783,0,0.569,0.00283,0.54,20.21,641,0,10,0,BAR_TICK,0.00,3965.89,4006.61
2026.05.15 00:01,-1,-0.00033426,0.203,0.000,-5.880,0,0.545,0.00279,0.55,23.35,642,0,10,0,BAR_TICK,0.00,3965.89,4008.30
2026.05.15 01:00,-1,-0.00032962,0.149,0.000,-5.031,0,0.560,0.00283,0.88,23.35,643,0,10,0,BAR_TICK,0.00,3965.89,4005.06
2026.05.15 02:00,-1,-0.00030380,0.826,0.126,-3.506,0,0.548,0.00277,0.49,23.35,644,0,10,0,BAR_TICK,0.00,3965.89,4005.58
2026.05.15 03:00,-1,-0.00025528,1.552,0.978,-1.254,0,0.517,0.00280,0.85,23.35,645,0,10,0,BAR_TICK,0.00,3965.89,4004.12
2026.05.15 04:00,-1,-0.00018417,2.275,2.552,0.000,0,0.561,0.00290,1.30,23.35,646,0,10,0,BAR_TICK,0.00,3965.89,4001.68
2026.05.15 05:00,-1,-0.00011638,2.168,4.020,0.000,0,0.550,0.00285,0.78,23.35,647,0,10,0,BAR_TICK,0.00,3965.89,4000.44
2026.05.15 06:00,-1,-0.00007225,1.411,4.732,0.000,0,0.575,0.00282,0.65,23.35,648,0,10,0,BAR_TICK,0.00,3965.89,4000.39
2026.05.15 07:00,-1,-0.00002888,1.387,5.419,0.000,0,0.603,0.00278,0.58,23.35,649,0,10,0,BAR_TICK,0.00,3965.89,3999.52
2026.05.15 08:00,-1,0.00002630,1.765,6.484,0.000,0,0.649,0.00269,0.91,23.35,650,0,10,0,BAR_TICK,0.00,3965.89,3997.55
2026.05.15 09:00,-1,0.00007500,1.558,0.000,0.000,1,0.617,0.00276,1.09,23.35,651,0,10,0,CLOSE_TREND_ON_REVERSAL,30.38,3996.27,3996.27
2026.05.15 09:00,1,0.00007500,1.558,0.000,0.000,1,0.617,0.00276,1.09,23.35,0,48,14,0,OPEN_TREND_AFTER_REVERSAL,0.00,3996.27,3996.01
2026.05.15 10:00,1,0.00011374,1.531,0.831,0.000,0,0.553,0.00266,1.62,23.35,1,47,14,0,BAR_TICK,0.00,3996.27,3998.28
2026.05.15 11:00,1,0.00014304,1.247,1.378,0.000,0,0.576,0.00246,1.16,23.35,2,46,14,0,BAR_TICK,0.00,3996.27,4000.44
2026.05.15 12:00,1,0.00015933,0.614,1.292,0.000,0,0.570,0.00236,0.69,23.35,3,45,14,0,BAR_TICK,0.00,3996.27,4001.22
2026.05.15 13:00,1,0.00018551,0.828,1.420,0.000,0,0.555,0.00251,1.46,23.35,4,44,14,0,BAR_TICK,0.00,3996.27,4003.35
2026.05.15 14:00,1,0.00018780,0.062,0.782,0.000,0,0.564,0.00256,0.88,23.35,5,43,14,0,BAR_TICK,0.00,3996.27,4003.09
2026.05.15 15:00,1,0.00021552,0.653,0.734,0.000,0,0.547,0.00264,1.38,23.35,6,42,14,0,BAR_TICK,0.00,3996.27,4005.35
2026.05.15 16:00,1,0.00019631,-0.337,0.000,0.000,0,0.568,0.00273,0.96,23.35,7,41,14,0,BAR_TICK,0.00,3996.27,4004.35
2026.05.15 17:00,1,0.00017705,-0.284,0.000,0.000,0,0.566,0.00270,0.72,23.35,8,40,14,0,BAR_TICK,0.00,3996.27,4004.55
2026.05.15 18:00,1,0.00008505,-1.286,0.000,-0.586,0,0.603,0.00268,1.28,23.35,9,39,14,0,BAR_TICK,0.00,3996.27,4002.31
2026.05.15 19:00,1,0.00002286,-0.892,0.000,-0.778,0,0.614,0.00274,1.13,23.35,10,38,14,0,BAR_TICK,0.00,3996.27,4002.08
2026.05.15 20:00,1,-0.00005463,-1.189,0.000,-1.267,0,0.619,0.00279,0.92,23.35,11,37,14,0,BAR_TICK,0.00,3996.27,4000.51
2026.05.15 21:00,1,-0.00011503,-1.009,0.000,-1.576,0,0.643,0.00278,0.54,23.35,12,36,14,0,BAR_TICK,0.00,3996.27,3999.57
2026.05.15 22:00,1,-0.00012555,-0.192,0.000,-1.068,0,0.634,0.00271,0.51,23.35,13,35,14,0,BAR_TICK,0.00,3996.27,4000.15
2026.05.15 23:00,1,-0.00011769,0.156,0.000,-0.212,0,0.627,0.00257,0.42,23.35,14,34,14,0,BAR_TICK,0.00,3996.27,4000.50
2026.05.18 01:01,1,-0.00010656,0.238,0.000,0.000,0,0.652,0.00237,0.62,24.43,15,33,14,0,BAR_TICK,0.00,3996.27,4000.63
2026.05.18 02:00,1,-0.00011880,-0.280,0.000,0.000,0,0.661,0.00233,1.00,24.43,16,32,14,0,BAR_TICK,0.00,3996.27,3999.37
2026.05.18 03:00,1,-0.00007599,1.036,0.336,0.000,0,0.696,0.00245,1.37,24.43,17,31,14,0,BAR_TICK,0.00,3996.27,4001.81
2026.05.18 04:00,1,-0.00001638,1.514,1.151,0.000,0,0.686,0.00240,1.20,24.43,18,30,14,0,BAR_TICK,0.00,3996.27,4003.72
2026.05.18 05:00,1,0.00000008,0.435,0.886,0.000,0,0.672,0.00241,1.02,24.43,19,29,14,0,BAR_TICK,0.00,3996.27,4002.61
2026.05.18 06:00,1,-0.00000432,-0.120,0.066,0.000,0,0.678,0.00233,1.05,24.43,20,28,14,0,BAR_TICK,0.00,3996.27,4001.75
2026.05.18 07:00,1,-0.00004684,-1.197,0.000,-0.497,0,0.653,0.00234,1.17,24.43,21,27,14,0,BAR_TICK,0.00,3996.27,3999.25
2026.05.18 08:00,1,-0.00004328,0.102,0.000,0.000,0,0.687,0.00234,0.86,24.43,22,26,14,0,BAR_TICK,0.00,3996.27,4000.95
2026.05.18 09:00,1,-0.00003497,0.244,0.000,0.000,0,0.716,0.00222,0.78,24.43,23,25,14,0,BAR_TICK,0.00,3996.27,4001.26
2026.05.18 10:00,1,-0.00000245,0.970,0.270,0.000,0,0.691,0.00218,1.14,24.43,24,24,14,0,BAR_TICK,0.00,3996.27,4003.04
2026.05.18 11:00,1,-0.00000163,0.025,0.000,0.000,0,0.669,0.00221,1.36,24.43,25,23,14,0,BAR_TICK,0.00,3996.27,4001.77
2026.05.18 12:00,1,0.00000376,0.164,0.000,0.000,0,0.678,0.00232,1.29,24.43,26,22,14,0,BAR_TICK,0.00,3996.27,4002.10
2026.05.18 13:00,1,-0.00001194,-0.483,0.000,0.000,0,0.692,0.00238,0.95,24.43,27,21,14,0,BAR_TICK,0.00,3996.27,4000.81
2026.05.18 14:00,1,-0.00003555,-0.732,0.000,-0.032,0,0.689,0.00245,0.84,24.43,28,20,14,0,BAR_TICK,0.00,3996.27,3999.80
2026.05.18 15:00,1,-0.00002377,0.367,0.000,0.000,0,0.652,0.00253,1.04,24.43,29,19,14,0,BAR_TICK,0.00,3996.27,4001.52
2026.05.18 16:00,1,-0.00005678,-1.034,0.000,-0.334,0,0.689,0.00270,1.74,24.43,30,18,14,0,BAR_TICK,0.00,3996.27,3998.69
2026.05.18 17:00,1,-0.00008048,-0.745,0.000,-0.379,0,0.695,0.00262,0.87,24.43,31,17,14,0,BAR_TICK,0.00,3996.27,3998.23
2026.05.18 18:00,1,-0.00001340,2.116,1.416,0.000,0,0.719,0.00287,2.21,24.43,32,16,14,0,BAR_TICK,0.00,3996.27,4003.80
2026.05.18 19:00,1,0.00006994,2.636,3.352,0.000,0,0.712,0.00299,1.40,24.43,33,15,14,0,BAR_TICK,0.00,3996.27,4006.80
2026.05.18 20:00,1,0.00012156,1.636,4.288,0.000,0,0.700,0.00308,1.21,24.43,34,14,14,0,BAR_TICK,0.00,3996.27,4007.06
2026.05.18 21:00,1,0.00012884,0.231,3.819,0.000,0,0.712,0.00302,0.63,24.43,35,13,14,0,BAR_TICK,0.00,3996.27,4005.64
2026.05.18 22:00,1,0.00014515,0.519,3.638,0.000,0,0.721,0.00302,0.65,24.43,36,12,14,0,BAR_TICK,0.00,3996.27,4006.78
2026.05.18 23:00,1,0.00012849,-0.530,2.407,0.000,0,0.717,0.00313,1.07,24.43,37,11,14,0,BAR_TICK,0.00,3996.27,4005.24
2026.05.19 00:00,1,0.00012317,-0.170,1.538,0.000,0,0.714,0.00304,0.39,23.34,38,10,14,0,BAR_TICK,0.00,3996.27,4005.69
2026.05.19 01:00,1,0.00010221,-0.668,0.169,0.000,0,0.710,0.00294,0.52,23.34,39,9,14,0,BAR_TICK,0.00,3996.27,4005.03
2026.05.19 02:00,1,0.00008964,-0.401,0.000,0.000,0,0.711,0.00285,0.62,23.34,40,8,14,0,BAR_TICK,0.00,3996.27,4005.13
2026.05.19 03:00,1,0.00009772,0.258,0.000,0.000,0,0.698,0.00281,0.63,23.34,41,7,14,0,BAR_TICK,0.00,3996.27,4006.45
2026.05.19 04:00,1,0.00014212,1.417,0.717,0.000,0,0.704,0.00293,1.27,23.34,42,6,14,0,BAR_TICK,0.00,3996.27,4009.53
2026.05.19 05:00,1,0.00017516,1.055,1.073,0.000,0,0.705,0.00289,0.72,23.34,43,5,14,0,BAR_TICK,0.00,3996.27,4010.33
2026.05.19 06:00,1,0.00019469,0.624,0.997,0.000,0,0.673,0.00265,0.46,23.34,44,4,14,0,BAR_TICK,0.00,3996.27,4010.74
2026.05.19 07:00,1,0.00020024,0.177,0.474,0.000,0,0.673,0.00258,0.55,23.34,45,3,14,0,BAR_TICK,0.00,3996.27,4010.63
2026.05.19 08:00,1,0.00019703,-0.103,0.000,0.000,0,0.670,0.00224,0.70,23.34,46,2,14,0,BAR_TICK,0.00,3996.27,4010.62
2026.05.19 09:00,1,0.00018723,-0.313,0.000,0.000,0,0.702,0.00207,0.82,23.34,47,1,14,0,BAR_TICK,0.00,3996.27,4010.45
2026.05.19 10:00,1,0.00013160,-1.778,0.000,-1.078,0,0.736,0.00207,1.81,23.34,48,0,14,0,BAR_TICK,0.00,3996.27,4007.30
2026.05.19 11:00,1,0.00013411,0.080,0.000,-0.298,0,0.709,0.00220,1.67,23.34,49,0,14,0,BAR_TICK,0.00,3996.27,4010.31
2026.05.19 12:00,1,0.00013594,0.059,0.000,0.000,0,0.730,0.00219,0.85,23.34,50,0,14,0,BAR_TICK,0.00,3996.27,4010.61
2026.05.19 13:00,1,0.00019128,1.769,1.069,0.000,0,0.746,0.00227,1.97,23.34,51,0,14,0,BAR_TICK,0.00,3996.27,4014.79
2026.05.19 14:00,1,0.00020154,0.328,0.697,0.000,0,0.754,0.00232,0.85,23.34,52,0,14,0,BAR_TICK,0.00,3996.27,4013.57
2026.05.19 15:00,1,0.00019541,-0.196,0.000,0.000,0,0.781,0.00234,0.78,23.34,53,0,14,0,BAR_TICK,0.00,3996.27,4013.15
2026.05.19 16:00,1,0.00021310,0.566,0.000,0.000,0,0.749,0.00237,0.90,23.34,54,0,14,0,BAR_TICK,0.00,3996.27,4015.13
2026.05.19 17:00,1,0.00023427,0.677,0.000,0.000,0,0.725,0.00249,1.39,23.34,55,0,14,0,BAR_TICK,0.00,3996.27,4016.37
2026.05.19 18:00,1,0.00028754,1.703,1.003,0.000,0,0.740,0.00255,1.81,23.34,56,0,14,0,BAR_TICK,0.00,3996.27,4019.76
2026.05.19 19:00,1,0.00027872,-0.282,0.021,0.000,0,0.742,0.00261,1.10,23.34,57,0,14,0,BAR_TICK,0.00,3996.27,4017.53
2026.05.19 20:00,1,0.00023095,-1.528,0.000,-0.828,0,0.741,0.00275,1.15,23.34,58,0,14,0,BAR_TICK,0.00,3996.27,4015.13
2026.05.19 21:00,1,0.00020767,-0.745,0.000,-0.872,0,0.698,0.00277,0.62,23.34,59,0,14,0,BAR_TICK,0.00,3996.27,4016.06
2026.05.19 22:00,1,0.00018416,-0.752,0.000,-0.924,0,0.707,0.00272,0.31,23.34,60,0,14,0,BAR_TICK,0.00,3996.27,4015.78
2026.05.19 23:00,1,0.00015971,-0.782,0.000,-1.006,0,0.693,0.00268,0.45,23.34,61,0,14,0,BAR_TICK,0.00,3996.27,4015.56
2026.05.20 00:00,1,0.00012195,-1.208,0.000,-1.514,0,0.735,0.00256,0.77,21.58,62,0,14,0,BAR_TICK,0.00,3996.27,4014.06
2026.05.20 01:00,1,0.00008977,-1.029,0.000,-1.843,0,0.752,0.00245,0.91,21.58,63,0,14,0,BAR_TICK,0.00,3996.27,4014.83
2026.05.20 02:00,1,0.00008840,-0.044,0.000,-1.187,0,0.721,0.00247,0.51,21.58,64,0,14,0,BAR_TICK,0.00,3996.27,4015.40
2026.05.20 03:00,1,0.00009744,0.289,0.000,-0.198,0,0.711,0.00230,0.91,21.58,65,0,14,0,BAR_TICK,0.00,3996.27,4016.27
2026.05.20 04:00,1,0.00014608,1.556,0.856,0.000,0,0.693,0.00241,1.42,21.58,66,0,14,0,BAR_TICK,0.00,3996.27,4019.61
2026.05.20 05:00,1,0.00015518,0.291,0.447,0.000,0,0.704,0.00246,1.05,21.58,67,0,14,0,BAR_TICK,0.00,3996.27,4018.49
2026.05.20 06:00,1,0.00017397,0.601,0.348,0.000,0,0.736,0.00248,0.95,21.58,68,0,14,0,BAR_TICK,0.00,3996.27,4019.80
2026.05.20 07:00,1,0.00013540,-1.234,0.000,-0.534,0,0.659,0.00249,1.48,21.58,69,0,14,0,BAR_TICK,0.00,3996.27,4016.62
2026.05.20 08:00,1,0.00011612,-0.617,0.000,-0.450,0,0.693,0.00235,1.09,21.58,70,0,14,0,BAR_TICK,0.00,3996.27,4017.22
2026.05.20 09:00,1,0.00008861,-0.880,0.000,-0.630,0,0.693,0.00225,0.69,21.58,71,0,14,0,BAR_TICK,0.00,3996.27,4016.09
2026.05.20 10:00,1,0.00003787,-1.623,0.000,-1.553,0,0.709,0.00224,1.33,21.58,72,0,14,0,BAR_TICK,0.00,3996.27,4014.11
2026.05.20 11:00,1,0.00000278,-1.122,0.000,-1.975,0,0.716,0.00226,0.87,21.58,73,0,14,0,BAR_TICK,0.00,3996.27,4013.88
2026.05.20 12:00,1,-0.00005290,-1.781,0.000,-3.056,0,0.713,0.00243,1.35,21.58,74,0,14,0,BAR_TICK,0.00,3996.27,4011.42
2026.05.20 13:00,1,-0.00006947,-0.530,0.000,-2.886,0,0.707,0.00250,0.86,21.58,75,0,14,0,BAR_TICK,0.00,3996.27,4012.50
2026.05.20 14:00,1,-0.00008789,-0.589,0.000,-2.775,0,0.746,0.00247,0.61,21.58,76,0,14,0,BAR_TICK,0.00,3996.27,4011.76
2026.05.20 15:00,1,-0.00009886,-0.351,0.000,-2.426,0,0.725,0.00244,0.79,21.58,77,0,14,0,BAR_TICK,0.00,3996.27,4011.53
2026.05.20 16:00,1,-0.00007743,0.685,0.000,-1.041,0,0.760,0.00249,1.10,21.58,78,0,14,0,BAR_TICK,0.00,3996.27,4013.35
2026.05.20 17:00,1,-0.00006396,0.431,0.000,0.000,0,0.716,0.00245,0.64,21.58,79,0,14,0,BAR_TICK,0.00,3996.27,4013.21
2026.05.20 18:00,1,-0.00012134,-1.835,0.000,-1.135,0,0.696,0.00259,2.07,21.58,80,0,14,0,BAR_TICK,0.00,3996.27,4008.40
2026.05.20 19:00,1,-0.00013113,-0.313,0.000,-0.748,0,0.688,0.00274,1.73,21.58,81,0,14,0,BAR_TICK,0.00,3996.27,4009.88
2026.05.20 20:00,1,-0.00014306,-0.382,0.000,-0.430,0,0.718,0.00272,0.76,21.58,82,0,14,0,BAR_TICK,0.00,3996.27,4009.15
2026.05.20 21:00,1,-0.00014456,-0.048,0.000,0.000,0,0.751,0.00253,0.40,21.58,83,0,14,0,BAR_TICK,0.00,3996.27,4009.23
2026.05.20 22:00,1,-0.00015652,-0.382,0.000,0.000,0,0.732,0.00247,0.72,21.58,84,0,14,0,BAR_TICK,0.00,3996.27,4008.07
2026.05.20 23:00,1,-0.00017036,-0.443,0.000,0.000,0,0.693,0.00245,0.52,21.58,85,0,14,0,BAR_TICK,0.00,3996.27,4007.28
2026.05.21 00:11,1,-0.00016457,0.185,0.000,0.000,0,0.656,0.00234,0.61,20.22,86,0,14,0,BAR_TICK,0.00,3996.27,4010.06
2026.05.21 01:00,1,-0.00014558,0.608,0.000,0.000,0,0.668,0.00241,1.21,20.22,87,0,14,0,BAR_TICK,0.00,3996.27,4008.63
2026.05.21 02:00,1,-0.00013307,0.400,0.000,0.000,0,0.686,0.00226,0.49,20.22,88,0,14,0,BAR_TICK,0.00,3996.27,4008.47
2026.05.21 03:00,1,-0.00010935,0.759,0.059,0.000,0,0.694,0.00217,0.43,20.22,89,0,14,0,BAR_TICK,0.00,3996.27,4009.24
2026.05.21 04:00,1,-0.00006156,1.528,0.887,0.000,0,0.657,0.00223,1.05,20.22,90,0,14,0,BAR_TICK,0.00,3996.27,4011.36
2026.05.21 05:00,1,-0.00001240,1.573,1.760,0.000,0,0.674,0.00242,1.93,20.22,91,0,14,0,BAR_TICK,0.00,3996.27,4012.63
2026.05.21 06:00,1,0.00000974,0.708,1.768,0.000,0,0.695,0.00246,1.31,20.22,92,0,14,0,BAR_TICK,0.00,3996.27,4012.10
2026.05.21 07:00,1,0.00000953,-0.007,1.061,0.000,0,0.742,0.00246,0.68,20.22,93,0,14,0,BAR_TICK,0.00,3996.27,4011.15
2026.05.21 08:00,1,-0.00000294,-0.399,0.000,0.000,0,0.741,0.00221,0.78,20.22,94,0,14,0,BAR_TICK,0.00,3996.27,4010.29
2026.05.21 09:00,1,0.00000375,0.214,0.000,0.000,0,0.681,0.00204,1.20,20.22,95,0,14,0,BAR_TICK,0.00,3996.27,4011.29
2026.05.21 10:00,1,0.00004555,1.337,0.637,0.000,0,0.722,0.00216,1.72,20.22,96,0,14,0,BAR_TICK,0.00,3996.27,4014.01
2026.05.21 11:00,1,0.00003791,-0.245,0.000,0.000,0,0.694,0.00240,1.83,20.22,97,0,14,0,BAR_TICK,0.00,3996.27,4011.76
2026.05.21 12:00,1,0.00001207,-0.826,0.000,-0.126,0,0.700,0.00255,1.54,20.22,98,0,14,0,BAR_TICK,0.00,3996.27,4010.33
2026.05.21 13:00,1,-0.00001415,-0.839,0.000,-0.265,0,0.664,0.00262,0.84,20.22,99,0,14,0,BAR_TICK,0.00,3996.27,4009.58
2026.05.21 14:00,1,0.00001396,0.899,0.199,0.000,0,0.610,0.00280,1.39,20.22,100,0,14,0,BAR_TICK,0.00,3996.27,4012.71
2026.05.21 15:00,1,0.00001666,0.086,0.000,0.000,0,0.606,0.00274,0.78,20.22,101,0,14,0,BAR_TICK,0.00,3996.27,4011.72
2026.05.21 16:00,1,0.00001118,-0.175,0.000,0.000,0,0.613,0.00287,1.02,20.22,102,0,14,0,BAR_TICK,0.00,3996.27,4011.27
2026.05.21 17:00,1,-0.00003839,-1.586,0.000,-0.886,0,0.633,0.00311,1.37,20.22,103,0,14,0,BAR_TICK,0.00,3996.27,4008.02
2026.05.21 18:00,1,-0.00006909,-0.982,0.000,-1.167,0,0.617,0.00317,0.99,20.22,104,0,14,0,BAR_TICK,0.00,3996.27,4007.83
2026.05.21 19:00,1,-0.00006931,-0.007,0.000,-0.475,0,0.610,0.00300,0.76,20.22,105,0,14,0,BAR_TICK,0.00,3996.27,4008.98
2026.05.21 20:00,1,-0.00008600,-0.534,0.000,-0.308,0,0.590,0.00291,0.71,20.22,106,0,14,0,BAR_TICK,0.00,3996.27,4007.64
2026.05.21 21:00,1,-0.00013622,-1.606,0.000,-1.215,0,0.581,0.00312,1.44,20.22,107,0,14,0,BAR_TICK,0.00,3996.27,4004.60
2026.05.21 22:00,1,-0.00013234,0.124,0.000,-0.390,0,0.613,0.00323,1.02,20.22,108,0,14,0,BAR_TICK,0.00,3996.27,4006.67
2026.05.21 23:00,1,-0.00014215,-0.314,0.000,-0.004,0,0.540,0.00317,0.50,20.22,109,0,14,0,BAR_TICK,0.00,3996.27,4005.56
2026.05.22 00:35,1,-0.00014871,-0.210,0.000,0.000,0,0.546,0.00302,0.56,18.04,110,0,14,0,BAR_TICK,0.00,3996.27,4003.98
2026.05.22 01:00,1,-0.00014721,0.048,0.000,0.000,0,0.542,0.00283,0.62,18.04,111,0,14,0,BAR_TICK,0.00,3996.27,4005.18
2026.05.22 02:00,1,-0.00014972,-0.080,0.000,0.000,0,0.531,0.00270,0.75,18.04,112,0,14,0,BAR_TICK,0.00,3996.27,4004.66
2026.05.22 03:00,1,-0.00014462,0.163,0.000,0.000,0,0.544,0.00264,0.51,18.04,113,0,14,0,BAR_TICK,0.00,3996.27,4004.77
2026.05.22 04:00,1,-0.00012596,0.597,0.000,0.000,0,0.531,0.00248,0.66,18.04,114,0,14,0,BAR_TICK,0.00,3996.27,4005.55
2026.05.22 05:00,1,-0.00010840,0.562,0.000,0.000,0,0.528,0.00249,0.94,18.04,115,0,14,0,BAR_TICK,0.00,3996.27,4005.71
2026.05.22 06:00,1,-0.00009824,0.325,0.000,0.000,0,0.577,0.00236,0.45,18.04,116,0,14,0,BAR_TICK,0.00,3996.27,4005.43
2026.05.22 07:00,1,-0.00008096,0.553,0.000,0.000,0,0.550,0.00217,0.77,18.04,117,0,14,0,BAR_TICK,0.00,3996.27,4006.00
2026.05.22 08:00,1,-0.00006961,0.363,0.000,0.000,0,0.633,0.00202,0.53,18.04,118,0,14,0,BAR_TICK,0.00,3996.27,4005.88
2026.05.22 09:00,1,-0.00005869,0.349,0.000,0.000,0,0.603,0.00195,0.66,18.04,119,0,14,0,BAR_TICK,0.00,3996.27,4006.01
2026.05.22 10:00,1,-0.00002373,1.118,0.418,0.000,0,0.592,0.00200,1.40,18.04,120,0,14,0,BAR_TICK,0.00,3996.27,4007.86
2026.05.22 11:00,1,0.00001665,1.291,1.010,0.000,0,0.563,0.00188,1.50,18.04,121,0,14,0,BAR_TICK,0.00,3996.27,4009.22
2026.05.22 12:00,1,0.00005395,1.193,1.503,0.000,0,0.596,0.00179,1.12,18.04,122,0,14,0,BAR_TICK,0.00,3996.27,4010.18
2026.05.22 13:00,1,0.00010623,1.672,2.475,0.000,0,0.603,0.00184,1.24,18.04,123,0,14,0,BAR_TICK,0.00,3996.27,4012.43
2026.05.22 14:00,1,0.00013736,0.996,2.770,0.000,0,0.592,0.00180,0.60,18.04,124,0,14,0,BAR_TICK,0.00,3996.27,4012.64
2026.05.22 15:00,1,0.00015148,0.452,2.522,0.000,0,0.552,0.00177,0.80,18.04,125,0,14,0,BAR_TICK,0.00,3996.27,4012.62
2026.05.22 16:00,1,0.00015768,0.198,2.021,0.000,0,0.531,0.00184,1.64,18.04,126,0,14,0,BAR_TICK,0.00,3996.27,4012.80
2026.05.22 17:00,1,0.00017691,0.615,1.936,0.000,0,0.545,0.00196,1.52,18.04,127,0,14,0,BAR_TICK,0.00,3996.27,4014.25
2026.05.22 18:00,1,0.00020256,0.820,2.056,0.000,0,0.543,0.00197,0.87,18.04,128,0,14,0,BAR_TICK,0.00,3996.27,4015.70
2026.05.22 19:00,1,0.00020039,-0.069,1.287,0.000,0,0.568,0.00191,0.83,18.04,129,0,14,0,BAR_TICK,0.00,3996.27,4014.88
2026.05.22 20:00,1,0.00018651,-0.444,0.143,0.000,0,0.533,0.00192,0.59,18.04,130,0,14,0,BAR_TICK,0.00,3996.27,4014.34
2026.05.22 21:00,1,0.00017326,-0.424,0.000,0.000,0,0.522,0.00191,0.81,18.04,131,0,14,0,BAR_TICK,0.00,3996.27,4014.51
2026.05.22 22:00,1,0.00016836,-0.157,0.000,0.000,0,0.505,0.00191,0.57,18.04,132,0,14,0,BAR_TICK,0.00,3996.27,4015.14
2026.05.22 23:00,1,0.00016406,-0.138,0.000,0.000,0,0.563,0.00188,0.47,18.04,133,0,14,0,BAR_TICK,0.00,3996.27,4015.43
2026.05.25 01:00,1,0.00015298,-0.354,0.000,0.000,0,0.575,0.00181,0.97,17.04,134,0,14,0,BAR_TICK,0.00,3996.27,4011.97
2026.05.25 02:00,1,0.00012113,-1.019,0.000,-0.319,0,0.551,0.00186,1.92,17.04,135,0,14,0,BAR_TICK,0.00,3996.27,4013.75
2026.05.25 03:00,1,0.00011910,-0.065,0.000,0.000,0,0.568,0.00189,1.27,17.04,136,0,14,0,BAR_TICK,0.00,3996.27,4015.23
2026.05.25 04:00,1,0.00010776,-0.362,0.000,0.000,0,0.547,0.00192,1.40,17.04,137,0,14,0,BAR_TICK,0.00,3996.27,4014.81
2026.05.25 05:00,1,0.00008824,-0.624,0.000,0.000,0,0.595,0.00198,0.96,17.04,138,0,14,0,BAR_TICK,0.00,3996.27,4014.17
2026.05.25 06:00,1,0.00007781,-0.334,0.000,0.000,0,0.612,0.00200,0.87,17.04,139,0,14,0,BAR_TICK,0.00,3996.27,4014.48
2026.05.25 07:00,1,0.00007781,-0.000,0.000,0.000,0,0.610,0.00190,0.79,17.04,140,0,14,0,BAR_TICK,0.00,3996.27,4015.10
2026.05.25 08:00,1,0.00006163,-0.518,0.000,0.000,0,0.597,0.00181,1.03,17.04,141,0,14,0,BAR_TICK,0.00,3996.27,4014.10
2026.05.25 09:00,1,0.00005993,-0.054,0.000,0.000,0,0.608,0.00180,0.83,17.04,142,0,14,0,BAR_TICK,0.00,3996.27,4014.80
2026.05.25 10:00,1,0.00006759,0.245,0.000,0.000,0,0.640,0.00181,0.95,17.04,143,0,14,0,BAR_TICK,0.00,3996.27,4015.55
2026.05.25 11:00,1,0.00009141,0.762,0.062,0.000,0,0.671,0.00188,1.13,17.04,144,0,14,0,BAR_TICK,0.00,3996.27,4017.09
2026.05.25 12:00,1,0.00010901,0.563,0.000,0.000,0,0.661,0.00186,0.69,17.04,145,0,14,0,BAR_TICK,0.00,3996.27,4017.53
2026.05.25 13:00,1,0.00012355,0.465,0.000,0.000,0,0.638,0.00187,0.65,17.04,146,0,14,0,BAR_TICK,0.00,3996.27,4018.08
2026.05.25 14:00,1,0.00012809,0.145,0.000,0.000,0,0.657,0.00186,0.43,17.04,147,0,14,0,BAR_TICK,0.00,3996.27,4018.06
2026.05.25 15:00,1,0.00011934,-0.280,0.000,0.000,0,0.692,0.00183,0.73,17.04,148,0,14,0,BAR_TICK,0.00,3996.27,4017.53
2026.05.25 16:00,1,0.00011009,-0.296,0.000,0.000,0,0.660,0.00165,0.65,17.04,149,0,14,0,BAR_TICK,0.00,3996.27,4017.52
2026.05.25 17:00,1,0.00011171,0.052,0.000,0.000,0,0.639,0.00161,1.07,17.04,150,0,14,0,BAR_TICK,0.00,3996.27,4018.27
2026.05.25 18:00,1,0.00009739,-0.458,0.000,0.000,0,0.612,0.00148,0.60,17.04,151,0,14,0,BAR_TICK,0.00,3996.27,4017.46
2026.05.25 19:00,1,0.00010179,0.141,0.000,0.000,0,0.628,0.00147,1.19,17.04,152,0,14,0,BAR_TICK,0.00,3996.27,4018.61
2026.05.25 20:00,1,0.00010886,0.226,0.000,0.000,0,0.639,0.00144,0.93,17.04,153,0,14,0,BAR_TICK,0.00,3996.27,4019.18
2026.05.25 21:00,1,0.00010755,-0.042,0.000,0.000,0,0.641,0.00138,0.46,17.04,154,0,14,0,BAR_TICK,0.00,3996.27,4019.01
2026.05.25 22:00,1,0.00011321,0.181,0.000,0.000,0,0.595,0.00131,0.74,17.04,155,0,14,0,BAR_TICK,0.00,3996.27,4019.74
2026.05.25 23:00,1,0.00011021,-0.096,0.000,0.000,0,0.614,0.00124,0.40,17.04,156,0,14,0,BAR_TICK,0.00,3996.27,4019.52
2026.05.26 00:42,1,0.00009065,-0.626,0.000,0.000,0,0.623,0.00121,1.10,18.27,157,0,14,0,BAR_TICK,0.00,3996.27,4019.22
2026.05.26 01:00,1,0.00008888,-0.056,0.000,0.000,0,0.652,0.00117,1.02,18.27,158,0,14,0,BAR_TICK,0.00,3996.27,4019.45
2026.05.26 02:00,1,0.00008720,-0.054,0.000,0.000,0,0.643,0.00118,1.25,18.27,159,0,14,0,BAR_TICK,0.00,3996.27,4019.59
2026.05.26 03:00,1,0.00011946,1.032,0.332,0.000,0,0.665,0.00130,2.20,18.27,160,0,14,0,BAR_TICK,0.00,3996.27,4022.18
2026.05.26 04:00,1,0.00014098,0.688,0.320,0.000,0,0.663,0.00135,1.19,18.27,161,0,14,0,BAR_TICK,0.00,3996.27,4022.61
2026.05.26 05:00,1,0.00017214,0.997,0.617,0.000,0,0.664,0.00142,1.60,18.27,162,0,14,0,BAR_TICK,0.00,3996.27,4024.23
2026.05.26 06:00,1,0.00018907,0.541,0.458,0.000,0,0.620,0.00146,1.12,18.27,163,0,14,0,BAR_TICK,0.00,3996.27,4024.47
2026.05.26 07:00,1,0.00017237,-0.534,0.000,0.000,0,0.585,0.00148,1.35,18.27,164,0,14,0,BAR_TICK,0.00,3996.27,4022.99
2026.05.26 08:00,1,0.00017192,-0.014,0.000,0.000,0,0.576,0.00152,0.96,18.27,165,0,14,0,BAR_TICK,0.00,3996.27,4024.08
2026.05.26 09:00,1,0.00017254,0.020,0.000,0.000,0,0.598,0.00146,0.62,18.27,166,0,14,0,BAR_TICK,0.00,3996.27,4024.50
2026.05.26 10:00,1,0.00014512,-0.877,0.000,-0.177,0,0.648,0.00157,1.84,18.27,167,0,14,0,BAR_TICK,0.00,3996.27,4022.96
2026.05.26 11:00,1,0.00014463,-0.016,0.000,0.000,0,0.675,0.00168,1.30,18.27,168,0,14,0,BAR_TICK,0.00,3996.27,4024.43
2026.05.26 12:00,1,0.00014762,0.096,0.000,0.000,0,0.657,0.00175,1.07,18.27,169,0,14,0,BAR_TICK,0.00,3996.27,4024.98
2026.05.26 13:00,1,0.00016208,0.462,0.000,0.000,0,0.643,0.00182,0.81,18.27,170,0,14,0,BAR_TICK,0.00,3996.27,4026.25
2026.05.26 14:00,1,0.00016200,-0.002,0.000,0.000,0,0.633,0.00178,0.50,18.27,171,0,14,0,BAR_TICK,0.00,3996.27,4025.99
2026.05.26 15:00,1,0.00014954,-0.399,0.000,0.000,0,0.608,0.00181,1.01,18.27,172,0,14,0,BAR_TICK,0.00,3996.27,4025.46
2026.05.26 16:00,1,0.00013902,-0.336,0.000,0.000,0,0.610,0.00181,0.81,18.27,173,0,14,0,BAR_TICK,0.00,3996.27,4025.60
2026.05.26 17:00,1,0.00012431,-0.470,0.000,0.000,0,0.602,0.00181,1.57,18.27,174,0,14,0,BAR_TICK,0.00,3996.27,4025.09
2026.05.26 18:00,1,0.00006595,-1.867,0.000,-1.167,0,0.593,0.00194,1.76,18.27,175,0,14,0,BAR_TICK,0.00,3996.27,4022.09
2026.05.26 19:00,1,0.00003748,-0.911,0.000,-1.377,0,0.585,0.00189,0.86,18.27,176,0,14,0,BAR_TICK,0.00,3996.27,4022.69
2026.05.26 20:00,1,0.00002923,-0.264,0.000,-0.941,0,0.599,0.00190,0.94,18.27,177,0,14,0,BAR_TICK,0.00,3996.27,4023.43
2026.05.26 21:00,1,0.00003207,0.091,0.000,-0.150,0,0.636,0.00184,0.64,18.27,178,0,14,0,BAR_TICK,0.00,3996.27,4024.05
2026.05.26 22:00,1,0.00002260,-0.303,0.000,0.000,0,0.638,0.00183,0.65,18.27,179,0,14,0,BAR_TICK,0.00,3996.27,4023.32
2026.05.26 23:00,1,0.00001157,-0.353,0.000,0.000,0,0.654,0.00184,0.60,18.27,180,0,14,0,BAR_TICK,0.00,3996.27,4022.96
2026.05.27 00:00,1,0.00000842,-0.101,0.000,0.000,0,0.634,0.00173,0.78,22.33,181,0,14,0,BAR_TICK,0.00,3996.27,4023.37
2026.05.27 01:00,1,-0.00000168,-0.323,0.000,0.000,0,0.662,0.00174,1.34,22.33,182,0,14,0,BAR_TICK,0.00,3996.27,4022.67
2026.05.27 02:00,1,0.00000841,0.323,0.000,0.000,0,0.641,0.00171,0.86,22.33,183,0,14,0,BAR_TICK,0.00,3996.27,4023.86
2026.05.27 03:00,1,0.00000032,-0.259,0.000,0.000,0,0.607,0.00172,0.92,22.33,184,0,14,0,BAR_TICK,0.00,3996.27,4022.84
2026.05.27 04:00,1,-0.00002559,-0.829,0.000,-0.129,0,0.610,0.00183,1.36,22.33,185,0,14,0,BAR_TICK,0.00,3996.27,4021.35
2026.05.27 05:00,1,-0.00006175,-1.156,0.000,-0.585,0,0.612,0.00196,1.80,22.33,186,0,14,0,BAR_TICK,0.00,3996.27,4019.82
2026.05.27 06:00,1,-0.00021652,-4.950,0.000,-4.836,0,0.648,0.00270,4.42,22.33,187,0,14,0,BAR_TICK,0.00,3996.27,4010.16
2026.05.27 07:00,1,-0.00025947,-1.374,0.000,-5.509,0,0.667,0.00282,1.58,22.33,188,0,14,0,BAR_TICK,0.00,3996.27,4013.28
2026.05.27 08:00,1,-0.00033852,-2.528,0.000,0.000,-1,0.619,0.00291,1.62,22.33,189,0,14,0,CLOSE_TREND_ON_REVERSAL,12.52,4008.79,4008.79
2026.05.27 08:00,-1,-0.00033852,-2.528,0.000,0.000,-1,0.619,0.00291,1.62,22.33,0,48,16,0,OPEN_TREND_AFTER_REVERSAL,0.00,4008.79,4008.61
2026.05.27 09:00,-1,-0.00035382,-0.604,0.000,0.000,0,0.564,0.00293,0.66,22.33,1,47,16,0,BAR_TICK,0.00,4008.79,4007.55
2026.05.27 10:03,-1,-0.00035514,-0.056,0.000,0.000,0,0.553,0.00295,0.72,22.33,2,46,16,0,BAR_TICK,0.00,4008.79,4008.74
2026.05.27 11:00,-1,-0.00035233,0.106,0.000,0.000,0,0.589,0.00302,0.71,22.33,3,45,16,0,BAR_TICK,0.00,4008.79,4008.33
2026.05.27 12:00,-1,-0.00036145,-0.288,0.000,0.000,0,0.606,0.00313,0.83,22.33,4,44,16,0,BAR_TICK,0.00,4008.79,4010.09
2026.05.27 13:00,-1,-0.00039048,-0.782,0.000,-0.082,0,0.611,0.00330,1.05,22.33,5,43,16,0,BAR_TICK,0.00,4008.79,4012.76
2026.05.27 14:00,-1,-0.00037555,0.352,0.000,0.000,0,0.592,0.00334,0.60,22.33,6,42,16,0,BAR_TICK,0.00,4008.79,4011.90
2026.05.27 15:00,-1,-0.00041171,-0.635,0.000,0.000,0,0.619,0.00343,1.03,22.33,7,41,16,0,BAR_TICK,0.00,4008.79,4014.69
2026.05.27 16:00,-1,-0.00051117,-1.465,0.000,-0.765,0,0.614,0.00371,1.46,22.33,8,40,16,0,BAR_TICK,0.00,4008.79,4018.17
2026.05.27 17:00,-1,-0.00056399,-0.738,0.000,-0.804,0,0.600,0.00379,0.70,22.33,9,39,16,0,BAR_TICK,0.00,4008.79,4019.34
2026.05.27 18:00,-1,-0.00059361,-0.425,0.000,-0.528,0,0.607,0.00387,0.95,22.33,10,38,16,0,BAR_TICK,0.00,4008.79,4020.66
2026.05.27 19:00,-1,-0.00052043,1.123,0.423,0.000,0,0.655,0.00383,0.76,22.33,11,37,16,0,BAR_TICK,0.00,4008.79,4018.87
2026.05.27 20:00,-1,-0.00045521,1.089,0.812,0.000,0,0.627,0.00305,0.33,22.33,12,36,16,0,BAR_TICK,0.00,4008.79,4018.87
2026.05.27 21:00,-1,-0.00039456,1.106,1.219,0.000,0,0.637,0.00286,0.64,22.33,13,35,16,0,BAR_TICK,0.00,4008.79,4018.73
2026.05.27 22:00,-1,-0.00037394,0.409,0.928,0.000,0,0.619,0.00267,0.76,22.33,14,34,16,0,BAR_TICK,0.00,4008.79,4020.21
2026.05.27 23:00,-1,-0.00037425,-0.007,0.221,0.000,0,0.590,0.00266,0.69,22.33,15,33,16,0,BAR_TICK,0.00,4008.79,4021.47
2026.05.28 00:00,-1,-0.00038154,-0.167,0.000,0.000,0,0.594,0.00265,0.73,20.69,16,32,16,0,BAR_TICK,0.00,4008.79,4022.16
2026.05.28 01:00,-1,-0.00037368,0.190,0.000,0.000,0,0.613,0.00274,1.25,20.69,17,31,16,0,BAR_TICK,0.00,4008.79,4021.74
2026.05.28 02:00,-1,-0.00033146,1.073,0.373,0.000,0,0.671,0.00268,0.65,20.69,18,30,16,0,BAR_TICK,0.00,4008.79,4021.75
2026.05.28 03:00,-1,-0.00027678,1.446,1.119,0.000,0,0.702,0.00260,0.93,20.69,19,29,16,0,BAR_TICK,0.00,4008.79,4020.50
2026.05.28 04:00,-1,-0.00030243,-0.702,0.000,-0.002,0,0.681,0.00278,1.64,20.69,20,28,16,0,BAR_TICK,0.00,4008.79,4024.70
2026.05.28 05:00,-1,-0.00032974,-0.768,0.000,-0.070,0,0.656,0.00282,1.42,20.69,21,27,16,0,BAR_TICK,0.00,4008.79,4026.13
2026.05.28 06:00,-1,-0.00028276,1.353,0.653,0.000,0,0.643,0.00275,1.62,20.69,22,26,16,0,BAR_TICK,0.00,4008.79,4022.98
2026.05.28 07:00,-1,-0.00022458,1.708,1.661,0.000,0,0.650,0.00282,1.29,20.69,23,25,16,0,BAR_TICK,0.00,4008.79,4021.58
2026.05.28 08:00,-1,-0.00011820,3.172,4.133,0.000,0,0.644,0.00294,1.84,20.69,24,24,16,0,BAR_TICK,0.00,4008.79,4017.16
2026.05.28 09:00,-1,-0.00008130,1.115,4.548,0.000,0,0.659,0.00291,0.86,20.69,25,23,16,0,BAR_TICK,0.00,4008.79,4019.32
2026.05.28 10:00,-1,-0.00007766,0.111,3.959,0.000,0,0.637,0.00300,0.77,20.69,26,22,16,0,BAR_TICK,0.00,4008.79,4020.82
2026.05.28 11:00,-1,-0.00008357,-0.182,3.077,0.000,0,0.636,0.00301,0.64,20.69,27,21,16,0,BAR_TICK,0.00,4008.79,4021.48
2026.05.28 12:00,-1,-0.00008231,0.039,2.416,0.000,0,0.695,0.00297,0.49,20.69,28,20,16,0,BAR_TICK,0.00,4008.79,4021.41
2026.05.28 13:00,-1,-0.00011581,-1.044,0.672,-0.344,0,0.685,0.00309,1.12,20.69,29,19,16,0,BAR_TICK,0.00,4008.79,4023.90
2026.05.28 14:00,-1,-0.00011415,0.052,0.023,0.000,0,0.700,0.00313,0.83,20.69,30,18,16,0,BAR_TICK,0.00,4008.79,4022.63
2026.05.28 15:00,-1,-0.00009842,0.495,0.000,0.000,0,0.675,0.00300,0.52,20.69,31,17,16,0,BAR_TICK,0.00,4008.79,4021.83
2026.05.28 16:00,-1,-0.00014217,-1.380,0.000,-0.680,0,0.674,0.00319,1.38,20.69,32,16,16,0,BAR_TICK,0.00,4008.79,4025.93
2026.05.28 17:00,-1,-0.00016091,-0.593,0.000,-0.573,0,0.705,0.00318,0.72,20.69,33,15,16,0,BAR_TICK,0.00,4008.79,4025.71
2026.05.28 18:00,-1,-0.00020872,-1.515,0.000,-1.388,0,0.636,0.00317,1.42,20.69,34,14,16,0,BAR_TICK,0.00,4008.79,4028.65
2026.05.28 19:00,-1,-0.00025642,-1.514,0.000,-2.202,0,0.597,0.00312,1.04,20.69,35,13,16,0,BAR_TICK,0.00,4008.79,4030.35
2026.05.28 20:00,-1,-0.00029185,-1.126,0.000,-2.629,0,0.578,0.00296,0.72,20.69,36,12,16,0,BAR_TICK,0.00,4008.79,4031.46
2026.05.28 21:00,-1,-0.00030269,-0.345,0.000,-2.274,0,0.581,0.00281,0.57,20.69,37,11,16,0,BAR_TICK,0.00,4008.79,4031.39
2026.05.28 22:00,-1,-0.00029495,0.247,0.000,-1.327,0,0.636,0.00252,0.54,20.69,38,10,16,0,BAR_TICK,0.00,4008.79,4031.10
2026.05.28 23:00,-1,-0.00028590,0.288,0.000,-0.339,0,0.604,0.00246,0.65,20.69,39,9,16,0,BAR_TICK,0.00,4008.79,4031.24
2026.05.29 00:00,-1,-0.00028898,-0.098,0.000,0.000,0,0.556,0.00244,0.85,19.18,40,8,16,0,BAR_TICK,0.00,4008.79,4031.90
2026.05.29 01:00,-1,-0.00027603,0.413,0.000,0.000,0,0.495,0.00241,0.62,19.18,41,7,16,0,BAR_TICK,0.00,4008.79,4031.62
2026.05.29 02:00,-1,-0.00026345,0.401,0.000,0.000,0,0.504,0.00239,0.52,19.18,42,6,16,0,BAR_TICK,0.00,4008.79,4032.45
2026.05.29 03:00,-1,-0.00030101,-1.199,0.000,-0.499,0,0.547,0.00246,1.79,19.18,43,5,16,0,BAR_TICK,0.00,4008.79,4036.19
2026.05.29 04:00,-1,-0.00032780,-0.856,0.000,-0.655,0,0.551,0.00249,1.18,19.18,44,4,16,0,BAR_TICK,0.00,4008.79,4037.27
2026.05.29 05:00,-1,-0.00036287,-1.120,0.000,-1.076,0,0.540,0.00257,1.05,19.18,45,3,16,0,BAR_TICK,0.00,4008.79,4039.36
2026.05.29 06:00,-1,-0.00035949,0.108,0.000,-0.268,0,0.560,0.00238,0.74,19.18,46,2,16,0,BAR_TICK,0.00,4008.79,4038.41
2026.05.29 07:00,-1,-0.00037560,-0.515,0.000,-0.083,0,0.579,0.00242,1.13,19.18,47,1,16,0,BAR_TICK,0.00,4008.79,4040.55
2026.05.29 08:00,-1,-0.00040172,-0.835,0.000,-0.218,0,0.578,0.00230,1.25,19.18,48,0,16,0,BAR_TICK,0.00,4008.79,4042.40
2026.05.29 09:00,-1,-0.00039765,0.130,0.000,0.000,0,0.520,0.00220,0.86,19.18,49,0,16,0,BAR_TICK,0.00,4008.79,4041.97
2026.05.29 10:00,-1,-0.00038486,0.409,0.000,0.000,0,0.538,0.00222,1.09,19.18,50,0,16,0,BAR_TICK,0.00,4008.79,4042.16
2026.05.29 11:00,-1,-0.00041117,-0.841,0.000,-0.141,0,0.558,0.00235,1.47,19.18,51,0,16,0,BAR_TICK,0.00,4008.79,4045.40
2026.05.29 12:00,-1,-0.00044422,-1.057,0.000,-0.498,0,0.531,0.00251,1.41,19.18,52,0,16,0,BAR_TICK,0.00,4008.79,4047.61
2026.05.29 13:00,-1,-0.00046063,-0.525,0.000,-0.323,0,0.553,0.00256,0.92,19.18,53,0,16,0,BAR_TICK,0.00,4008.79,4048.27
2026.05.29 14:00,-1,-0.00045778,0.091,0.000,0.000,0,0.577,0.00252,0.60,19.18,54,0,16,0,BAR_TICK,0.00,4008.79,4048.47
2026.05.29 15:00,-1,-0.00046049,-0.087,0.000,0.000,0,0.575,0.00255,0.74,19.18,55,0,16,0,BAR_TICK,0.00,4008.79,4049.87
2026.05.29 16:00,-1,-0.00046434,-0.123,0.000,0.000,0,0.579,0.00264,0.96,19.18,56,0,16,0,BAR_TICK,0.00,4008.79,4051.06
2026.05.29 17:00,-1,-0.00045934,0.160,0.000,0.000,0,0.597,0.00252,1.09,19.18,57,0,16,0,BAR_TICK,0.00,4008.79,4051.57
2026.05.29 18:00,-1,-0.00036819,2.915,2.215,0.000,0,0.596,0.00278,2.36,19.18,58,0,16,0,BAR_TICK,0.00,4008.79,4046.46
2026.05.29 19:00,-1,-0.00033393,1.096,2.611,0.000,0,0.616,0.00282,1.14,19.18,59,0,16,0,BAR_TICK,0.00,4008.79,4048.74
2026.05.29 20:00,-1,-0.00031264,0.681,2.592,0.000,0,0.588,0.00281,0.60,19.18,60,0,16,0,BAR_TICK,0.00,4008.79,4049.28
2026.05.29 21:00,-1,-0.00027322,1.261,3.153,0.000,0,0.590,0.00272,0.53,19.18,61,0,16,0,BAR_TICK,0.00,4008.79,4048.17
2026.05.29 22:00,-1,-0.00024306,0.965,3.417,0.000,0,0.578,0.00262,0.55,19.18,62,0,16,0,BAR_TICK,0.00,4008.79,4048.17
2026.05.29 23:03,-1,-0.00022945,0.435,3.153,0.000,0,0.596,0.00261,0.68,19.18,63,0,16,0,BAR_TICK,0.00,4008.79,4048.84
2026.06.01 01:00,-1,-0.00024425,-0.473,1.979,0.000,0,0.594,0.00267,1.22,20.83,64,0,16,0,BAR_TICK,0.00,4008.79,4049.36
2026.06.01 02:00,-1,-0.00020158,1.365,2.644,0.000,0,0.602,0.00266,1.07,20.83,65,0,16,0,BAR_TICK,0.00,4008.79,4048.34
2026.06.01 03:00,-1,-0.00017675,0.794,2.738,0.000,0,0.604,0.00251,0.61,20.83,66,0,16,0,BAR_TICK,0.00,4008.79,4048.64
2026.06.01 04:00,-1,-0.00013841,1.226,3.265,0.000,0,0.600,0.00248,0.76,20.83,67,0,16,0,BAR_TICK,0.00,4008.79,4047.56
2026.06.01 05:00,-1,-0.00008517,1.703,4.267,0.000,0,0.637,0.00254,0.93,20.83,68,0,16,0,BAR_TICK,0.00,4008.79,4045.85
2026.06.01 06:00,-1,-0.00002608,1.890,5.457,0.000,0,0.616,0.00263,1.20,20.83,69,0,16,0,BAR_TICK,0.00,4008.79,4044.00
2026.06.01 07:00,-1,0.00001643,1.360,6.117,0.000,0,0.629,0.00261,0.87,20.83,70,0,16,0,BAR_TICK,0.00,4008.79,4043.70
2026.06.01 08:00,-1,0.00004473,0.905,6.322,0.000,0,0.598,0.00252,0.60,20.83,71,0,16,0,BAR_TICK,0.00,4008.79,4043.40
2026.06.01 09:00,-1,0.00007532,0.978,6.601,0.000,0,0.610,0.00219,0.87,20.83,72,0,16,0,BAR_TICK,0.00,4008.79,4042.40
2026.06.01 10:00,-1,0.00009949,0.773,6.674,0.000,0,0.634,0.00216,1.27,20.83,73,0,16,0,BAR_TICK,0.00,4008.79,4041.88
2026.06.01 11:00,-1,0.00010452,0.161,6.134,0.000,0,0.609,0.00215,0.78,20.83,74,0,16,0,BAR_TICK,0.00,4008.79,4042.30
2026.06.01 12:00,-1,0.00013844,1.085,6.519,0.000,0,0.606,0.00235,1.78,20.83,75,0,16,0,BAR_TICK,0.00,4008.79,4039.91
2026.06.01 13:00,-1,0.00020528,2.138,0.000,0.000,1,0.572,0.00253,1.56,20.83,76,0,16,0,CLOSE_TREND_ON_REVERSAL,27.58,4036.37,4036.37
2026.06.01 13:00,1,0.00020528,2.138,0.000,0.000,1,0.572,0.00253,1.56,20.83,0,48,18,0,OPEN_TREND_AFTER_REVERSAL,0.00,4036.37,4036.22
2026.06.01 14:00,1,0.00021694,0.461,0.000,0.000,0,0.571,0.00255,0.83,20.83,1,47,18,0,BAR_TICK,0.00,4036.37,4035.04
2026.06.01 15:00,1,0.00022422,0.310,0.000,0.000,0,0.651,0.00241,0.53,20.83,2,46,18,0,BAR_TICK,0.00,4036.37,4035.96
2026.06.01 16:00,1,0.00022007,-0.156,0.000,0.000,0,0.583,0.00228,0.63,20.83,3,45,18,0,BAR_TICK,0.00,4036.37,4035.70
2026.06.01 17:00,1,0.00028378,2.015,1.315,0.000,0,0.598,0.00272,2.78,20.83,4,44,18,0,BAR_TICK,0.00,4036.37,4042.13
2026.06.01 18:00,1,0.00034940,1.767,2.383,0.000,0,0.609,0.00295,1.76,20.83,5,43,18,0,BAR_TICK,0.00,4036.37,4045.76
2026.06.01 19:00,1,0.00032330,-0.614,1.068,0.000,0,0.585,0.00315,1.61,20.83,6,42,18,0,BAR_TICK,0.00,4036.37,4042.96
2026.06.01 20:00,1,0.00026900,-0.954,0.000,-0.254,0,0.582,0.00310,0.82,20.83,7,41,18,0,BAR_TICK,0.00,4036.37,4042.07
2026.06.01 21:00,1,0.00018156,-1.288,0.000,-0.842,0,0.525,0.00311,0.76,20.83,8,40,18,0,BAR_TICK,0.00,4036.37,4040.81
2026.06.01 22:00,1,0.00014196,-0.553,0.000,-0.695,0,0.569,0.00310,0.46,20.83,9,39,18,0,BAR_TICK,0.00,4036.37,4041.59
2026.06.01 23:00,1,0.00013244,-0.136,0.000,-0.132,0,0.568,0.00305,0.38,20.83,10,38,18,0,BAR_TICK,0.00,4036.37,4042.28
2026.06.02 00:05,1,0.00011541,-0.261,0.000,0.000,0,0.581,0.00297,0.56,21.27,11,37,18,0,BAR_TICK,0.00,4036.37,4042.63
2026.06.02 01:01,1,0.00010511,-0.172,0.000,0.000,0,0.628,0.00296,0.52,21.27,12,36,18,0,BAR_TICK,0.00,4036.37,4041.60
2026.06.02 02:00,1,0.00010536,0.005,0.000,0.000,0,0.627,0.00279,0.65,21.27,13,35,18,0,BAR_TICK,0.00,4036.37,4042.84
2026.06.02 03:00,1,0.00009599,-0.186,0.000,0.000,0,0.654,0.00259,0.42,21.27,14,34,18,0,BAR_TICK,0.00,4036.37,4042.63
2026.06.02 04:00,1,0.00018279,1.857,1.157,0.000,0,0.635,0.00283,1.94,21.27,15,33,18,0,BAR_TICK,0.00,4036.37,4047.30
2026.06.02 05:00,1,0.00019371,0.250,0.707,0.000,0,0.641,0.00293,0.92,21.27,16,32,18,0,BAR_TICK,0.00,4036.37,4045.86
2026.06.02 06:00,1,0.00015565,-0.921,0.000,-0.221,0,0.661,0.00299,0.75,21.27,17,31,18,0,BAR_TICK,0.00,4036.37,4043.85
2026.06.02 07:00,1,0.00011095,-1.136,0.000,-0.657,0,0.657,0.00258,0.73,21.27,18,30,18,0,BAR_TICK,0.00,4036.37,4042.91
2026.06.02 08:00,1,0.00009774,-0.349,0.000,-0.306,0,0.677,0.00235,0.83,21.27,19,29,18,0,BAR_TICK,0.00,4036.37,4043.88
2026.06.02 09:00,1,0.00007590,-0.598,0.000,-0.204,0,0.674,0.00210,0.72,21.27,20,28,18,0,BAR_TICK,0.00,4036.37,4043.24
2026.06.02 10:00,1,0.00005812,-0.500,0.000,-0.004,0,0.666,0.00211,1.30,21.27,21,27,18,0,BAR_TICK,0.00,4036.37,4043.08
2026.06.02 11:00,1,0.00006972,0.334,0.000,0.000,0,0.680,0.00213,1.24,21.27,22,26,18,0,BAR_TICK,0.00,4036.37,4044.62
2026.06.02 12:00,1,0.00008651,0.493,0.000,0.000,0,0.664,0.00218,0.95,21.27,23,25,18,0,BAR_TICK,0.00,4036.37,4045.43
2026.06.02 13:00,1,0.00011260,0.778,0.078,0.000,0,0.652,0.00234,1.45,21.27,24,24,18,0,BAR_TICK,0.00,4036.37,4046.70
2026.06.02 14:00,1,0.00011577,0.096,0.000,0.000,0,0.669,0.00230,0.49,21.27,25,23,18,0,BAR_TICK,0.00,4036.37,4046.13
2026.06.02 15:00,1,0.00010093,-0.453,0.000,0.000,0,0.671,0.00230,0.69,21.27,26,22,18,0,BAR_TICK,0.00,4036.37,4045.26
2026.06.02 16:00,1,0.00011551,0.449,0.000,0.000,0,0.699,0.00244,1.53,21.27,27,21,18,0,BAR_TICK,0.00,4036.37,4047.07
2026.06.02 17:00,1,0.00012273,0.224,0.000,0.000,0,0.685,0.00261,1.34,21.27,28,20,18,0,BAR_TICK,0.00,4036.37,4047.24
2026.06.02 18:00,1,0.00011797,-0.148,0.000,0.000,0,0.678,0.00237,0.86,21.27,29,19,18,0,BAR_TICK,0.00,4036.37,4046.93
2026.06.02 19:00,1,0.00011572,-0.071,0.000,0.000,0,0.658,0.00233,0.94,21.27,30,18,18,0,BAR_TICK,0.00,4036.37,4047.21
2026.06.02 20:00,1,0.00011547,-0.008,0.000,0.000,0,0.650,0.00233,0.98,21.27,31,17,18,0,BAR_TICK,0.00,4036.37,4047.53
2026.06.02 21:00,1,0.00011957,0.129,0.000,0.000,0,0.669,0.00227,0.48,21.27,32,16,18,0,BAR_TICK,0.00,4036.37,4048.11
2026.06.02 22:00,1,0.00011589,-0.117,0.000,0.000,0,0.637,0.00220,0.42,21.27,33,15,18,0,BAR_TICK,0.00,4036.37,4047.93
2026.06.02 23:00,1,0.00010565,-0.324,0.000,0.000,0,0.663,0.00215,0.39,21.27,34,14,18,0,BAR_TICK,0.00,4036.37,4047.66
2026.06.03 00:16,1,0.00007860,-0.859,0.000,-0.159,0,0.593,0.00209,0.91,19.62,35,13,18,0,BAR_TICK,0.00,4036.37,4045.46
2026.06.03 01:00,1,0.00006358,-0.477,0.000,0.000,0,0.595,0.00207,1.13,19.62,36,12,18,0,BAR_TICK,0.00,4036.37,4046.63
2026.06.03 02:00,1,0.00004000,-0.751,0.000,-0.051,0,0.644,0.00208,1.04,19.62,37,11,18,0,BAR_TICK,0.00,4036.37,4045.81
2026.06.03 03:00,1,0.00003723,-0.088,0.000,0.000,0,0.607,0.00200,1.13,19.62,38,10,18,0,BAR_TICK,0.00,4036.37,4046.71
2026.06.03 04:00,1,0.00001326,-0.764,0.000,-0.064,0,0.611,0.00205,0.92,19.62,39,9,18,0,BAR_TICK,0.00,4036.37,4045.22
2026.06.03 05:00,1,-0.00001083,-0.769,0.000,-0.133,0,0.604,0.00207,0.94,19.62,40,8,18,0,BAR_TICK,0.00,4036.37,4044.61
2026.06.03 06:00,1,-0.00001060,0.007,0.000,0.000,0,0.597,0.00196,1.08,19.62,41,7,18,0,BAR_TICK,0.00,4036.37,4045.58
2026.06.03 07:00,1,0.00002916,1.270,0.570,0.000,0,0.677,0.00193,1.58,19.62,42,6,18,0,BAR_TICK,0.00,4036.37,4048.37
2026.06.03 08:00,1,0.00008977,1.936,1.805,0.000,0,0.601,0.00201,1.59,19.62,43,5,18,0,BAR_TICK,0.00,4036.37,4051.03
2026.06.03 09:00,1,0.00013055,1.303,2.408,0.000,0,0.617,0.00196,0.78,19.62,44,4,18,0,BAR_TICK,0.00,4036.37,4051.52
2026.06.03 10:00,1,0.00018227,1.653,3.361,0.000,0,0.673,0.00202,1.53,19.62,45,3,18,0,BAR_TICK,0.00,4036.37,4053.75
2026.06.03 11:00,1,0.00021076,0.911,3.571,0.000,0,0.652,0.00212,1.15,19.62,46,2,18,0,BAR_TICK,0.00,4036.37,4053.97
2026.06.03 12:00,1,0.00023937,0.914,3.786,0.000,0,0.639,0.00222,1.08,19.62,47,1,18,0,BAR_TICK,0.00,4036.37,4055.26
2026.06.03 13:00,1,0.00026416,0.792,3.878,0.000,0,0.566,0.00233,1.00,19.62,48,0,18,0,BAR_TICK,0.00,4036.37,4056.32
2026.06.03 14:00,1,0.00026040,-0.120,3.058,0.000,0,0.622,0.00237,1.03,19.62,49,0,18,0,BAR_TICK,0.00,4036.37,4055.59
2026.06.03 15:00,1,0.00022799,-1.036,1.322,-0.336,0,0.615,0.00236,0.92,19.62,50,0,18,0,BAR_TICK,0.00,4036.37,4054.06
2026.06.03 16:00,1,0.00025212,0.771,1.393,0.000,0,0.613,0.00250,1.69,19.62,51,0,18,0,BAR_TICK,0.00,4036.37,4057.73
2026.06.03 17:00,1,0.00028781,1.141,1.835,0.000,0,0.641,0.00264,1.59,19.62,52,0,18,0,BAR_TICK,0.00,4036.37,4059.59
2026.06.03 18:00,1,0.00031600,0.902,2.036,0.000,0,0.654,0.00265,0.76,19.62,53,0,18,0,BAR_TICK,0.00,4036.37,4060.93
2026.06.03 19:00,1,0.00036145,1.453,2.789,0.000,0,0.650,0.00281,1.46,19.62,54,0,18,0,BAR_TICK,0.00,4036.37,4063.65
2026.06.03 20:00,1,0.00037130,0.315,2.405,0.000,0,0.660,0.00277,0.58,19.62,55,0,18,0,BAR_TICK,0.00,4036.37,4063.22
2026.06.03 21:00,1,0.00035919,-0.387,1.317,0.000,0,0.659,0.00265,0.51,19.62,56,0,18,0,BAR_TICK,0.00,4036.37,4062.75
2026.06.03 22:00,1,0.00034722,-0.383,0.234,0.000,0,0.695,0.00249,0.41,19.62,57,0,18,0,BAR_TICK,0.00,4036.37,4063.26
2026.06.03 23:00,1,0.00032578,-0.686,0.000,0.000,0,0.668,0.00246,0.42,19.62,58,0,18,0,BAR_TICK,0.00,4036.37,4063.06
2026.06.04 00:00,1,0.00030910,-0.533,0.000,0.000,0,0.650,0.00240,0.96,18.65,59,0,18,0,BAR_TICK,0.00,4036.37,4063.43
2026.06.04 01:00,1,0.00027482,-1.096,0.000,-0.396,0,0.653,0.00233,0.60,18.65,60,0,18,0,BAR_TICK,0.00,4036.37,4062.78
2026.06.04 02:00,1,0.00021839,-1.805,0.000,-1.501,0,0.663,0.00243,1.58,18.65,61,0,18,0,BAR_TICK,0.00,4036.37,4060.59
2026.06.04 03:00,1,0.00019593,-0.718,0.000,-1.519,0,0.709,0.00244,0.99,18.65,62,0,18,0,BAR_TICK,0.00,4036.37,4061.92
2026.06.04 04:00,1,0.00017412,-0.698,0.000,-1.517,0,0.721,0.00238,0.71,18.65,63,0,18,0,BAR_TICK,0.00,4036.37,4061.78
2026.06.04 05:00,1,0.00015409,-0.640,0.000,-1.458,0,0.648,0.00247,1.35,18.65,64,0,18,0,BAR_TICK,0.00,4036.37,4061.69
2026.06.04 06:00,1,0.00014014,-0.446,0.000,-1.204,0,0.667,0.00228,0.68,18.65,65,0,18,0,BAR_TICK,0.00,4036.37,4061.91
2026.06.04 07:00,1,0.00012090,-0.615,0.000,-1.119,0,0.711,0.00205,0.53,18.65,66,0,18,0,BAR_TICK,0.00,4036.37,4061.46
2026.06.04 08:00,1,0.00010849,-0.397,0.000,-0.816,0,0.770,0.00200,0.65,18.65,67,0,18,0,BAR_TICK,0.00,4036.37,4061.68
2026.06.04 09:00,1,0.00010171,-0.217,0.000,-0.333,0,0.779,0.00177,0.45,18.65,68,0,18,0,BAR_TICK,0.00,4036.37,4061.98
2026.06.04 10:00,1,0.00009744,-0.137,0.000,0.000,0,0.755,0.00179,1.08,18.65,69,0,18,0,BAR_TICK,0.00,4036.37,4062.20
2026.06.04 11:00,1,0.00010127,0.122,0.000,0.000,0,0.728,0.00183,1.09,18.65,70,0,18,0,BAR_TICK,0.00,4036.37,4062.84
2026.06.04 12:00,1,0.00011924,0.575,0.000,0.000,0,0.717,0.00193,1.25,18.65,71,0,18,0,BAR_TICK,0.00,4036.37,4064.19
2026.06.04 13:00,1,0.00010219,-0.545,0.000,0.000,0,0.748,0.00206,1.35,18.65,72,0,18,0,BAR_TICK,0.00,4036.37,4062.51
2026.06.04 14:00,1,0.00009155,-0.340,0.000,0.000,0,0.730,0.00201,0.83,18.65,73,0,18,0,BAR_TICK,0.00,4036.37,4062.72
2026.06.04 15:00,1,0.00006845,-0.739,0.000,-0.039,0,0.763,0.00203,0.84,18.65,74,0,18,0,BAR_TICK,0.00,4036.37,4061.74
2026.06.04 16:00,1,0.00007150,0.097,0.000,0.000,0,0.709,0.00188,0.90,18.65,75,0,18,0,BAR_TICK,0.00,4036.37,4063.08
2026.06.04 17:00,1,0.00003110,-1.292,0.000,-0.592,0,0.694,0.00195,1.73,18.65,76,0,18,0,BAR_TICK,0.00,4036.37,4060.26
2026.06.04 18:00,1,0.00001368,-0.557,0.000,-0.449,0,0.731,0.00197,1.04,18.65,77,0,18,0,BAR_TICK,0.00,4036.37,4060.83
2026.06.04 19:00,1,0.00000707,-0.212,0.000,0.000,0,0.702,0.00185,0.84,18.65,78,0,18,0,BAR_TICK,0.00,4036.37,4061.14
2026.06.04 20:00,1,0.00000284,-0.135,0.000,0.000,0,0.704,0.00182,0.66,18.65,79,0,18,0,BAR_TICK,0.00,4036.37,4061.14
2026.06.04 21:00,1,-0.00000976,-0.403,0.000,0.000,0,0.706,0.00183,0.64,18.65,80,0,18,0,BAR_TICK,0.00,4036.37,4060.34
2026.06.04 22:00,1,0.00000131,0.354,0.000,0.000,0,0.694,0.00186,0.94,18.65,81,0,18,0,BAR_TICK,0.00,4036.37,4061.74
2026.06.04 23:00,1,0.00000921,0.253,0.000,0.000,0,0.767,0.00189,0.62,18.65,82,0,18,0,BAR_TICK,0.00,4036.37,4061.83
2026.06.05 00:00,1,0.00001664,0.237,0.000,0.000,0,0.742,0.00183,0.61,17.82,83,0,18,0,BAR_TICK,0.00,4036.37,4062.04
2026.06.05 01:00,1,0.00002199,0.171,0.000,0.000,0,0.716,0.00186,1.25,17.82,84,0,18,0,BAR_TICK,0.00,4036.37,4061.92
2026.06.05 02:00,1,0.00001976,-0.071,0.000,0.000,0,0.731,0.00177,0.70,17.82,85,0,18,0,BAR_TICK,0.00,4036.37,4061.80
2026.06.05 03:00,1,0.00001806,-0.054,0.000,0.000,0,0.738,0.00169,0.98,17.82,86,0,18,0,BAR_TICK,0.00,4036.37,4061.82
2026.06.05 04:00,1,0.00003368,0.500,0.000,0.000,0,0.786,0.00169,0.98,17.82,87,0,18,0,BAR_TICK,0.00,4036.37,4063.05
2026.06.05 05:00,1,0.00008586,1.669,0.969,0.000,0,0.756,0.00191,2.51,17.82,88,0,18,0,BAR_TICK,0.00,4036.37,4066.18
2026.06.05 06:00,1,0.00008595,0.003,0.272,0.000,0,0.753,0.00202,1.57,17.82,89,0,18,0,BAR_TICK,0.00,4036.37,4064.13
2026.06.05 07:00,1,0.00010508,0.612,0.184,0.000,0,0.750,0.00192,1.03,17.82,90,0,18,0,BAR_TICK,0.00,4036.37,4065.69
2026.06.05 08:00,1,0.00008276,-0.714,0.000,-0.014,0,0.715,0.00196,1.35,17.82,91,0,18,0,BAR_TICK,0.00,4036.37,4063.51
2026.06.05 09:00,1,0.00007712,-0.180,0.000,0.000,0,0.730,0.00196,0.76,17.82,92,0,18,0,BAR_TICK,0.00,4036.37,4064.26
2026.06.05 10:00,1,0.00007530,-0.058,0.000,0.000,0,0.707,0.00201,0.96,17.82,93,0,18,0,BAR_TICK,0.00,4036.37,4064.50
2026.06.05 11:00,1,0.00007123,-0.130,0.000,0.000,0,0.717,0.00205,0.88,17.82,94,0,18,0,BAR_TICK,0.00,4036.37,4064.51
2026.06.05 12:00,1,0.00009307,0.699,0.000,0.000,0,0.700,0.00214,1.39,17.82,95,0,18,0,BAR_TICK,0.00,4036.37,4066.41
2026.06.05 13:00,1,0.00008188,-0.358,0.000,0.000,0,0.696,0.00222,1.05,17.82,96,0,18,0,BAR_TICK,0.00,4036.37,4064.87
2026.06.05 14:00,1,0.00008285,0.031,0.000,0.000,0,0.726,0.00226,0.75,17.82,97,0,18,0,BAR_TICK,0.00,4036.37,4065.62
2026.06.05 15:00,1,0.00007980,-0.098,0.000,0.000,0,0.704,0.00219,0.57,17.82,98,0,18,0,BAR_TICK,0.00,4036.37,4065.55
2026.06.05 16:00,1,0.00012154,1.335,0.635,0.000,0,0.670,0.00249,2.20,17.82,99,0,18,0,BAR_TICK,0.00,4036.37,4068.80
2026.06.05 17:00,1,0.00019955,2.495,2.430,0.000,0,0.673,0.00278,2.08,17.82,100,0,18,0,BAR_TICK,0.00,4036.37,4072.91
2026.06.05 18:00,1,0.00023890,1.259,2.989,0.000,0,0.665,0.00296,1.39,17.82,101,0,18,0,BAR_TICK,0.00,4036.37,4072.81
2026.06.05 19:00,1,0.00028123,1.354,3.643,0.000,0,0.696,0.00280,0.90,17.82,102,0,18,0,BAR_TICK,0.00,4036.37,4074.65
2026.06.05 20:00,1,0.00028288,0.053,2.996,0.000,0,0.698,0.00272,0.77,17.82,103,0,18,0,BAR_TICK,0.00,4036.37,4073.62
2026.06.05 21:00,1,0.00027997,-0.093,2.203,0.000,0,0.621,0.00273,0.76,17.82,104,0,18,0,BAR_TICK,0.00,4036.37,4073.98
2026.06.05 22:00,1,0.00028945,0.303,1.806,0.000,0,0.594,0.00266,0.65,17.82,105,0,18,0,BAR_TICK,0.00,4036.37,4075.44
2026.06.05 23:00,1,0.00028855,-0.029,1.077,0.000,0,0.640,0.00267,0.62,17.82,106,0,18,0,BAR_TICK,0.00,4036.37,4075.66
2026.06.08 01:00,1,0.00027736,-0.358,0.019,0.000,0,0.711,0.00275,1.11,19.50,107,0,18,0,BAR_TICK,0.00,4036.37,4077.31
2026.06.08 02:00,1,0.00029025,0.412,0.000,0.000,0,0.729,0.00282,0.99,19.50,108,0,18,0,BAR_TICK,0.00,4036.37,4077.58
2026.06.08 03:00,1,0.00026215,-0.899,0.000,-0.199,0,0.686,0.00277,0.79,19.50,109,0,18,0,BAR_TICK,0.00,4036.37,4075.67
2026.06.08 04:00,1,0.00020903,-1.699,0.000,-1.198,0,0.712,0.00282,1.10,19.50,110,0,18,0,BAR_TICK,0.00,4036.37,4073.61
2026.06.08 05:00,1,0.00018375,-0.809,0.000,-1.307,0,0.627,0.00287,0.84,19.50,111,0,18,0,BAR_TICK,0.00,4036.37,4074.65
2026.06.08 06:00,1,0.00015700,-0.855,0.000,-1.462,0,0.642,0.00300,1.01,19.50,112,0,18,0,BAR_TICK,0.00,4036.37,4074.19
2026.06.08 07:00,1,0.00012326,-1.079,0.000,-1.841,0,0.625,0.00274,0.64,19.50,113,0,18,0,BAR_TICK,0.00,4036.37,4073.35
2026.06.08 08:00,1,0.00010701,-0.520,0.000,-1.661,0,0.658,0.00244,0.65,19.50,114,0,18,0,BAR_TICK,0.00,4036.37,4073.92
2026.06.08 09:00,1,0.00009752,-0.303,0.000,-1.264,0,0.624,0.00227,0.80,19.50,115,0,18,0,BAR_TICK,0.00,4036.37,4074.20
2026.06.08 10:00,1,0.00006691,-0.979,0.000,-1.544,0,0.618,0.00226,1.02,19.50,116,0,18,0,BAR_TICK,0.00,4036.37,4072.66
2026.06.08 11:00,1,0.00003845,-0.910,0.000,-1.754,0,0.644,0.00220,0.59,19.50,117,0,18,0,BAR_TICK,0.00,4036.37,4072.08
2026.06.08 12:00,1,-0.00000063,-1.250,0.000,-2.304,0,0.611,0.00223,1.09,19.50,118,0,18,0,BAR_TICK,0.00,4036.37,4070.60
2026.06.08 13:00,1,-0.00005385,-1.702,0.000,-3.306,0,0.636,0.00235,1.46,19.50,119,0,18,0,BAR_TICK,0.00,4036.37,4068.49
2026.06.08 14:00,1,-0.00007869,-0.795,0.000,-3.400,0,0.664,0.00238,0.86,19.50,120,0,18,0,BAR_TICK,0.00,4036.37,4068.84
2026.06.08 15:00,1,-0.00010921,-0.976,0.000,-3.677,0,0.646,0.00250,1.90,19.50,121,0,18,0,BAR_TICK,0.00,4036.37,4067.59
2026.06.08 16:00,1,-0.00015912,-1.596,0.000,-4.573,0,0.683,0.00252,1.20,19.50,122,0,18,0,BAR_TICK,0.00,4036.37,4065.09
2026.06.08 17:00,1,-0.00011023,1.564,0.864,-2.309,0,0.697,0.00280,2.22,19.50,123,0,18,0,BAR_TICK,0.00,4036.37,4070.38
2026.06.08 18:00,1,-0.00012117,-0.350,0.000,-1.959,0,0.693,0.00293,1.67,19.50,124,0,18,0,BAR_TICK,0.00,4036.37,4067.23
2026.06.08 19:00,1,-0.00009119,0.959,0.259,-0.300,0,0.697,0.00297,1.00,19.50,125,0,18,0,BAR_TICK,0.00,4036.37,4069.57
2026.06.08 20:00,1,-0.00006890,0.713,0.272,0.000,0,0.704,0.00285,0.46,19.50,126,0,18,0,BAR_TICK,0.00,4036.37,4069.64
2026.06.08 21:00,1,-0.00004302,0.828,0.399,0.000,0,0.742,0.00284,0.57,19.50,127,0,18,0,BAR_TICK,0.00,4036.37,4070.39
2026.06.08 22:00,1,-0.00002349,0.625,0.324,0.000,0,0.736,0.00284,0.57,19.50,128,0,18,0,BAR_TICK,0.00,4036.37,4070.55
2026.06.08 23:00,1,-0.00000340,0.643,0.267,0.000,0,0.729,0.00280,0.46,19.50,129,0,18,0,BAR_TICK,0.00,4036.37,4071.13
2026.06.09 01:00,1,-0.00000064,0.088,0.000,0.000,0,0.749,0.00274,0.52,20.95,130,0,18,0,BAR_TICK,0.00,4036.37,4069.32
2026.06.09 02:00,1,0.00001459,0.487,0.000,0.000,0,0.713,0.00282,0.87,20.95,131,0,18,0,BAR_TICK,0.00,4036.37,4071.40
2026.06.09 03:00,1,0.00003993,0.810,0.110,0.000,0,0.719,0.00276,0.59,20.95,132,0,18,0,BAR_TICK,0.00,4036.37,4072.59
2026.06.09 04:00,1,0.00005033,0.333,0.000,0.000,0,0.719,0.00263,0.59,20.95,133,0,18,0,BAR_TICK,0.00,4036.37,4072.33
2026.06.09 05:00,1,0.00002877,-0.690,0.000,0.000,0,0.716,0.00269,1.08,20.95,134,0,18,0,BAR_TICK,0.00,4036.37,4070.45
2026.06.09 06:00,1,0.00002836,-0.013,0.000,0.000,0,0.696,0.00252,0.94,20.95,135,0,18,0,BAR_TICK,0.00,4036.37,4071.42
2026.06.09 07:00,1,-0.00000953,-1.212,0.000,-0.512,0,0.700,0.00258,1.50,20.95,136,0,18,0,BAR_TICK,0.00,4036.37,4068.79
2026.06.09 08:00,1,-0.00005784,-1.545,0.000,-1.357,0,0.718,0.00232,1.15,20.95,137,0,18,0,BAR_TICK,0.00,4036.37,4066.95
2026.06.09 09:00,1,-0.00014004,-2.629,0.000,-3.286,0,0.718,0.00231,2.05,20.95,138,0,18,0,BAR_TICK,0.00,4036.37,4063.03
2026.06.09 10:00,1,-0.00016884,-0.921,0.000,-3.507,0,0.732,0.00238,1.67,20.95,139,0,18,0,BAR_TICK,0.00,4036.37,4064.16
2026.06.09 11:00,1,-0.00010812,1.942,1.242,-0.865,0,0.720,0.00279,2.51,20.95,140,0,18,0,BAR_TICK,0.00,4036.37,4069.43
2026.06.09 12:00,1,-0.00006963,1.231,1.773,0.000,0,0.733,0.00286,0.91,20.95,141,0,18,0,BAR_TICK,0.00,4036.37,4069.29
2026.06.09 13:00,1,-0.00002319,1.485,2.559,0.000,0,0.758,0.00292,0.84,20.95,142,0,18,0,BAR_TICK,0.00,4036.37,4070.78
2026.06.09 14:00,1,-0.00001212,0.354,2.213,0.000,0,0.727,0.00299,0.77,20.95,143,0,18,0,BAR_TICK,0.00,4036.37,4069.51
2026.06.09 15:00,1,-0.00000993,0.070,1.583,0.000,0,0.688,0.00299,0.44,20.95,144,0,18,0,BAR_TICK,0.00,4036.37,4069.14
2026.06.09 16:00,1,0.00000973,0.629,1.512,0.000,0,0.668,0.00298,0.78,20.95,145,0,18,0,BAR_TICK,0.00,4036.37,4070.45
2026.06.09 17:00,1,0.00002632,0.531,1.342,0.000,0,0.675,0.00306,0.91,20.95,146,0,18,0,BAR_TICK,0.00,4036.37,4070.81
2026.06.09 18:00,1,0.00004402,0.566,1.208,0.000,0,0.692,0.00333,1.58,20.95,147,0,18,0,BAR_TICK,0.00,4036.37,4071.53
2026.06.09 19:00,1,0.00008915,1.444,1.952,0.000,0,0.674,0.00339,1.10,20.95,148,0,18,0,BAR_TICK,0.00,4036.37,4073.93
2026.06.09 20:00,1,0.00014060,1.646,2.898,0.000,0,0.660,0.00356,1.34,20.95,149,0,18,0,BAR_TICK,0.00,4036.37,4075.91
2026.06.09 21:00,1,0.00014573,0.164,2.362,0.000,0,0.705,0.00347,0.75,20.95,150,0,18,0,BAR_TICK,0.00,4036.37,4074.41
2026.06.09 22:00,1,0.00015071,0.159,1.821,0.000,0,0.638,0.00341,0.55,20.95,151,0,18,0,BAR_TICK,0.00,4036.37,4074.86
2026.06.09 23:00,1,0.00015572,0.160,1.281,0.000,0,0.627,0.00329,0.92,20.95,152,0,18,0,BAR_TICK,0.00,4036.37,4075.33
2026.06.10 00:00,1,0.00013424,-0.687,0.000,0.000,0,0.622,0.00318,0.78,21.19,153,0,18,0,BAR_TICK,0.00,4036.37,4073.87
2026.06.10 01:00,1,0.00009743,-1.177,0.000,-0.477,0,0.605,0.00278,0.48,21.19,154,0,18,0,BAR_TICK,0.00,4036.37,4073.91
2026.06.10 02:00,1,0.00012837,0.990,0.290,0.000,0,0.566,0.00293,1.14,21.19,155,0,18,0,BAR_TICK,0.00,4036.37,4076.59
2026.06.10 03:00,1,0.00014630,0.573,0.163,0.000,0,0.567,0.00288,0.62,21.19,156,0,18,0,BAR_TICK,0.00,4036.37,4076.85
2026.06.10 04:00,1,0.00012236,-0.766,0.000,-0.066,0,0.568,0.00296,1.16,21.19,157,0,18,0,BAR_TICK,0.00,4036.37,4074.67
2026.06.10 05:00,1,0.00009211,-0.967,0.000,-0.333,0,0.534,0.00309,1.00,21.19,158,0,18,0,BAR_TICK,0.00,4036.37,4073.82
2026.06.10 06:00,1,0.00008706,-0.162,0.000,0.000,0,0.491,0.00308,0.72,21.19,159,0,18,0,BAR_TICK,0.00,4036.37,4074.98
2026.06.10 07:00,1,0.00007452,-0.401,0.000,0.000,0,0.535,0.00299,0.51,21.19,160,0,18,0,BAR_TICK,0.00,4036.37,4074.50
2026.06.10 08:00,1,0.00009144,0.541,0.000,0.000,0,0.534,0.00277,0.78,21.19,161,0,18,0,BAR_TICK,0.00,4036.37,4076.43
2026.06.10 09:00,1,0.00011211,0.661,0.000,0.000,0,0.561,0.00267,0.88,21.19,162,0,18,0,BAR_TICK,0.00,4036.37,4077.39
2026.06.10 10:00,1,0.00011724,0.164,0.000,0.000,0,0.571,0.00249,0.90,21.19,163,0,18,0,BAR_TICK,0.00,4036.37,4077.14
2026.06.10 11:00,1,0.00013259,0.491,0.000,0.000,0,0.526,0.00245,0.84,21.19,164,0,18,0,BAR_TICK,0.00,4036.37,4078.28
2026.06.10 12:00,1,0.00014249,0.317,0.000,0.000,0,0.520,0.00246,0.77,21.19,165,0,18,0,BAR_TICK,0.00,4036.37,4078.64
2026.06.10 13:00,1,0.00014766,0.165,0.000,0.000,0,0.553,0.00242,1.04,21.19,166,0,18,0,BAR_TICK,0.00,4036.37,4078.89
2026.06.10 14:00,1,0.00013506,-0.403,0.000,0.000,0,0.568,0.00243,1.06,21.19,167,0,18,0,BAR_TICK,0.00,4036.37,4078.10
2026.06.10 15:00,1,0.00014830,0.423,0.000,0.000,0,0.589,0.00254,1.17,21.19,168,0,18,0,BAR_TICK,0.00,4036.37,4079.91
2026.06.10 16:00,1,0.00012706,-0.679,0.000,0.000,0,0.576,0.00252,1.77,21.19,169,0,18,0,BAR_TICK,0.00,4036.37,4078.17
2026.06.10 17:00,1,0.00008899,-1.218,0.000,-0.518,0,0.590,0.00257,0.96,21.19,170,0,18,0,BAR_TICK,0.00,4036.37,4076.63
2026.06.10 18:00,1,0.00005199,-1.183,0.000,-1.001,0,0.618,0.00249,0.93,21.19,171,0,18,0,BAR_TICK,0.00,4036.37,4075.83
2026.06.10 19:00,1,0.00001487,-1.187,0.000,-1.488,0,0.603,0.00248,1.19,21.19,172,0,18,0,BAR_TICK,0.00,4036.37,4074.89
2026.06.10 20:00,1,-0.00000302,-0.572,0.000,-1.361,0,0.620,0.00243,0.64,21.19,173,0,18,0,BAR_TICK,0.00,4036.37,4075.25
2026.06.10 21:00,1,0.00001676,0.633,0.000,-0.028,0,0.589,0.00254,1.23,21.19,174,0,18,0,BAR_TICK,0.00,4036.37,4077.44
2026.06.10 22:00,1,0.00003222,0.494,0.000,0.000,0,0.574,0.00252,0.72,21.19,175,0,18,0,BAR_TICK,0.00,4036.37,4077.73
2026.06.10 23:00,1,0.00006626,1.089,0.389,0.000,0,0.572,0.00258,1.24,21.19,176,0,18,0,BAR_TICK,0.00,4036.37,4079.58
2026.06.11 00:00,1,0.00010070,1.102,0.790,0.000,0,0.614,0.00256,0.77,22.80,177,0,18,0,BAR_TICK,0.00,4036.37,4080.63
2026.06.11 01:00,1,0.00013566,1.118,1.208,0.000,0,0.621,0.00255,0.77,22.80,178,0,18,0,BAR_TICK,0.00,4036.37,4081.73
2026.06.11 02:00,1,0.00014382,0.261,0.770,0.000,0,0.603,0.00263,1.12,22.80,179,0,18,0,BAR_TICK,0.00,4036.37,4081.36
2026.06.11 03:00,1,0.00014025,-0.114,0.000,0.000,0,0.590,0.00263,0.97,22.80,180,0,18,0,BAR_TICK,0.00,4036.37,4081.10
2026.06.11 04:00,1,0.00013110,-0.293,0.000,0.000,0,0.612,0.00261,0.87,22.80,181,0,18,0,BAR_TICK,0.00,4036.37,4080.90
2026.06.11 05:00,1,0.00013040,-0.022,0.000,0.000,0,0.658,0.00265,1.32,22.80,182,0,18,0,BAR_TICK,0.00,4036.37,4081.52
2026.06.11 06:00,1,0.00012551,-0.156,0.000,0.000,0,0.662,0.00242,0.48,22.80,183,0,18,0,BAR_TICK,0.00,4036.37,4081.53
2026.06.11 07:00,1,0.00013577,0.328,0.000,0.000,0,0.622,0.00238,0.83,22.80,184,0,18,0,BAR_TICK,0.00,4036.37,4082.77
2026.06.11 08:00,1,0.00013956,0.121,0.000,0.000,0,0.634,0.00230,0.53,22.80,185,0,18,0,BAR_TICK,0.00,4036.37,4082.91
2026.06.11 09:00,1,0.00014904,0.303,0.000,0.000,0,0.653,0.00220,0.71,22.80,186,0,18,0,BAR_TICK,0.00,4036.37,4083.81
2026.06.11 10:00,1,0.00016817,0.612,0.000,0.000,0,0.653,0.00220,0.68,22.80,187,0,18,0,BAR_TICK,0.00,4036.37,4085.06
2026.06.11 11:00,1,0.00018682,0.597,0.000,0.000,0,0.639,0.00212,0.95,22.80,188,0,18,0,BAR_TICK,0.00,4036.37,4085.94
2026.06.11 12:00,1,0.00019350,0.213,0.000,0.000,0,0.645,0.00207,0.53,22.80,189,0,18,0,BAR_TICK,0.00,4036.37,4086.06
2026.06.11 13:00,1,0.00018564,-0.251,0.000,0.000,0,0.637,0.00197,0.90,22.80,190,0,18,0,BAR_TICK,0.00,4036.37,4085.65
2026.06.11 14:00,1,0.00016496,-0.662,0.000,0.000,0,0.699,0.00189,0.50,22.80,191,0,18,0,BAR_TICK,0.00,4036.37,4084.93
2026.06.11 15:00,1,0.00014689,-0.578,0.000,0.000,0,0.733,0.00190,1.10,22.80,192,0,18,0,BAR_TICK,0.00,4036.37,4084.91
2026.06.11 16:00,1,0.00014847,0.050,0.000,0.000,0,0.724,0.00191,1.63,22.80,193,0,18,0,BAR_TICK,0.00,4036.37,4086.14
2026.06.11 17:00,1,0.00011302,-1.134,0.000,-0.434,0,0.640,0.00196,1.63,22.80,194,0,18,0,BAR_TICK,0.00,4036.37,4083.87
2026.06.11 18:00,1,0.00007091,-1.347,0.000,-1.081,0,0.641,0.00211,2.06,22.80,195,0,18,0,BAR_TICK,0.00,4036.37,4082.65
2026.06.11 19:00,1,0.00004415,-0.856,0.000,-1.236,0,0.605,0.00199,0.91,22.80,196,0,18,0,BAR_TICK,0.00,4036.37,4082.71
2026.06.11 20:00,1,0.00003824,-0.189,0.000,-0.726,0,0.588,0.00205,0.98,22.80,197,0,18,0,BAR_TICK,0.00,4036.37,4083.55
2026.06.11 21:00,1,-0.00005777,-3.071,0.000,-3.096,0,0.649,0.00241,2.94,22.80,198,0,18,0,BAR_TICK,0.00,4036.37,4076.99
2026.06.11 22:00,1,-0.00010628,-1.552,0.000,-3.948,0,0.593,0.00256,1.30,22.80,199,0,18,0,BAR_TICK,0.00,4036.37,4077.53
2026.06.11 23:00,1,-0.00020312,-3.097,0.000,-6.345,0,0.547,0.00283,1.87,22.80,200,0,18,0,BAR_TICK,0.00,4036.37,4072.45
2026.06.12 00:00,1,-0.00023867,-1.137,0.000,-6.782,0,0.559,0.00290,0.86,25.35,201,0,18,0,BAR_TICK,0.00,4036.37,4073.63
2026.06.12 01:01,1,-0.00026840,-0.951,0.000,0.000,-1,0.545,0.00292,0.79,25.35,202,0,18,0,CLOSE_TREND_ON_REVERSAL,38.22,4074.59,4074.59
2026.06.12 01:01,-1,-0.00026840,-0.951,0.000,0.000,-1,0.545,0.00292,0.79,25.35,0,48,20,0,OPEN_TREND_AFTER_REVERSAL,0.00,4074.59,4073.00
2026.06.12 02:00,-1,-0.00025699,0.451,0.000,0.000,0,0.566,0.00303,0.39,25.35,1,47,20,0,BAR_TICK,0.00,4074.59,4074.56
2026.06.12 03:00,-1,-0.00024396,0.555,0.000,0.000,0,0.567,0.00313,1.02,25.35,2,46,20,0,BAR_TICK,0.00,4074.59,4074.06
2026.06.12 04:00,-1,-0.00021629,1.043,0.343,0.000,0,0.546,0.00324,0.78,25.35,3,45,20,0,BAR_TICK,0.00,4074.59,4072.12
2026.06.12 05:00,-1,-0.00017155,1.416,1.058,0.000,0,0.572,0.00333,0.98,25.35,4,44,20,0,BAR_TICK,0.00,4074.59,4069.62
2026.06.12 06:00,-1,-0.00014583,0.692,1.051,0.000,0,0.599,0.00325,0.62,25.35,5,43,20,0,BAR_TICK,0.00,4074.59,4069.48
2026.06.12 07:00,-1,-0.00015062,-0.113,0.238,0.000,0,0.573,0.00320,0.78,25.35,6,42,20,0,BAR_TICK,0.00,4074.59,4070.79
2026.06.12 08:00,-1,-0.00016392,-0.234,0.000,0.000,0,0.547,0.00301,0.58,25.35,7,41,20,0,BAR_TICK,0.00,4074.59,4071.54
2026.06.12 09:00,-1,-0.00008722,1.130,0.430,0.000,0,0.544,0.00309,0.90,25.35,8,40,20,0,BAR_TICK,0.00,4074.59,4069.12
2026.06.12 10:00,-1,-0.00007699,0.143,0.000,0.000,0,0.586,0.00312,0.80,25.35,9,39,20,0,BAR_TICK,0.00,4074.59,4070.41
2026.06.12 11:00,-1,-0.00011748,-0.581,0.000,0.000,0,0.594,0.00286,1.22,25.35,10,38,20,0,BAR_TICK,0.00,4074.59,4072.17
2026.06.12 12:00,-1,-0.00013167,-0.218,0.000,0.000,0,0.585,0.00283,1.00,25.35,11,37,20,0,BAR_TICK,0.00,4074.59,4072.18
2026.06.12 13:00,-1,-0.00017012,-0.642,0.000,0.000,0,0.546,0.00266,1.13,25.35,12,36,20,0,BAR_TICK,0.00,4074.59,4073.69
2026.06.12 14:00,-1,-0.00020143,-0.571,0.000,0.000,0,0.615,0.00264,0.85,25.35,13,35,20,0,BAR_TICK,0.00,4074.59,4074.66
2026.06.12 15:00,-1,-0.00017993,0.427,0.000,0.000,0,0.623,0.00264,0.83,25.35,14,34,20,0,BAR_TICK,0.00,4074.59,4073.35
2026.06.12 16:00,-1,-0.00016028,0.421,0.000,0.000,0,0.621,0.00253,0.48,25.35,15,33,20,0,BAR_TICK,0.00,4074.59,4073.28
2026.06.12 17:00,-1,-0.00013207,0.645,0.000,0.000,0,0.591,0.00253,1.25,25.35,16,32,20,0,BAR_TICK,0.00,4074.59,4072.63
2026.06.12 18:00,-1,-0.00012388,0.198,0.000,0.000,0,0.541,0.00250,0.81,25.35,17,31,20,0,BAR_TICK,0.00,4074.59,4073.52
2026.06.12 19:00,-1,-0.00009999,0.607,0.000,0.000,0,0.595,0.00248,1.20,25.35,18,30,20,0,BAR_TICK,0.00,4074.59,4072.61
2026.06.12 20:00,-1,-0.00011312,-0.347,0.000,0.000,0,0.613,0.00252,1.03,25.35,19,29,20,0,BAR_TICK,0.00,4074.59,4074.42
2026.06.12 21:00,-1,-0.00010998,0.086,0.000,0.000,0,0.645,0.00242,0.49,25.35,20,28,20,0,BAR_TICK,0.00,4074.59,4074.07
2026.06.12 22:00,-1,-0.00010639,0.101,0.000,0.000,0,0.624,0.00237,0.44,25.35,21,27,20,0,BAR_TICK,0.00,4074.59,4074.15
2026.06.12 23:00,-1,-0.00011223,-0.168,0.000,0.000,0,0.612,0.00227,0.61,25.35,22,26,20,0,BAR_TICK,0.00,4074.59,4074.91
2026.06.15 01:00,-1,-0.00013081,-0.546,0.000,0.000,0,0.610,0.00221,0.77,27.56,23,25,20,0,BAR_TICK,0.00,4074.59,4079.45
2026.06.15 02:00,-1,-0.00015489,-0.718,0.000,-0.018,0,0.636,0.00230,1.51,27.56,24,24,20,0,BAR_TICK,0.00,4074.59,4077.23
2026.06.15 03:00,-1,-0.00015596,-0.032,0.000,0.000,0,0.637,0.00231,1.28,27.56,25,23,20,0,BAR_TICK,0.00,4074.59,4076.89
2026.06.15 04:00,-1,-0.00011041,1.390,0.690,0.000,0,0.630,0.00232,1.36,27.56,26,22,20,0,BAR_TICK,0.00,4074.59,4074.10
2026.06.15 05:00,-1,-0.00011890,-0.261,0.000,0.000,0,0.602,0.00240,1.42,27.56,27,21,20,0,BAR_TICK,0.00,4074.59,4076.72
2026.06.15 06:00,-1,-0.00011675,0.067,0.000,0.000,0,0.641,0.00236,0.69,27.56,28,20,20,0,BAR_TICK,0.00,4074.59,4076.59
2026.06.15 07:00,-1,-0.00011677,-0.001,0.000,0.000,0,0.681,0.00243,0.90,27.56,29,19,20,0,BAR_TICK,0.00,4074.59,4076.98
2026.06.15 08:00,-1,-0.00011965,-0.090,0.000,0.000,0,0.704,0.00229,0.53,27.56,30,18,20,0,BAR_TICK,0.00,4074.59,4077.32
2026.06.15 09:00,-1,-0.00010940,0.322,0.000,0.000,0,0.695,0.00229,0.90,27.56,31,17,20,0,BAR_TICK,0.00,4074.59,4076.88
2026.06.15 10:00,-1,-0.00009333,0.507,0.000,0.000,0,0.594,0.00222,0.89,27.56,32,16,20,0,BAR_TICK,0.00,4074.59,4076.36
2026.06.15 11:00,-1,-0.00008105,0.388,0.000,0.000,0,0.609,0.00222,1.13,27.56,33,15,20,0,BAR_TICK,0.00,4074.59,4076.39
2026.06.15 12:00,-1,-0.00008750,-0.204,0.000,0.000,0,0.580,0.00225,0.72,27.56,34,14,20,0,BAR_TICK,0.00,4074.59,4077.66
2026.06.15 13:00,-1,-0.00006819,0.613,0.000,0.000,0,0.583,0.00234,1.01,27.56,35,13,20,0,BAR_TICK,0.00,4074.59,4076.15
2026.06.15 14:00,-1,-0.00006276,0.172,0.000,0.000,0,0.656,0.00238,0.82,27.56,36,12,20,0,BAR_TICK,0.00,4074.59,4076.72
2026.06.15 15:00,-1,-0.00004654,0.516,0.000,0.000,0,0.611,0.00239,0.74,27.56,37,11,20,0,BAR_TICK,0.00,4074.59,4075.94
2026.06.15 16:00,-1,-0.00003455,0.382,0.000,0.000,0,0.582,0.00220,0.88,27.56,38,10,20,0,BAR_TICK,0.00,4074.59,4075.94
2026.06.15 17:00,-1,-0.00000955,0.797,0.097,0.000,0,0.575,0.00218,1.26,27.56,39,9,20,0,BAR_TICK,0.00,4074.59,4074.66
2026.06.15 18:00,-1,0.00002121,0.981,0.378,0.000,0,0.566,0.00213,1.17,27.56,40,8,20,0,BAR_TICK,0.00,4074.59,4073.59
2026.06.15 19:00,-1,0.00004721,0.830,0.508,0.000,0,0.594,0.00203,0.94,27.56,41,7,20,0,BAR_TICK,0.00,4074.59,4073.04
2026.06.15 20:00,-1,0.00008329,1.152,0.960,0.000,0,0.595,0.00206,1.03,27.56,42,6,20,0,BAR_TICK,0.00,4074.59,4071.53
2026.06.15 21:00,-1,0.00011495,1.011,1.271,0.000,0,0.585,0.00203,0.85,27.56,43,5,20,0,BAR_TICK,0.00,4074.59,4070.63
2026.06.15 22:00,-1,0.00012997,0.480,1.051,0.000,0,0.599,0.00203,0.63,27.56,44,4,20,0,BAR_TICK,0.00,4074.59,4070.69
2026.06.15 23:00,-1,0.00012610,-0.124,0.227,0.000,0,0.596,0.00195,0.47,27.56,45,3,20,0,BAR_TICK,0.00,4074.59,4071.15
2026.06.16 01:00,-1,0.00011958,-0.208,0.000,0.000,0,0.587,0.00189,0.57,26.48,46,2,20,0,BAR_TICK,0.00,4074.59,4069.59
2026.06.16 02:00,-1,0.00010762,-0.382,0.000,0.000,0,0.551,0.00180,0.71,26.48,47,1,20,0,BAR_TICK,0.00,4074.59,4071.58
2026.06.16 03:00,-1,0.00009472,-0.412,0.000,0.000,0,0.552,0.00178,0.75,26.48,48,0,20,0,BAR_TICK,0.00,4074.59,4071.74
2026.06.16 04:00,-1,0.00010421,0.304,0.000,0.000,0,0.555,0.00178,1.34,26.48,49,0,20,0,BAR_TICK,0.00,4074.59,4070.17
2026.06.16 05:00,-1,0.00011913,0.477,0.000,0.000,0,0.559,0.00180,1.27,26.48,50,0,20,0,BAR_TICK,0.00,4074.59,4069.38
2026.06.16 06:00,-1,0.00014505,0.829,0.129,0.000,0,0.552,0.00182,1.07,26.48,51,0,20,0,BAR_TICK,0.00,4074.59,4067.82
2026.06.16 07:00,-1,0.00015620,0.356,0.000,0.000,0,0.490,0.00177,0.70,26.48,52,0,20,21,OPEN_HEDGE,0.00,4074.59,4067.39
2026.06.16 08:00,-1,0.00016237,0.198,0.000,0.000,0,0.593,0.00189,2.36,26.48,53,0,20,21,BAR_TICK,0.00,4074.59,4067.47
2026.06.16 09:00,-1,0.00014213,-0.647,0.000,0.000,0,0.599,0.00191,1.45,26.48,54,0,20,0,CLOSE_HEDGE_RETRACE,-1.36,4073.23,4067.55
2026.06.16 10:00,-1,0.00013869,-0.110,0.000,0.000,0,0.571,0.00191,1.01,26.48,55,0,20,0,BAR_TICK,0.00,4073.23,4066.63
2026.06.16 11:00,-1,0.00011993,-0.600,0.000,0.000,0,0.550,0.00191,1.12,26.48,56,0,20,0,BAR_TICK,0.00,4073.23,4067.45
2026.06.16 12:00,-1,0.00008862,-1.001,0.000,-0.301,0,0.561,0.00195,1.16,26.48,57,0,20,0,BAR_TICK,0.00,4073.23,4068.61
2026.06.16 13:00,-1,0.00003498,-1.715,0.000,-1.317,0,0.641,0.00206,1.38,26.48,58,0,20,0,BAR_TICK,0.00,4073.23,4070.90
2026.06.16 14:00,-1,-0.00000384,-1.242,0.000,-1.859,0,0.647,0.00216,1.04,26.48,59,0,20,0,BAR_TICK,0.00,4073.23,4071.22
2026.06.16 15:00,-1,-0.00002370,-0.635,0.000,-1.794,0,0.683,0.00222,0.90,26.48,60,0,20,0,BAR_TICK,0.00,4073.23,4070.98
2026.06.16 16:00,-1,-0.00005277,-0.930,0.000,-2.024,0,0.653,0.00228,0.92,26.48,61,0,20,0,BAR_TICK,0.00,4073.23,4072.23
2026.06.16 17:00,-1,-0.00007743,-0.789,0.000,-2.112,0,0.675,0.00235,1.00,26.48,62,0,20,0,BAR_TICK,0.00,4073.23,4072.88
2026.06.16 18:00,-1,-0.00007939,-0.063,0.000,-1.475,0,0.665,0.00233,0.90,26.48,63,0,20,0,BAR_TICK,0.00,4073.23,4072.18
2026.06.16 19:00,-1,-0.00007149,0.253,0.000,-0.522,0,0.645,0.00231,0.84,26.48,64,0,20,0,BAR_TICK,0.00,4073.23,4071.66
2026.06.16 20:00,-1,-0.00008393,-0.398,0.000,-0.220,0,0.630,0.00228,0.67,26.48,65,0,20,0,BAR_TICK,0.00,4073.23,4073.16
2026.06.16 21:00,-1,-0.00007747,0.207,0.000,0.000,0,0.657,0.00228,0.58,26.48,66,0,20,0,BAR_TICK,0.00,4073.23,4072.31
2026.06.16 22:00,-1,-0.00006676,0.342,0.000,0.000,0,0.654,0.00202,0.37,26.48,67,0,20,0,BAR_TICK,0.00,4073.23,4071.88
2026.06.16 23:00,-1,-0.00004993,0.538,0.000,0.000,0,0.684,0.00195,0.96,26.48,68,0,20,0,BAR_TICK,0.00,4073.23,4071.29
2026.06.17 00:00,-1,-0.00002688,0.737,0.037,0.000,0,0.646,0.00189,0.56,27.66,69,0,20,0,BAR_TICK,0.00,4073.23,4069.52
2026.06.17 01:00,-1,0.00000350,0.972,0.309,0.000,0,0.633,0.00186,0.92,27.66,70,0,20,0,BAR_TICK,0.00,4073.23,4068.40
2026.06.17 02:00,-1,0.00000936,0.187,0.000,0.000,0,0.653,0.00184,1.05,27.66,71,0,20,0,BAR_TICK,0.00,4073.23,4070.38
2026.06.17 03:00,-1,0.00001524,0.188,0.000,0.000,0,0.631,0.00173,0.77,27.66,72,0,20,0,BAR_TICK,0.00,4073.23,4070.14
2026.06.17 04:00,-1,0.00002791,0.405,0.000,0.000,0,0.648,0.00170,1.05,27.66,73,0,20,0,BAR_TICK,0.00,4073.23,4069.39
2026.06.17 05:00,-1,0.00002730,-0.020,0.000,0.000,0,0.647,0.00171,1.25,27.66,74,0,20,0,BAR_TICK,0.00,4073.23,4070.02
2026.06.17 06:00,-1,0.00003427,0.223,0.000,0.000,0,0.620,0.00167,0.94,27.66,75,0,20,0,BAR_TICK,0.00,4073.23,4069.29
2026.06.17 07:00,-1,0.00005810,0.762,0.062,0.000,0,0.641,0.00163,1.12,27.66,76,0,20,0,BAR_TICK,0.00,4073.23,4067.88
2026.06.17 08:00,-1,0.00008052,0.717,0.079,0.000,0,0.648,0.00159,0.93,27.66,77,0,20,0,BAR_TICK,0.00,4073.23,4067.10
2026.06.17 09:00,-1,0.00010274,0.711,0.090,0.000,0,0.679,0.00156,1.01,27.66,78,0,20,0,BAR_TICK,0.00,4073.23,4065.37
2026.06.17 10:00,-1,0.00009690,-0.187,0.000,0.000,0,0.675,0.00174,2.29,27.66,79,0,20,0,BAR_TICK,0.00,4073.23,4067.57
2026.06.17 11:00,-1,0.00008803,-0.284,0.000,0.000,0,0.661,0.00172,0.63,27.66,80,0,20,0,BAR_TICK,0.00,4073.23,4067.73
2026.06.17 12:00,-1,0.00009209,0.130,0.000,0.000,0,0.668,0.00184,1.33,27.66,81,0,20,0,BAR_TICK,0.00,4073.23,4066.75
2026.06.17 13:00,-1,0.00010493,0.411,0.000,0.000,0,0.664,0.00185,1.07,27.66,82,0,20,0,BAR_TICK,0.00,4073.23,4065.82
2026.06.17 14:00,-1,0.00011655,0.372,0.000,0.000,0,0.638,0.00187,0.72,27.66,83,0,20,0,BAR_TICK,0.00,4073.23,4065.42
2026.06.17 15:00,-1,0.00011845,0.061,0.000,0.000,0,0.623,0.00181,0.47,27.66,84,0,20,0,BAR_TICK,0.00,4073.23,4065.39
2026.06.17 16:00,-1,0.00010343,-0.480,0.000,0.000,0,0.619,0.00183,1.21,27.66,85,0,20,0,BAR_TICK,0.00,4073.23,4066.32
2026.06.17 17:00,-1,0.00006184,-1.330,0.000,-0.630,0,0.690,0.00194,1.47,27.66,86,0,20,0,BAR_TICK,0.00,4073.23,4068.38
2026.06.17 18:00,-1,0.00002054,-1.321,0.000,-1.251,0,0.678,0.00204,1.53,27.66,87,0,20,0,BAR_TICK,0.00,4073.23,4069.48
2026.06.17 19:00,-1,-0.00000564,-0.837,0.000,-1.388,0,0.673,0.00195,0.49,27.66,88,0,20,0,BAR_TICK,0.00,4073.23,4069.52
2026.06.17 20:00,-1,-0.00002420,-0.594,0.000,-1.282,0,0.670,0.00191,0.52,27.66,89,0,20,0,BAR_TICK,0.00,4073.23,4069.63
2026.06.17 21:00,-1,-0.00005399,-0.953,0.000,-1.535,0,0.668,0.00192,1.05,27.66,90,0,20,0,BAR_TICK,0.00,4073.23,4068.46
2026.06.17 22:00,-1,-0.00002184,1.028,0.328,0.000,0,0.667,0.00222,2.55,27.66,91,0,20,0,BAR_TICK,0.00,4073.23,4067.76
2026.06.17 23:00,-1,0.00000441,0.840,0.468,0.000,0,0.644,0.00243,1.83,27.66,92,0,20,0,BAR_TICK,0.00,4073.23,4067.08
2026.06.18 00:19,-1,-0.00000657,-0.351,0.000,0.000,0,0.648,0.00228,0.85,28.68,93,0,20,0,BAR_TICK,0.00,4073.23,4067.53
2026.06.18 01:00,-1,-0.00002260,-0.513,0.000,0.000,0,0.656,0.00244,1.39,28.68,94,0,20,0,BAR_TICK,0.00,4073.23,4068.05
2026.06.18 02:00,-1,-0.00004855,-0.830,0.000,-0.130,0,0.632,0.00253,1.43,28.68,95,0,20,0,BAR_TICK,0.00,4073.23,4070.97
2026.06.18 03:00,-1,-0.00003845,0.323,0.000,0.000,0,0.650,0.00252,0.73,28.68,96,0,20,0,BAR_TICK,0.00,4073.23,4069.20
2026.06.18 04:00,-1,-0.00004044,-0.064,0.000,0.000,0,0.655,0.00258,0.86,28.68,97,0,20,0,BAR_TICK,0.00,4073.23,4069.94
2026.06.18 05:00,-1,-0.00009300,-1.681,0.000,-0.981,0,0.692,0.00280,1.41,28.68,98,0,20,0,BAR_TICK,0.00,4073.23,4073.70
2026.06.18 06:00,-1,-0.00013406,-1.313,0.000,-1.594,0,0.676,0.00281,0.84,28.68,99,0,20,0,BAR_TICK,0.00,4073.23,4074.58
2026.06.18 07:00,-1,-0.00017312,-1.250,0.000,-2.144,0,0.681,0.00274,0.66,28.68,100,0,20,0,BAR_TICK,0.00,4073.23,4075.85
2026.06.18 08:00,-1,-0.00018309,-0.319,0.000,-1.763,0,0.675,0.00259,0.40,28.68,101,0,20,0,BAR_TICK,0.00,4073.23,4075.39
2026.06.18 09:00,-1,-0.00018813,-0.161,0.000,-1.224,0,0.689,0.00262,0.56,28.68,102,0,20,0,BAR_TICK,0.00,4073.23,4075.74
2026.06.18 10:00,-1,-0.00015934,0.921,0.221,0.000,0,0.679,0.00279,1.21,28.68,103,0,20,0,BAR_TICK,0.00,4073.23,4073.73
2026.06.18 11:00,-1,-0.00014171,0.564,0.085,0.000,0,0.665,0.00278,0.66,28.68,104,0,20,0,BAR_TICK,0.00,4073.23,4074.05
2026.06.18 12:00,-1,-0.00015889,-0.549,0.000,0.000,0,0.622,0.00263,1.37,28.68,105,0,20,0,BAR_TICK,0.00,4073.23,4076.54
2026.06.18 13:00,-1,-0.00016753,-0.276,0.000,0.000,0,0.641,0.00246,0.79,28.68,106,0,20,0,BAR_TICK,0.00,4073.23,4076.84
2026.06.18 14:00,-1,-0.00015551,0.384,0.000,0.000,0,0.657,0.00243,0.66,28.68,107,0,20,0,BAR_TICK,0.00,4073.23,4075.08
2026.06.18 15:00,-1,-0.00018712,-1.011,0.000,-0.311,0,0.659,0.00253,1.89,28.68,108,0,20,0,BAR_TICK,0.00,4073.23,4079.12
2026.06.18 16:00,-1,-0.00021112,-0.768,0.000,-0.379,0,0.656,0.00248,1.18,28.68,109,0,20,0,BAR_TICK,0.00,4073.23,4079.88
2026.06.18 17:00,-1,-0.00022291,-0.377,0.000,-0.056,0,0.668,0.00247,0.66,28.68,110,0,20,0,BAR_TICK,0.00,4073.23,4080.08
2026.06.18 18:00,-1,-0.00019648,0.845,0.145,0.000,0,0.633,0.00249,1.00,28.68,111,0,20,0,BAR_TICK,0.00,4073.23,4078.30
2026.06.18 19:00,-1,-0.00013721,1.896,1.341,0.000,0,0.629,0.00244,1.37,28.68,112,0,20,0,BAR_TICK,0.00,4073.23,4075.52
2026.06.18 20:00,-1,-0.00010984,0.876,1.517,0.000,0,0.660,0.00241,0.77,28.68,113,0,20,0,BAR_TICK,0.00,4073.23,4076.40
2026.06.18 21:00,-1,-0.00010751,0.075,0.891,0.000,0,0.643,0.00241,0.77,28.68,114,0,20,0,BAR_TICK,0.00,4073.23,4077.73
2026.06.18 22:00,-1,-0.00010894,-0.046,0.145,0.000,0,0.642,0.00243,0.55,28.68,115,0,20,0,BAR_TICK,0.00,4073.23,4078.12
2026.06.18 23:00,-1,-0.00011847,-0.305,0.000,0.000,0,0.640,0.00244,0.64,28.68,116,0,20,0,BAR_TICK,0.00,4073.23,4079.03
2026.06.19 00:19,-1,-0.00010953,0.286,0.000,0.000,0,0.640,0.00235,0.91,25.27,117,0,20,0,BAR_TICK,0.00,4073.23,4077.18
2026.06.19 01:00,-1,-0.00009601,0.432,0.000,0.000,0,0.651,0.00240,1.03,25.27,118,0,20,0,BAR_TICK,0.00,4073.23,4076.73
2026.06.19 02:00,-1,-0.00010991,-0.445,0.000,0.000,0,0.649,0.00235,1.24,25.27,119,0,20,0,BAR_TICK,0.00,4073.23,4079.81
2026.06.19 03:00,-1,-0.00010012,0.313,0.000,0.000,0,0.659,0.00235,0.81,25.27,120,0,20,0,BAR_TICK,0.00,4073.23,4078.69
2026.06.19 04:00,-1,-0.00010259,-0.079,0.000,0.000,0,0.670,0.00238,0.85,25.27,121,0,20,0,BAR_TICK,0.00,4073.23,4079.45
2026.06.19 05:00,-1,-0.00005959,1.375,0.675,0.000,0,0.671,0.00230,1.62,25.27,122,0,20,0,BAR_TICK,0.00,4073.23,4076.56
2026.06.19 06:00,-1,-0.00003686,0.727,0.702,0.000,0,0.658,0.00221,0.75,25.27,123,0,20,0,BAR_TICK,0.00,4073.23,4076.97
2026.06.19 07:00,-1,0.00002131,1.861,1.863,0.000,0,0.637,0.00238,1.68,25.27,124,0,20,0,BAR_TICK,0.00,4073.23,4073.73
2026.06.19 08:00,-1,0.00004881,0.879,2.042,0.000,0,0.622,0.00233,0.78,25.27,125,0,20,0,BAR_TICK,0.00,4073.23,4074.25
2026.06.19 09:00,-1,0.00011973,2.269,3.611,0.000,0,0.702,0.00241,1.85,25.27,126,0,20,0,BAR_TICK,0.00,4073.23,4069.92
2026.06.19 10:00,-1,0.00011278,-0.222,2.689,0.000,0,0.703,0.00260,1.76,25.27,127,0,20,0,BAR_TICK,0.00,4073.23,4073.65
2026.06.19 11:00,-1,0.00013382,0.673,2.661,0.000,0,0.670,0.00270,1.19,25.27,128,0,20,0,BAR_TICK,0.00,4073.23,4071.63
2026.06.19 12:00,-1,0.00018163,1.529,3.491,0.000,0,0.674,0.00295,1.63,25.27,129,0,20,0,BAR_TICK,0.00,4073.23,4068.60
2026.06.19 13:00,-1,0.00020679,0.805,3.595,0.000,0,0.674,0.00292,0.38,25.27,130,0,20,0,BAR_TICK,0.00,4073.23,4068.59
2026.06.19 14:00,-1,0.00022844,0.692,3.588,0.000,0,0.684,0.00292,0.75,25.27,131,0,20,0,BAR_TICK,0.00,4073.23,4067.61
2026.06.19 15:00,-1,0.00022474,-0.118,2.770,0.000,0,0.707,0.00289,0.72,25.27,132,0,20,0,BAR_TICK,0.00,4073.23,4068.29
2026.06.19 16:00,-1,0.00019444,-0.969,1.100,-0.269,0,0.686,0.00283,0.70,25.27,133,0,20,0,BAR_TICK,0.00,4073.23,4069.82
2026.06.19 17:00,-1,0.00020383,0.301,0.701,0.000,0,0.672,0.00289,0.97,25.27,134,0,20,0,BAR_TICK,0.00,4073.23,4067.40
2026.06.19 18:00,-1,0.00020353,-0.010,0.000,0.000,0,0.642,0.00304,1.37,25.27,135,0,20,0,BAR_TICK,0.00,4073.23,4067.35
2026.06.19 19:00,-1,0.00018403,-0.624,0.000,0.000,0,0.655,0.00291,0.64,25.27,136,0,20,0,BAR_TICK,0.00,4073.23,4068.28
2026.06.19 20:00,-1,0.00018290,-0.036,0.000,0.000,0,0.650,0.00292,0.60,25.27,137,0,20,0,BAR_TICK,0.00,4073.23,4066.93
2026.06.19 21:00,-1,0.00016620,-0.534,0.000,0.000,0,0.651,0.00279,0.81,25.27,138,0,20,0,BAR_TICK,0.00,4073.23,4067.63
2026.06.19 22:00,-1,0.00015218,-0.449,0.000,0.000,0,0.630,0.00276,0.50,25.27,139,0,20,0,BAR_TICK,0.00,4073.23,4067.75
2026.06.19 23:00,-1,0.00014299,-0.294,0.000,0.000,0,0.614,0.00260,0.84,25.27,140,0,20,0,BAR_TICK,0.00,4073.23,4067.35
2026.06.22 01:00,-1,0.00012062,-0.715,0.000,-0.015,0,0.613,0.00245,1.05,22.99,141,0,20,0,BAR_TICK,0.00,4073.23,4069.08
2026.06.22 02:00,-1,0.00009322,-0.876,0.000,-0.192,0,0.609,0.00243,1.20,22.99,142,0,20,0,BAR_TICK,0.00,4073.23,4068.95
2026.06.22 03:00,-1,0.00006936,-0.763,0.000,-0.255,0,0.598,0.00220,0.73,22.99,143,0,20,0,BAR_TICK,0.00,4073.23,4069.34
2026.06.22 04:00,-1,0.00007386,0.144,0.000,0.000,0,0.617,0.00228,1.00,22.99,144,0,20,0,BAR_TICK,0.00,4073.23,4067.82
2026.06.22 05:00,-1,0.00009715,0.745,0.045,0.000,0,0.602,0.00228,0.92,22.99,145,0,20,0,BAR_TICK,0.00,4073.23,4066.22
2026.06.22 06:00,-1,0.00012520,0.897,0.242,0.000,0,0.628,0.00228,0.92,22.99,146,0,20,0,BAR_TICK,0.00,4073.23,4064.82
2026.06.22 07:00,-1,0.00012772,0.081,0.000,0.000,0,0.613,0.00223,0.56,22.99,147,0,20,0,BAR_TICK,0.00,4073.23,4065.59
2026.06.22 08:00,-1,0.00011806,-0.309,0.000,0.000,0,0.602,0.00218,0.99,22.99,148,0,20,0,BAR_TICK,0.00,4073.23,4066.16
2026.06.22 09:00,-1,0.00010928,-0.281,0.000,0.000,0,0.666,0.00200,0.80,22.99,149,0,20,0,BAR_TICK,0.00,4073.23,4066.07
2026.06.22 10:00,-1,0.00008795,-0.682,0.000,0.000,0,0.709,0.00199,0.87,22.99,150,0,20,0,BAR_TICK,0.00,4073.23,4067.07
2026.06.22 11:00,-1,0.00007309,-0.476,0.000,0.000,0,0.667,0.00200,0.92,22.99,151,0,20,0,BAR_TICK,0.00,4073.23,4067.03
2026.06.22 12:00,-1,0.00009302,0.638,0.000,0.000,0,0.640,0.00208,1.63,22.99,152,0,20,0,BAR_TICK,0.00,4073.23,4064.71
2026.06.22 13:00,-1,0.00012471,1.014,0.314,0.000,0,0.651,0.00215,1.11,22.99,153,0,20,0,BAR_TICK,0.00,4073.23,4063.09
2026.06.22 14:00,-1,0.00016401,1.257,0.870,0.000,0,0.614,0.00216,1.09,22.99,154,0,20,0,BAR_TICK,0.00,4073.23,4061.39
2026.06.22 15:00,-1,0.00018873,0.791,0.961,0.000,0,0.654,0.00216,1.20,22.99,155,0,20,0,BAR_TICK,0.00,4073.23,4060.98
2026.06.22 16:00,-1,0.00023269,1.406,1.667,0.000,0,0.635,0.00220,1.58,22.99,156,0,20,0,MAX_ADVERSE_STOP,-14.85,4058.38,4058.38
2026.06.22 17:00,0,0.00023752,0.155,1.122,0.000,0,0.588,0.00223,0.87,22.99,0,47,0,0,IDLE_WAIT_TREND,0.00,4058.38,4058.38
2026.06.22 18:00,0,0.00023726,-0.008,0.414,0.000,0,0.574,0.00231,1.47,22.99,0,46,0,0,IDLE_WAIT_TREND,0.00,4058.38,4058.38
2026.06.22 19:00,0,0.00026038,0.739,0.453,0.000,0,0.587,0.00244,1.59,22.99,0,45,0,0,IDLE_WAIT_TREND,0.00,4058.38,4058.38
2026.06.22 20:00,0,0.00026019,-0.006,0.000,0.000,0,0.602,0.00239,0.61,22.99,0,44,0,0,IDLE_WAIT_TREND,0.00,4058.38,4058.38
2026.06.22 21:00,0,0.00028536,0.805,0.105,0.000,0,0.601,0.00249,1.06,22.99,0,43,0,0,IDLE_WAIT_TREND,0.00,4058.38,4058.38
2026.06.22 22:00,0,0.00029695,0.371,0.000,0.000,0,0.587,0.00241,0.42,22.99,0,42,0,0,IDLE_WAIT_TREND,0.00,4058.38,4058.38
2026.06.22 23:00,0,0.00029319,-0.120,0.000,0.000,0,0.600,0.00243,0.79,22.99,0,41,0,0,IDLE_WAIT_TREND,0.00,4058.38,4058.38
2026.06.23 01:00,0,0.00028567,-0.241,0.000,0.000,0,0.579,0.00241,0.58,23.83,0,40,0,0,IDLE_WAIT_TREND,0.00,4058.38,4058.38
2026.06.23 02:00,0,0.00027584,-0.314,0.000,0.000,0,0.560,0.00240,0.75,23.83,0,39,0,0,IDLE_WAIT_TREND,0.00,4058.38,4058.38
2026.06.23 03:00,0,0.00027018,-0.181,0.000,0.000,0,0.560,0.00228,0.72,23.83,0,38,0,0,IDLE_WAIT_TREND,0.00,4058.38,4058.38
2026.06.23 04:00,0,0.00030078,0.978,0.278,0.000,0,0.566,0.00235,1.42,23.83,0,37,0,0,IDLE_WAIT_TREND,0.00,4058.38,4058.38
2026.06.23 05:00,0,0.00029278,-0.256,0.000,0.000,0,0.529,0.00234,0.96,23.83,0,36,0,0,IDLE_WAIT_TREND,0.00,4058.38,4058.38
2026.06.23 06:00,0,0.00030093,0.261,0.000,0.000,0,0.540,0.00232,1.00,23.83,0,35,0,0,IDLE_WAIT_TREND,0.00,4058.38,4058.38
2026.06.23 07:00,0,0.00029800,-0.094,0.000,0.000,0,0.555,0.00226,1.15,23.83,0,34,0,0,IDLE_WAIT_TREND,0.00,4058.38,4058.38
2026.06.23 08:00,0,0.00031054,0.401,0.000,0.000,0,0.598,0.00227,0.94,23.83,0,33,0,0,IDLE_WAIT_TREND,0.00,4058.38,4058.38
2026.06.23 09:00,0,0.00032208,0.369,0.000,0.000,0,0.608,0.00216,0.89,23.83,0,32,0,0,IDLE_WAIT_TREND,0.00,4058.38,4058.38
2026.06.23 10:00,0,0.00033610,0.448,0.000,0.000,0,0.570,0.00207,1.27,23.83,0,31,0,0,IDLE_WAIT_TREND,0.00,4058.38,4058.38
2026.06.23 11:00,0,0.00032828,-0.250,0.000,0.000,0,0.511,0.00216,1.24,23.83,0,30,0,0,IDLE_WAIT_TREND,0.00,4058.38,4058.38
2026.06.23 12:00,0,0.00029196,-1.162,0.000,-0.462,0,0.506,0.00218,1.33,23.83,0,29,0,0,IDLE_WAIT_TREND,0.00,4058.38,4058.38
2026.06.23 13:00,0,0.00024341,-1.553,0.000,-1.315,0,0.548,0.00231,1.23,23.83,0,28,0,0,IDLE_WAIT_TREND,0.00,4058.38,4058.38
2026.06.23 14:00,0,0.00022667,-0.535,0.000,-1.150,0,0.494,0.00243,1.47,23.83,0,27,0,0,IDLE_WAIT_TREND,0.00,4058.38,4058.38
2026.06.23 15:00,0,0.00024250,0.506,0.000,0.000,0,0.489,0.00252,1.10,23.83,0,26,0,0,IDLE_WAIT_TREND,0.00,4058.38,4058.38
2026.06.23 16:00,0,0.00026067,0.581,0.000,0.000,0,0.530,0.00260,1.12,23.83,0,25,0,0,IDLE_WAIT_TREND,0.00,4058.38,4058.38
2026.06.23 17:00,0,0.00024251,-0.581,0.000,0.000,0,0.530,0.00266,0.91,23.83,0,24,0,0,IDLE_WAIT_TREND,0.00,4058.38,4058.38
2026.06.23 18:00,0,0.00018063,-1.979,0.000,-1.279,0,0.571,0.00273,1.57,23.83,0,23,0,0,IDLE_WAIT_TREND,0.00,4058.38,4058.38
2026.06.23 19:00,0,0.00015729,-0.746,0.000,-1.326,0,0.547,0.00279,1.13,23.83,0,22,0,0,IDLE_WAIT_TREND,0.00,4058.38,4058.38
2026.06.23 20:00,0,0.00014807,-0.295,0.000,-0.921,0,0.540,0.00273,0.53,23.83,0,21,0,0,IDLE_WAIT_TREND,0.00,4058.38,4058.38
2026.06.23 21:00,0,0.00014423,-0.123,0.000,-0.343,0,0.526,0.00267,0.63,23.83,0,20,0,0,IDLE_WAIT_TREND,0.00,4058.38,4058.38
2026.06.23 22:00,0,0.00014637,0.069,0.000,0.000,0,0.553,0.00265,0.70,23.83,0,19,0,0,IDLE_WAIT_TREND,0.00,4058.38,4058.38
2026.06.23 23:00,0,0.00015730,0.349,0.000,0.000,0,0.577,0.00261,0.54,23.83,0,18,0,0,IDLE_WAIT_TREND,0.00,4058.38,4058.38
2026.06.24 00:00,0,0.00015775,0.015,0.000,0.000,0,0.641,0.00252,0.55,27.01,0,17,0,0,IDLE_WAIT_TREND,0.00,4058.38,4058.38
2026.06.24 01:00,0,0.00014279,-0.479,0.000,0.000,0,0.584,0.00252,1.07,27.01,0,16,0,0,IDLE_WAIT_TREND,0.00,4058.38,4058.38
2026.06.24 02:00,0,0.00014279,0.000,0.000,0.000,0,0.606,0.00251,1.09,27.01,0,15,0,0,IDLE_WAIT_TREND,0.00,4058.38,4058.38
2026.06.24 03:00,0,0.00016065,0.571,0.000,0.000,0,0.643,0.00248,0.98,27.01,0,14,0,0,IDLE_WAIT_TREND,0.00,4058.38,4058.38
2026.06.24 04:00,0,0.00015446,-0.198,0.000,0.000,0,0.641,0.00239,0.92,27.01,0,13,0,0,IDLE_WAIT_TREND,0.00,4058.38,4058.38
2026.06.24 05:00,0,0.00016626,0.378,0.000,0.000,0,0.629,0.00240,1.21,27.01,0,12,0,0,IDLE_WAIT_TREND,0.00,4058.38,4058.38
2026.06.24 06:00,0,0.00020091,1.108,0.408,0.000,0,0.655,0.00240,1.23,27.01,0,11,0,0,IDLE_WAIT_TREND,0.00,4058.38,4058.38
2026.06.24 07:00,0,0.00022845,0.881,0.589,0.000,0,0.610,0.00233,0.63,27.01,0,10,0,0,IDLE_WAIT_TREND,0.00,4058.38,4058.38
2026.06.24 08:00,0,0.00022377,-0.150,0.000,0.000,0,0.644,0.00216,0.91,27.01,0,9,0,0,IDLE_WAIT_TREND,0.00,4058.38,4058.38
2026.06.24 09:00,0,0.00020841,-0.491,0.000,0.000,0,0.660,0.00204,0.69,27.01,0,8,0,0,IDLE_WAIT_TREND,0.00,4058.38,4058.38
2026.06.24 10:00,0,0.00019272,-0.502,0.000,0.000,0,0.628,0.00209,1.04,27.01,0,7,0,0,IDLE_WAIT_TREND,0.00,4058.38,4058.38
2026.06.24 11:00,0,0.00020316,0.334,0.000,0.000,0,0.569,0.00219,1.39,27.01,0,6,0,0,IDLE_WAIT_TREND,0.00,4058.38,4058.38
2026.06.24 12:00,0,0.00022120,0.577,0.000,0.000,0,0.544,0.00224,1.14,27.01,0,5,0,0,IDLE_WAIT_TREND,0.00,4058.38,4058.38
2026.06.24 13:00,0,0.00022516,0.126,0.000,0.000,0,0.566,0.00232,1.13,27.01,0,4,0,0,IDLE_WAIT_TREND,0.00,4058.38,4058.38
2026.06.24 14:00,0,0.00019878,-0.844,0.000,-0.144,0,0.594,0.00239,0.97,27.01,0,3,0,0,IDLE_WAIT_TREND,0.00,4058.38,4058.38
2026.06.24 15:00,0,0.00015409,-1.430,0.000,-0.873,0,0.575,0.00236,0.99,27.01,0,2,0,0,IDLE_WAIT_TREND,0.00,4058.38,4058.38
2026.06.24 16:00,0,0.00013752,-0.530,0.000,-0.703,0,0.561,0.00243,1.52,27.01,0,1,0,0,IDLE_WAIT_TREND,0.00,4058.38,4058.38
2026.06.24 17:00,0,0.00008161,-1.788,0.000,-1.791,0,0.566,0.00253,1.54,27.01,0,0,0,0,IDLE_WAIT_TREND,0.00,4058.38,4058.38
2026.06.24 18:00,0,0.00003379,-1.529,0.000,-2.621,0,0.576,0.00259,1.15,27.01,0,0,0,0,IDLE_WAIT_TREND,0.00,4058.38,4058.38
2026.06.24 19:00,0,0.00001371,-0.642,0.000,-2.563,0,0.571,0.00255,0.91,27.01,0,0,0,0,IDLE_WAIT_TREND,0.00,4058.38,4058.38
2026.06.24 20:00,0,-0.00000725,-0.670,0.000,-2.534,0,0.565,0.00250,0.92,27.01,0,0,0,0,IDLE_WAIT_TREND,0.00,4058.38,4058.38
2026.06.24 21:00,0,0.00001797,0.807,0.107,-1.027,0,0.547,0.00262,1.17,27.01,0,0,0,0,IDLE_WAIT_TREND,0.00,4058.38,4058.38
2026.06.24 22:00,0,0.00004322,0.807,0.214,0.000,0,0.541,0.00258,0.55,27.01,0,0,0,0,IDLE_WAIT_TREND,0.00,4058.38,4058.38
2026.06.24 23:00,0,0.00002700,-0.519,0.000,0.000,0,0.534,0.00265,0.90,27.01,0,0,0,0,IDLE_WAIT_TREND,0.00,4058.38,4058.38
2026.06.25 01:00,0,-0.00001186,-1.243,0.000,-0.543,0,0.553,0.00267,0.96,31.18,0,0,0,0,IDLE_WAIT_TREND,0.00,4058.38,4058.38
2026.06.25 02:00,0,-0.00000814,0.119,0.000,0.000,0,0.548,0.00265,1.01,31.18,0,0,0,0,IDLE_WAIT_TREND,0.00,4058.38,4058.38
2026.06.25 03:00,0,0.00000563,0.441,0.000,0.000,0,0.528,0.00257,0.58,31.18,0,0,0,0,IDLE_WAIT_TREND,0.00,4058.38,4058.38
2026.06.25 04:00,0,0.00000718,0.050,0.000,0.000,0,0.482,0.00252,0.73,31.18,0,0,0,0,IDLE_WAIT_TREND,0.00,4058.38,4058.38
2026.06.25 05:00,0,0.00005788,1.621,0.921,0.000,0,0.486,0.00269,1.75,31.18,0,0,0,0,IDLE_WAIT_TREND,0.00,4058.38,4058.38
2026.06.25 06:00,0,0.00010710,1.574,1.796,0.000,0,0.517,0.00279,1.36,31.18,0,0,0,0,IDLE_WAIT_TREND,0.00,4058.38,4058.38
2026.06.25 07:00,0,0.00011407,0.223,1.319,0.000,0,0.483,0.00268,0.78,31.18,0,0,0,0,IDLE_WAIT_TREND,0.00,4058.38,4058.38
2026.06.25 08:00,0,0.00009211,-0.702,0.000,-0.002,0,0.489,0.00257,0.93,31.18,0,0,0,0,IDLE_WAIT_TREND,0.00,4058.38,4058.38
2026.06.25 09:00,0,0.00008385,-0.264,0.000,0.000,0,0.543,0.00248,0.68,31.18,0,0,0,0,IDLE_WAIT_TREND,0.00,4058.38,4058.38
2026.06.25 10:00,0,0.00009855,0.470,0.000,0.000,0,0.535,0.00250,1.06,31.18,0,0,0,0,IDLE_WAIT_TREND,0.00,4058.38,4058.38
2026.06.25 11:00,0,0.00010180,0.104,0.000,0.000,0,0.550,0.00245,0.64,31.18,0,0,0,0,IDLE_WAIT_TREND,0.00,4058.38,4058.38
2026.06.25 12:00,0,0.00009542,-0.204,0.000,0.000,0,0.518,0.00235,0.71,31.18,0,0,0,0,IDLE_WAIT_TREND,0.00,4058.38,4058.38
2026.06.25 13:00,0,0.00007437,-0.673,0.000,0.000,0,0.517,0.00238,0.74,31.18,0,0,0,0,IDLE_WAIT_TREND,0.00,4058.38,4058.38
2026.06.25 14:00,0,0.00006147,-0.413,0.000,0.000,0,0.495,0.00230,0.56,31.18,0,0,0,0,IDLE_WAIT_TREND,0.00,4058.38,4058.38
2026.06.25 15:00,0,0.00003961,-0.699,0.000,0.000,0,0.553,0.00221,0.61,31.18,0,0,0,0,IDLE_WAIT_TREND,0.00,4058.38,4058.38
2026.06.25 16:00,0,0.00002500,-0.467,0.000,0.000,0,0.507,0.00220,1.13,31.18,0,0,0,0,IDLE_WAIT_TREND,0.00,4058.38,4058.38
2026.06.25 17:00,0,0.00005915,1.092,0.392,0.000,0,0.634,0.00240,1.79,31.18,0,0,0,0,IDLE_WAIT_TREND,0.00,4058.38,4058.38
2026.06.25 18:00,0,0.00006856,0.301,0.000,0.000,0,0.553,0.00248,1.19,31.18,0,0,0,0,IDLE_WAIT_TREND,0.00,4058.38,4058.38
2026.06.25 19:00,0,0.00006121,-0.235,0.000,0.000,0,0.560,0.00228,0.88,31.18,0,0,0,0,IDLE_WAIT_TREND,0.00,4058.38,4058.38
2026.06.25 20:00,0,0.00006304,0.059,0.000,0.000,0,0.571,0.00216,0.93,31.18,0,0,0,0,IDLE_WAIT_TREND,0.00,4058.38,4058.38
2026.06.25 21:00,0,0.00005966,-0.108,0.000,0.000,0,0.612,0.00210,0.64,31.18,0,0,0,0,IDLE_WAIT_TREND,0.00,4058.38,4058.38
2026.06.25 22:00,0,0.00005474,-0.157,0.000,0.000,0,0.581,0.00204,0.72,31.18,0,0,0,0,IDLE_WAIT_TREND,0.00,4058.38,4058.38
2026.06.25 23:00,0,0.00005838,0.116,0.000,0.000,0,0.612,0.00199,0.49,31.18,0,0,0,0,IDLE_WAIT_TREND,0.00,4058.38,4058.38
2026.06.26 00:05,0,0.00003813,-0.648,0.000,0.000,0,0.594,0.00192,0.88,34.96,0,0,0,0,IDLE_WAIT_TREND,0.00,4058.38,4058.38
2026.06.26 01:01,0,0.00003235,-0.185,0.000,0.000,0,0.622,0.00185,0.04,34.96,0,0,0,0,IDLE_WAIT_TREND,0.00,4058.38,4058.38
2026.06.26 02:00,0,0.00003071,-0.053,0.000,0.000,0,0.656,0.00185,0.87,34.96,0,0,0,0,IDLE_WAIT_TREND,0.00,4058.38,4058.38
2026.06.26 03:00,0,0.00004396,0.424,0.000,0.000,0,0.614,0.00182,0.76,34.96,0,0,0,0,IDLE_WAIT_TREND,0.00,4058.38,4058.38
2026.06.26 04:00,0,0.00006660,0.724,0.024,0.000,0,0.546,0.00185,0.90,34.96,0,0,0,0,IDLE_WAIT_TREND,0.00,4058.38,4058.38
2026.06.26 05:00,0,0.00008719,0.659,0.000,0.000,0,0.534,0.00191,1.15,34.96,0,0,0,0,IDLE_WAIT_TREND,0.00,4058.38,4058.38
2026.06.26 06:00,0,0.00011629,0.931,0.231,0.000,0,0.570,0.00201,1.98,34.96,0,0,0,0,IDLE_WAIT_TREND,0.00,4058.38,4058.38
2026.06.26 07:00,0,0.00012371,0.237,0.000,0.000,0,0.611,0.00181,0.77,34.96,0,0,0,0,IDLE_WAIT_TREND,0.00,4058.38,4058.38
2026.06.26 08:00,0,0.00012889,0.166,0.000,0.000,0,0.585,0.00171,0.95,34.96,0,0,0,0,IDLE_WAIT_TREND,0.00,4058.38,4058.38
2026.06.26 09:00,0,0.00010103,-0.891,0.000,-0.191,0,0.545,0.00172,1.25,34.96,0,0,0,0,IDLE_WAIT_TREND,0.00,4058.38,4058.38
2026.06.26 10:00,0,0.00006067,-1.291,0.000,-0.782,0,0.556,0.00181,1.78,34.96,0,0,0,0,IDLE_WAIT_TREND,0.00,4058.38,4058.38
2026.06.26 11:00,0,0.00006230,0.052,0.000,-0.030,0,0.589,0.00190,1.39,34.96,0,0,0,0,IDLE_WAIT_TREND,0.00,4058.38,4058.38
2026.06.26 12:00,0,0.00006594,0.117,0.000,0.000,0,0.575,0.00201,1.45,34.96,0,0,0,0,IDLE_WAIT_TREND,0.00,4058.38,4058.38
2026.06.26 13:00,0,0.00005411,-0.378,0.000,0.000,0,0.572,0.00210,1.06,34.96,0,0,0,0,IDLE_WAIT_TREND,0.00,4058.38,4058.38
2026.06.26 14:00,0,0.00004413,-0.319,0.000,0.000,0,0.565,0.00207,0.63,34.96,0,0,0,0,IDLE_WAIT_TREND,0.00,4058.38,4058.38
2026.06.26 15:00,0,0.00006217,0.577,0.000,0.000,0,0.530,0.00218,0.98,34.96,0,0,0,0,IDLE_WAIT_TREND,0.00,4058.38,4058.38
2026.06.26 16:00,0,0.00003668,-0.815,0.000,-0.115,0,0.537,0.00226,1.22,34.96,0,0,0,0,IDLE_WAIT_TREND,0.00,4058.38,4058.38
2026.06.26 17:00,0,0.00003477,-0.061,0.000,0.000,0,0.530,0.00236,1.21,34.96,0,0,0,0,IDLE_WAIT_TREND,0.00,4058.38,4058.38
2026.06.26 18:00,0,0.00001372,-0.673,0.000,0.000,0,0.518,0.00242,1.01,34.96,0,0,0,0,IDLE_WAIT_TREND,0.00,4058.38,4058.38
2026.06.26 19:00,0,0.00004058,0.859,0.159,0.000,0,0.503,0.00252,1.42,34.96,0,0,0,0,IDLE_WAIT_TREND,0.00,4058.38,4058.38
2026.06.26 20:00,0,0.00006496,0.780,0.239,0.000,0,0.469,0.00237,0.81,34.96,0,0,0,0,IDLE_WAIT_TREND,0.00,4058.38,4058.38
2026.06.26 21:00,0,0.00007309,0.260,0.000,0.000,0,0.481,0.00232,0.31,34.96,0,0,0,0,IDLE_WAIT_TREND,0.00,4058.38,4058.38
2026.06.26 22:00,0,0.00008839,0.490,0.000,0.000,0,0.461,0.00229,0.53,34.96,0,0,0,0,IDLE_WAIT_TREND,0.00,4058.38,4058.38
2026.06.26 23:00,0,0.00007619,-0.390,0.000,0.000,0,0.468,0.00227,0.80,34.96,0,0,0,0,IDLE_WAIT_TREND,0.00,4058.38,4058.38
2026.06.29 00:06,0,0.00006281,-0.428,0.000,0.000,0,0.468,0.00217,0.89,39.07,0,0,0,0,IDLE_WAIT_TREND,0.00,4058.38,4058.38
2026.06.29 01:00,0,0.00001268,-1.603,0.000,-0.903,0,0.453,0.00221,0.87,39.07,0,0,0,0,IDLE_WAIT_TREND,0.00,4058.38,4058.38
2026.06.29 02:00,0,0.00002160,0.285,0.000,0.000,0,0.481,0.00226,1.33,39.07,0,0,0,0,IDLE_WAIT_TREND,0.00,4058.38,4058.38
2026.06.29 03:00,0,0.00002616,0.146,0.000,0.000,0,0.423,0.00218,0.56,39.07,0,0,0,0,IDLE_WAIT_TREND,0.00,4058.38,4058.38
2026.06.29 04:00,0,0.00005834,1.029,0.329,0.000,0,0.395,0.00233,1.41,39.07,0,0,0,0,IDLE_WAIT_TREND,0.00,4058.38,4058.38
2026.06.29 05:00,0,0.00005127,-0.226,0.000,0.000,0,0.431,0.00239,1.26,39.07,0,0,0,0,IDLE_WAIT_TREND,0.00,4058.38,4058.38
2026.06.29 06:00,0,0.00004124,-0.321,0.000,0.000,0,0.426,0.00232,0.75,39.07,0,0,0,0,IDLE_WAIT_TREND,0.00,4058.38,4058.38
2026.06.29 07:00,0,0.00001742,-0.762,0.000,-0.062,0,0.460,0.00222,0.69,39.07,0,0,0,0,IDLE_WAIT_TREND,0.00,4058.38,4058.38
2026.06.29 08:00,0,0.00000192,-0.496,0.000,0.000,0,0.440,0.00212,0.48,39.07,0,0,0,0,IDLE_WAIT_TREND,0.00,4058.38,4058.38
2026.06.29 09:00,0,-0.00002862,-0.977,0.000,-0.277,0,0.494,0.00201,1.00,39.07,0,0,0,0,IDLE_WAIT_TREND,0.00,4058.38,4058.38
2026.06.29 10:00,0,-0.00004095,-0.394,0.000,0.000,0,0.479,0.00199,0.82,39.07,0,0,0,0,IDLE_WAIT_TREND,0.00,4058.38,4058.38
2026.06.29 11:00,0,-0.00005285,-0.381,0.000,0.000,0,0.463,0.00202,0.57,39.07,0,0,0,0,IDLE_WAIT_TREND,0.00,4058.38,4058.38
2026.06.29 12:00,0,-0.00004614,0.215,0.000,0.000,0,0.469,0.00203,0.66,39.07,0,0,0,0,IDLE_WAIT_TREND,0.00,4058.38,4058.38
2026.06.29 13:00,0,-0.00002581,0.650,0.000,0.000,0,0.522,0.00201,0.76,39.07,0,0,0,0,IDLE_WAIT_TREND,0.00,4058.38,4058.38
2026.06.29 14:00,0,-0.00001749,0.266,0.000,0.000,0,0.436,0.00199,0.86,39.07,0,0,0,0,IDLE_WAIT_TREND,0.00,4058.38,4058.38
2026.06.29 15:00,0,0.00000112,0.595,0.000,0.000,0,0.488,0.00193,1.19,39.07,0,0,0,0,IDLE_WAIT_TREND,0.00,4058.38,4058.38
2026.06.29 16:00,0,0.00004533,1.414,0.714,0.000,0,0.517,0.00189,1.57,39.07,0,0,0,0,IDLE_WAIT_TREND,0.00,4058.38,4058.38
2026.06.29 17:00,0,0.00008728,1.342,1.356,0.000,0,0.454,0.00198,1.26,39.07,0,0,0,0,IDLE_WAIT_TREND,0.00,4058.38,4058.38
2026.06.29 18:00,0,0.00015317,2.107,2.763,0.000,0,0.475,0.00202,1.87,39.07,0,0,0,0,IDLE_WAIT_TREND,0.00,4058.38,4058.38
2026.06.29 19:00,0,0.00018657,1.068,3.132,0.000,0,0.438,0.00195,1.06,39.07,0,0,0,0,IDLE_WAIT_TREND,0.00,4058.38,4058.38
2026.06.29 20:00,0,0.00018862,0.065,2.497,0.000,0,0.421,0.00196,0.97,39.07,0,0,0,0,IDLE_WAIT_TREND,0.00,4058.38,4058.38
2026.06.29 21:00,0,0.00018586,-0.088,1.709,0.000,0,0.468,0.00191,0.43,39.07,0,0,0,0,IDLE_WAIT_TREND,0.00,4058.38,4058.38
2026.06.29 22:00,0,0.00017072,-0.484,0.525,0.000,0,0.450,0.00192,0.62,39.07,0,0,0,0,IDLE_WAIT_TREND,0.00,4058.38,4058.38
2026.06.29 23:00,0,0.00015815,-0.402,0.000,0.000,0,0.486,0.00185,0.56,39.07,0,0,0,0,IDLE_WAIT_TREND,0.00,4058.38,4058.38
2026.06.30 00:00,0,0.00015368,-0.143,0.000,0.000,0,0.503,0.00183,0.74,43.23,0,0,0,0,IDLE_WAIT_TREND,0.00,4058.38,4058.38
2026.06.30 01:00,0,0.00012022,-1.070,0.000,-0.370,0,0.475,0.00211,2.38,43.23,0,0,0,0,IDLE_WAIT_TREND,0.00,4058.38,4058.38
2026.06.30 02:00,0,0.00012321,0.096,0.000,0.000,0,0.471,0.00223,1.34,43.23,0,0,0,0,IDLE_WAIT_TREND,0.00,4058.38,4058.38
2026.06.30 03:00,0,0.00011451,-0.278,0.000,0.000,0,0.474,0.00221,0.57,43.23,0,0,0,0,IDLE_WAIT_TREND,0.00,4058.38,4058.38
2026.06.30 04:00,0,0.00011351,-0.032,0.000,0.000,0,0.454,0.00219,0.66,43.23,0,0,0,0,IDLE_WAIT_TREND,0.00,4058.38,4058.38
2026.06.30 05:00,0,0.00008617,-0.875,0.000,-0.175,0,0.509,0.00231,1.72,43.23,0,0,0,0,IDLE_WAIT_TREND,0.00,4058.38,4058.38
2026.06.30 06:00,0,0.00007016,-0.512,0.000,0.000,0,0.488,0.00222,0.72,43.23,0,0,0,0,IDLE_WAIT_TREND,0.00,4058.38,4058.38
2026.06.30 07:00,0,0.00004265,-0.880,0.000,-0.180,0,0.478,0.00216,0.76,43.23,0,0,0,0,IDLE_WAIT_TREND,0.00,4058.38,4058.38
2026.06.30 08:00,0,0.00001426,-0.908,0.000,-0.388,0,0.468,0.00200,0.82,43.23,0,0,0,0,IDLE_WAIT_TREND,0.00,4058.38,4058.38
2026.06.30 09:00,0,-0.00000294,-0.550,0.000,-0.238,0,0.461,0.00197,0.78,43.23,0,0,0,0,IDLE_WAIT_TREND,0.00,4058.38,4058.38
2026.06.30 10:00,0,-0.00002665,-0.758,0.000,-0.296,0,0.417,0.00196,0.96,43.23,0,0,0,0,IDLE_WAIT_TREND,0.00,4058.38,4058.38
2026.06.30 11:00,0,-0.00005176,-0.803,0.000,-0.400,0,0.413,0.00209,1.22,43.23,0,0,0,0,IDLE_WAIT_TREND,0.00,4058.38,4058.38
2026.06.30 12:00,0,-0.00006364,-0.380,0.000,-0.079,0,0.492,0.00212,0.80,43.23,0,0,0,0,IDLE_WAIT_TREND,0.00,4058.38,4058.38
2026.06.30 13:00,0,-0.00007521,-0.370,0.000,0.000,0,0.531,0.00219,0.92,43.23,0,0,0,0,IDLE_WAIT_TREND,0.00,4058.38,4058.38
2026.06.30 14:00,0,-0.00012213,-1.501,0.000,-0.801,0,0.580,0.00233,1.44,43.23,0,0,0,0,IDLE_WAIT_TREND,0.00,4058.38,4058.38
2026.06.30 15:00,0,-0.00014932,-0.870,0.000,-0.971,0,0.532,0.00210,0.87,43.23,0,0,0,0,IDLE_WAIT_TREND,0.00,4058.38,4058.38
2026.06.30 16:00,0,-0.00019115,-1.338,0.000,-1.608,0,0.494,0.00208,1.33,43.23,0,0,0,0,IDLE_WAIT_TREND,0.00,4058.38,4058.38
2026.06.30 17:00,0,-0.00021593,-0.793,0.000,-1.701,0,0.507,0.00214,0.95,43.23,0,0,0,0,IDLE_WAIT_TREND,0.00,4058.38,4058.38
2026.06.30 18:00,0,-0.00023373,-0.569,0.000,-1.570,0,0.538,0.00232,1.74,43.23,0,0,0,0,IDLE_WAIT_TREND,0.00,4058.38,4058.38
2026.06.30 19:00,0,-0.00020460,0.932,0.232,0.000,0,0.512,0.00235,1.87,43.23,0,0,0,0,IDLE_WAIT_TREND,0.00,4058.38,4058.38
2026.06.30 20:00,0,-0.00018813,0.527,0.059,0.000,0,0.472,0.00233,0.53,43.23,0,0,0,0,IDLE_WAIT_TREND,0.00,4058.38,4058.38
2026.06.30 21:00,0,-0.00018038,0.248,0.000,0.000,0,0.521,0.00227,0.39,43.23,0,0,0,0,IDLE_WAIT_TREND,0.00,4058.38,4058.38
2026.06.30 22:00,0,-0.00019133,-0.350,0.000,0.000,0,0.479,0.00231,0.95,43.23,0,0,0,0,IDLE_WAIT_TREND,0.00,4058.38,4058.38
2026.06.30 23:00,0,-0.00016806,0.744,0.044,0.000,0,0.509,0.00237,0.97,43.23,0,0,0,0,IDLE_WAIT_TREND,0.00,4058.38,4058.38
2026.07.01 00:05,0,-0.00015205,0.512,0.000,0.000,0,0.499,0.00233,0.56,44.56,0,0,0,0,IDLE_WAIT_TREND,0.00,4058.38,4058.38
2026.07.01 01:00,0,-0.00014738,0.149,0.000,0.000,0,0.488,0.00229,0.91,44.56,0,0,0,0,IDLE_WAIT_TREND,0.00,4058.38,4058.38
2026.07.01 02:00,0,-0.00012460,0.729,0.029,0.000,0,0.516,0.00229,0.74,44.56,0,0,0,0,IDLE_WAIT_TREND,0.00,4058.38,4058.38
2026.07.01 03:00,0,-0.00011288,0.375,0.000,0.000,0,0.524,0.00222,0.47,44.56,0,0,0,0,IDLE_WAIT_TREND,0.00,4058.38,4058.38
2026.07.01 04:00,0,-0.00008296,0.957,0.257,0.000,0,0.535,0.00218,1.27,44.56,0,0,0,0,IDLE_WAIT_TREND,0.00,4058.38,4058.38
2026.07.01 05:00,0,-0.00006017,0.729,0.286,0.000,0,0.566,0.00218,0.82,44.56,0,0,0,0,IDLE_WAIT_TREND,0.00,4058.38,4058.38
2026.07.01 06:00,0,-0.00004296,0.551,0.136,0.000,0,0.467,0.00211,0.85,44.56,0,0,0,0,IDLE_WAIT_TREND,0.00,4058.38,4058.38
2026.07.01 07:00,0,-0.00005766,-0.470,0.000,0.000,0,0.555,0.00211,0.97,44.56,0,0,0,0,IDLE_WAIT_TREND,0.00,4058.38,4058.38
2026.07.01 08:00,0,-0.00007967,-0.704,0.000,-0.004,0,0.590,0.00196,0.97,44.56,0,0,0,0,IDLE_WAIT_TREND,0.00,4058.38,4058.38
2026.07.01 09:00,0,-0.00009742,-0.568,0.000,0.000,0,0.522,0.00173,0.66,44.56,0,0,0,0,IDLE_WAIT_TREND,0.00,4058.38,4058.38
2026.07.01 10:00,0,-0.00009720,0.007,0.000,0.000,0,0.585,0.00178,1.12,44.56,0,0,0,0,IDLE_WAIT_TREND,0.00,4058.38,4058.38
2026.07.01 11:00,0,-0.00010425,-0.226,0.000,0.000,0,0.545,0.00189,1.24,44.56,0,0,0,0,IDLE_WAIT_TREND,0.00,4058.38,4058.38
2026.07.01 12:00,0,-0.00009308,0.357,0.000,0.000,0,0.576,0.00186,0.94,44.56,0,0,0,0,IDLE_WAIT_TREND,0.00,4058.38,4058.38
2026.07.01 13:00,0,-0.00006495,0.900,0.200,0.000,0,0.567,0.00189,1.47,44.56,0,0,0,0,IDLE_WAIT_TREND,0.00,4058.38,4058.38
2026.07.01 14:00,0,-0.00008117,-0.519,0.000,0.000,0,0.592,0.00201,1.48,44.56,0,0,0,0,IDLE_WAIT_TREND,0.00,4058.38,4058.38
2026.07.01 15:00,0,-0.00007380,0.236,0.000,0.000,0,0.577,0.00202,1.09,44.56,0,0,0,0,IDLE_WAIT_TREND,0.00,4058.38,4058.38
2026.07.01 16:00,0,-0.00001963,1.733,1.033,0.000,0,0.611,0.00223,2.09,44.56,0,0,0,0,IDLE_WAIT_TREND,0.00,4058.38,4058.38
2026.07.01 17:00,0,-0.00000794,0.374,0.706,0.000,0,0.614,0.00247,1.77,44.56,0,0,0,0,IDLE_WAIT_TREND,0.00,4058.38,4058.38
2026.07.01 18:00,0,0.00004340,1.642,1.648,0.000,0,0.615,0.00265,2.00,44.56,0,0,0,0,IDLE_WAIT_TREND,0.00,4058.38,4058.38
2026.07.01 19:00,0,0.00007564,1.031,1.980,0.000,0,0.586,0.00265,0.68,44.56,0,0,0,0,IDLE_WAIT_TREND,0.00,4058.38,4058.38
2026.07.01 20:00,0,0.00009845,0.730,2.009,0.000,0,0.590,0.00266,0.73,44.56,0,0,0,0,IDLE_WAIT_TREND,0.00,4058.38,4058.38
2026.07.01 21:00,0,0.00011593,0.559,1.868,0.000,0,0.637,0.00259,0.42,44.56,0,0,0,0,IDLE_WAIT_TREND,0.00,4058.38,4058.38
2026.07.01 22:00,0,0.00013935,0.749,1.918,0.000,0,0.635,0.00258,0.66,44.56,0,0,0,0,IDLE_WAIT_TREND,0.00,4058.38,4058.38
2026.07.01 23:00,0,0.00014849,0.292,1.510,0.000,0,0.620,0.00262,0.66,44.56,0,0,0,0,IDLE_WAIT_TREND,0.00,4058.38,4058.38
2026.07.02 00:00,0,0.00013734,-0.357,0.453,0.000,0,0.619,0.00261,0.71,45.64,0,0,0,0,IDLE_WAIT_TREND,0.00,4058.38,4058.38
2026.07.02 01:00,0,0.00010839,-0.926,0.000,-0.226,0,0.612,0.00259,0.80,45.64,0,0,0,0,IDLE_WAIT_TREND,0.00,4058.38,4058.38
2026.07.02 02:00,0,0.00010194,-0.206,0.000,0.000,0,0.589,0.00260,0.48,45.64,0,0,0,0,IDLE_WAIT_TREND,0.00,4058.38,4058.38
2026.07.02 03:00,0,0.00009642,-0.177,0.000,0.000,0,0.561,0.00246,0.31,45.64,0,0,0,0,IDLE_WAIT_TREND,0.00,4058.38,4058.38
2026.07.02 04:00,0,0.00010013,0.119,0.000,0.000,0,0.604,0.00237,0.73,45.64,0,0,0,0,IDLE_WAIT_TREND,0.00,4058.38,4058.38
2026.07.02 05:00,0,0.00007875,-0.684,0.000,0.000,0,0.613,0.00238,0.96,45.64,0,0,0,0,IDLE_WAIT_TREND,0.00,4058.38,4058.38
2026.07.02 06:00,0,0.00007947,0.023,0.000,0.000,0,0.657,0.00220,1.01,45.64,0,0,0,0,IDLE_WAIT_TREND,0.00,4058.38,4058.38
2026.07.02 07:00,0,0.00008955,0.322,0.000,0.000,0,0.608,0.00213,1.58,45.64,0,0,0,0,IDLE_WAIT_TREND,0.00,4058.38,4058.38
2026.07.02 08:00,0,0.00007962,-0.318,0.000,0.000,0,0.589,0.00188,0.91,45.64,0,0,0,0,IDLE_WAIT_TREND,0.00,4058.38,4058.38
2026.07.02 09:00,0,0.00008449,0.156,0.000,0.000,0,0.603,0.00188,0.97,45.64,0,0,0,0,IDLE_WAIT_TREND,0.00,4058.38,4058.38
2026.07.02 10:00,0,0.00010416,0.629,0.000,0.000,0,0.566,0.00196,1.61,45.64,0,0,0,0,IDLE_WAIT_TREND,0.00,4058.38,4058.38
2026.07.02 11:00,0,0.00019073,2.769,2.069,0.000,0,0.598,0.00233,2.67,45.64,0,0,0,0,IDLE_WAIT_TREND,0.00,4058.38,4058.38
2026.07.02 12:00,0,0.00020061,0.316,1.685,0.000,0,0.565,0.00247,1.48,45.64,0,0,0,0,IDLE_WAIT_TREND,0.00,4058.38,4058.38
2026.07.02 13:00,0,0.00020165,0.033,1.018,0.000,0,0.586,0.00250,0.86,45.64,0,0,0,0,IDLE_WAIT_TREND,0.00,4058.38,4058.38
2026.07.02 14:00,0,0.00020743,0.185,0.503,0.000,0,0.573,0.00248,0.60,45.64,0,0,0,0,IDLE_WAIT_TREND,0.00,4058.38,4058.38
2026.07.02 15:00,0,0.00020728,-0.005,0.000,0.000,0,0.596,0.00241,0.50,45.64,0,0,0,0,IDLE_WAIT_TREND,0.00,4058.38,4058.38
2026.07.02 16:00,0,0.00016515,-1.347,0.000,-0.647,0,0.603,0.00279,2.59,45.64,0,0,0,0,IDLE_WAIT_TREND,0.00,4058.38,4058.38
2026.07.02 17:00,0,0.00011375,-1.644,0.000,-1.592,0,0.586,0.00302,1.32,45.64,0,0,0,0,IDLE_WAIT_TREND,0.00,4058.38,4058.38
2026.07.02 18:00,0,0.00010913,-0.148,0.000,-1.039,0,0.590,0.00310,0.93,45.64,0,0,0,0,IDLE_WAIT_TREND,0.00,4058.38,4058.38
2026.07.02 19:00,0,0.00005852,-1.619,0.000,-1.958,0,0.616,0.00322,1.22,45.64,0,0,0,0,IDLE_WAIT_TREND,0.00,4058.38,4058.38
2026.07.02 20:00,0,0.00003797,-0.657,0.000,-1.916,0,0.602,0.00318,0.51,45.64,0,0,0,0,IDLE_WAIT_TREND,0.00,4058.38,4058.38
2026.07.02 21:00,0,0.00002953,-0.270,0.000,-1.485,0,0.638,0.00302,0.40,45.64,0,0,0,0,IDLE_WAIT_TREND,0.00,4058.38,4058.38
2026.07.02 22:00,0,0.00001856,-0.351,0.000,-1.136,0,0.580,0.00295,0.25,45.64,0,0,0,0,IDLE_WAIT_TREND,0.00,4058.38,4058.38
2026.07.02 23:00,0,0.00001174,-0.218,0.000,-0.654,0,0.612,0.00291,0.45,45.64,0,0,0,0,IDLE_WAIT_TREND,0.00,4058.38,4058.38
2026.07.03 00:00,0,0.00000383,-0.253,0.000,-0.207,0,0.626,0.00278,0.46,47.97,0,0,0,0,IDLE_WAIT_TREND,0.00,4058.38,4058.38
2026.07.03 01:00,0,-0.00000258,-0.205,0.000,0.000,0,0.627,0.00237,0.19,47.97,0,0,0,0,IDLE_WAIT_TREND,0.00,4058.38,4058.38
2026.07.03 02:00,0,0.00000265,0.168,0.000,0.000,0,0.659,0.00226,0.93,47.97,0,0,0,0,IDLE_WAIT_TREND,0.00,4058.38,4058.38
2026.07.03 03:00,0,0.00000751,0.155,0.000,0.000,0,0.614,0.00216,0.37,47.97,0,0,0,0,IDLE_WAIT_TREND,0.00,4058.38,4058.38
2026.07.03 04:00,0,0.00001267,0.165,0.000,0.000,0,0.638,0.00214,0.53,47.97,0,0,0,0,IDLE_WAIT_TREND,0.00,4058.38,4058.38
2026.07.03 05:00,0,-0.00002308,-1.143,0.000,-0.443,0,0.625,0.00227,1.34,47.97,0,0,0,0,IDLE_WAIT_TREND,0.00,4058.38,4058.38
2026.07.03 06:00,0,-0.00004723,-0.772,0.000,-0.516,0,0.670,0.00188,0.94,47.97,0,0,0,0,IDLE_WAIT_TREND,0.00,4058.38,4058.38
2026.07.03 07:00,0,-0.00006154,-0.458,0.000,-0.274,0,0.668,0.00168,0.69,47.97,0,0,0,0,IDLE_WAIT_TREND,0.00,4058.38,4058.38
2026.07.03 08:00,0,-0.00008082,-0.617,0.000,-0.190,0,0.677,0.00159,1.08,47.97,0,0,0,0,IDLE_WAIT_TREND,0.00,4058.38,4058.38
2026.07.03 09:00,0,-0.00010167,-0.667,0.000,-0.157,0,0.680,0.00145,1.36,47.97,0,0,0,0,IDLE_WAIT_TREND,0.00,4058.38,4058.38
2026.07.03 10:00,0,-0.00013473,-1.057,0.000,-0.514,0,0.680,0.00154,1.80,47.97,0,0,0,0,IDLE_WAIT_TREND,0.00,4058.38,4058.38
2026.07.03 11:00,0,-0.00014518,-0.334,0.000,-0.149,0,0.670,0.00158,1.16,47.97,0,0,0,0,IDLE_WAIT_TREND,0.00,4058.38,4058.38
2026.07.03 12:00,0,-0.00014903,-0.123,0.000,0.000,0,0.686,0.00164,0.98,47.97,0,0,0,0,IDLE_WAIT_TREND,0.00,4058.38,4058.38
2026.07.03 13:00,0,-0.00014494,0.131,0.000,0.000,0,0.689,0.00167,0.98,47.97,0,0,0,0,IDLE_WAIT_TREND,0.00,4058.38,4058.38
2026.07.03 14:00,0,-0.00012013,0.793,0.093,0.000,0,0.689,0.00172,1.21,47.97,0,0,0,0,IDLE_WAIT_TREND,0.00,4058.38,4058.38
2026.07.03 15:00,0,-0.00009691,0.743,0.136,0.000,0,0.726,0.00179,0.75,47.97,0,0,0,0,IDLE_WAIT_TREND,0.00,4058.38,4058.38
2026.07.03 16:00,0,-0.00007346,0.750,0.186,0.000,0,0.730,0.00171,0.61,47.97,0,0,0,0,IDLE_WAIT_TREND,0.00,4058.38,4058.38
2026.07.03 17:00,0,-0.00006954,0.125,0.000,0.000,0,0.726,0.00175,0.76,47.97,0,0,0,0,IDLE_WAIT_TREND,0.00,4058.38,4058.38
2026.07.03 18:00,0,-0.00003837,0.997,0.297,0.000,0,0.713,0.00184,1.30,47.97,0,0,0,0,IDLE_WAIT_TREND,0.00,4058.38,4058.38
2026.07.03 19:00,0,-0.00002569,0.405,0.003,0.000,0,0.677,0.00174,0.94,47.97,0,0,0,0,IDLE_WAIT_TREND,0.00,4058.38,4058.38
2026.07.03 20:00,0,-0.00002804,-0.075,0.000,0.000,0,0.653,0.00169,0.67,47.97,0,0,0,0,IDLE_WAIT_TREND,0.00,4058.38,4058.38
2026.07.03 21:00,0,-0.00001773,0.330,0.000,0.000,0,0.642,0.00167,0.53,47.97,0,0,0,0,IDLE_WAIT_TREND,0.00,4058.38,4058.38
2026.07.03 22:00,0,-0.00001299,0.152,0.000,0.000,0,0.642,0.00160,0.47,47.97,0,0,0,0,IDLE_WAIT_TREND,0.00,4058.38,4058.38
2026.07.03 23:00,0,-0.00000779,0.166,0.000,0.000,0,0.604,0.00155,0.79,47.97,0,0,0,0,IDLE_WAIT_TREND,0.00,4058.38,4058.38
2026.07.06 01:02,0,-0.00002810,-0.650,0.000,0.000,0,0.636,0.00158,2.04,47.61,0,0,0,0,IDLE_WAIT_TREND,0.00,4058.38,4058.38
2026.07.06 02:00,0,-0.00000413,0.767,0.067,0.000,0,0.654,0.00165,1.67,47.61,0,0,0,0,IDLE_WAIT_TREND,0.00,4058.38,4058.38
2026.07.06 03:00,0,0.00003034,1.103,0.469,0.000,0,0.595,0.00166,1.06,47.61,0,0,0,0,IDLE_WAIT_TREND,0.00,4058.38,4058.38
2026.07.06 04:00,0,0.00005499,0.788,0.558,0.000,0,0.619,0.00168,1.14,47.61,0,0,0,0,IDLE_WAIT_TREND,0.00,4058.38,4058.38
2026.07.06 05:00,0,0.00011407,1.890,1.748,0.000,0,0.619,0.00178,1.96,47.61,0,0,0,0,IDLE_WAIT_TREND,0.00,4058.38,4058.38
2026.07.06 06:00,0,0.00014325,0.933,1.981,0.000,0,0.639,0.00178,0.77,47.61,0,0,0,0,IDLE_WAIT_TREND,0.00,4058.38,4058.38
2026.07.06 07:00,0,0.00016135,0.579,1.860,0.000,0,0.634,0.00187,1.25,47.61,0,0,0,0,IDLE_WAIT_TREND,0.00,4058.38,4058.38
2026.07.06 08:00,0,0.00015358,-0.248,0.911,0.000,0,0.638,0.00188,0.79,47.61,0,0,0,0,IDLE_WAIT_TREND,0.00,4058.38,4058.38
2026.07.06 09:00,0,0.00016692,0.427,0.638,0.000,0,0.628,0.00185,1.03,47.61,0,0,0,0,IDLE_WAIT_TREND,0.00,4058.38,4058.38
2026.07.06 10:00,0,0.00015433,-0.403,0.000,0.000,0,0.625,0.00185,0.86,47.61,0,0,0,0,IDLE_WAIT_TREND,0.00,4058.38,4058.38
2026.07.06 11:00,0,0.00015216,-0.069,0.000,0.000,0,0.639,0.00191,1.07,47.61,0,0,0,0,IDLE_WAIT_TREND,0.00,4058.38,4058.38
2026.07.06 12:00,0,0.00015622,0.130,0.000,0.000,0,0.641,0.00194,0.65,47.61,0,0,0,0,IDLE_WAIT_TREND,0.00,4058.38,4058.38
2026.07.06 13:00,0,0.00015899,0.089,0.000,0.000,0,0.649,0.00196,0.55,47.61,0,0,0,0,IDLE_WAIT_TREND,0.00,4058.38,4058.38
2026.07.06 14:00,0,0.00015010,-0.284,0.000,0.000,0,0.663,0.00197,0.69,47.61,0,0,0,0,IDLE_WAIT_TREND,0.00,4058.38,4058.38
2026.07.06 15:00,0,0.00015058,0.015,0.000,0.000,0,0.652,0.00185,0.85,47.61,0,0,0,0,IDLE_WAIT_TREND,0.00,4058.38,4058.38
2026.07.06 16:00,0,0.00017169,0.675,0.000,0.000,0,0.653,0.00188,1.70,47.61,0,0,0,0,IDLE_WAIT_TREND,0.00,4058.38,4058.38
2026.07.06 17:00,0,0.00017008,-0.052,0.000,0.000,0,0.623,0.00193,1.28,47.61,0,0,0,0,IDLE_WAIT_TREND,0.00,4058.38,4058.38
2026.07.06 18:00,0,0.00017498,0.157,0.000,0.000,0,0.652,0.00190,0.79,47.61,0,0,0,0,IDLE_WAIT_TREND,0.00,4058.38,4058.38
2026.07.06 19:00,0,0.00016797,-0.224,0.000,0.000,0,0.615,0.00175,0.75,47.61,0,0,0,0,IDLE_WAIT_TREND,0.00,4058.38,4058.38
2026.07.06 20:00,0,0.00015193,-0.513,0.000,0.000,0,0.601,0.00173,0.67,47.61,0,0,0,0,IDLE_WAIT_TREND,0.00,4058.38,4058.38
2026.07.06 21:00,0,0.00013055,-0.684,0.000,0.000,0,0.596,0.00170,1.08,47.61,0,0,0,0,IDLE_WAIT_TREND,0.00,4058.38,4058.38
2026.07.06 22:00,0,0.00011017,-0.652,0.000,0.000,0,0.566,0.00166,0.54,47.61,0,0,0,0,IDLE_WAIT_TREND,0.00,4058.38,4058.38
2026.07.06 23:00,0,0.00009596,-0.455,0.000,0.000,0,0.568,0.00159,0.62,47.61,0,0,0,0,IDLE_WAIT_TREND,0.00,4058.38,4058.38
2026.07.07 00:09,0,0.00008757,-0.268,0.000,0.000,0,0.553,0.00152,0.43,48.56,0,0,0,0,IDLE_WAIT_TREND,0.00,4058.38,4058.38
2026.07.07 01:00,0,0.00008256,-0.160,0.000,0.000,0,0.624,0.00158,1.76,48.56,0,0,0,0,IDLE_WAIT_TREND,0.00,4058.38,4058.38
2026.07.07 02:00,0,0.00008234,-0.007,0.000,0.000,0,0.628,0.00159,0.92,48.56,0,0,0,0,IDLE_WAIT_TREND,0.00,4058.38,4058.38
2026.07.07 03:00,0,0.00008476,0.077,0.000,0.000,0,0.599,0.00160,0.73,48.56,0,0,0,0,IDLE_WAIT_TREND,0.00,4058.38,4058.38
2026.07.07 04:00,0,0.00007900,-0.184,0.000,0.000,0,0.622,0.00160,0.90,48.56,0,0,0,0,IDLE_WAIT_TREND,0.00,4058.38,4058.38
2026.07.07 05:00,0,0.00006794,-0.354,0.000,0.000,0,0.607,0.00163,1.20,48.56,0,0,0,0,IDLE_WAIT_TREND,0.00,4058.38,4058.38
2026.07.07 06:00,0,0.00007395,0.192,0.000,0.000,0,0.645,0.00152,1.10,48.56,0,0,0,0,IDLE_WAIT_TREND,0.00,4058.38,4058.38
2026.07.07 07:00,0,0.00006825,-0.182,0.000,0.000,0,0.641,0.00146,1.10,48.56,0,0,0,0,IDLE_WAIT_TREND,0.00,4058.38,4058.38
2026.07.07 08:00,0,0.00008458,0.522,0.000,0.000,0,0.676,0.00151,1.44,48.56,0,0,0,0,IDLE_WAIT_TREND,0.00,4058.38,4058.38
2026.07.07 09:00,0,0.00009951,0.477,0.000,0.000,0,0.677,0.00156,1.28,48.56,0,0,0,0,IDLE_WAIT_TREND,0.00,4058.38,4058.38
2026.07.07 10:00,0,0.00008966,-0.315,0.000,0.000,0,0.639,0.00161,1.19,48.56,0,0,0,0,IDLE_WAIT_TREND,0.00,4058.38,4058.38
2026.07.07 11:00,0,0.00010428,0.468,0.000,0.000,0,0.658,0.00166,1.52,48.56,0,0,0,0,IDLE_WAIT_TREND,0.00,4058.38,4058.38
2026.07.07 12:00,0,0.00012245,0.581,0.000,0.000,0,0.672,0.00174,1.16,48.56,0,0,0,0,IDLE_WAIT_TREND,0.00,4058.38,4058.38
2026.07.07 13:00,0,0.00010920,-0.424,0.000,0.000,0,0.651,0.00180,1.04,48.56,0,0,0,0,IDLE_WAIT_TREND,0.00,4058.38,4058.38
2026.07.07 14:00,0,0.00011527,0.194,0.000,0.000,0,0.659,0.00199,1.63,48.56,0,0,0,0,IDLE_WAIT_TREND,0.00,4058.38,4058.38
2026.07.07 15:00,0,0.00010829,-0.223,0.000,0.000,0,0.633,0.00200,1.45,48.56,0,0,0,0,IDLE_WAIT_TREND,0.00,4058.38,4058.38
2026.07.07 16:00,0,0.00007648,-1.018,0.000,-0.318,0,0.644,0.00210,1.42,48.56,0,0,0,0,IDLE_WAIT_TREND,0.00,4058.38,4058.38
2026.07.07 17:00,0,0.00006489,-0.371,0.000,0.000,0,0.674,0.00215,0.81,48.56,0,0,0,0,IDLE_WAIT_TREND,0.00,4058.38,4058.38
2026.07.07 18:00,0,0.00005881,-0.195,0.000,0.000,0,0.665,0.00219,0.96,48.56,0,0,0,0,IDLE_WAIT_TREND,0.00,4058.38,4058.38
2026.07.07 19:00,0,0.00005829,-0.017,0.000,0.000,0,0.644,0.00218,0.85,48.56,0,0,0,0,IDLE_WAIT_TREND,0.00,4058.38,4058.38
2026.07.07 20:00,0,0.00005093,-0.235,0.000,0.000,0,0.617,0.00215,0.53,48.56,0,0,0,0,IDLE_WAIT_TREND,0.00,4058.38,4058.38
2026.07.07 21:00,0,0.00002535,-0.818,0.000,-0.118,0,0.657,0.00215,0.75,48.56,0,0,0,0,IDLE_WAIT_TREND,0.00,4058.38,4058.38
2026.07.07 22:00,0,0.00002926,0.125,0.000,0.000,0,0.658,0.00212,0.86,48.56,0,0,0,0,IDLE_WAIT_TREND,0.00,4058.38,4058.38
2026.07.07 23:00,0,0.00002728,-0.063,0.000,0.000,0,0.612,0.00216,1.18,48.56,0,0,0,0,IDLE_WAIT_TREND,0.00,4058.38,4058.38
2026.07.08 00:00,0,0.00004401,0.535,0.000,0.000,0,0.635,0.00219,1.06,50.23,0,0,0,0,IDLE_WAIT_TREND,0.00,4058.38,4058.38
2026.07.08 01:00,0,0.00004318,-0.027,0.000,0.000,0,0.607,0.00206,0.30,50.23,0,0,0,0,IDLE_WAIT_TREND,0.00,4058.38,4058.38
2026.07.08 02:00,0,0.00003706,-0.196,0.000,0.000,0,0.615,0.00202,0.74,50.23,0,0,0,0,IDLE_WAIT_TREND,0.00,4058.38,4058.38
2026.07.08 03:00,0,0.00002836,-0.278,0.000,0.000,0,0.640,0.00204,1.05,50.23,0,0,0,0,IDLE_WAIT_TREND,0.00,4058.38,4058.38
2026.07.08 04:00,0,-0.00001941,-1.528,0.000,-0.828,0,0.636,0.00208,1.80,50.23,0,0,0,0,IDLE_WAIT_TREND,0.00,4058.38,4058.38
2026.07.08 05:00,0,-0.00006758,-1.541,0.000,-1.669,0,0.653,0.00201,0.97,50.23,0,0,0,0,IDLE_WAIT_TREND,0.00,4058.38,4058.38
2026.07.08 06:00,0,-0.00015482,-2.790,0.000,-3.759,0,0.623,0.00230,3.01,50.23,0,0,0,0,IDLE_WAIT_TREND,0.00,4058.38,4058.38
2026.07.08 07:00,0,-0.00022160,-2.136,0.000,-5.195,0,0.676,0.00247,1.69,50.23,0,0,0,0,IDLE_WAIT_TREND,0.00,4058.38,4058.38
2026.07.08 08:00,-1,-0.00030130,-2.549,0.000,0.000,-1,0.671,0.00267,1.82,50.23,0,48,24,0,OPEN_TREND,0.00,4058.38,4058.26
2026.07.08 09:00,-1,-0.00034002,-1.530,0.000,-0.830,0,0.634,0.00274,1.03,50.23,1,47,24,0,BAR_TICK,0.00,4058.38,4059.60
2026.07.08 10:00,-1,-0.00032445,0.663,0.000,0.000,0,0.654,0.00291,1.22,50.23,2,46,24,0,BAR_TICK,0.00,4058.38,4056.83
2026.07.08 11:00,-1,-0.00032480,-0.013,0.000,0.000,0,0.613,0.00309,1.35,50.23,3,45,24,0,BAR_TICK,0.00,4058.38,4058.36
2026.07.08 12:00,-1,-0.00026834,1.786,1.086,0.000,0,0.641,0.00338,1.73,50.23,4,44,24,0,BAR_TICK,0.00,4058.38,4053.90
2026.07.08 13:00,-1,-0.00022899,1.060,1.446,0.000,0,0.643,0.00333,0.55,50.23,5,43,24,0,BAR_TICK,0.00,4058.38,4053.24
2026.07.08 14:00,-1,-0.00022352,0.129,0.875,0.000,0,0.584,0.00335,0.77,50.23,6,42,24,0,BAR_TICK,0.00,4058.38,4054.51
2026.07.08 15:00,-1,-0.00016140,1.091,1.266,0.000,0,0.555,0.00358,1.08,50.23,7,41,24,0,BAR_TICK,0.00,4058.38,4052.53
2026.07.08 16:00,-1,-0.00012269,0.570,1.136,0.000,0,0.481,0.00365,0.70,50.23,8,40,24,25,OPEN_HEDGE,0.00,4058.38,4052.53
2026.07.08 17:00,-1,0.00005474,2.480,2.916,0.000,0,0.630,0.00393,1.52,50.23,9,39,24,25,BAR_TICK,0.00,4058.38,4052.65
2026.07.08 18:00,-1,0.00018252,1.833,4.049,0.000,0,0.615,0.00391,0.88,50.23,10,38,24,25,BAR_TICK,0.00,4058.38,4052.56
2026.07.08 19:00,-1,0.00028158,1.520,4.869,0.000,0,0.589,0.00403,0.93,50.23,11,37,24,25,BAR_TICK,0.00,4058.38,4052.50
2026.07.08 20:00,-1,0.00028542,0.064,4.233,0.000,0,0.628,0.00369,0.58,50.23,12,36,24,25,BAR_TICK,0.00,4058.38,4052.67
2026.07.08 21:00,-1,0.00027998,-0.099,3.433,0.000,0,0.559,0.00355,0.62,50.23,13,35,24,25,BAR_TICK,0.00,4058.38,4052.65
2026.07.08 22:00,-1,0.00021667,-1.256,1.478,-0.556,0,0.594,0.00342,0.90,50.23,14,34,24,25,BAR_TICK,0.00,4058.38,4052.60
2026.07.08 23:00,-1,0.00018301,-0.720,0.058,-0.576,0,0.601,0.00329,0.32,50.23,15,33,24,25,BAR_TICK,0.00,4058.38,4052.60
2026.07.09 00:00,-1,0.00015317,-0.682,0.000,-0.558,0,0.625,0.00312,0.36,47.55,16,32,24,25,BAR_TICK,0.00,4058.38,4051.61
2026.07.09 01:01,-1,0.00012537,-0.673,0.000,-0.531,0,0.639,0.00284,0.00,47.55,17,31,24,25,BAR_TICK,0.00,4058.38,4051.20
2026.07.09 02:00,-1,0.00010210,-0.591,0.000,-0.422,0,0.650,0.00253,0.60,47.55,18,30,24,25,BAR_TICK,0.00,4058.38,4052.59
2026.07.09 03:00,-1,0.00001731,-2.243,0.000,-1.966,0,0.717,0.00271,1.59,47.55,19,29,24,0,CLOSE_HEDGE_RETRACE,0.26,4058.64,4052.56
2026.07.09 04:00,-1,-0.00007984,-2.659,0.000,-3.924,0,0.794,0.00283,1.50,47.55,20,28,24,0,BAR_TICK,0.00,4058.64,4055.49
2026.07.09 05:00,-1,-0.00012498,-1.270,0.000,-4.495,0,0.773,0.00274,0.97,47.55,21,27,24,0,BAR_TICK,0.00,4058.64,4054.97
2026.07.09 06:00,-1,-0.00013690,-0.343,0.000,-4.138,0,0.753,0.00266,0.56,47.55,22,26,24,0,BAR_TICK,0.00,4058.64,4054.44
2026.07.09 07:00,-1,-0.00015740,-0.602,0.000,-4.040,0,0.733,0.00237,0.82,47.55,23,25,24,0,BAR_TICK,0.00,4058.64,4055.53
2026.07.09 08:00,-1,-0.00017084,-0.401,0.000,-3.741,0,0.745,0.00224,0.71,47.55,24,24,24,0,BAR_TICK,0.00,4058.64,4056.00
2026.07.09 09:00,-1,-0.00016117,0.292,0.000,-2.749,0,0.766,0.00211,0.92,47.55,25,23,24,0,BAR_TICK,0.00,4058.64,4055.18
2026.07.09 10:00,-1,-0.00012384,1.140,0.440,-0.909,0,0.728,0.00217,1.36,47.55,26,22,24,0,BAR_TICK,0.00,4058.64,4053.34
2026.07.09 11:00,-1,-0.00014202,-0.560,0.000,-0.769,0,0.695,0.00232,1.83,47.55,27,21,24,0,BAR_TICK,0.00,4058.64,4056.53
2026.07.09 12:00,-1,-0.00016444,-0.695,0.000,-0.764,0,0.666,0.00228,1.10,47.55,28,20,24,0,BAR_TICK,0.00,4058.64,4057.78
2026.07.09 13:00,-1,-0.00017528,-0.338,0.000,-0.402,0,0.723,0.00236,0.98,47.55,29,19,24,0,BAR_TICK,0.00,4058.64,4057.87
2026.07.09 14:00,-1,-0.00019997,-0.773,0.000,-0.475,0,0.735,0.00246,1.00,47.55,30,18,24,0,BAR_TICK,0.00,4058.64,4059.70
2026.07.09 15:00,-1,-0.00024023,-1.266,0.000,-1.042,0,0.705,0.00262,0.94,47.55,31,17,24,0,BAR_TICK,0.00,4058.64,4061.86
2026.07.09 16:00,-1,-0.00030635,-2.086,0.000,-2.427,0,0.701,0.00281,1.50,47.55,32,16,24,0,BAR_TICK,0.00,4058.64,4065.56
2026.07.09 17:00,-1,-0.00033178,-0.804,0.000,-2.532,0,0.693,0.00265,0.77,47.55,33,15,24,0,BAR_TICK,0.00,4058.64,4065.14
2026.07.09 18:00,-1,-0.00036038,-0.906,0.000,-2.738,0,0.686,0.00253,1.02,47.55,34,14,24,0,BAR_TICK,0.00,4058.64,4066.88
2026.07.09 19:00,-1,-0.00038886,-0.904,0.000,-2.942,0,0.722,0.00250,0.91,47.55,35,13,24,0,BAR_TICK,0.00,4058.64,4068.60
2026.07.09 20:00,-1,-0.00037744,0.363,0.000,-1.879,0,0.689,0.00253,0.75,47.55,36,12,24,0,BAR_TICK,0.00,4058.64,4067.44
2026.07.09 21:00,-1,-0.00036448,0.413,0.000,-0.767,0,0.665,0.00249,0.54,47.55,37,11,24,0,BAR_TICK,0.00,4058.64,4067.73
2026.07.09 22:00,-1,-0.00032766,1.173,0.473,0.000,0,0.638,0.00248,0.60,47.55,38,10,24,0,BAR_TICK,0.00,4058.64,4066.57
2026.07.09 23:00,-1,-0.00029890,0.917,0.690,0.000,0,0.716,0.00242,0.43,47.55,39,9,24,0,BAR_TICK,0.00,4058.64,4066.79
2026.07.10 00:00,-1,-0.00026518,1.076,1.065,0.000,0,0.734,0.00233,0.74,43.18,40,8,24,0,BAR_TICK,0.00,4058.64,4065.79
2026.07.10 01:00,-1,-0.00024388,0.680,1.045,0.000,0,0.698,0.00207,0.27,43.18,41,7,24,0,BAR_TICK,0.00,4058.64,4065.95
2026.07.10 02:00,-1,-0.00022428,0.625,0.971,0.000,0,0.676,0.00200,0.81,43.18,42,6,24,0,BAR_TICK,0.00,4058.64,4066.92
2026.07.10 03:00,-1,-0.00022152,0.088,0.359,0.000,0,0.663,0.00194,0.75,43.18,43,5,24,0,BAR_TICK,0.00,4058.64,4068.09
2026.07.10 04:00,-1,-0.00025343,-1.019,0.000,-0.319,0,0.693,0.00203,1.84,43.18,44,4,24,0,BAR_TICK,0.00,4058.64,4071.09
2026.07.10 05:00,-1,-0.00029716,-1.397,0.000,-1.017,0,0.700,0.00209,1.59,43.18,45,3,24,0,BAR_TICK,0.00,4058.64,4073.41
2026.07.10 06:00,-1,-0.00030990,-0.407,0.000,-0.724,0,0.652,0.00194,1.06,43.18,46,2,24,0,BAR_TICK,0.00,4058.64,4073.11
2026.07.10 07:00,-1,-0.00029717,0.407,0.000,0.000,0,0.599,0.00188,0.68,43.18,47,1,24,0,BAR_TICK,0.00,4058.64,4072.34
2026.07.10 08:00,-1,-0.00025649,1.300,0.600,0.000,0,0.561,0.00186,1.18,43.18,48,0,24,0,BAR_TICK,0.00,4058.64,4070.74
2026.07.10 09:00,-1,-0.00019750,1.886,1.786,0.000,0,0.659,0.00186,1.27,43.18,49,0,24,0,BAR_TICK,0.00,4058.64,4068.88
2026.07.10 10:00,-1,-0.00017758,0.637,1.723,0.000,0,0.647,0.00189,1.23,43.18,50,0,24,0,BAR_TICK,0.00,4058.64,4070.39
2026.07.10 11:00,-1,-0.00015461,0.735,1.758,0.000,0,0.630,0.00193,0.96,43.18,51,0,24,0,BAR_TICK,0.00,4058.64,4070.00
2026.07.10 12:00,-1,-0.00014818,0.206,1.263,0.000,0,0.666,0.00194,0.88,43.18,52,0,24,0,BAR_TICK,0.00,4058.64,4070.98
2026.07.10 13:00,-1,-0.00015706,-0.284,0.279,0.000,0,0.627,0.00205,1.22,43.18,53,0,24,0,BAR_TICK,0.00,4058.64,4072.32
2026.07.10 14:00,-1,-0.00010322,1.722,1.301,0.000,0,0.673,0.00228,2.18,43.18,54,0,24,0,BAR_TICK,0.00,4058.64,4068.24
2026.07.10 15:00,-1,-0.00008225,0.670,1.272,0.000,0,0.675,0.00240,0.90,43.18,55,0,24,0,BAR_TICK,0.00,4058.64,4069.49
2026.07.10 16:00,-1,-0.00007480,0.238,0.810,0.000,0,0.658,0.00243,0.88,43.18,56,0,24,0,BAR_TICK,0.00,4058.64,4070.01
2026.07.10 17:00,-1,-0.00008444,-0.308,0.000,0.000,0,0.665,0.00250,0.97,43.18,57,0,24,0,BAR_TICK,0.00,4058.64,4071.10
2026.07.10 18:00,-1,-0.00005339,0.993,0.293,0.000,0,0.675,0.00247,1.32,43.18,58,0,24,0,BAR_TICK,0.00,4058.64,4068.77
2026.07.10 19:00,-1,-0.00007067,-0.553,0.000,0.000,0,0.750,0.00247,1.34,43.18,59,0,24,0,BAR_TICK,0.00,4058.64,4071.41
2026.07.10 20:00,-1,-0.00009608,-0.813,0.000,-0.113,0,0.823,0.00251,1.04,43.18,60,0,24,0,BAR_TICK,0.00,4058.64,4072.61
2026.07.10 21:00,-1,-0.00009333,0.088,0.000,0.000,0,0.813,0.00255,0.74,43.18,61,0,24,0,BAR_TICK,0.00,4058.64,4071.47
2026.07.10 22:00,-1,-0.00009529,-0.063,0.000,0.000,0,0.776,0.00248,0.48,43.18,62,0,24,0,BAR_TICK,0.00,4058.64,4071.99
2026.07.10 23:00,-1,-0.00008667,0.276,0.000,0.000,0,0.757,0.00240,0.51,43.18,63,0,24,0,BAR_TICK,0.00,4058.64,4071.47
2026.07.13 00:59,-1,-0.00008530,0.044,0.000,0.000,0,0.723,0.00234,0.67,38.09,64,0,24,0,BAR_TICK,0.00,4058.64,4072.02
2026.07.13 01:00,-1,-0.00010257,-0.552,0.000,0.000,0,0.717,0.00232,0.00,38.09,65,0,24,0,BAR_TICK,0.00,4058.64,4071.99
2026.07.13 02:00,-1,-0.00006448,1.218,0.518,0.000,0,0.723,0.00247,1.37,38.09,66,0,24,0,BAR_TICK,0.00,4058.64,4070.19
2026.07.13 03:00,-1,-0.00005470,0.313,0.131,0.000,0,0.671,0.00244,0.87,38.09,67,0,24,0,BAR_TICK,0.00,4058.64,4071.31
2026.07.13 04:00,-1,-0.00002926,0.814,0.245,0.000,0,0.676,0.00228,1.19,38.09,68,0,24,0,BAR_TICK,0.00,4058.64,4070.10
2026.07.13 05:00,-1,-0.00010056,-2.281,0.000,-1.581,0,0.707,0.00265,2.78,38.09,69,0,24,0,BAR_TICK,0.00,4058.64,4076.39
2026.07.13 06:00,-1,-0.00011930,-0.599,0.000,-1.480,0,0.693,0.00262,0.66,38.09,70,0,24,0,BAR_TICK,0.00,4058.64,4074.96
2026.07.13 07:00,-1,-0.00010043,0.603,0.000,-0.177,0,0.685,0.00266,1.11,38.09,71,0,24,0,BAR_TICK,0.00,4058.64,4073.04
2026.07.13 08:00,-1,-0.00006871,1.015,0.315,0.000,0,0.671,0.00259,0.88,38.09,72,0,24,0,BAR_TICK,0.00,4058.64,4071.81
2026.07.13 09:00,-1,-0.00004017,0.913,0.528,0.000,0,0.670,0.00254,1.03,38.09,73,0,24,0,BAR_TICK,0.00,4058.64,4071.14
2026.07.13 10:00,-1,-0.00005515,-0.479,0.000,0.000,0,0.681,0.00263,1.44,38.09,74,0,24,0,BAR_TICK,0.00,4058.64,4073.73
2026.07.13 11:00,-1,-0.00009903,-1.403,0.000,-0.703,0,0.673,0.00272,1.19,38.09,75,0,24,0,BAR_TICK,0.00,4058.64,4076.43
2026.07.13 12:00,-1,-0.00017769,-2.516,0.000,-2.519,0,0.650,0.00295,1.49,38.09,76,0,24,0,BAR_TICK,0.00,4058.64,4080.38
2026.07.13 13:00,-1,-0.00021274,-1.121,0.000,-2.941,0,0.632,0.00295,0.43,38.09,77,0,24,0,BAR_TICK,0.00,4058.64,4079.89
2026.07.13 14:00,-1,-0.00021397,-0.039,0.000,-2.280,0,0.634,0.00294,0.45,38.09,78,0,24,0,BAR_TICK,0.00,4058.64,4078.90
2026.07.13 15:00,-1,-0.00021546,-0.048,0.000,-1.627,0,0.679,0.00304,0.97,38.09,79,0,24,0,BAR_TICK,0.00,4058.64,4079.51
2026.07.13 16:00,-1,-0.00022509,-0.308,0.000,-1.235,0,0.733,0.00294,0.82,38.09,80,0,24,0,BAR_TICK,0.00,4058.64,4080.55
2026.07.13 17:00,-1,-0.00021982,0.169,0.000,-0.367,0,0.709,0.00296,0.83,38.09,81,0,24,0,BAR_TICK,0.00,4058.64,4080.27
2026.07.13 18:00,-1,-0.00018386,1.150,0.450,0.000,0,0.681,0.00303,1.19,38.09,82,0,24,0,BAR_TICK,0.00,4058.64,4078.59
2026.07.13 19:00,-1,-0.00013840,1.454,1.204,0.000,0,0.690,0.00267,0.88,38.09,83,0,24,0,BAR_TICK,0.00,4058.64,4077.20
2026.07.13 20:00,-1,-0.00007444,2.046,2.550,0.000,0,0.699,0.00281,1.32,38.09,84,0,24,0,BAR_TICK,0.00,4058.64,4074.88
2026.07.13 21:00,-1,-0.00002995,1.423,3.273,0.000,0,0.686,0.00269,0.48,38.09,85,0,24,0,BAR_TICK,0.00,4058.64,4074.58
2026.07.13 22:00,-1,0.00000024,0.966,3.539,0.000,0,0.681,0.00261,0.45,38.09,86,0,24,0,BAR_TICK,0.00,4058.64,4074.32
2026.07.13 23:00,-1,0.00002069,0.654,3.492,0.000,0,0.630,0.00255,0.71,38.09,87,0,24,0,BAR_TICK,0.00,4058.64,4074.09
2026.07.14 01:00,-1,0.00001236,-0.266,2.526,0.000,0,0.624,0.00248,1.10,35.80,88,0,24,0,BAR_TICK,0.00,4058.64,4074.13
2026.07.14 02:00,-1,-0.00000578,-0.580,1.246,0.000,0,0.674,0.00238,0.79,35.80,89,0,24,0,BAR_TICK,0.00,4058.64,4076.52
2026.07.14 03:00,-1,-0.00006455,-1.879,0.000,-1.179,0,0.660,0.00234,1.63,35.80,90,0,24,0,BAR_TICK,0.00,4058.64,4080.03
2026.07.14 04:00,-1,-0.00016712,-3.281,0.000,-3.760,0,0.628,0.00276,2.59,35.80,91,0,24,0,BAR_TICK,0.00,4058.64,4085.10
2026.07.14 05:00,-1,-0.00022472,-1.842,0.000,-4.903,0,0.598,0.00281,0.72,35.80,92,0,24,0,BAR_TICK,0.00,4058.64,4085.05
2026.07.14 06:00,-1,-0.00029507,-2.250,0.000,-6.453,0,0.607,0.00288,1.35,35.80,93,0,24,0,BAR_TICK,0.00,4058.64,4088.26
2026.07.14 07:00,-1,-0.00034257,-1.519,0.000,0.000,-1,0.628,0.00290,0.96,35.80,94,0,24,0,BAR_TICK,0.00,4058.64,4089.29
2026.07.14 08:00,-1,-0.00034855,-0.236,0.000,0.000,0,0.659,0.00289,0.79,35.80,95,0,24,0,BAR_TICK,0.00,4058.64,4088.68
2026.07.14 09:00,-1,-0.00035739,-0.376,0.000,0.000,0,0.660,0.00279,0.78,35.80,96,0,24,0,BAR_TICK,0.00,4058.64,4090.19
2026.07.14 10:00,-1,-0.00032606,1.180,0.480,0.000,0,0.624,0.00286,1.15,35.80,97,0,24,0,BAR_TICK,0.00,4058.64,4087.28
2026.07.14 11:00,-1,-0.00034771,-0.685,0.000,0.000,0,0.613,0.00292,1.58,35.80,98,0,24,0,BAR_TICK,0.00,4058.64,4091.39
2026.07.14 12:00,-1,-0.00031932,0.764,0.064,0.000,0,0.638,0.00301,0.83,35.80,99,0,24,0,BAR_TICK,0.00,4058.64,4089.17
2026.07.14 13:00,-1,-0.00033213,-0.302,0.000,0.000,0,0.703,0.00315,1.02,35.80,100,0,24,0,BAR_TICK,0.00,4058.64,4091.54
2026.07.14 14:00,-1,-0.00027528,0.998,0.298,0.000,0,0.686,0.00323,0.90,35.80,101,0,24,0,BAR_TICK,0.00,4058.64,4089.51
2026.07.14 15:00,-1,-0.00021994,0.815,0.414,0.000,0,0.633,0.00318,0.65,35.80,102,0,24,0,BAR_TICK,0.00,4058.64,4089.50
2026.07.14 16:00,-1,-0.00026121,-0.577,0.000,0.000,0,0.614,0.00373,2.57,35.80,103,0,24,0,BAR_TICK,0.00,4058.64,4092.46
2026.07.14 17:00,-1,-0.00024892,0.176,0.000,0.000,0,0.571,0.00378,1.18,35.80,104,0,24,0,BAR_TICK,0.00,4058.64,4091.86
2026.07.14 18:00,-1,-0.00022390,0.384,0.000,0.000,0,0.597,0.00351,0.96,35.80,105,0,24,0,BAR_TICK,0.00,4058.64,4091.84
2026.07.14 19:00,-1,-0.00019459,0.490,0.000,0.000,0,0.589,0.00359,0.87,35.80,106,0,24,0,BAR_TICK,0.00,4058.64,4091.55
2026.07.14 20:00,-1,-0.00019512,-0.010,0.000,0.000,0,0.533,0.00346,0.58,35.80,107,0,24,0,BAR_TICK,0.00,4058.64,4092.73
2026.07.14 21:00,-1,-0.00020675,-0.231,0.000,0.000,0,0.533,0.00337,0.46,35.80,108,0,24,0,BAR_TICK,0.00,4058.64,4093.63
2026.07.14 22:00,-1,-0.00019107,0.336,0.000,0.000,0,0.523,0.00329,0.39,35.80,109,0,24,0,BAR_TICK,0.00,4058.64,4093.00
2026.07.14 23:00,-1,-0.00013714,1.233,0.533,0.000,0,0.485,0.00329,0.65,35.80,110,0,24,0,BAR_TICK,0.00,4058.64,4091.11
2026.07.15 01:00,-1,-0.00013517,0.048,0.000,0.000,0,0.499,0.00321,0.68,35.82,111,0,24,0,BAR_TICK,0.00,4058.64,4092.33
2026.07.15 02:00,-1,-0.00009894,0.920,0.220,0.000,0,0.496,0.00307,0.85,35.82,112,0,24,0,BAR_TICK,0.00,4058.64,4091.28
2026.07.15 03:00,-1,-0.00007844,0.543,0.063,0.000,0,0.527,0.00301,0.53,35.82,113,0,24,0,BAR_TICK,0.00,4058.64,4091.43
2026.07.15 04:00,-1,-0.00010408,-0.702,0.000,-0.002,0,0.594,0.00302,1.14,35.82,114,0,24,0,BAR_TICK,0.00,4058.64,4093.89
2026.07.15 05:00,-1,-0.00013245,-0.798,0.000,-0.100,0,0.569,0.00300,0.87,35.82,115,0,24,0,BAR_TICK,0.00,4058.64,4095.11
2026.07.15 06:00,-1,-0.00009312,1.133,0.433,0.000,0,0.548,0.00311,1.15,35.82,116,0,24,0,BAR_TICK,0.00,4058.64,4091.82
2026.07.15 07:00,-1,-0.00006106,0.941,0.674,0.000,0,0.544,0.00257,0.80,35.82,117,0,24,0,BAR_TICK,0.00,4058.64,4091.45
2026.07.15 08:00,-1,-0.00004020,0.622,0.596,0.000,0,0.562,0.00236,0.62,35.82,118,0,24,0,BAR_TICK,0.00,4058.64,4091.42
2026.07.15 09:00,-1,-0.00002355,0.503,0.399,0.000,0,0.553,0.00222,0.63,35.82,119,0,24,0,BAR_TICK,0.00,4058.64,4091.11
2026.07.15 10:00,-1,0.00001461,1.165,0.864,0.000,0,0.593,0.00224,1.52,35.82,120,0,24,0,BAR_TICK,0.00,4058.64,4089.38
2026.07.15 11:00,-1,-0.00001790,-1.001,0.000,-0.301,0,0.580,0.00239,1.75,35.82,121,0,24,0,BAR_TICK,0.00,4058.64,4093.15
2026.07.15 12:00,-1,-0.00005611,-1.185,0.000,-0.786,0,0.574,0.00242,0.82,35.82,122,0,24,0,BAR_TICK,0.00,4058.64,4094.53
2026.07.15 13:00,-1,-0.00008272,-0.830,0.000,-0.915,0,0.576,0.00248,0.83,35.82,123,0,24,0,BAR_TICK,0.00,4058.64,4094.75
2026.07.15 14:00,-1,-0.00007597,0.212,0.000,-0.004,0,0.582,0.00256,1.28,35.82,124,0,24,0,BAR_TICK,0.00,4058.64,4093.43
2026.07.15 15:00,-1,-0.00005246,0.739,0.039,0.000,0,0.570,0.00263,1.20,35.82,125,0,24,0,BAR_TICK,0.00,4058.64,4092.20
2026.07.15 16:00,-1,-0.00005439,-0.061,0.000,0.000,0,0.562,0.00267,1.17,35.82,126,0,24,0,BAR_TICK,0.00,4058.64,4093.61
2026.07.15 17:00,-1,-0.00000992,1.406,0.706,0.000,0,0.541,0.00289,1.63,35.82,127,0,24,0,BAR_TICK,0.00,4058.64,4090.38
2026.07.15 18:00,-1,0.00006666,2.427,2.433,0.000,0,0.547,0.00307,1.96,35.82,128,0,24,0,BAR_TICK,0.00,4058.64,4086.80
2026.07.15 19:00,-1,0.00014391,2.453,4.186,0.000,0,0.605,0.00312,1.04,35.82,129,0,24,0,BAR_TICK,0.00,4058.64,4084.53
2026.07.15 20:00,-1,0.00026081,3.716,0.000,0.000,1,0.564,0.00333,1.96,35.82,130,0,24,0,CLOSE_TREND_ON_REVERSAL,20.53,4079.17,4079.17
2026.07.15 20:00,1,0.00026081,3.716,0.000,0.000,1,0.564,0.00333,1.96,35.82,0,48,28,0,OPEN_TREND_AFTER_REVERSAL,0.00,4079.17,4079.02
2026.07.15 21:00,1,0.00026305,0.088,0.000,0.000,0,0.492,0.00360,1.64,35.82,1,47,28,29,OPEN_HEDGE,0.00,4079.17,4074.62
2026.07.15 22:00,1,0.00026084,-0.094,0.000,0.000,0,0.449,0.00363,0.50,35.82,2,46,28,0,CLOSE_HEDGE_TREND_RESUMED,-0.63,4078.54,4074.47
2026.07.15 23:00,1,0.00025934,-0.056,0.000,0.000,0,0.463,0.00367,0.51,35.82,3,45,28,0,BAR_TICK,0.00,4078.54,4074.90
2026.07.16 01:00,1,0.00025848,-0.027,0.000,0.000,0,0.475,0.00350,0.30,35.83,4,44,28,0,BAR_TICK,0.00,4078.54,4074.81
2026.07.16 02:00,1,0.00024939,-0.245,0.000,0.000,0,0.488,0.00332,0.51,35.83,5,43,28,0,BAR_TICK,0.00,4078.54,4075.44
2026.07.16 03:00,1,0.00025396,0.107,0.000,0.000,0,0.571,0.00333,0.62,35.83,6,42,28,0,BAR_TICK,0.00,4078.54,4076.63
2026.07.16 04:00,1,0.00025476,0.014,0.000,0.000,0,0.568,0.00333,0.63,35.83,7,41,28,0,BAR_TICK,0.00,4078.54,4077.10
2026.07.16 05:00,1,0.00027465,0.293,0.000,0.000,0,0.572,0.00326,0.72,35.83,8,40,28,0,BAR_TICK,0.00,4078.54,4078.37
2026.07.16 06:00,1,0.00020986,-0.905,0.000,-0.205,0,0.571,0.00322,0.79,35.83,9,39,28,0,BAR_TICK,0.00,4078.54,4076.52
2026.07.16 07:00,1,0.00008219,-1.830,0.000,-1.335,0,0.601,0.00323,1.00,35.83,10,38,28,0,BAR_TICK,0.00,4078.54,4073.81
2026.07.16 08:00,1,0.00004819,-0.521,0.000,-1.157,0,0.546,0.00303,0.65,35.83,11,37,28,0,BAR_TICK,0.00,4078.54,4075.16
2026.07.16 09:00,1,-0.00001564,-1.066,0.000,-1.523,0,0.528,0.00278,0.91,35.83,12,36,28,0,BAR_TICK,0.00,4078.54,4073.44
2026.07.16 10:00,1,-0.00005278,-0.677,0.000,-1.500,0,0.481,0.00273,0.93,35.83,13,35,28,0,BAR_TICK,0.00,4078.54,4073.24
2026.07.16 11:00,1,-0.00007799,-0.500,0.000,-1.300,0,0.532,0.00242,0.90,35.83,14,34,28,0,BAR_TICK,0.00,4078.54,4072.83
2026.07.16 12:00,1,-0.00010052,-0.482,0.000,-1.082,0,0.551,0.00219,1.20,35.83,15,33,28,0,BAR_TICK,0.00,4078.54,4072.16
2026.07.16 13:00,1,-0.00015534,-1.253,0.000,-1.636,0,0.537,0.00225,1.22,35.83,16,32,28,0,BAR_TICK,0.00,4078.54,4069.75
2026.07.16 14:00,1,-0.00020455,-1.191,0.000,-2.127,0,0.535,0.00227,0.89,35.83,17,31,28,0,BAR_TICK,0.00,4078.54,4068.32
2026.07.16 15:00,1,-0.00022825,-0.602,0.000,-2.029,0,0.499,0.00234,0.92,35.83,18,30,28,0,BAR_TICK,0.00,4078.54,4068.13
2026.07.16 16:00,1,-0.00019821,0.795,0.095,-0.534,0,0.513,0.00246,1.37,35.83,19,29,28,0,BAR_TICK,0.00,4078.54,4070.16
2026.07.16 17:00,1,-0.00015947,1.060,0.455,0.000,0,0.497,0.00256,1.31,35.83,20,28,28,0,BAR_TICK,0.00,4078.54,4071.06
2026.07.16 18:00,1,-0.00019226,-0.923,0.000,-0.223,0,0.518,0.00275,1.74,35.83,21,27,28,0,BAR_TICK,0.00,4078.54,4067.15
2026.07.16 19:00,1,-0.00018417,0.233,0.000,0.000,0,0.543,0.00271,0.70,35.83,22,26,28,0,BAR_TICK,0.00,4078.54,4068.48
2026.07.16 20:00,1,-0.00017920,0.146,0.000,0.000,0,0.572,0.00262,0.47,35.83,23,25,28,0,BAR_TICK,0.00,4078.54,4068.07
2026.07.16 21:00,1,-0.00016715,0.359,0.000,0.000,0,0.597,0.00249,0.56,35.83,24,24,28,0,BAR_TICK,0.00,4078.54,4068.27
2026.07.16 22:00,1,-0.00017432,-0.216,0.000,0.000,0,0.564,0.00246,0.67,35.83,25,23,28,0,BAR_TICK,0.00,4078.54,4066.90
2026.07.16 23:00,1,-0.00016097,0.407,0.000,0.000,0,0.555,0.00237,0.52,35.83,26,22,28,0,BAR_TICK,0.00,4078.54,4067.74
2026.07.17 01:00,1,-0.00015140,0.294,0.000,0.000,0,0.586,0.00226,0.44,35.85,27,21,28,0,BAR_TICK,0.00,4078.54,4068.57
2026.07.17 02:00,1,-0.00012980,0.670,0.000,0.000,0,0.597,0.00223,0.81,35.85,28,20,28,0,BAR_TICK,0.00,4078.54,4068.22
2026.07.17 03:00,1,-0.00011118,0.581,0.000,0.000,0,0.579,0.00210,0.41,35.85,29,19,28,0,BAR_TICK,0.00,4078.54,4068.32
2026.07.17 04:00,1,-0.00012245,-0.353,0.000,0.000,0,0.550,0.00207,1.07,35.85,30,18,28,0,BAR_TICK,0.00,4078.54,4066.48
2026.07.17 05:00,1,-0.00010377,0.588,0.000,0.000,0,0.546,0.00214,1.41,35.85,31,17,28,0,BAR_TICK,0.00,4078.54,4068.00
2026.07.17 06:00,1,-0.00008367,0.634,0.000,0.000,0,0.587,0.00210,0.80,35.85,32,16,28,0,BAR_TICK,0.00,4078.54,4068.37
2026.07.17 07:00,1,-0.00008909,-0.171,0.000,0.000,0,0.579,0.00203,1.16,35.85,33,15,28,0,BAR_TICK,0.00,4078.54,4066.93
2026.07.17 08:00,1,-0.00007391,0.481,0.000,0.000,0,0.585,0.00192,0.94,35.85,34,14,28,0,BAR_TICK,0.00,4078.54,4068.10
2026.07.17 09:00,1,-0.00005691,0.539,0.000,0.000,0,0.575,0.00168,0.86,35.85,35,13,28,0,BAR_TICK,0.00,4078.54,4068.45
2026.07.17 10:00,1,-0.00004944,0.237,0.000,0.000,0,0.567,0.00169,1.17,35.85,36,12,28,0,MAX_ADVERSE_STOP,-10.44,4068.10,4068.10
2026.07.17 11:00,0,-0.00008763,-1.215,0.000,-0.515,0,0.580,0.00186,1.94,35.85,0,47,0,0,IDLE_WAIT_TREND,0.00,4068.10,4068.10
2026.07.17 12:00,0,-0.00007602,0.370,0.000,0.000,0,0.600,0.00199,1.61,35.85,0,46,0,0,IDLE_WAIT_TREND,0.00,4068.10,4068.10
2026.07.17 13:00,0,-0.00007773,-0.054,0.000,0.000,0,0.625,0.00210,1.51,35.85,0,45,0,0,IDLE_WAIT_TREND,0.00,4068.10,4068.10
2026.07.17 14:00,0,-0.00010946,-1.012,0.000,-0.312,0,0.593,0.00225,1.49,35.85,0,44,0,0,IDLE_WAIT_TREND,0.00,4068.10,4068.10
2026.07.17 15:00,0,-0.00010126,0.262,0.000,0.000,0,0.575,0.00237,1.13,35.85,0,43,0,0,IDLE_WAIT_TREND,0.00,4068.10,4068.10
2026.07.17 16:00,0,-0.00008484,0.524,0.000,0.000,0,0.603,0.00241,0.97,35.85,0,42,0,0,IDLE_WAIT_TREND,0.00,4068.10,4068.10
2026.07.17 17:00,0,-0.00007930,0.177,0.000,0.000,0,0.614,0.00248,0.76,35.85,0,41,0,0,IDLE_WAIT_TREND,0.00,4068.10,4068.10
2026.07.17 18:00,0,-0.00012190,-1.361,0.000,-0.661,0,0.621,0.00267,1.83,35.85,0,40,0,0,IDLE_WAIT_TREND,0.00,4068.10,4068.10
2026.07.17 19:00,0,-0.00016632,-1.419,0.000,-1.380,0,0.603,0.00264,0.99,35.85,0,39,0,0,IDLE_WAIT_TREND,0.00,4068.10,4068.10
2026.07.17 20:00,0,-0.00015185,0.462,0.000,-0.218,0,0.658,0.00272,1.02,35.85,0,38,0,0,IDLE_WAIT_TREND,0.00,4068.10,4068.10
2026.07.17 21:00,0,-0.00013532,0.529,0.000,0.000,0,0.662,0.00263,0.39,35.85,0,37,0,0,IDLE_WAIT_TREND,0.00,4068.10,4068.10
2026.07.17 22:00,0,-0.00011444,0.667,0.000,0.000,0,0.653,0.00261,0.62,35.85,0,36,0,0,IDLE_WAIT_TREND,0.00,4068.10,4068.10
2026.07.17 23:00,0,-0.00009328,0.676,0.000,0.000,0,0.670,0.00258,0.40,35.85,0,35,0,0,IDLE_WAIT_TREND,0.00,4068.10,4068.10
2026.07.20 01:00,0,-0.00009505,-0.057,0.000,0.000,0,0.666,0.00261,0.88,37.72,0,34,0,0,IDLE_WAIT_TREND,0.00,4068.10,4068.10
2026.07.20 02:00,0,-0.00004923,1.465,0.765,0.000,0,0.632,0.00261,0.80,37.72,0,33,0,0,IDLE_WAIT_TREND,0.00,4068.10,4068.10
2026.07.20 03:00,0,-0.00005364,-0.141,0.000,0.000,0,0.656,0.00259,1.09,37.72,0,32,0,0,IDLE_WAIT_TREND,0.00,4068.10,4068.10
2026.07.20 04:00,0,-0.00005250,0.037,0.000,0.000,0,0.636,0.00252,0.86,37.72,0,31,0,0,IDLE_WAIT_TREND,0.00,4068.10,4068.10
2026.07.20 05:00,0,-0.00005597,-0.111,0.000,0.000,0,0.651,0.00240,0.71,37.72,0,30,0,0,IDLE_WAIT_TREND,0.00,4068.10,4068.10
2026.07.20 06:00,0,-0.00009794,-1.342,0.000,-0.642,0,0.617,0.00247,1.48,37.72,0,29,0,0,IDLE_WAIT_TREND,0.00,4068.10,4068.10
2026.07.20 07:00,0,-0.00014094,-1.375,0.000,-1.317,0,0.639,0.00245,0.81,37.72,0,28,0,0,IDLE_WAIT_TREND,0.00,4068.10,4068.10
2026.07.20 08:00,0,-0.00015166,-0.343,0.000,-0.960,0,0.571,0.00239,0.46,37.72,0,27,0,0,IDLE_WAIT_TREND,0.00,4068.10,4068.10
2026.07.20 09:00,0,-0.00011746,1.094,0.394,0.000,0,0.556,0.00227,1.43,37.72,0,26,0,0,IDLE_WAIT_TREND,0.00,4068.10,4068.10
2026.07.20 10:00,0,-0.00008857,0.924,0.618,0.000,0,0.549,0.00218,0.61,37.72,0,25,0,0,IDLE_WAIT_TREND,0.00,4068.10,4068.10
2026.07.20 11:00,0,-0.00007984,0.279,0.197,0.000,0,0.508,0.00225,1.70,37.72,0,24,0,0,IDLE_WAIT_TREND,0.00,4068.10,4068.10
2026.07.20 12:00,0,-0.00006991,0.318,0.000,0.000,0,0.555,0.00227,0.58,37.72,0,23,0,0,IDLE_WAIT_TREND,0.00,4068.10,4068.10
2026.07.20 13:00,0,-0.00005025,0.629,0.000,0.000,0,0.578,0.00234,1.11,37.72,0,22,0,0,IDLE_WAIT_TREND,0.00,4068.10,4068.10
2026.07.20 14:00,0,-0.00004372,0.209,0.000,0.000,0,0.563,0.00242,0.86,37.72,0,21,0,0,IDLE_WAIT_TREND,0.00,4068.10,4068.10
2026.07.20 15:00,0,-0.00006987,-0.836,0.000,-0.136,0,0.536,0.00250,1.38,37.72,0,20,0,0,IDLE_WAIT_TREND,0.00,4068.10,4068.10
2026.07.20 16:00,0,-0.00008581,-0.510,0.000,0.000,0,0.515,0.00235,0.66,37.72,0,19,0,0,IDLE_WAIT_TREND,0.00,4068.10,4068.10
2026.07.20 17:00,0,-0.00007860,0.230,0.000,0.000,0,0.515,0.00226,0.73,37.72,0,18,0,0,IDLE_WAIT_TREND,0.00,4068.10,4068.10
2026.07.20 18:00,0,-0.00007424,0.140,0.000,0.000,0,0.532,0.00230,1.14,37.72,0,17,0,0,IDLE_WAIT_TREND,0.00,4068.10,4068.10
2026.07.20 19:00,0,-0.00012643,-1.669,0.000,-0.969,0,0.522,0.00250,1.84,37.72,0,16,0,0,IDLE_WAIT_TREND,0.00,4068.10,4068.10
2026.07.20 20:00,0,-0.00014539,-0.607,0.000,-0.876,0,0.518,0.00236,0.74,37.72,0,15,0,0,IDLE_WAIT_TREND,0.00,4068.10,4068.10
2026.07.20 21:00,0,-0.00012596,0.622,0.000,0.000,0,0.472,0.00240,1.03,37.72,0,14,0,0,IDLE_WAIT_TREND,0.00,4068.10,4068.10
2026.07.20 22:00,0,-0.00008759,1.227,0.527,0.000,0,0.507,0.00248,0.91,37.72,0,13,0,0,IDLE_WAIT_TREND,0.00,4068.10,4068.10
2026.07.20 23:00,0,-0.00005435,1.063,0.891,0.000,0,0.531,0.00234,0.54,37.72,0,12,0,0,IDLE_WAIT_TREND,0.00,4068.10,4068.10
2026.07.21 00:00,0,-0.00003140,0.734,0.924,0.000,0,0.514,0.00233,0.49,40.31,0,11,0,0,IDLE_WAIT_TREND,0.00,4068.10,4068.10
2026.07.21 01:00,0,-0.00001681,0.467,0.691,0.000,0,0.540,0.00205,0.00,40.31,0,10,0,0,IDLE_WAIT_TREND,0.00,4068.10,4068.10
2026.07.21 02:00,0,-0.00004901,-1.030,0.000,-0.330,0,0.534,0.00231,2.12,40.31,0,9,0,0,IDLE_WAIT_TREND,0.00,4068.10,4068.10
2026.07.21 03:00,0,-0.00009579,-1.496,0.000,-1.126,0,0.527,0.00232,1.18,40.31,0,8,0,0,IDLE_WAIT_TREND,0.00,4068.10,4068.10
2026.07.21 04:00,0,-0.00016516,-2.219,0.000,-2.645,0,0.521,0.00252,1.94,40.31,0,7,0,0,IDLE_WAIT_TREND,0.00,4068.10,4068.10
2026.07.21 05:00,0,-0.00022388,-1.878,0.000,-3.823,0,0.519,0.00246,1.08,40.31,0,6,0,0,IDLE_WAIT_TREND,0.00,4068.10,4068.10
2026.07.21 06:00,0,-0.00025094,-0.865,0.000,-3.989,0,0.532,0.00261,1.36,40.31,0,5,0,0,IDLE_WAIT_TREND,0.00,4068.10,4068.10
2026.07.21 07:00,0,-0.00024749,0.110,0.000,-3.178,0,0.509,0.00265,0.88,40.31,0,4,0,0,IDLE_WAIT_TREND,0.00,4068.10,4068.10
2026.07.21 08:00,0,-0.00022839,0.611,0.000,-1.867,0,0.505,0.00259,0.67,40.31,0,3,0,0,IDLE_WAIT_TREND,0.00,4068.10,4068.10
2026.07.21 09:00,0,-0.00019512,1.064,0.364,-0.103,0,0.520,0.00238,0.68,40.31,0,2,0,0,IDLE_WAIT_TREND,0.00,4068.10,4068.10
2026.07.21 10:00,0,-0.00015325,1.339,1.003,0.000,0,0.513,0.00255,1.65,40.31,0,1,0,0,IDLE_WAIT_TREND,0.00,4068.10,4068.10
2026.07.21 11:00,0,-0.00012666,0.850,1.154,0.000,0,0.539,0.00251,0.73,40.31,0,0,0,0,IDLE_WAIT_TREND,0.00,4068.10,4068.10
2026.07.21 12:00,0,-0.00013058,-0.125,0.328,0.000,0,0.512,0.00254,1.04,40.31,0,0,0,0,IDLE_WAIT_TREND,0.00,4068.10,4068.10
2026.07.21 13:00,0,-0.00014555,-0.479,0.000,0.000,0,0.532,0.00259,0.76,40.31,0,0,0,0,IDLE_WAIT_TREND,0.00,4068.10,4068.10
2026.07.21 14:00,0,-0.00013734,0.263,0.000,0.000,0,0.542,0.00261,0.58,40.31,0,0,0,0,IDLE_WAIT_TREND,0.00,4068.10,4068.10
2026.07.21 15:00,0,-0.00012574,0.371,0.000,0.000,0,0.539,0.00274,0.67,40.31,0,0,0,0,IDLE_WAIT_TREND,0.00,4068.10,4068.10
2026.07.21 16:00,0,-0.00010394,0.698,0.000,0.000,0,0.554,0.00254,0.78,40.31,0,0,0,0,IDLE_WAIT_TREND,0.00,4068.10,4068.10
2026.07.21 17:00,0,-0.00003295,2.271,1.571,0.000,0,0.533,0.00265,1.64,40.31,0,0,0,0,IDLE_WAIT_TREND,0.00,4068.10,4068.10
2026.07.21 18:00,0,-0.00001315,0.633,1.504,0.000,0,0.519,0.00256,1.39,40.31,0,0,0,0,IDLE_WAIT_TREND,0.00,4068.10,4068.10
2026.07.21 19:00,0,-0.00001934,-0.198,0.606,0.000,0,0.550,0.00251,0.83,40.31,0,0,0,0,IDLE_WAIT_TREND,0.00,4068.10,4068.10
2026.07.21 20:00,0,-0.00001464,0.150,0.056,0.000,0,0.540,0.00239,0.75,40.31,0,0,0,0,IDLE_WAIT_TREND,0.00,4068.10,4068.10
2026.07.21 21:00,0,-0.00000127,0.428,0.000,0.000,0,0.543,0.00233,0.64,40.31,0,0,0,0,IDLE_WAIT_TREND,0.00,4068.10,4068.10
2026.07.21 22:00,0,0.00000713,0.269,0.000,0.000,0,0.538,0.00226,0.36,40.31,0,0,0,0,IDLE_WAIT_TREND,0.00,4068.10,4068.10
2026.07.21 23:00,0,0.00001812,0.352,0.000,0.000,0,0.576,0.00225,0.66,40.31,0,0,0,0,IDLE_WAIT_TREND,0.00,4068.10,4068.10
2026.07.22 00:26,0,0.00002530,0.230,0.000,0.000,0,0.505,0.00208,0.82,43.42,0,0,0,0,IDLE_WAIT_TREND,0.00,4068.10,4068.10
2026.07.22 01:00,0,0.00002743,0.068,0.000,0.000,0,0.564,0.00198,0.27,43.42,0,0,0,0,IDLE_WAIT_TREND,0.00,4068.10,4068.10
2026.07.22 02:00,0,0.00004236,0.478,0.000,0.000,0,0.531,0.00188,0.66,43.42,0,0,0,0,IDLE_WAIT_TREND,0.00,4068.10,4068.10
2026.07.22 03:00,0,0.00005435,0.384,0.000,0.000,0,0.418,0.00182,0.63,43.42,0,0,0,0,IDLE_WAIT_TREND,0.00,4068.10,4068.10
2026.07.22 04:00,0,0.00003766,-0.534,0.000,0.000,0,0.502,0.00192,1.51,43.42,0,0,0,0,IDLE_WAIT_TREND,0.00,4068.10,4068.10
2026.07.22 05:00,0,0.00003250,-0.165,0.000,0.000,0,0.507,0.00196,1.22,43.42,0,0,0,0,IDLE_WAIT_TREND,0.00,4068.10,4068.10
2026.07.22 06:00,0,0.00004831,0.506,0.000,0.000,0,0.480,0.00196,0.95,43.42,0,0,0,0,IDLE_WAIT_TREND,0.00,4068.10,4068.10
2026.07.22 07:00,0,0.00005101,0.086,0.000,0.000,0,0.494,0.00176,0.91,43.42,0,0,0,0,IDLE_WAIT_TREND,0.00,4068.10,4068.10
2026.07.22 08:00,0,0.00005841,0.236,0.000,0.000,0,0.480,0.00161,0.91,43.42,0,0,0,0,IDLE_WAIT_TREND,0.00,4068.10,4068.10
2026.07.22 09:00,0,0.00006282,0.141,0.000,0.000,0,0.458,0.00161,1.28,43.42,0,0,0,0,IDLE_WAIT_TREND,0.00,4068.10,4068.10
2026.07.22 10:00,0,0.00009122,0.909,0.209,0.000,0,0.449,0.00170,1.82,43.42,0,0,0,0,IDLE_WAIT_TREND,0.00,4068.10,4068.10
2026.07.22 11:00,0,0.00011704,0.826,0.334,0.000,0,0.458,0.00180,1.60,43.42,0,0,0,0,IDLE_WAIT_TREND,0.00,4068.10,4068.10
2026.07.22 12:00,0,0.00011188,-0.165,0.000,0.000,0,0.429,0.00193,1.32,43.42,0,0,0,0,IDLE_WAIT_TREND,0.00,4068.10,4068.10
2026.07.22 13:00,0,0.00010280,-0.290,0.000,0.000,0,0.448,0.00197,1.07,43.42,0,0,0,0,IDLE_WAIT_TREND,0.00,4068.10,4068.10
2026.07.22 14:00,0,0.00008356,-0.615,0.000,0.000,0,0.445,0.00203,1.28,43.42,0,0,0,0,IDLE_WAIT_TREND,0.00,4068.10,4068.10
2026.07.22 15:00,0,0.00006926,-0.458,0.000,0.000,0,0.435,0.00213,0.90,43.42,0,0,0,0,IDLE_WAIT_TREND,0.00,4068.10,4068.10
2026.07.22 16:00,0,0.00006188,-0.236,0.000,0.000,0,0.438,0.00215,0.71,43.42,0,0,0,0,IDLE_WAIT_TREND,0.00,4068.10,4068.10
2026.07.22 17:00,0,0.00008973,0.891,0.191,0.000,0,0.446,0.00230,1.40,43.42,0,0,0,0,IDLE_WAIT_TREND,0.00,4068.10,4068.10
2026.07.22 18:00,0,0.00008543,-0.138,0.000,0.000,0,0.478,0.00225,0.99,43.42,0,0,0,0,IDLE_WAIT_TREND,0.00,4068.10,4068.10
2026.07.22 19:00,0,0.00006085,-0.786,0.000,-0.086,0,0.491,0.00222,0.86,43.42,0,0,0,0,IDLE_WAIT_TREND,0.00,4068.10,4068.10
2026.07.22 20:00,0,0.00005576,-0.163,0.000,0.000,0,0.455,0.00218,0.62,43.42,0,0,0,0,IDLE_WAIT_TREND,0.00,4068.10,4068.10
2026.07.22 21:00,0,0.00006065,0.157,0.000,0.000,0,0.456,0.00216,0.62,43.42,0,0,0,0,IDLE_WAIT_TREND,0.00,4068.10,4068.10
2026.07.22 22:00,0,0.00007143,0.345,0.000,0.000,0,0.446,0.00214,0.50,43.42,0,0,0,0,IDLE_WAIT_TREND,0.00,4068.10,4068.10
2026.07.22 23:00,0,0.00007091,-0.017,0.000,0.000,0,0.467,0.00207,0.54,43.42,0,0,0,0,IDLE_WAIT_TREND,0.00,4068.10,4068.10
2026.07.23 01:00,0,0.00004462,-0.841,0.000,-0.141,0,0.467,0.00197,0.90,45.25,0,0,0,0,IDLE_WAIT_TREND,0.00,4068.10,4068.10
2026.07.23 02:00,0,0.00005867,0.449,0.000,0.000,0,0.460,0.00201,1.38,45.25,0,0,0,0,IDLE_WAIT_TREND,0.00,4068.10,4068.10
2026.07.23 03:00,0,0.00006988,0.359,0.000,0.000,0,0.449,0.00187,0.33,45.25,0,0,0,0,IDLE_WAIT_TREND,0.00,4068.10,4068.10
2026.07.23 04:00,0,0.00006828,-0.051,0.000,0.000,0,0.483,0.00185,1.01,45.25,0,0,0,0,IDLE_WAIT_TREND,0.00,4068.10,4068.10
2026.07.23 05:00,0,0.00005955,-0.279,0.000,0.000,0,0.482,0.00179,0.99,45.25,0,0,0,0,IDLE_WAIT_TREND,0.00,4068.10,4068.10
2026.07.23 06:00,0,0.00007689,0.555,0.000,0.000,0,0.489,0.00187,1.60,45.25,0,0,0,0,IDLE_WAIT_TREND,0.00,4068.10,4068.10
2026.07.23 07:00,0,0.00007627,-0.020,0.000,0.000,0,0.467,0.00192,1.16,45.25,0,0,0,0,IDLE_WAIT_TREND,0.00,4068.10,4068.10
2026.07.23 08:00,0,0.00007414,-0.068,0.000,0.000,0,0.541,0.00176,0.55,45.25,0,0,0,0,IDLE_WAIT_TREND,0.00,4068.10,4068.10
2026.07.23 09:00,0,0.00005557,-0.594,0.000,0.000,0,0.511,0.00172,1.00,45.25,0,0,0,0,IDLE_WAIT_TREND,0.00,4068.10,4068.10
2026.07.23 10:00,0,0.00005400,-0.050,0.000,0.000,0,0.498,0.00174,1.23,45.25,0,0,0,0,IDLE_WAIT_TREND,0.00,4068.10,4068.10
2026.07.23 11:00,0,0.00009948,1.455,0.755,0.000,0,0.532,0.00203,2.67,45.25,0,0,0,0,IDLE_WAIT_TREND,0.00,4068.10,4068.10
2026.07.23 12:00,0,0.00015437,1.756,1.810,0.000,0,0.534,0.00211,1.20,45.25,0,0,0,0,IDLE_WAIT_TREND,0.00,4068.10,4068.10
2026.07.23 13:00,0,0.00018731,1.054,2.164,0.000,0,0.550,0.00221,1.07,45.25,0,0,0,0,IDLE_WAIT_TREND,0.00,4068.10,4068.10
2026.07.23 14:00,0,0.00020122,0.445,1.909,0.000,0,0.487,0.00229,1.00,45.25,0,0,0,0,IDLE_WAIT_TREND,0.00,4068.10,4068.10
2026.07.23 15:00,0,0.00021818,0.542,1.751,0.000,0,0.483,0.00228,0.74,45.25,0,0,0,0,IDLE_WAIT_TREND,0.00,4068.10,4068.10
2026.07.23 16:00,0,0.00023962,0.686,1.737,0.000,0,0.495,0.00230,1.56,45.25,0,0,0,0,IDLE_WAIT_TREND,0.00,4068.10,4068.10
2026.07.23 17:00,0,0.00023116,-0.271,0.766,0.000,0,0.425,0.00246,1.18,45.25,0,0,0,0,IDLE_WAIT_TREND,0.00,4068.10,4068.10
2026.07.23 18:00,0,0.00021127,-0.636,0.000,0.000,0,0.490,0.00247,0.78,45.25,0,0,0,0,IDLE_WAIT_TREND,0.00,4068.10,4068.10
2026.07.23 19:00,0,0.00015913,-1.668,0.000,-0.968,0,0.470,0.00258,1.29,45.25,0,0,0,0,IDLE_WAIT_TREND,0.00,4068.10,4068.10
2026.07.23 20:00,0,0.00014017,-0.606,0.000,-0.874,0,0.409,0.00252,0.86,45.25,0,0,0,0,IDLE_WAIT_TREND,0.00,4068.10,4068.10
2026.07.23 21:00,0,0.00013756,-0.083,0.000,-0.258,0,0.447,0.00249,0.71,45.25,0,0,0,0,IDLE_WAIT_TREND,0.00,4068.10,4068.10
2026.07.23 22:00,0,0.00013741,-0.005,0.000,0.000,0,0.419,0.00250,0.47,45.25,0,0,0,0,IDLE_WAIT_TREND,0.00,4068.10,4068.10
2026.07.23 23:00,0,0.00012208,-0.490,0.000,0.000,0,0.418,0.00248,0.58,45.25,0,0,0,0,IDLE_WAIT_TREND,0.00,4068.10,4068.10
2026.07.24 00:00,0,0.00009625,-0.826,0.000,-0.126,0,0.466,0.00242,0.54,42.12,0,0,0,0,IDLE_WAIT_TREND,0.00,4068.10,4068.10
2026.07.24 01:00,0,0.00008923,-0.224,0.000,0.000,0,0.451,0.00211,0.47,42.12,0,0,0,0,IDLE_WAIT_TREND,0.00,4068.10,4068.10
2026.07.24 02:00,0,0.00008311,-0.196,0.000,0.000,0,0.498,0.00199,0.48,42.12,0,0,0,0,IDLE_WAIT_TREND,0.00,4068.10,4068.10
2026.07.24 03:00,0,0.00005784,-0.808,0.000,-0.108,0,0.459,0.00194,0.86,42.12,0,0,0,0,IDLE_WAIT_TREND,0.00,4068.10,4068.10
2026.07.24 04:00,0,0.00001457,-1.384,0.000,-0.792,0,0.460,0.00196,1.27,42.12,0,0,0,0,IDLE_WAIT_TREND,0.00,4068.10,4068.10
2026.07.24 05:00,0,-0.00000996,-0.785,0.000,-0.877,0,0.388,0.00198,1.04,42.12,0,0,0,0,IDLE_WAIT_TREND,0.00,4068.10,4068.10
2026.07.24 06:00,0,-0.00001653,-0.210,0.000,-0.387,0,0.479,0.00184,0.88,42.12,0,0,0,0,IDLE_WAIT_TREND,0.00,4068.10,4068.10
2026.07.24 07:00,0,-0.00002401,-0.239,0.000,0.000,0,0.427,0.00172,0.65,42.12,0,0,0,0,IDLE_WAIT_TREND,0.00,4068.10,4068.10
2026.07.24 08:00,0,-0.00001733,0.214,0.000,0.000,0,0.497,0.00172,1.16,42.12,0,0,0,0,IDLE_WAIT_TREND,0.00,4068.10,4068.10
2026.07.24 09:00,0,-0.00001927,-0.062,0.000,0.000,0,0.499,0.00158,0.84,42.12,0,0,0,0,IDLE_WAIT_TREND,0.00,4068.10,4068.10
2026.07.24 10:00,0,-0.00002720,-0.254,0.000,0.000,0,0.463,0.00152,0.88,42.12,0,0,0,0,IDLE_WAIT_TREND,0.00,4068.10,4068.10
2026.07.24 11:00,0,-0.00003404,-0.219,0.000,0.000,0,0.501,0.00150,1.02,42.12,0,0,0,0,IDLE_WAIT_TREND,0.00,4068.10,4068.10
2026.07.24 12:00,0,-0.00005587,-0.698,0.000,0.000,0,0.538,0.00157,1.35,42.12,0,0,0,0,IDLE_WAIT_TREND,0.00,4068.10,4068.10
2026.07.24 13:00,0,-0.00007939,-0.752,0.000,-0.052,0,0.525,0.00162,1.33,42.12,0,0,0,0,IDLE_WAIT_TREND,0.00,4068.10,4068.10
2026.07.24 14:00,0,-0.00008103,-0.052,0.000,0.000,0,0.524,0.00167,1.21,42.12,0,0,0,0,IDLE_WAIT_TREND,0.00,4068.10,4068.10
2026.07.24 15:00,0,-0.00008485,-0.122,0.000,0.000,0,0.520,0.00169,0.79,42.12,0,0,0,0,IDLE_WAIT_TREND,0.00,4068.10,4068.10
2026.07.24 16:00,0,-0.00006997,0.476,0.000,0.000,0,0.516,0.00175,1.01,42.12,0,0,0,0,IDLE_WAIT_TREND,0.00,4068.10,4068.10
2026.07.24 17:00,0,-0.00003967,0.969,0.269,0.000,0,0.499,0.00181,1.37,42.12,0,0,0,0,IDLE_WAIT_TREND,0.00,4068.10,4068.10
2026.07.24 18:00,0,-0.00007076,-0.994,0.000,-0.294,0,0.519,0.00190,2.02,42.12,0,0,0,0,IDLE_WAIT_TREND,0.00,4068.10,4068.10
2026.07.24 19:00,0,-0.00009466,-0.765,0.000,-0.359,0,0.527,0.00188,0.93,42.12,0,0,0,0,IDLE_WAIT_TREND,0.00,4068.10,4068.10
2026.07.24 20:00,0,-0.00010956,-0.476,0.000,-0.135,0,0.534,0.00184,0.58,42.12,0,0,0,0,IDLE_WAIT_TREND,0.00,4068.10,4068.10
2026.07.24 21:00,0,-0.00009777,0.377,0.000,0.000,0,0.530,0.00187,0.80,42.12,0,0,0,0,IDLE_WAIT_TREND,0.00,4068.10,4068.10
2026.07.24 22:00,0,-0.00008334,0.462,0.000,0.000,0,0.536,0.00180,0.54,42.12,0,0,0,0,IDLE_WAIT_TREND,0.00,4068.10,4068.10
2026.07.24 23:00,0,-0.00007612,0.231,0.000,0.000,0,0.560,0.00178,0.58,42.12,0,0,0,0,IDLE_WAIT_TREND,0.00,4068.10,4068.10
2026.07.27 01:00,0,-0.00006472,0.365,0.000,0.000,0,0.646,0.00181,1.01,39.41,0,0,0,0,IDLE_WAIT_TREND,0.00,4068.10,4068.10
2026.07.27 02:00,0,-0.00004546,0.616,0.000,0.000,0,0.593,0.00207,2.45,39.41,0,0,0,0,IDLE_WAIT_TREND,0.00,4068.10,4068.10
2026.07.27 03:00,0,-0.00002554,0.637,0.000,0.000,0,0.590,0.00202,0.69,39.41,0,0,0,0,IDLE_WAIT_TREND,0.00,4068.10,4068.10
2026.07.27 04:00,0,-0.00003524,-0.310,0.000,0.000,0,0.606,0.00207,1.38,39.41,0,0,0,0,IDLE_WAIT_TREND,0.00,4068.10,4068.10
2026.07.27 05:00,0,-0.00003078,0.143,0.000,0.000,0,0.617,0.00208,1.06,39.41,0,0,0,0,IDLE_WAIT_TREND,0.00,4068.10,4068.10
2026.07.27 06:00,0,0.00001368,1.422,0.722,0.000,0,0.644,0.00221,1.44,39.41,0,0,0,0,IDLE_WAIT_TREND,0.00,4068.10,4068.10
2026.07.27 07:00,0,0.00003621,0.721,0.743,0.000,0,0.611,0.00226,1.06,39.41,0,0,0,0,IDLE_WAIT_TREND,0.00,4068.10,4068.10
2026.07.27 08:00,0,0.00002808,-0.260,0.000,0.000,0,0.578,0.00221,0.84,39.41,0,0,0,0,IDLE_WAIT_TREND,0.00,4068.10,4068.10
2026.07.27 09:00,0,0.00000736,-0.663,0.000,0.000,0,0.580,0.00207,0.91,39.41,0,0,0,0,IDLE_WAIT_TREND,0.00,4068.10,4068.10
2026.07.27 10:00,0,-0.00002810,-1.134,0.000,-0.434,0,0.549,0.00213,1.21,39.41,0,0,0,0,IDLE_WAIT_TREND,0.00,4068.10,4068.10
2026.07.27 11:00,0,-0.00006242,-1.098,0.000,-0.832,0,0.551,0.00225,1.23,39.41,0,0,0,0,IDLE_WAIT_TREND,0.00,4068.10,4068.10
2026.07.27 12:00,0,-0.00007294,-0.336,0.000,-0.469,0,0.548,0.00228,0.85,39.41,0,0,0,0,IDLE_WAIT_TREND,0.00,4068.10,4068.10
2026.07.27 13:00,0,-0.00007947,-0.209,0.000,0.000,0,0.520,0.00231,0.60,39.41,0,0,0,0,IDLE_WAIT_TREND,0.00,4068.10,4068.10
2026.07.27 14:00,0,-0.00010206,-0.723,0.000,-0.023,0,0.581,0.00243,1.07,39.41,0,0,0,0,IDLE_WAIT_TREND,0.00,4068.10,4068.10
2026.07.27 15:00,0,-0.00009208,0.319,0.000,0.000,0,0.506,0.00247,0.99,39.41,0,0,0,0,IDLE_WAIT_TREND,0.00,4068.10,4068.10
2026.07.27 16:00,0,-0.00007948,0.403,0.000,0.000,0,0.542,0.00223,0.77,39.41,0,0,0,0,IDLE_WAIT_TREND,0.00,4068.10,4068.10
2026.07.27 17:00,0,-0.00007252,0.223,0.000,0.000,0,0.531,0.00223,0.62,39.41,0,0,0,0,IDLE_WAIT_TREND,0.00,4068.10,4068.10
2026.07.27 18:00,0,-0.00005164,0.668,0.000,0.000,0,0.532,0.00229,1.64,39.41,0,0,0,0,IDLE_WAIT_TREND,0.00,4068.10,4068.10
2026.07.27 19:00,0,-0.00002148,0.964,0.264,0.000,0,0.574,0.00230,1.02,39.41,0,0,0,0,IDLE_WAIT_TREND,0.00,4068.10,4068.10
2026.07.27 20:00,0,-0.00001567,0.186,0.000,0.000,0,0.541,0.00219,0.71,39.41,0,0,0,0,IDLE_WAIT_TREND,0.00,4068.10,4068.10
2026.07.27 21:00,0,-0.00000482,0.347,0.000,0.000,0,0.561,0.00213,0.74,39.41,0,0,0,0,IDLE_WAIT_TREND,0.00,4068.10,4068.10
2026.07.27 22:00,0,-0.00000104,0.121,0.000,0.000,0,0.528,0.00208,0.53,39.41,0,0,0,0,IDLE_WAIT_TREND,0.00,4068.10,4068.10
2026.07.27 23:00,0,-0.00000415,-0.100,0.000,0.000,0,0.555,0.00202,0.52,39.41,0,0,0,0,IDLE_WAIT_TREND,0.00,4068.10,4068.10
2026.07.28 00:00,0,0.00000051,0.149,0.000,0.000,0,0.460,0.00190,0.53,37.98,0,0,0,0,IDLE_WAIT_TREND,0.00,4068.10,4068.10
2026.07.28 01:00,0,-0.00000004,-0.017,0.000,0.000,0,0.508,0.00172,0.15,37.98,0,0,0,0,IDLE_WAIT_TREND,0.00,4068.10,4068.10
2026.07.28 02:00,0,0.00001746,0.560,0.000,0.000,0,0.563,0.00171,0.99,37.98,0,0,0,0,IDLE_WAIT_TREND,0.00,4068.10,4068.10
2026.07.28 03:00,0,0.00004432,0.859,0.159,0.000,0,0.511,0.00172,0.91,37.98,0,0,0,0,IDLE_WAIT_TREND,0.00,4068.10,4068.10
2026.07.28 04:00,0,0.00004549,0.037,0.000,0.000,0,0.488,0.00167,1.09,37.98,0,0,0,0,IDLE_WAIT_TREND,0.00,4068.10,4068.10
2026.07.28 05:00,0,0.00007146,0.831,0.131,0.000,0,0.519,0.00170,1.74,37.98,0,0,0,0,IDLE_WAIT_TREND,0.00,4068.10,4068.10
2026.07.28 06:00,0,0.00007707,0.179,0.000,0.000,0,0.511,0.00171,1.04,37.98,0,0,0,0,IDLE_WAIT_TREND,0.00,4068.10,4068.10
2026.07.28 07:00,0,0.00008272,0.181,0.000,0.000,0,0.514,0.00178,1.33,37.98,0,0,0,0,IDLE_WAIT_TREND,0.00,4068.10,4068.10
2026.07.28 08:00,0,0.00010059,0.572,0.000,0.000,0,0.491,0.00162,1.00,37.98,0,0,0,0,IDLE_WAIT_TREND,0.00,4068.10,4068.10
2026.07.28 09:00,0,0.00009648,-0.131,0.000,0.000,0,0.501,0.00160,1.24,37.98,0,0,0,0,IDLE_WAIT_TREND,0.00,4068.10,4068.10
2026.07.28 10:00,0,0.00009146,-0.160,0.000,0.000,0,0.507,0.00170,1.74,37.98,0,0,0,0,IDLE_WAIT_TREND,0.00,4068.10,4068.10
2026.07.28 11:00,0,0.00006588,-0.818,0.000,-0.118,0,0.514,0.00175,1.36,37.98,0,0,0,0,IDLE_WAIT_TREND,0.00,4068.10,4068.10
2026.07.28 12:00,0,0.00006417,-0.055,0.000,0.000,0,0.525,0.00184,1.22,37.98,0,0,0,0,IDLE_WAIT_TREND,0.00,4068.10,4068.10
2026.07.28 13:00,0,0.00004675,-0.557,0.000,0.000,0,0.506,0.00188,0.89,37.98,0,0,0,0,IDLE_WAIT_TREND,0.00,4068.10,4068.10
2026.07.28 14:00,0,0.00002610,-0.661,0.000,0.000,0,0.514,0.00190,0.64,37.98,0,0,0,0,IDLE_WAIT_TREND,0.00,4068.10,4068.10
2026.07.28 15:00,0,-0.00000337,-0.943,0.000,-0.243,0,0.506,0.00203,1.09,37.98,0,0,0,0,IDLE_WAIT_TREND,0.00,4068.10,4068.10
2026.07.28 16:00,0,0.00000969,0.418,0.000,0.000,0,0.535,0.00208,1.13,37.98,0,0,0,0,IDLE_WAIT_TREND,0.00,4068.10,4068.10
2026.07.28 17:00,0,0.00000447,-0.167,0.000,0.000,0,0.579,0.00209,0.85,37.98,0,0,0,0,IDLE_WAIT_TREND,0.00,4068.10,4068.10
2026.07.28 18:00,0,-0.00003086,-1.130,0.000,-0.430,0,0.550,0.00224,1.70,37.98,0,0,0,0,IDLE_WAIT_TREND,0.00,4068.10,4068.10
2026.07.28 19:00,0,-0.00011119,-2.569,0.000,-2.299,0,0.538,0.00237,2.06,37.98,0,0,0,0,IDLE_WAIT_TREND,0.00,4068.10,4068.10
2026.07.28 20:00,0,-0.00016077,-1.586,0.000,-3.185,0,0.530,0.00237,0.74,37.98,0,0,0,0,IDLE_WAIT_TREND,0.00,4068.10,4068.10
2026.07.28 21:00,0,-0.00017400,-0.423,0.000,-2.908,0,0.527,0.00234,0.80,37.98,0,0,0,0,IDLE_WAIT_TREND,0.00,4068.10,4068.10
2026.07.28 22:00,0,-0.00018968,-0.501,0.000,-2.710,0,0.553,0.00231,0.52,37.98,0,0,0,0,IDLE_WAIT_TREND,0.00,4068.10,4068.10
2026.07.28 23:00,0,-0.00018344,0.200,0.000,-1.810,0,0.582,0.00230,0.80,37.98,0,0,0,0,IDLE_WAIT_TREND,0.00,4068.10,4068.10
