Time;Open;High;Low;Close;TickVolume;RealVolume;Spread;AskClose
2026.01.02 01:00:00;0.914620;0.916210;0.914490;0.916010;1305;0;10;0.916110
2026.01.02 02:00:00;0.916000;0.916830;0.915790;0.916660;2042;0;6;0.916720
2026.01.02 03:00:00;0.916660;0.917540;0.916600;0.917370;3128;0;9;0.917460
2026.01.02 04:00:00;0.917370;0.917760;0.917030;0.917670;2508;0;9;0.917760
2026.01.02 05:00:00;0.917690;0.918510;0.917690;0.918180;2419;0;9;0.918270
2026.01.02 06:00:00;0.918180;0.918850;0.918050;0.918540;2121;0;3;0.918570
2026.01.02 07:00:00;0.918540;0.918670;0.918170;0.918270;2035;0;9;0.918360
2026.01.02 08:00:00;0.918240;0.918390;0.917940;0.918020;2418;0;9;0.918110
2026.01.02 09:00:00;0.918020;0.918210;0.916830;0.917380;3663;0;6;0.917440
2026.01.02 10:00:00;0.917380;0.919290;0.917350;0.919110;4872;0;4;0.919150
2026.01.02 11:00:00;0.919110;0.919690;0.918940;0.919050;3763;0;7;0.919120
2026.01.02 12:00:00;0.919040;0.919200;0.918490;0.918940;3297;0;8;0.919020
2026.01.02 13:00:00;0.918940;0.918940;0.917930;0.918320;2787;0;6;0.918380
2026.01.02 14:00:00;0.918320;0.919010;0.918320;0.918970;3129;0;5;0.919020
2026.01.02 15:00:00;0.918980;0.919410;0.918460;0.918810;4481;0;6;0.918870
2026.01.02 16:00:00;0.918820;0.919810;0.918820;0.919670;6061;0;3;0.919700
2026.01.02 17:00:00;0.919670;0.919970;0.917530;0.917740;8737;0;6;0.917800
2026.01.02 18:00:00;0.917730;0.918250;0.917480;0.918040;7246;0;4;0.918080
2026.01.02 19:00:00;0.918030;0.918630;0.917900;0.918450;5162;0;7;0.918520
2026.01.02 20:00:00;0.918420;0.918530;0.917760;0.918030;4261;0;8;0.918110
2026.01.02 21:00:00;0.918030;0.918670;0.917900;0.918520;4378;0;7;0.918590
2026.01.02 22:00:00;0.918520;0.919350;0.918440;0.919270;3187;0;7;0.919340
2026.01.02 23:00:00;0.919250;0.919580;0.918560;0.918690;1826;0;8;0.918770
2026.01.05 00:00:00;0.918380;0.919000;0.917050;0.918360;1410;0;44;0.918800
2026.01.05 01:00:00;0.918260;0.919620;0.918040;0.918720;3540;0;8;0.918800
2026.01.05 02:00:00;0.918720;0.919010;0.917850;0.917950;4560;0;4;0.917990
2026.01.05 03:00:00;0.917950;0.919240;0.917510;0.918390;5968;0;4;0.918430
2026.01.05 04:00:00;0.918400;0.919310;0.917880;0.918870;4921;0;7;0.918940
2026.01.05 05:00:00;0.918870;0.919100;0.918030;0.918410;4411;0;7;0.918480
2026.01.05 06:00:00;0.918410;0.918960;0.918000;0.918580;3847;0;7;0.918650
2026.01.05 07:00:00;0.918580;0.919110;0.918100;0.919030;3501;0;6;0.919090
2026.01.05 08:00:00;0.919030;0.919650;0.918680;0.919610;3693;0;7;0.919680
2026.01.05 09:00:00;0.919620;0.919920;0.919230;0.919810;3812;0;6;0.919870
2026.01.05 10:00:00;0.919810;0.920270;0.918950;0.920150;4910;0;6;0.920210
2026.01.05 11:00:00;0.920150;0.920610;0.919620;0.919650;4177;0;4;0.919690
2026.01.05 12:00:00;0.919650;0.920620;0.919410;0.920250;4090;0;3;0.920280
2026.01.05 13:00:00;0.920230;0.920510;0.919920;0.920120;3950;0;6;0.920180
2026.01.05 14:00:00;0.920120;0.920640;0.919770;0.920340;4273;0;6;0.920400
2026.01.05 15:00:00;0.920370;0.921300;0.919500;0.921290;7356;0;6;0.921350
2026.01.05 16:00:00;0.921300;0.922520;0.921090;0.922000;9067;0;6;0.922060
2026.01.05 17:00:00;0.922020;0.922830;0.921590;0.922160;8833;0;6;0.922220
2026.01.05 18:00:00;0.922160;0.924070;0.922040;0.924010;6402;0;3;0.924040
2026.01.05 19:00:00;0.924010;0.924250;0.923540;0.923610;4545;0;8;0.923690
2026.01.05 20:00:00;0.923610;0.923780;0.923260;0.923750;3275;0;7;0.923820
2026.01.05 21:00:00;0.923750;0.923920;0.923550;0.923830;3610;0;8;0.923910
2026.01.05 22:00:00;0.923830;0.924400;0.923820;0.924140;2694;0;8;0.924220
2026.01.05 23:00:00;0.924140;0.924680;0.924020;0.924240;1690;0;7;0.924310
2026.01.06 00:00:00;0.924240;0.924580;0.923570;0.924500;634;0;39;0.924890
2026.01.06 01:00:00;0.924500;0.924760;0.924240;0.924530;1968;0;9;0.924620
2026.01.06 02:00:00;0.924520;0.924660;0.923980;0.924000;2966;0;7;0.924070
2026.01.06 03:00:00;0.924000;0.924430;0.923190;0.924270;4419;0;5;0.924320
2026.01.06 04:00:00;0.924250;0.925290;0.924150;0.925100;3898;0;7;0.925170
2026.01.06 05:00:00;0.925100;0.925350;0.924700;0.925310;2966;0;7;0.925380
2026.01.06 06:00:00;0.925310;0.925650;0.925170;0.925510;1978;0;8;0.925590
2026.01.06 07:00:00;0.925510;0.926310;0.925480;0.925810;2874;0;6;0.925870
2026.01.06 08:00:00;0.925810;0.926970;0.925660;0.926640;2984;0;7;0.926710
2026.01.06 09:00:00;0.926640;0.926740;0.925940;0.926280;3700;0;5;0.926330
2026.01.06 10:00:00;0.926290;0.926370;0.924990;0.925210;4651;0;7;0.925280
2026.01.06 11:00:00;0.925210;0.925640;0.924570;0.924690;4584;0;3;0.924720
2026.01.06 12:00:00;0.924680;0.925090;0.924230;0.924300;3482;0;4;0.924340
2026.01.06 13:00:00;0.924300;0.925180;0.924210;0.925000;2655;0;8;0.925080
2026.01.06 14:00:00;0.925000;0.925910;0.924930;0.925580;3669;0;7;0.925650
2026.01.06 15:00:00;0.925580;0.926520;0.925390;0.926280;5952;0;8;0.926360
2026.01.06 16:00:00;0.926280;0.926670;0.925750;0.926560;7818;0;6;0.926620
2026.01.06 17:00:00;0.926560;0.927700;0.926170;0.927670;8367;0;7;0.927740
2026.01.06 18:00:00;0.927670;0.928460;0.927370;0.928130;5996;0;3;0.928160
2026.01.06 19:00:00;0.928140;0.928930;0.928080;0.928760;3594;0;8;0.928840
2026.01.06 20:00:00;0.928760;0.929430;0.928710;0.929270;3315;0;8;0.929350
2026.01.06 21:00:00;0.929270;0.929710;0.929160;0.929290;2904;0;8;0.929370
2026.01.06 22:00:00;0.929290;0.930580;0.929280;0.930510;2689;0;3;0.930540
2026.01.06 23:00:00;0.930490;0.930860;0.930380;0.930560;1498;0;7;0.930630
2026.01.07 00:00:00;0.930400;0.930700;0.929880;0.930680;777;0;36;0.931040
2026.01.07 01:00:00;0.930700;0.931170;0.930210;0.930360;1566;0;7;0.930430
2026.01.07 02:00:00;0.930360;0.931330;0.928400;0.930520;4709;0;3;0.930550
2026.01.07 03:00:00;0.930500;0.932770;0.929730;0.932400;5629;0;5;0.932450
2026.01.07 04:00:00;0.932400;0.932830;0.931490;0.932050;3625;0;3;0.932080
2026.01.07 05:00:00;0.932050;0.933680;0.932020;0.933460;2834;0;3;0.933490
2026.01.07 06:00:00;0.933460;0.934470;0.933380;0.933590;4317;0;5;0.933640
2026.01.07 07:00:00;0.933580;0.933770;0.932270;0.932630;2991;0;6;0.932690
2026.01.07 08:00:00;0.932630;0.933250;0.932250;0.932500;3574;0;6;0.932560
2026.01.07 09:00:00;0.932500;0.932600;0.931310;0.931720;3778;0;7;0.931790
2026.01.07 10:00:00;0.931700;0.931760;0.930760;0.931000;3923;0;3;0.931030
2026.01.07 11:00:00;0.931000;0.931140;0.930420;0.930710;3207;0;6;0.930770
2026.01.07 12:00:00;0.930690;0.930910;0.929940;0.930070;3253;0;7;0.930140
2026.01.07 13:00:00;0.930060;0.930530;0.929990;0.930280;2516;0;5;0.930330
2026.01.07 14:00:00;0.930280;0.930440;0.929310;0.929590;3371;0;8;0.929670
2026.01.07 15:00:00;0.929590;0.929770;0.928900;0.929650;5298;0;7;0.929720
2026.01.07 16:00:00;0.929650;0.930720;0.929030;0.930410;6521;0;3;0.930440
2026.01.07 17:00:00;0.930570;0.930720;0.928590;0.929150;8774;0;3;0.929180
2026.01.07 18:00:00;0.929150;0.930280;0.928930;0.930230;4806;0;4;0.930270
2026.01.07 19:00:00;0.930230;0.930650;0.930030;0.930580;3304;0;8;0.930660
2026.01.07 20:00:00;0.930580;0.931560;0.930400;0.931470;3036;0;6;0.931530
2026.01.07 21:00:00;0.931470;0.931640;0.930930;0.931390;3144;0;8;0.931470
2026.01.07 22:00:00;0.931390;0.931460;0.931040;0.931050;3423;0;7;0.931120
2026.01.07 23:00:00;0.931050;0.931470;0.930840;0.931420;1477;0;7;0.931490
2026.01.08 00:00:00;0.931370;0.931460;0.930970;0.931400;672;0;36;0.931760
2026.01.08 01:00:00;0.931400;0.931660;0.931260;0.931370;1251;0;8;0.931450
2026.01.08 02:00:00;0.931370;0.931570;0.930880;0.931230;2379;0;7;0.931300
2026.01.08 03:00:00;0.931240;0.932230;0.931130;0.932060;3935;0;7;0.932130
2026.01.08 04:00:00;0.932060;0.932060;0.930330;0.930490;4462;0;5;0.930540
2026.01.08 05:00:00;0.930490;0.930580;0.929750;0.930280;3408;0;4;0.930320
2026.01.08 06:00:00;0.930280;0.930510;0.929570;0.929660;2445;0;7;0.929730
2026.01.08 07:00:00;0.929660;0.929800;0.929100;0.929420;3596;0;3;0.929450
2026.01.08 08:00:00;0.929420;0.929500;0.928370;0.929120;4736;0;5;0.929170
2026.01.08 09:00:00;0.929120;0.929650;0.928880;0.929230;3920;0;6;0.929290
2026.01.08 10:00:00;0.929230;0.930570;0.928990;0.929670;4394;0;3;0.929700
2026.01.08 11:00:00;0.929670;0.930070;0.928610;0.928770;3610;0;7;0.928840
2026.01.08 12:00:00;0.928770;0.929160;0.928400;0.928920;3425;0;3;0.928950
2026.01.08 13:00:00;0.928950;0.929030;0.928410;0.928460;2875;0;7;0.928530
2026.01.08 14:00:00;0.928460;0.928530;0.928040;0.928070;3221;0;7;0.928140
2026.01.08 15:00:00;0.928070;0.928360;0.927380;0.927660;4730;0;3;0.927690
2026.01.08 16:00:00;0.927660;0.927660;0.926550;0.927150;7662;0;4;0.927190
2026.01.08 17:00:00;0.927150;0.928300;0.926810;0.928150;7327;0;5;0.928200
2026.01.08 18:00:00;0.928150;0.928280;0.927280;0.927820;5447;0;6;0.927880
2026.01.08 19:00:00;0.927820;0.928470;0.927720;0.928350;4259;0;7;0.928420
2026.01.08 20:00:00;0.928340;0.928550;0.928020;0.928050;3686;0;8;0.928130
2026.01.08 21:00:00;0.928050;0.928250;0.927780;0.928040;3101;0;7;0.928110
2026.01.08 22:00:00;0.928030;0.928490;0.928000;0.928170;3083;0;5;0.928220
2026.01.08 23:00:00;0.928180;0.928760;0.927860;0.928350;2160;0;7;0.928420
2026.01.09 00:00:00;0.928350;0.929210;0.928120;0.929210;1030;0;27;0.929480
2026.01.09 01:00:00;0.929230;0.929250;0.928500;0.928650;1611;0;9;0.928740
2026.01.09 02:00:00;0.928650;0.928910;0.928370;0.928570;2405;0;6;0.928630
2026.01.09 03:00:00;0.928560;0.928760;0.927520;0.928350;4306;0;6;0.928410
2026.01.09 04:00:00;0.928340;0.929020;0.928300;0.928590;3390;0;8;0.928670
2026.01.09 05:00:00;0.928590;0.928770;0.928160;0.928430;2746;0;7;0.928500
2026.01.09 06:00:00;0.928420;0.928850;0.928230;0.928700;2254;0;8;0.928780
2026.01.09 07:00:00;0.928700;0.929030;0.928360;0.928500;2989;0;7;0.928570
2026.01.09 08:00:00;0.928500;0.928560;0.927750;0.927790;2910;0;4;0.927830
2026.01.09 09:00:00;0.927790;0.927880;0.926540;0.926620;3147;0;7;0.926690
2026.01.09 10:00:00;0.926620;0.927120;0.926290;0.926700;3908;0;3;0.926730
2026.01.09 11:00:00;0.926700;0.927190;0.926590;0.926860;2762;0;7;0.926930
2026.01.09 12:00:00;0.926860;0.926990;0.926250;0.926470;2599;0;7;0.926540
2026.01.09 13:00:00;0.926470;0.927290;0.926420;0.926890;2306;0;6;0.926950
2026.01.09 14:00:00;0.926890;0.927020;0.926000;0.926640;3216;0;8;0.926720
2026.01.09 15:00:00;0.926640;0.929560;0.924830;0.928320;9734;0;3;0.928350
2026.01.09 16:00:00;0.928310;0.928770;0.926870;0.927400;10543;0;3;0.927430
2026.01.09 17:00:00;0.927320;0.928520;0.926220;0.927890;10427;0;3;0.927920
2026.01.09 18:00:00;0.927860;0.928600;0.927560;0.928310;6105;0;6;0.928370
2026.01.09 19:00:00;0.928310;0.928900;0.928140;0.928750;3570;0;8;0.928830
2026.01.09 20:00:00;0.928750;0.929900;0.928670;0.929690;3682;0;8;0.929770
2026.01.09 21:00:00;0.929690;0.930070;0.929580;0.929960;2479;0;5;0.930010
2026.01.09 22:00:00;0.929960;0.930630;0.929960;0.930600;2062;0;7;0.930670
2026.01.09 23:00:00;0.930600;0.930800;0.929920;0.929940;1906;0;8;0.930020
2026.01.12 00:00:00;0.928870;0.930220;0.928860;0.930210;1062;0;46;0.930670
2026.01.12 01:00:00;0.930210;0.930510;0.929840;0.930080;2269;0;3;0.930110
2026.01.12 02:00:00;0.930080;0.931170;0.929780;0.930890;5001;0;6;0.930950
2026.01.12 03:00:00;0.930890;0.931230;0.930130;0.930570;6116;0;5;0.930620
2026.01.12 04:00:00;0.930570;0.930650;0.930040;0.930120;3987;0;6;0.930180
2026.01.12 05:00:00;0.930140;0.930700;0.930140;0.930690;2810;0;6;0.930750
2026.01.12 06:00:00;0.930690;0.930760;0.930030;0.930260;2234;0;6;0.930320
2026.01.12 07:00:00;0.930260;0.930520;0.930050;0.930430;2988;0;8;0.930510
2026.01.12 08:00:00;0.930430;0.930600;0.930090;0.930570;2822;0;6;0.930630
2026.01.12 09:00:00;0.930570;0.930860;0.930340;0.930400;4057;0;5;0.930450
2026.01.12 10:00:00;0.930400;0.930920;0.929670;0.930000;4749;0;7;0.930070
2026.01.12 11:00:00;0.930010;0.931190;0.929930;0.930830;3665;0;7;0.930900
2026.01.12 12:00:00;0.930810;0.931270;0.930410;0.931230;3260;0;5;0.931280
2026.01.12 13:00:00;0.931230;0.931310;0.930600;0.930660;3041;0;6;0.930720
2026.01.12 14:00:00;0.930660;0.931160;0.930480;0.931020;3989;0;6;0.931080
2026.01.12 15:00:00;0.931020;0.931950;0.930950;0.931410;5776;0;4;0.931450
2026.01.12 16:00:00;0.931410;0.931870;0.930600;0.931410;8039;0;6;0.931470
2026.01.12 17:00:00;0.931410;0.932250;0.930990;0.932150;6058;0;8;0.932230
2026.01.12 18:00:00;0.932160;0.932360;0.931630;0.931760;5041;0;6;0.931820
2026.01.12 19:00:00;0.931760;0.931950;0.931210;0.931280;4006;0;7;0.931350
2026.01.12 20:00:00;0.931280;0.931550;0.931160;0.931340;3037;0;7;0.931410
2026.01.12 21:00:00;0.931340;0.931360;0.930990;0.931220;2670;0;8;0.931300
2026.01.12 22:00:00;0.931220;0.931680;0.931020;0.931580;2543;0;7;0.931650
2026.01.12 23:00:00;0.931550;0.931830;0.930770;0.930770;1976;0;8;0.930850
2026.01.13 00:00:00;0.930750;0.931240;0.930560;0.930690;792;0;50;0.931190
2026.01.13 01:00:00;0.930720;0.931160;0.930570;0.930760;1828;0;10;0.930860
2026.01.13 02:00:00;0.930760;0.931330;0.930590;0.931310;2426;0;6;0.931370
2026.01.13 03:00:00;0.931310;0.931710;0.931080;0.931410;4624;0;7;0.931480
2026.01.13 04:00:00;0.931410;0.931740;0.930920;0.931000;3677;0;7;0.931070
2026.01.13 05:00:00;0.931000;0.931230;0.930620;0.930750;2575;0;9;0.930840
2026.01.13 06:00:00;0.930750;0.930910;0.930440;0.930710;2110;0;9;0.930800
2026.01.13 07:00:00;0.930710;0.930720;0.930230;0.930640;2910;0;7;0.930710
2026.01.13 08:00:00;0.930640;0.930640;0.930110;0.930580;3196;0;8;0.930660
2026.01.13 09:00:00;0.930580;0.930840;0.930170;0.930330;3280;0;7;0.930400
2026.01.13 10:00:00;0.930330;0.930790;0.930050;0.930190;3623;0;6;0.930250
2026.01.13 11:00:00;0.930180;0.930500;0.930020;0.930430;3056;0;7;0.930500
2026.01.13 12:00:00;0.930430;0.930460;0.929690;0.929820;2564;0;8;0.929900
2026.01.13 13:00:00;0.929820;0.930260;0.929570;0.930180;2296;0;7;0.930250
2026.01.13 14:00:00;0.930190;0.930240;0.929770;0.929890;2980;0;6;0.929950
2026.01.13 15:00:00;0.929890;0.932120;0.929120;0.930550;9263;0;3;0.930580
2026.01.13 16:00:00;0.930550;0.931230;0.929140;0.929510;9186;0;3;0.929540
2026.01.13 17:00:00;0.929510;0.929620;0.927560;0.927990;8461;0;3;0.928020
2026.01.13 18:00:00;0.927990;0.928110;0.927000;0.927940;6069;0;7;0.928010
2026.01.13 19:00:00;0.927940;0.928620;0.927780;0.928210;4389;0;3;0.928240
2026.01.13 20:00:00;0.928210;0.928270;0.927740;0.927990;4471;0;7;0.928060
2026.01.13 21:00:00;0.927990;0.928240;0.927650;0.927770;3753;0;7;0.927840
2026.01.13 22:00:00;0.927770;0.927770;0.927300;0.927550;2990;0;6;0.927610
2026.01.13 23:00:00;0.927550;0.927940;0.927330;0.927820;1422;0;8;0.927900
2026.01.14 00:00:00;0.927710;0.928520;0.927460;0.928520;950;0;36;0.928880
2026.01.14 01:00:00;0.928520;0.928680;0.927930;0.927930;1069;0;6;0.927990
2026.01.14 02:00:00;0.927930;0.928480;0.927880;0.928120;2254;0;8;0.928200
2026.01.14 03:00:00;0.928120;0.928550;0.927740;0.928430;3725;0;7;0.928500
2026.01.14 04:00:00;0.928430;0.929680;0.928400;0.929510;3652;0;4;0.929550
2026.01.14 05:00:00;0.929510;0.930140;0.929330;0.930070;3050;0;6;0.930130
2026.01.14 06:00:00;0.930080;0.930180;0.929680;0.929840;2206;0;10;0.929940
2026.01.14 07:00:00;0.929840;0.930020;0.929540;0.929580;3079;0;8;0.929660
2026.01.14 08:00:00;0.929580;0.930090;0.929310;0.930020;3782;0;5;0.930070
2026.01.14 09:00:00;0.930020;0.930310;0.929480;0.929520;3001;0;7;0.929590
2026.01.14 10:00:00;0.929520;0.929800;0.928890;0.929790;4864;0;7;0.929860
2026.01.14 11:00:00;0.929790;0.930180;0.929650;0.930090;3523;0;6;0.930150
2026.01.14 12:00:00;0.930090;0.930090;0.927920;0.928270;3911;0;7;0.928340
2026.01.14 13:00:00;0.928270;0.928270;0.927330;0.927460;3369;0;8;0.927540
2026.01.14 14:00:00;0.927460;0.927700;0.926680;0.927200;4096;0;4;0.927240
2026.01.14 15:00:00;0.927200;0.927270;0.926160;0.926920;5676;0;3;0.926950
2026.01.14 16:00:00;0.926920;0.927710;0.926530;0.927330;8515;0;6;0.927390
2026.01.14 17:00:00;0.927330;0.928080;0.926810;0.927540;8543;0;3;0.927570
2026.01.14 18:00:00;0.927540;0.927770;0.926220;0.926250;6501;0;8;0.926330
2026.01.14 19:00:00;0.926250;0.926680;0.926120;0.926130;4801;0;6;0.926190
2026.01.14 20:00:00;0.926130;0.926770;0.926130;0.926660;3950;0;6;0.926720
2026.01.14 21:00:00;0.926660;0.926820;0.926390;0.926620;3500;0;6;0.926680
2026.01.14 22:00:00;0.926610;0.928010;0.926510;0.927990;5207;0;7;0.928060
2026.01.14 23:00:00;0.927990;0.928190;0.927210;0.927210;1665;0;7;0.927280
2026.01.15 00:00:00;0.927090;0.927620;0.926640;0.927190;1125;0;26;0.927450
2026.01.15 01:00:00;0.927200;0.927730;0.926520;0.927700;2421;0;3;0.927730
2026.01.15 02:00:00;0.927700;0.928570;0.927490;0.928200;2873;0;4;0.928240
2026.01.15 03:00:00;0.928200;0.928270;0.927190;0.927670;5612;0;3;0.927700
2026.01.15 04:00:00;0.927670;0.927850;0.927290;0.927370;3887;0;7;0.927440
2026.01.15 05:00:00;0.927370;0.927470;0.926360;0.927030;3416;0;6;0.927090
2026.01.15 06:00:00;0.927030;0.927820;0.926910;0.927610;2520;0;8;0.927690
2026.01.15 07:00:00;0.927620;0.928090;0.927380;0.927860;3144;0;6;0.927920
2026.01.15 08:00:00;0.927860;0.928800;0.927710;0.928460;3876;0;5;0.928510
2026.01.15 09:00:00;0.928470;0.928970;0.928450;0.928710;3406;0;5;0.928760
2026.01.15 10:00:00;0.928710;0.930350;0.928480;0.930330;3527;0;7;0.930400
2026.01.15 11:00:00;0.930330;0.931350;0.930300;0.930790;3339;0;7;0.930860
2026.01.15 12:00:00;0.930790;0.931340;0.930720;0.931010;2775;0;4;0.931050
2026.01.15 13:00:00;0.931010;0.931300;0.930580;0.930710;2651;0;7;0.930780
2026.01.15 14:00:00;0.930710;0.930800;0.929670;0.929830;3055;0;7;0.929900
2026.01.15 15:00:00;0.929830;0.929830;0.928520;0.928730;5901;0;7;0.928800
2026.01.15 16:00:00;0.928750;0.929910;0.928480;0.929610;7070;0;3;0.929640
2026.01.15 17:00:00;0.929610;0.930530;0.929580;0.930500;6635;0;3;0.930530
2026.01.15 18:00:00;0.930500;0.931820;0.930480;0.931540;5481;0;7;0.931610
2026.01.15 19:00:00;0.931540;0.932030;0.931360;0.931550;3806;0;7;0.931620
2026.01.15 20:00:00;0.931530;0.931960;0.931260;0.931330;3034;0;7;0.931400
2026.01.15 21:00:00;0.931330;0.931540;0.930830;0.930920;3544;0;8;0.931000
2026.01.15 22:00:00;0.930890;0.930890;0.930330;0.930560;3534;0;7;0.930630
2026.01.15 23:00:00;0.930560;0.930660;0.929850;0.929850;1685;0;6;0.929910
2026.01.16 00:00:00;0.930230;0.930660;0.929730;0.930390;792;0;47;0.930860
2026.01.16 01:00:00;0.930390;0.930950;0.930300;0.930700;1938;0;10;0.930800
2026.01.16 02:00:00;0.930700;0.931080;0.930620;0.930720;2667;0;8;0.930800
2026.01.16 03:00:00;0.930730;0.931430;0.930520;0.930610;4650;0;8;0.930690
2026.01.16 04:00:00;0.930610;0.930870;0.930190;0.930390;4261;0;7;0.930460
2026.01.16 05:00:00;0.930390;0.931090;0.930370;0.930890;2769;0;7;0.930960
2026.01.16 06:00:00;0.930890;0.931380;0.930750;0.931250;1927;0;9;0.931340
2026.01.16 07:00:00;0.931250;0.931250;0.930750;0.930850;2311;0;8;0.930930
2026.01.16 08:00:00;0.930850;0.931030;0.930280;0.930630;2894;0;8;0.930710
2026.01.16 09:00:00;0.930630;0.931160;0.930610;0.930900;3025;0;7;0.930970
2026.01.16 10:00:00;0.930890;0.931730;0.930890;0.931200;3672;0;6;0.931260
2026.01.16 11:00:00;0.931200;0.931450;0.930940;0.931170;2938;0;6;0.931230
2026.01.16 12:00:00;0.931170;0.931980;0.930980;0.931620;2856;0;8;0.931700
2026.01.16 13:00:00;0.931630;0.931780;0.930880;0.930950;2899;0;7;0.931020
2026.01.16 14:00:00;0.930950;0.931270;0.930330;0.930480;3680;0;7;0.930550
2026.01.16 15:00:00;0.930480;0.930620;0.929830;0.930440;5239;0;7;0.930510
2026.01.16 16:00:00;0.930440;0.930490;0.929490;0.929670;5811;0;3;0.929700
2026.01.16 17:00:00;0.929670;0.930090;0.928380;0.929380;9095;0;3;0.929410
2026.01.16 18:00:00;0.929380;0.930250;0.929040;0.930090;6855;0;6;0.930150
2026.01.16 19:00:00;0.930080;0.930570;0.929850;0.930230;4007;0;9;0.930320
2026.01.16 20:00:00;0.930230;0.930830;0.930190;0.930410;2903;0;5;0.930460
2026.01.16 21:00:00;0.930410;0.930730;0.930020;0.930110;2999;0;6;0.930170
2026.01.16 22:00:00;0.930110;0.930300;0.929930;0.930140;2432;0;7;0.930210
2026.01.16 23:00:00;0.930140;0.930380;0.929390;0.929410;1725;0;8;0.929490
2026.01.19 00:00:00;0.927770;0.928550;0.927660;0.927940;1065;0;22;0.928160
2026.01.19 01:00:00;0.927970;0.930050;0.927710;0.929550;5144;0;4;0.929590
2026.01.19 02:00:00;0.929550;0.930020;0.928360;0.929690;5777;0;4;0.929730
2026.01.19 03:00:00;0.929690;0.929980;0.928430;0.928660;5590;0;6;0.928720
2026.01.19 04:00:00;0.928660;0.929180;0.928250;0.928990;4114;0;7;0.929060
2026.01.19 05:00:00;0.928990;0.929660;0.928880;0.929390;3563;0;7;0.929460
2026.01.19 06:00:00;0.929400;0.929770;0.929280;0.929560;2792;0;8;0.929640
2026.01.19 07:00:00;0.929560;0.930660;0.929360;0.930110;3364;0;3;0.930140
2026.01.19 08:00:00;0.930110;0.930290;0.929780;0.929810;2999;0;6;0.929870
2026.01.19 09:00:00;0.929810;0.930180;0.929330;0.929650;4225;0;8;0.929730
2026.01.19 10:00:00;0.929650;0.930300;0.929390;0.929930;4511;0;8;0.930010
2026.01.19 11:00:00;0.929950;0.930060;0.929450;0.929890;4276;0;6;0.929950
2026.01.19 12:00:00;0.929890;0.930950;0.929820;0.930380;3089;0;6;0.930440
2026.01.19 13:00:00;0.930370;0.931030;0.930290;0.930950;2731;0;7;0.931020
2026.01.19 14:00:00;0.930950;0.931100;0.930660;0.930830;3103;0;6;0.930890
2026.01.19 15:00:00;0.930830;0.931210;0.930610;0.930890;3477;0;7;0.930960
2026.01.19 16:00:00;0.930890;0.930970;0.930130;0.930350;3902;0;5;0.930400
2026.01.19 17:00:00;0.930340;0.930900;0.930230;0.930440;4482;0;5;0.930490
2026.01.19 18:00:00;0.930430;0.930840;0.930310;0.930580;3122;0;7;0.930650
2026.01.19 19:00:00;0.930580;0.931280;0.930530;0.931240;1726;0;7;0.931310
2026.01.19 20:00:00;0.931250;0.931260;0.930960;0.931020;1119;0;8;0.931100
2026.01.19 21:00:00;0.931020;0.931160;0.930850;0.931060;943;0;8;0.931140
2026.01.19 22:00:00;0.931060;0.931180;0.930950;0.931130;775;0;6;0.931190
2026.01.19 23:00:00;0.931130;0.931240;0.930780;0.930780;773;0;8;0.930860
2026.01.20 00:00:00;0.930630;0.931060;0.930220;0.930660;839;0;37;0.931030
2026.01.20 01:00:00;0.930660;0.931330;0.930630;0.930790;1274;0;9;0.930880
2026.01.20 02:00:00;0.930790;0.931280;0.930560;0.930890;2904;0;5;0.930940
2026.01.20 03:00:00;0.930890;0.931220;0.930450;0.930680;4563;0;3;0.930710
2026.01.20 04:00:00;0.930680;0.931500;0.930500;0.931190;3253;0;7;0.931260
2026.01.20 05:00:00;0.931210;0.932260;0.931190;0.931950;3346;0;7;0.932020
2026.01.20 06:00:00;0.931960;0.933310;0.931900;0.933160;2880;0;5;0.933210
2026.01.20 07:00:00;0.933160;0.933340;0.932820;0.933010;3432;0;7;0.933080
2026.01.20 08:00:00;0.933010;0.933570;0.932460;0.932750;4491;0;8;0.932830
2026.01.20 09:00:00;0.932760;0.933690;0.932440;0.933080;5230;0;5;0.933130
2026.01.20 10:00:00;0.933080;0.933320;0.931390;0.931550;7441;0;7;0.931620
2026.01.20 11:00:00;0.931550;0.931860;0.929810;0.930280;5982;0;5;0.930330
2026.01.20 12:00:00;0.930280;0.930980;0.929980;0.930670;5054;0;6;0.930730
2026.01.20 13:00:00;0.930670;0.931030;0.930250;0.930660;4558;0;6;0.930720
2026.01.20 14:00:00;0.930660;0.931000;0.930060;0.930560;4873;0;7;0.930630
2026.01.20 15:00:00;0.930550;0.931110;0.930210;0.930570;8843;0;3;0.930600
2026.01.20 16:00:00;0.930560;0.931690;0.930330;0.931660;10415;0;5;0.931710
2026.01.20 17:00:00;0.931640;0.932360;0.930860;0.932270;9017;0;6;0.932330
2026.01.20 18:00:00;0.932270;0.932600;0.931730;0.931830;6640;0;7;0.931900
2026.01.20 19:00:00;0.931830;0.932290;0.931720;0.932030;5001;0;8;0.932110
2026.01.20 20:00:00;0.932030;0.932160;0.931140;0.931360;4133;0;4;0.931400
2026.01.20 21:00:00;0.931360;0.931480;0.930970;0.931320;4244;0;7;0.931390
2026.01.20 22:00:00;0.931310;0.931640;0.931080;0.931540;4413;0;8;0.931620
2026.01.20 23:00:00;0.931540;0.932420;0.931490;0.931810;1513;0;7;0.931880
2026.01.21 00:00:00;0.931680;0.931890;0.930970;0.931430;1094;0;7;0.931500
2026.01.21 01:00:00;0.931430;0.931860;0.931010;0.931060;1580;0;3;0.931090
2026.01.21 02:00:00;0.931070;0.931660;0.931070;0.931370;2941;0;4;0.931410
2026.01.21 03:00:00;0.931370;0.932280;0.931060;0.932200;4913;0;5;0.932250
2026.01.21 04:00:00;0.932200;0.932240;0.931220;0.931590;2843;0;6;0.931650
2026.01.21 05:00:00;0.931590;0.931800;0.931230;0.931380;2802;0;7;0.931450
2026.01.21 06:00:00;0.931370;0.931580;0.930970;0.931500;2187;0;7;0.931570
2026.01.21 07:00:00;0.931500;0.932060;0.931370;0.931980;2701;0;3;0.932010
2026.01.21 08:00:00;0.931980;0.933780;0.931840;0.933580;3169;0;3;0.933610
2026.01.21 09:00:00;0.933580;0.934360;0.933050;0.933950;4229;0;6;0.934010
2026.01.21 10:00:00;0.933950;0.934700;0.933400;0.934180;4468;0;5;0.934230
2026.01.21 11:00:00;0.934180;0.934660;0.933780;0.933790;3857;0;5;0.933840
2026.01.21 12:00:00;0.933790;0.933820;0.933060;0.933390;3947;0;5;0.933440
2026.01.21 13:00:00;0.933400;0.933640;0.933110;0.933410;3746;0;3;0.933440
2026.01.21 14:00:00;0.933410;0.934250;0.933350;0.933580;5090;0;5;0.933630
2026.01.21 15:00:00;0.933580;0.934070;0.933440;0.933890;5227;0;4;0.933930
2026.01.21 16:00:00;0.933890;0.934700;0.932990;0.934470;10271;0;3;0.934500
2026.01.21 17:00:00;0.934470;0.935200;0.934050;0.934110;8073;0;4;0.934150
2026.01.21 18:00:00;0.934110;0.934710;0.933870;0.934270;7058;0;3;0.934300
2026.01.21 19:00:00;0.934270;0.934530;0.933610;0.933790;7498;0;3;0.933820
2026.01.21 20:00:00;0.933790;0.934410;0.933600;0.934260;5438;0;8;0.934340
2026.01.21 21:00:00;0.934270;0.935340;0.934000;0.935290;7900;0;6;0.935350
2026.01.21 22:00:00;0.935300;0.935410;0.934650;0.935120;5572;0;6;0.935180
2026.01.21 23:00:00;0.935130;0.935810;0.935110;0.935170;1890;0;5;0.935220
2026.01.22 00:00:00;0.935100;0.935190;0.934330;0.934490;1330;0;30;0.934790
2026.01.22 01:00:00;0.934490;0.935090;0.934490;0.934830;1505;0;8;0.934910
2026.01.22 02:00:00;0.934830;0.939060;0.934820;0.938590;4368;0;3;0.938620
2026.01.22 03:00:00;0.938580;0.939840;0.938380;0.939610;5116;0;3;0.939640
2026.01.22 04:00:00;0.939620;0.939750;0.938970;0.939630;3054;0;6;0.939690
2026.01.22 05:00:00;0.939630;0.940630;0.939500;0.940540;2763;0;6;0.940600
2026.01.22 06:00:00;0.940540;0.940830;0.940220;0.940330;2344;0;7;0.940400
2026.01.22 07:00:00;0.940330;0.940660;0.939940;0.940310;3311;0;6;0.940370
2026.01.22 08:00:00;0.940310;0.940580;0.939490;0.940560;3063;0;7;0.940630
2026.01.22 09:00:00;0.940560;0.941090;0.939880;0.940090;3258;0;7;0.940160
2026.01.22 10:00:00;0.940090;0.940570;0.939810;0.939900;4180;0;5;0.939950
2026.01.22 11:00:00;0.939930;0.940630;0.939540;0.940220;3753;0;5;0.940270
2026.01.22 12:00:00;0.940220;0.940620;0.939780;0.940170;2989;0;6;0.940230
2026.01.22 13:00:00;0.940170;0.940460;0.939920;0.940440;4070;0;7;0.940510
2026.01.22 14:00:00;0.940440;0.940670;0.939800;0.940210;3667;0;5;0.940260
2026.01.22 15:00:00;0.940210;0.940880;0.939840;0.940800;5032;0;3;0.940830
2026.01.22 16:00:00;0.940780;0.941390;0.940440;0.940760;6558;0;3;0.940790
2026.01.22 17:00:00;0.940810;0.941930;0.940580;0.941860;6817;0;6;0.941920
2026.01.22 18:00:00;0.941860;0.943210;0.941760;0.942880;5263;0;4;0.942920
2026.01.22 19:00:00;0.942870;0.943170;0.942460;0.942730;4121;0;6;0.942790
2026.01.22 20:00:00;0.942730;0.943360;0.942660;0.943070;2963;0;7;0.943140
2026.01.22 21:00:00;0.943080;0.943390;0.943000;0.943100;2517;0;6;0.943160
2026.01.22 22:00:00;0.943100;0.943100;0.942480;0.942600;2193;0;6;0.942660
2026.01.22 23:00:00;0.942610;0.943270;0.942390;0.942390;1848;0;4;0.942430
2026.01.23 00:00:00;0.942390;0.942960;0.942390;0.942630;784;0;39;0.943020
2026.01.23 01:00:00;0.942630;0.942870;0.942400;0.942650;1407;0;8;0.942730
2026.01.23 02:00:00;0.942650;0.943550;0.942640;0.943400;2558;0;7;0.943470
2026.01.23 03:00:00;0.943400;0.944500;0.943300;0.943630;4212;0;6;0.943690
2026.01.23 04:00:00;0.943630;0.944040;0.943090;0.943410;2843;0;7;0.943480
2026.01.23 05:00:00;0.943420;0.943830;0.942690;0.943810;2600;0;7;0.943880
2026.01.23 06:00:00;0.943800;0.944430;0.943320;0.944340;2030;0;7;0.944410
2026.01.23 07:00:00;0.944350;0.944420;0.943680;0.944250;2533;0;7;0.944320
2026.01.23 08:00:00;0.944250;0.945050;0.944070;0.944560;3378;0;9;0.944650
2026.01.23 09:00:00;0.944560;0.944570;0.943670;0.943780;4393;0;7;0.943850
2026.01.23 10:00:00;0.943780;0.944080;0.943020;0.944040;4911;0;5;0.944090
2026.01.23 11:00:00;0.944040;0.944320;0.943150;0.943260;4227;0;5;0.943310
2026.01.23 12:00:00;0.943270;0.943480;0.942560;0.943380;3681;0;5;0.943430
2026.01.23 13:00:00;0.943390;0.944370;0.943320;0.944040;3609;0;7;0.944110
2026.01.23 14:00:00;0.944040;0.945140;0.943530;0.944980;3310;0;5;0.945030
2026.01.23 15:00:00;0.944980;0.945120;0.942730;0.942840;4557;0;3;0.942870
2026.01.23 16:00:00;0.942840;0.943940;0.942840;0.943820;5281;0;4;0.943860
2026.01.23 17:00:00;0.943810;0.944490;0.943540;0.943780;5220;0;4;0.943820
2026.01.23 18:00:00;0.943800;0.944330;0.943350;0.943760;6137;0;6;0.943820
2026.01.23 19:00:00;0.943760;0.944320;0.943640;0.943700;7317;0;7;0.943770
2026.01.23 20:00:00;0.943700;0.944150;0.943320;0.943600;6439;0;5;0.943650
2026.01.23 21:00:00;0.943600;0.943940;0.943440;0.943820;4493;0;3;0.943850
2026.01.23 22:00:00;0.943820;0.944540;0.943520;0.944170;4360;0;5;0.944220
2026.01.23 23:00:00;0.944170;0.945190;0.944070;0.944180;2680;0;3;0.944210
2026.01.26 00:00:00;0.947820;0.949600;0.946670;0.949560;2530;0;3;0.949590
2026.01.26 01:00:00;0.949510;0.949510;0.946570;0.947170;5356;0;5;0.947220
2026.01.26 02:00:00;0.947180;0.947240;0.946280;0.947080;6020;0;4;0.947120
2026.01.26 03:00:00;0.947080;0.947440;0.946490;0.946810;6375;0;6;0.946870
2026.01.26 04:00:00;0.946800;0.947510;0.946360;0.946590;4820;0;3;0.946620
2026.01.26 05:00:00;0.946610;0.947040;0.945770;0.945990;3403;0;7;0.946060
2026.01.26 06:00:00;0.945990;0.946140;0.945710;0.945740;3180;0;8;0.945820
2026.01.26 07:00:00;0.945740;0.946030;0.945460;0.945850;2920;0;6;0.945910
2026.01.26 08:00:00;0.945850;0.946400;0.945340;0.945720;3898;0;6;0.945780
2026.01.26 09:00:00;0.945720;0.946670;0.945420;0.946400;4788;0;5;0.946450
2026.01.26 10:00:00;0.946400;0.947290;0.946040;0.947060;5704;0;6;0.947120
2026.01.26 11:00:00;0.947090;0.947480;0.946470;0.946600;5016;0;6;0.946660
2026.01.26 12:00:00;0.946600;0.947250;0.946530;0.946710;3769;0;4;0.946750
2026.01.26 13:00:00;0.946710;0.947120;0.946250;0.947060;3674;0;4;0.947100
2026.01.26 14:00:00;0.947060;0.947640;0.946690;0.947120;3822;0;6;0.947180
2026.01.26 15:00:00;0.947120;0.947890;0.946940;0.947810;5492;0;3;0.947840
2026.01.26 16:00:00;0.947810;0.949870;0.947470;0.949810;6680;0;6;0.949870
2026.01.26 17:00:00;0.949810;0.949860;0.948620;0.949170;6905;0;3;0.949200
2026.01.26 18:00:00;0.949170;0.949470;0.948140;0.949160;6163;0;4;0.949200
2026.01.26 19:00:00;0.949160;0.950920;0.949130;0.950170;4351;0;8;0.950250
2026.01.26 20:00:00;0.950170;0.950480;0.949670;0.949790;4892;0;7;0.949860
2026.01.26 21:00:00;0.949790;0.949870;0.948810;0.948880;5114;0;6;0.948940
2026.01.26 22:00:00;0.948880;0.948980;0.948430;0.948590;4219;0;7;0.948660
2026.01.26 23:00:00;0.948600;0.948760;0.947840;0.947840;2009;0;8;0.947920
2026.01.27 00:00:00;0.947530;0.948170;0.946940;0.947130;1061;0;7;0.947200
2026.01.27 01:00:00;0.947120;0.948200;0.946960;0.948060;1685;0;8;0.948140
2026.01.27 02:00:00;0.948060;0.948410;0.947340;0.947370;2951;0;3;0.947400
2026.01.27 03:00:00;0.947390;0.949050;0.947340;0.948860;3655;0;6;0.948920
2026.01.27 04:00:00;0.948860;0.949760;0.948690;0.949380;3530;0;6;0.949440
2026.01.27 05:00:00;0.949400;0.949440;0.948410;0.948980;3211;0;6;0.949040
2026.01.27 06:00:00;0.948990;0.949490;0.948590;0.949040;2643;0;6;0.949100
2026.01.27 07:00:00;0.949040;0.949580;0.948510;0.949430;2353;0;3;0.949460
2026.01.27 08:00:00;0.949420;0.950250;0.949390;0.950070;2484;0;7;0.950140
2026.01.27 09:00:00;0.950070;0.950270;0.949390;0.949530;3685;0;5;0.949580
2026.01.27 10:00:00;0.949530;0.949560;0.947960;0.948290;4359;0;5;0.948340
2026.01.27 11:00:00;0.948290;0.949630;0.948150;0.949490;3922;0;7;0.949560
2026.01.27 12:00:00;0.949490;0.950000;0.948840;0.949510;4228;0;7;0.949580
2026.01.27 13:00:00;0.949510;0.950100;0.949430;0.949950;3047;0;7;0.950020
2026.01.27 14:00:00;0.949950;0.950900;0.949910;0.950220;5316;0;5;0.950270
2026.01.27 15:00:00;0.950210;0.950680;0.948880;0.949370;6805;0;6;0.949430
2026.01.27 16:00:00;0.949370;0.949490;0.948620;0.949270;8309;0;3;0.949300
2026.01.27 17:00:00;0.949270;0.949530;0.947610;0.947900;8551;0;4;0.947940
2026.01.27 18:00:00;0.947890;0.949360;0.947820;0.948760;6964;0;3;0.948790
2026.01.27 19:00:00;0.948760;0.949040;0.948420;0.948840;5837;0;8;0.948920
2026.01.27 20:00:00;0.948820;0.949630;0.948600;0.949420;4716;0;7;0.949490
2026.01.27 21:00:00;0.949410;0.950330;0.949390;0.950190;3783;0;7;0.950260
2026.01.27 22:00:00;0.950190;0.951880;0.950030;0.951400;8549;0;3;0.951430
2026.01.27 23:00:00;0.951410;0.952360;0.951110;0.951230;6186;0;3;0.951260
2026.01.28 00:00:00;0.951170;0.951770;0.950640;0.950920;4451;0;43;0.951350
2026.01.28 01:00:00;0.951140;0.951650;0.950390;0.950960;2602;0;9;0.951050
2026.01.28 02:00:00;0.950960;0.954530;0.950610;0.951970;7578;0;3;0.952000
2026.01.28 03:00:00;0.951960;0.952140;0.950490;0.950870;6896;0;3;0.950900
2026.01.28 04:00:00;0.950870;0.951520;0.950210;0.951420;4657;0;5;0.951470
2026.01.28 05:00:00;0.951460;0.951470;0.950570;0.950640;3732;0;7;0.950710
2026.01.28 06:00:00;0.950640;0.950710;0.949910;0.950680;2954;0;7;0.950750
2026.01.28 07:00:00;0.950700;0.951290;0.950070;0.951250;4794;0;8;0.951330
2026.01.28 08:00:00;0.951280;0.951990;0.950710;0.950840;4884;0;7;0.950910
2026.01.28 09:00:00;0.950840;0.952490;0.950390;0.950620;6436;0;7;0.950690
2026.01.28 10:00:00;0.950610;0.951070;0.948770;0.949610;7529;0;7;0.949680
2026.01.28 11:00:00;0.949610;0.949890;0.948420;0.949710;6128;0;4;0.949750
2026.01.28 12:00:00;0.949710;0.950860;0.949250;0.950240;5244;0;7;0.950310
2026.01.28 13:00:00;0.950240;0.950830;0.949360;0.950350;5143;0;7;0.950420
2026.01.28 14:00:00;0.950350;0.950370;0.948710;0.949250;5697;0;4;0.949290
2026.01.28 15:00:00;0.949250;0.949430;0.948130;0.948470;6650;0;4;0.948510
2026.01.28 16:00:00;0.948470;0.949150;0.947800;0.948590;7751;0;5;0.948640
2026.01.28 17:00:00;0.948590;0.948920;0.946500;0.948910;13240;0;3;0.948940
2026.01.28 18:00:00;0.948910;0.949620;0.948560;0.949160;8824;0;7;0.949230
2026.01.28 19:00:00;0.949180;0.950510;0.948860;0.950110;5661;0;8;0.950190
2026.01.28 20:00:00;0.950110;0.951140;0.949480;0.949800;5804;0;3;0.949830
2026.01.28 21:00:00;0.949650;0.951540;0.949350;0.951040;11420;0;4;0.951080
2026.01.28 22:00:00;0.951040;0.953140;0.950990;0.952710;6816;0;3;0.952740
2026.01.28 23:00:00;0.952730;0.954630;0.952600;0.954300;3578;0;5;0.954350
2026.01.29 00:00:00;0.954180;0.954830;0.953310;0.954080;1224;0;35;0.954430
2026.01.29 01:00:00;0.954080;0.954600;0.952540;0.952830;4163;0;4;0.952870
2026.01.29 02:00:00;0.952830;0.953640;0.952190;0.952480;5888;0;3;0.952510
2026.01.29 03:00:00;0.952480;0.952730;0.951110;0.952220;6725;0;8;0.952300
2026.01.29 04:00:00;0.952240;0.954140;0.951700;0.953950;5558;0;8;0.954030
2026.01.29 05:00:00;0.953950;0.956980;0.953870;0.956910;6052;0;3;0.956940
2026.01.29 06:00:00;0.956910;0.958690;0.956560;0.958530;4658;0;3;0.958560
2026.01.29 07:00:00;0.958550;0.958980;0.957840;0.958550;4815;0;5;0.958600
2026.01.29 08:00:00;0.958550;0.958600;0.956830;0.957260;5017;0;3;0.957290
2026.01.29 09:00:00;0.957220;0.957400;0.955470;0.956060;5517;0;5;0.956110
2026.01.29 10:00:00;0.956060;0.956520;0.954180;0.955130;7074;0;6;0.955190
2026.01.29 11:00:00;0.955100;0.955910;0.954810;0.954890;5976;0;7;0.954960
2026.01.29 12:00:00;0.954890;0.954900;0.953330;0.953440;5835;0;6;0.953500
2026.01.29 13:00:00;0.953440;0.953800;0.952620;0.953460;5737;0;7;0.953530
2026.01.29 14:00:00;0.953460;0.954680;0.953400;0.954610;4722;0;6;0.954670
2026.01.29 15:00:00;0.954610;0.955630;0.954120;0.955080;7619;0;4;0.955120
2026.01.29 16:00:00;0.955090;0.956050;0.953200;0.953240;11222;0;3;0.953270
2026.01.29 17:00:00;0.953250;0.953380;0.945240;0.945650;21064;0;3;0.945680
2026.01.29 18:00:00;0.945650;0.948440;0.945610;0.947470;16007;0;3;0.947500
2026.01.29 19:00:00;0.947470;0.950180;0.947440;0.948400;11520;0;3;0.948430
2026.01.29 20:00:00;0.948390;0.949720;0.948120;0.949120;9556;0;5;0.949170
2026.01.29 21:00:00;0.949120;0.949630;0.948230;0.948240;8007;0;5;0.948290
2026.01.29 22:00:00;0.948230;0.950580;0.948210;0.950230;6339;0;7;0.950300
2026.01.29 23:00:00;0.950240;0.951230;0.950220;0.950640;3896;0;8;0.950720
2026.01.30 00:00:00;0.950610;0.951390;0.949910;0.950590;1085;0;7;0.950660
2026.01.30 01:00:00;0.950590;0.951340;0.949990;0.950690;3314;0;3;0.950720
2026.01.30 02:00:00;0.950690;0.951050;0.949270;0.949410;6539;0;5;0.949460
2026.01.30 03:00:00;0.949400;0.949570;0.947610;0.947700;10605;0;4;0.947740
2026.01.30 04:00:00;0.947700;0.947790;0.944450;0.947060;12298;0;3;0.947090
2026.01.30 05:00:00;0.947150;0.947220;0.945220;0.945960;6629;0;3;0.945990
2026.01.30 06:00:00;0.945960;0.947080;0.945850;0.946660;4486;0;3;0.946690
2026.01.30 07:00:00;0.946660;0.946720;0.945580;0.946020;5186;0;6;0.946080
2026.01.30 08:00:00;0.946020;0.946550;0.944530;0.944600;7357;0;7;0.944670
2026.01.30 09:00:00;0.944610;0.946000;0.944590;0.945600;7704;0;5;0.945650
2026.01.30 10:00:00;0.945660;0.947410;0.945310;0.946920;8299;0;5;0.946970
2026.01.30 11:00:00;0.946900;0.947670;0.944290;0.944860;9229;0;3;0.944890
2026.01.30 12:00:00;0.944810;0.947460;0.944810;0.946990;8012;0;4;0.947030
2026.01.30 13:00:00;0.946990;0.948600;0.946770;0.948430;7224;0;3;0.948460
2026.01.30 14:00:00;0.948450;0.948860;0.947050;0.947590;7328;0;3;0.947620
2026.01.30 15:00:00;0.947600;0.949170;0.946690;0.946910;11117;0;3;0.946940
2026.01.30 16:00:00;0.946890;0.949420;0.946800;0.948360;12240;0;5;0.948410
2026.01.30 17:00:00;0.948360;0.949920;0.946830;0.948550;14292;0;4;0.948590
2026.01.30 18:00:00;0.948540;0.948930;0.947570;0.948050;11241;0;5;0.948100
2026.01.30 19:00:00;0.948050;0.948090;0.946360;0.946940;12874;0;3;0.946970
2026.01.30 20:00:00;0.946940;0.947600;0.944540;0.947500;14823;0;3;0.947530
2026.01.30 21:00:00;0.947500;0.948080;0.946970;0.947370;11897;0;4;0.947410
2026.01.30 22:00:00;0.947370;0.948110;0.946930;0.948040;9334;0;5;0.948090
2026.01.30 23:00:00;0.948040;0.948610;0.947640;0.947800;5458;0;8;0.947880
2026.02.02 00:00:00;0.946160;0.946260;0.944160;0.944370;1984;0;50;0.944870
2026.02.02 01:00:00;0.944440;0.947990;0.944440;0.946940;10160;0;3;0.946970
2026.02.02 02:00:00;0.946920;0.948980;0.946880;0.948470;11503;0;3;0.948500
2026.02.02 03:00:00;0.948470;0.949220;0.946830;0.948810;13437;0;3;0.948840
2026.02.02 04:00:00;0.948810;0.949190;0.947160;0.947410;10080;0;3;0.947440
2026.02.02 05:00:00;0.947430;0.948360;0.946810;0.947170;9171;0;3;0.947200
2026.02.02 06:00:00;0.947170;0.947280;0.945830;0.946940;6976;0;3;0.946970
2026.02.02 07:00:00;0.946940;0.947120;0.945100;0.946040;8253;0;5;0.946090
2026.02.02 08:00:00;0.946040;0.946540;0.944520;0.945630;9177;0;3;0.945660
2026.02.02 09:00:00;0.945620;0.948080;0.945600;0.947640;8679;0;3;0.947670
2026.02.02 10:00:00;0.947640;0.948340;0.947170;0.947840;8406;0;3;0.947870
2026.02.02 11:00:00;0.947840;0.949480;0.947360;0.949250;8161;0;6;0.949310
2026.02.02 12:00:00;0.949260;0.949710;0.947600;0.948360;7103;0;4;0.948400
2026.02.02 13:00:00;0.948370;0.949750;0.948220;0.948390;5929;0;5;0.948440
2026.02.02 14:00:00;0.948390;0.949190;0.948130;0.948990;7330;0;5;0.949040
2026.02.02 15:00:00;0.948990;0.949490;0.947370;0.949190;10465;0;3;0.949220
2026.02.02 16:00:00;0.949190;0.950860;0.948440;0.950130;11499;0;3;0.950160
2026.02.02 17:00:00;0.950120;0.951390;0.949500;0.950710;13666;0;3;0.950740
2026.02.02 18:00:00;0.950710;0.952400;0.950300;0.951670;10427;0;5;0.951720
2026.02.02 19:00:00;0.951670;0.952260;0.950950;0.951410;7054;0;5;0.951460
2026.02.02 20:00:00;0.951410;0.951470;0.949800;0.950210;6548;0;3;0.950240
2026.02.02 21:00:00;0.950220;0.950500;0.949490;0.950290;5033;0;6;0.950350
2026.02.02 22:00:00;0.950290;0.950530;0.949890;0.950260;5287;0;7;0.950330
2026.02.02 23:00:00;0.950260;0.951010;0.950200;0.950290;2596;0;3;0.950320
2026.02.03 00:00:00;0.950200;0.951000;0.949580;0.950380;1204;0;33;0.950710
2026.02.03 01:00:00;0.950370;0.951230;0.950370;0.951210;2429;0;6;0.951270
2026.02.03 02:00:00;0.951220;0.952320;0.950980;0.952000;3573;0;3;0.952030
2026.02.03 03:00:00;0.952000;0.953270;0.951690;0.953100;5520;0;6;0.953160
2026.02.03 04:00:00;0.953100;0.953120;0.951540;0.952050;4800;0;8;0.952130
2026.02.03 05:00:00;0.952050;0.959360;0.951930;0.958970;7877;0;3;0.959000
2026.02.03 06:00:00;0.958980;0.960400;0.956820;0.957400;5534;0;3;0.957430
2026.02.03 07:00:00;0.957400;0.958320;0.956800;0.957280;5322;0;3;0.957310
2026.02.03 08:00:00;0.957280;0.958790;0.956830;0.958720;5965;0;5;0.958770
2026.02.03 09:00:00;0.958720;0.962480;0.958250;0.961670;7069;0;3;0.961700
2026.02.03 10:00:00;0.961670;0.962240;0.960570;0.961060;6987;0;3;0.961090
2026.02.03 11:00:00;0.961060;0.961290;0.958420;0.958600;7816;0;5;0.958650
2026.02.03 12:00:00;0.958600;0.959250;0.957900;0.957920;5169;0;6;0.957980
2026.02.03 13:00:00;0.957920;0.958540;0.957270;0.957290;4880;0;7;0.957360
2026.02.03 14:00:00;0.957290;0.958000;0.957030;0.957520;5076;0;5;0.957570
2026.02.03 15:00:00;0.957520;0.957870;0.956870;0.957650;7178;0;5;0.957700
2026.02.03 16:00:00;0.957660;0.957730;0.955510;0.955620;8989;0;3;0.955650
2026.02.03 17:00:00;0.955610;0.957560;0.954680;0.957470;11339;0;4;0.957510
2026.02.03 18:00:00;0.957470;0.958170;0.956870;0.957680;8579;0;4;0.957720
2026.02.03 19:00:00;0.957680;0.957770;0.956320;0.956800;8736;0;6;0.956860
2026.02.03 20:00:00;0.956800;0.957330;0.955550;0.955560;8479;0;7;0.955630
2026.02.03 21:00:00;0.955560;0.956590;0.954960;0.956430;8910;0;6;0.956490
2026.02.03 22:00:00;0.956430;0.957450;0.955880;0.957380;6548;0;8;0.957460
2026.02.03 23:00:00;0.957380;0.958180;0.957290;0.957410;3056;0;8;0.957490
2026.02.04 00:00:00;0.957320;0.957380;0.956020;0.956670;1178;0;28;0.956950
2026.02.04 01:00:00;0.956660;0.957840;0.956660;0.957840;1922;0;8;0.957920
2026.02.04 02:00:00;0.957840;0.958290;0.957190;0.957610;3434;0;5;0.957660
2026.02.04 03:00:00;0.957620;0.959260;0.957360;0.958360;6342;0;7;0.958430
2026.02.04 04:00:00;0.958380;0.959040;0.957130;0.957570;4942;0;4;0.957610
2026.02.04 05:00:00;0.957580;0.958170;0.957370;0.957880;3854;0;5;0.957930
2026.02.04 06:00:00;0.957880;0.958110;0.957540;0.957740;2115;0;7;0.957810
2026.02.04 07:00:00;0.957740;0.958930;0.957680;0.958280;2615;0;8;0.958360
2026.02.04 08:00:00;0.958280;0.958960;0.958090;0.958900;3557;0;7;0.958970
2026.02.04 09:00:00;0.958900;0.959210;0.957940;0.959050;4272;0;6;0.959110
2026.02.04 10:00:00;0.959040;0.959870;0.958780;0.959440;5210;0;5;0.959490
2026.02.04 11:00:00;0.959440;0.959710;0.957280;0.958010;5269;0;3;0.958040
2026.02.04 12:00:00;0.958020;0.959190;0.957960;0.958920;4849;0;4;0.958960
2026.02.04 13:00:00;0.958920;0.959400;0.958470;0.959330;4782;0;5;0.959380
2026.02.04 14:00:00;0.959330;0.959900;0.959170;0.959680;3925;0;6;0.959740
2026.02.04 15:00:00;0.959680;0.960080;0.958810;0.959840;7171;0;6;0.959900
2026.02.04 16:00:00;0.959840;0.959890;0.958000;0.958160;11304;0;3;0.958190
2026.02.04 17:00:00;0.958130;0.958750;0.956550;0.956710;14485;0;3;0.956740
2026.02.04 18:00:00;0.956710;0.956790;0.955010;0.955930;10435;0;6;0.955990
2026.02.04 19:00:00;0.955930;0.956570;0.953400;0.954110;10459;0;7;0.954180
2026.02.04 20:00:00;0.954110;0.955100;0.953320;0.954490;8282;0;3;0.954520
2026.02.04 21:00:00;0.954490;0.956640;0.954000;0.956420;7916;0;5;0.956470
2026.02.04 22:00:00;0.956420;0.956700;0.955990;0.956060;5274;0;8;0.956140
2026.02.04 23:00:00;0.956060;0.956380;0.955810;0.955810;2818;0;8;0.955890
2026.02.05 00:00:00;0.955640;0.956230;0.954970;0.955970;801;0;41;0.956380
2026.02.05 01:00:00;0.955970;0.956410;0.955730;0.956040;2534;0;8;0.956120
2026.02.05 02:00:00;0.956040;0.957200;0.955730;0.956690;3219;0;5;0.956740
2026.02.05 03:00:00;0.956690;0.957090;0.955910;0.956140;5941;0;6;0.956200
2026.02.05 04:00:00;0.956140;0.956220;0.951980;0.952850;9861;0;5;0.952900
2026.02.05 05:00:00;0.952850;0.954440;0.952460;0.952970;8254;0;3;0.953000
2026.02.05 06:00:00;0.952970;0.954030;0.952880;0.953550;3582;0;6;0.953610
2026.02.05 07:00:00;0.953550;0.954000;0.952940;0.953890;4773;0;8;0.953970
2026.02.05 08:00:00;0.953890;0.954740;0.953650;0.954670;5088;0;7;0.954740
2026.02.05 09:00:00;0.954670;0.955220;0.954390;0.954650;4955;0;6;0.954710
2026.02.05 10:00:00;0.954660;0.956110;0.954620;0.954860;6496;0;3;0.954890
2026.02.05 11:00:00;0.954860;0.955310;0.953610;0.954260;6155;0;7;0.954330
2026.02.05 12:00:00;0.954260;0.954900;0.953970;0.954890;4394;0;7;0.954960
2026.02.05 13:00:00;0.954870;0.955650;0.954670;0.955070;4358;0;8;0.955150
2026.02.05 14:00:00;0.955070;0.955460;0.952850;0.953560;9852;0;3;0.953590
2026.02.05 15:00:00;0.953570;0.954290;0.952180;0.952410;10080;0;5;0.952460
2026.02.05 16:00:00;0.952410;0.953470;0.951210;0.951810;13600;0;3;0.951840
2026.02.05 17:00:00;0.951770;0.952360;0.949190;0.951280;15014;0;3;0.951310
2026.02.05 18:00:00;0.951300;0.953730;0.950980;0.953140;11893;0;4;0.953180
2026.02.05 19:00:00;0.953140;0.953740;0.952210;0.953020;9624;0;8;0.953100
2026.02.05 20:00:00;0.953020;0.953330;0.951660;0.951920;6754;0;6;0.951980
2026.02.05 21:00:00;0.951910;0.953140;0.951820;0.952020;6409;0;8;0.952100
2026.02.05 22:00:00;0.952020;0.952800;0.950520;0.950860;5999;0;7;0.950930
2026.02.05 23:00:00;0.950860;0.951060;0.949170;0.949350;3509;0;5;0.949400
2026.02.06 00:00:00;0.949310;0.949950;0.949020;0.949350;1467;0;36;0.949710
2026.02.06 01:00:00;0.949370;0.949750;0.947920;0.948190;3393;0;8;0.948270
2026.02.06 02:00:00;0.948190;0.948690;0.946450;0.948550;7002;0;5;0.948600
2026.02.06 03:00:00;0.948550;0.950480;0.947610;0.950260;8435;0;4;0.950300
2026.02.06 04:00:00;0.950250;0.951200;0.950230;0.950440;5915;0;3;0.950470
2026.02.06 05:00:00;0.950440;0.951010;0.950090;0.950910;4172;0;7;0.950980
2026.02.06 06:00:00;0.950910;0.951280;0.950310;0.950730;3224;0;5;0.950780
2026.02.06 07:00:00;0.950730;0.952220;0.950620;0.952140;4244;0;8;0.952220
2026.02.06 08:00:00;0.952150;0.952920;0.951900;0.952460;4414;0;8;0.952540
2026.02.06 09:00:00;0.952460;0.952750;0.951860;0.952550;4343;0;7;0.952620
2026.02.06 10:00:00;0.952570;0.952990;0.951850;0.952560;5831;0;6;0.952620
2026.02.06 11:00:00;0.952560;0.954690;0.952340;0.954410;5055;0;6;0.954470
2026.02.06 12:00:00;0.954390;0.954750;0.953730;0.954460;3547;0;8;0.954540
2026.02.06 13:00:00;0.954460;0.955600;0.954220;0.955350;4144;0;6;0.955410
2026.02.06 14:00:00;0.955350;0.955500;0.954470;0.954590;4185;0;7;0.954660
2026.02.06 15:00:00;0.954570;0.955350;0.954100;0.955070;6626;0;3;0.955100
2026.02.06 16:00:00;0.955070;0.955650;0.954430;0.955300;9041;0;5;0.955350
2026.02.06 17:00:00;0.955300;0.956090;0.954490;0.955200;10649;0;3;0.955230
2026.02.06 18:00:00;0.955200;0.957350;0.955120;0.956870;6348;0;4;0.956910
2026.02.06 19:00:00;0.956870;0.958110;0.956690;0.957860;4429;0;7;0.957930
2026.02.06 20:00:00;0.957850;0.958120;0.957600;0.957890;2896;0;8;0.957970
2026.02.06 21:00:00;0.957890;0.958410;0.957810;0.958260;2880;0;8;0.958340
2026.02.06 22:00:00;0.958260;0.958670;0.958120;0.958260;2631;0;8;0.958340
2026.02.06 23:00:00;0.958250;0.958990;0.958070;0.958530;3446;0;5;0.958580
2026.02.09 00:00:00;0.958890;0.959220;0.957950;0.958350;1737;0;43;0.958780
2026.02.09 01:00:00;0.958420;0.961030;0.958420;0.960890;4805;0;3;0.960920
2026.02.09 02:00:00;0.960890;0.960890;0.959070;0.959150;4697;0;3;0.959180
2026.02.09 03:00:00;0.959150;0.959330;0.958210;0.958670;5378;0;8;0.958750
2026.02.09 04:00:00;0.958670;0.960480;0.958630;0.959840;3587;0;6;0.959900
2026.02.09 05:00:00;0.959840;0.960300;0.959260;0.959340;2710;0;7;0.959410
2026.02.09 06:00:00;0.959340;0.959740;0.958910;0.959200;2141;0;8;0.959280
2026.02.09 07:00:00;0.959200;0.959810;0.959120;0.959720;2044;0;7;0.959790
2026.02.09 08:00:00;0.959710;0.960350;0.959120;0.960260;4954;0;5;0.960310
2026.02.09 09:00:00;0.960260;0.960570;0.959190;0.959340;5017;0;7;0.959410
2026.02.09 10:00:00;0.959340;0.960170;0.958850;0.959950;5377;0;5;0.960000
2026.02.09 11:00:00;0.959950;0.960460;0.959290;0.959580;4322;0;6;0.959640
2026.02.09 12:00:00;0.959580;0.959720;0.957540;0.958070;5318;0;8;0.958150
2026.02.09 13:00:00;0.958090;0.959440;0.957890;0.959200;4949;0;3;0.959230
2026.02.09 14:00:00;0.959200;0.959640;0.958450;0.959210;4834;0;6;0.959270
2026.02.09 15:00:00;0.959210;0.960800;0.959090;0.959820;7071;0;7;0.959890
2026.02.09 16:00:00;0.959840;0.961580;0.959640;0.961490;9523;0;6;0.961550
2026.02.09 17:00:00;0.961500;0.962690;0.961350;0.961970;7636;0;6;0.962030
2026.02.09 18:00:00;0.961970;0.962290;0.961370;0.961630;5272;0;5;0.961680
2026.02.09 19:00:00;0.961630;0.962180;0.961480;0.961750;3375;0;8;0.961830
2026.02.09 20:00:00;0.961750;0.962170;0.961230;0.962100;4499;0;8;0.962180
2026.02.09 21:00:00;0.962100;0.962300;0.961740;0.962170;3094;0;8;0.962250
2026.02.09 22:00:00;0.962180;0.962210;0.961440;0.961650;3154;0;8;0.961730
2026.02.09 23:00:00;0.961650;0.961710;0.960900;0.961390;2145;0;8;0.961470
2026.02.10 00:00:00;0.961310;0.961860;0.961050;0.961110;1449;0;38;0.961490
2026.02.10 01:00:00;0.961110;0.961660;0.960450;0.960480;2091;0;8;0.960560
2026.02.10 02:00:00;0.960480;0.960810;0.959940;0.960200;2978;0;7;0.960270
2026.02.10 03:00:00;0.960200;0.961010;0.959940;0.960910;4804;0;5;0.960960
2026.02.10 04:00:00;0.960910;0.960950;0.959770;0.960060;3800;0;4;0.960100
2026.02.10 05:00:00;0.960060;0.960150;0.958700;0.958830;2992;0;5;0.958880
2026.02.10 06:00:00;0.958830;0.959270;0.958600;0.958740;1806;0;6;0.958800
2026.02.10 07:00:00;0.958740;0.959010;0.958430;0.958730;2077;0;6;0.958790
2026.02.10 08:00:00;0.958720;0.958730;0.957870;0.958240;2558;0;8;0.958320
2026.02.10 09:00:00;0.958240;0.958860;0.958120;0.958840;3010;0;8;0.958920
2026.02.10 10:00:00;0.958840;0.959730;0.958670;0.959120;4169;0;7;0.959190
2026.02.10 11:00:00;0.959120;0.959970;0.959030;0.959450;3537;0;7;0.959520
2026.02.10 12:00:00;0.959450;0.959620;0.959000;0.959210;3024;0;7;0.959280
2026.02.10 13:00:00;0.959220;0.959580;0.958990;0.959310;2718;0;8;0.959390
2026.02.10 14:00:00;0.959310;0.959840;0.958980;0.959440;3981;0;7;0.959510
2026.02.10 15:00:00;0.959450;0.960000;0.958340;0.958490;6061;0;6;0.958550
2026.02.10 16:00:00;0.958470;0.959950;0.957250;0.958460;8224;0;6;0.958520
2026.02.10 17:00:00;0.958460;0.958800;0.957200;0.958150;8491;0;6;0.958210
2026.02.10 18:00:00;0.958150;0.958340;0.956760;0.956820;7560;0;6;0.956880
2026.02.10 19:00:00;0.956820;0.958080;0.956640;0.957920;4354;0;6;0.957980
2026.02.10 20:00:00;0.957940;0.958220;0.957450;0.958180;4823;0;8;0.958260
2026.02.10 21:00:00;0.958180;0.958930;0.957930;0.958640;3073;0;6;0.958700
2026.02.10 22:00:00;0.958640;0.959010;0.958500;0.958710;3267;0;7;0.958780
2026.02.10 23:00:00;0.958690;0.958930;0.958150;0.958150;2063;0;7;0.958220
2026.02.11 00:00:00;0.958180;0.958290;0.957460;0.957570;857;0;6;0.957630
2026.02.11 01:00:00;0.957580;0.958720;0.957580;0.958620;1536;0;8;0.958700
2026.02.11 02:00:00;0.958620;0.959620;0.958540;0.959300;2906;0;8;0.959380
2026.02.11 03:00:00;0.959300;0.961030;0.959150;0.960560;3789;0;7;0.960630
2026.02.11 04:00:00;0.960560;0.963770;0.960310;0.962740;4130;0;3;0.962770
2026.02.11 05:00:00;0.962740;0.963520;0.962100;0.963340;2914;0;4;0.963380
2026.02.11 06:00:00;0.963340;0.963520;0.961780;0.961880;2162;0;8;0.961960
2026.02.11 07:00:00;0.961880;0.962250;0.961330;0.961990;2684;0;7;0.962060
2026.02.11 08:00:00;0.961990;0.962400;0.960580;0.961080;3281;0;6;0.961140
2026.02.11 09:00:00;0.961090;0.961430;0.960750;0.961020;3441;0;7;0.961090
2026.02.11 10:00:00;0.961020;0.961260;0.959950;0.961030;3798;0;8;0.961110
2026.02.11 11:00:00;0.961040;0.961590;0.960660;0.961110;3855;0;7;0.961180
2026.02.11 12:00:00;0.961110;0.962020;0.960300;0.961740;3677;0;6;0.961800
2026.02.11 13:00:00;0.961740;0.963690;0.961560;0.962590;4406;0;3;0.962620
2026.02.11 14:00:00;0.962600;0.963920;0.962500;0.963740;4851;0;7;0.963810
2026.02.11 15:00:00;0.963760;0.966590;0.961710;0.966350;12402;0;3;0.966380
2026.02.11 16:00:00;0.966350;0.968170;0.966090;0.967730;13357;0;6;0.967790
2026.02.11 17:00:00;0.967740;0.968200;0.965580;0.967040;13899;0;5;0.967090
2026.02.11 18:00:00;0.967030;0.967670;0.966400;0.967180;9210;0;7;0.967250
2026.02.11 19:00:00;0.967170;0.968220;0.966680;0.967690;7110;0;7;0.967760
2026.02.11 20:00:00;0.967690;0.967970;0.966440;0.966960;6019;0;6;0.967020
2026.02.11 21:00:00;0.966940;0.967830;0.966800;0.967110;4728;0;6;0.967170
2026.02.11 22:00:00;0.967090;0.967360;0.966720;0.966920;3123;0;5;0.966970
2026.02.11 23:00:00;0.966900;0.967850;0.966720;0.967350;2154;0;8;0.967430
2026.02.12 00:00:00;0.967330;0.967360;0.965920;0.966870;995;0;19;0.967060
2026.02.12 01:00:00;0.966870;0.967660;0.966580;0.967000;1812;0;5;0.967050
2026.02.12 02:00:00;0.967000;0.968610;0.966800;0.968530;3218;0;7;0.968600
2026.02.12 03:00:00;0.968480;0.969570;0.968200;0.969100;4573;0;4;0.969140
2026.02.12 04:00:00;0.969100;0.969370;0.967800;0.968140;3323;0;8;0.968220
2026.02.12 05:00:00;0.968140;0.968420;0.967320;0.967500;3141;0;6;0.967560
2026.02.12 06:00:00;0.967500;0.968230;0.965960;0.966250;2920;0;3;0.966280
2026.02.12 07:00:00;0.966360;0.967390;0.965990;0.967340;2970;0;3;0.967370
2026.02.12 08:00:00;0.967340;0.967390;0.965780;0.966200;4644;0;5;0.966250
2026.02.12 09:00:00;0.966200;0.966960;0.966020;0.966480;3566;0;7;0.966550
2026.02.12 10:00:00;0.966480;0.966960;0.965180;0.965660;4725;0;7;0.965730
2026.02.12 11:00:00;0.965660;0.966040;0.965480;0.966020;4040;0;3;0.966050
2026.02.12 12:00:00;0.966020;0.966800;0.965620;0.966130;3337;0;6;0.966190
2026.02.12 13:00:00;0.966130;0.966570;0.965840;0.966270;3032;0;8;0.966350
2026.02.12 14:00:00;0.966270;0.966860;0.966200;0.966570;3860;0;7;0.966640
2026.02.12 15:00:00;0.966550;0.968900;0.966320;0.968600;5373;0;7;0.968670
2026.02.12 16:00:00;0.968600;0.968790;0.967280;0.967340;8471;0;6;0.967400
2026.02.12 17:00:00;0.967360;0.969800;0.967280;0.969780;10043;0;5;0.969830
2026.02.12 18:00:00;0.969780;0.969810;0.965710;0.966640;15445;0;3;0.966670
2026.02.12 19:00:00;0.966640;0.966670;0.965260;0.965340;11047;0;3;0.965370
2026.02.12 20:00:00;0.965330;0.965970;0.964440;0.965560;9075;0;5;0.965610
2026.02.12 21:00:00;0.965560;0.965950;0.965180;0.965590;5792;0;4;0.965630
2026.02.12 22:00:00;0.965590;0.965850;0.964290;0.964600;5252;0;8;0.964680
2026.02.12 23:00:00;0.964600;0.964980;0.964370;0.964500;2255;0;5;0.964550
2026.02.13 00:00:00;0.964350;0.965490;0.964070;0.964100;1599;0;12;0.964220
2026.02.13 01:00:00;0.964070;0.965130;0.964070;0.964730;2060;0;5;0.964780
2026.02.13 02:00:00;0.964720;0.965380;0.963910;0.964130;3356;0;6;0.964190
2026.02.13 03:00:00;0.964130;0.966070;0.964130;0.964800;4572;0;5;0.964850
2026.02.13 04:00:00;0.964800;0.965520;0.964710;0.965100;2958;0;4;0.965140
2026.02.13 05:00:00;0.965100;0.965320;0.964090;0.964530;2422;0;5;0.964580
2026.02.13 06:00:00;0.964530;0.965340;0.964190;0.964520;2231;0;7;0.964590
2026.02.13 07:00:00;0.964520;0.965030;0.962840;0.963240;4154;0;4;0.963280
2026.02.13 08:00:00;0.963240;0.963270;0.961090;0.961820;4053;0;5;0.961870
2026.02.13 09:00:00;0.961820;0.962050;0.960480;0.961920;4880;0;7;0.961990
2026.02.13 10:00:00;0.961950;0.962680;0.961510;0.962480;5415;0;6;0.962540
2026.02.13 11:00:00;0.962480;0.962630;0.961720;0.962040;4307;0;7;0.962110
2026.02.13 12:00:00;0.962040;0.962320;0.961460;0.961620;3796;0;6;0.961680
2026.02.13 13:00:00;0.961620;0.961690;0.959820;0.960240;5453;0;5;0.960290
2026.02.13 14:00:00;0.960240;0.961270;0.959940;0.960940;5274;0;4;0.960980
2026.02.13 15:00:00;0.960930;0.962980;0.960220;0.961680;11103;0;4;0.961720
2026.02.13 16:00:00;0.961690;0.963480;0.960120;0.960450;13453;0;3;0.960480
2026.02.13 17:00:00;0.960420;0.963710;0.960420;0.962490;14676;0;3;0.962520
2026.02.13 18:00:00;0.962500;0.963070;0.961860;0.962390;8935;0;3;0.962420
2026.02.13 19:00:00;0.962390;0.962920;0.962010;0.962660;6138;0;4;0.962700
2026.02.13 20:00:00;0.962660;0.963600;0.962200;0.963160;5660;0;6;0.963220
2026.02.13 21:00:00;0.963160;0.963740;0.962930;0.963140;5164;0;7;0.963210
2026.02.13 22:00:00;0.963140;0.963550;0.962580;0.963380;5701;0;7;0.963450
2026.02.13 23:00:00;0.963390;0.963940;0.962410;0.962430;2564;0;7;0.962500
2026.02.16 00:00:00;0.960830;0.961820;0.960660;0.961710;1288;0;59;0.962300
2026.02.16 01:00:00;0.961760;0.963150;0.961760;0.962840;2541;0;5;0.962890
2026.02.16 02:00:00;0.962840;0.963500;0.962490;0.963500;3344;0;5;0.963550
2026.02.16 03:00:00;0.963500;0.964620;0.963180;0.964430;2966;0;3;0.964460
2026.02.16 04:00:00;0.964430;0.964580;0.963980;0.964140;2954;0;4;0.964180
2026.02.16 05:00:00;0.964140;0.964610;0.963730;0.964220;2397;0;7;0.964290
2026.02.16 06:00:00;0.964220;0.964960;0.964060;0.964850;2074;0;8;0.964930
2026.02.16 07:00:00;0.964850;0.965150;0.964580;0.964940;1618;0;8;0.965020
2026.02.16 08:00:00;0.964940;0.965350;0.964630;0.964700;2108;0;7;0.964770
2026.02.16 09:00:00;0.964700;0.964900;0.964190;0.964410;2709;0;8;0.964490
2026.02.16 10:00:00;0.964420;0.965520;0.964260;0.965290;4526;0;3;0.965320
2026.02.16 11:00:00;0.965290;0.965390;0.964240;0.964590;3295;0;3;0.964620
2026.02.16 12:00:00;0.964590;0.964760;0.964200;0.964740;3389;0;8;0.964820
2026.02.16 13:00:00;0.964740;0.964920;0.963940;0.964870;2832;0;6;0.964930
2026.02.16 14:00:00;0.964870;0.965510;0.964530;0.965510;2589;0;6;0.965570
2026.02.16 15:00:00;0.965510;0.965710;0.964990;0.965130;3032;0;5;0.965180
2026.02.16 16:00:00;0.965110;0.965310;0.963660;0.964570;3961;0;6;0.964630
2026.02.16 17:00:00;0.964570;0.964700;0.963200;0.963260;3498;0;7;0.963330
2026.02.16 18:00:00;0.963260;0.964280;0.963240;0.964280;3270;0;8;0.964360
2026.02.16 19:00:00;0.964280;0.964670;0.964190;0.964460;1293;0;6;0.964520
2026.02.16 20:00:00;0.964460;0.964800;0.964380;0.964390;619;0;6;0.964450
2026.02.16 21:00:00;0.964390;0.964650;0.964390;0.964630;455;0;7;0.964700
2026.02.16 22:00:00;0.964630;0.964780;0.964510;0.964630;442;0;6;0.964690
2026.02.16 23:00:00;0.964630;0.964650;0.964150;0.964150;698;0;8;0.964230
2026.02.17 00:00:00;0.963210;0.964540;0.963210;0.963760;1031;0;33;0.964090
2026.02.17 01:00:00;0.963760;0.964650;0.963690;0.964380;1149;0;7;0.964450
2026.02.17 02:00:00;0.964360;0.964750;0.963570;0.963720;2978;0;5;0.963770
2026.02.17 03:00:00;0.963720;0.964690;0.962590;0.962880;4174;0;6;0.962940
2026.02.17 04:00:00;0.962860;0.963160;0.962100;0.962860;3280;0;7;0.962930
2026.02.17 05:00:00;0.962860;0.962900;0.961510;0.962460;3425;0;5;0.962510
2026.02.17 06:00:00;0.962460;0.963850;0.962400;0.963850;2426;0;6;0.963910
2026.02.17 07:00:00;0.963850;0.964000;0.962840;0.963110;3983;0;7;0.963180
2026.02.17 08:00:00;0.963110;0.964060;0.963110;0.963840;2858;0;7;0.963910
2026.02.17 09:00:00;0.963860;0.964130;0.963040;0.964030;4342;0;6;0.964090
2026.02.17 10:00:00;0.964040;0.964510;0.963880;0.964360;5111;0;5;0.964410
2026.02.17 11:00:00;0.964360;0.964960;0.964200;0.964900;4053;0;6;0.964960
2026.02.17 12:00:00;0.964910;0.965140;0.963770;0.963790;3958;0;7;0.963860
2026.02.17 13:00:00;0.963790;0.964110;0.963220;0.963560;4672;0;3;0.963590
2026.02.17 14:00:00;0.963560;0.964010;0.962800;0.962930;4106;0;6;0.962990
2026.02.17 15:00:00;0.962930;0.964900;0.961880;0.963010;7763;0;3;0.963040
2026.02.17 16:00:00;0.963010;0.964740;0.962490;0.962610;11943;0;3;0.962640
2026.02.17 17:00:00;0.962610;0.963770;0.961850;0.963730;13117;0;5;0.963780
2026.02.17 18:00:00;0.963740;0.964740;0.963680;0.964290;9817;0;3;0.964320
2026.02.17 19:00:00;0.964290;0.964700;0.963640;0.964300;8026;0;5;0.964350
2026.02.17 20:00:00;0.964300;0.966700;0.964180;0.966560;6684;0;4;0.966600
2026.02.17 21:00:00;0.966560;0.966800;0.965710;0.965760;4199;0;5;0.965810
2026.02.17 22:00:00;0.965760;0.966030;0.965610;0.965840;3469;0;8;0.965920
2026.02.17 23:00:00;0.965840;0.966340;0.965750;0.966060;1730;0;7;0.966130
2026.02.18 00:00:00;0.966010;0.966350;0.964060;0.965910;730;0;19;0.966100
2026.02.18 01:00:00;0.965910;0.966260;0.965720;0.965800;1914;0;5;0.965850
2026.02.18 02:00:00;0.965800;0.966240;0.965180;0.965380;3271;0;6;0.965440
2026.02.18 03:00:00;0.965320;0.965640;0.965120;0.965450;3532;0;5;0.965500
2026.02.18 04:00:00;0.965450;0.965620;0.964420;0.964460;2660;0;6;0.964520
2026.02.18 05:00:00;0.964460;0.965080;0.964250;0.964930;2568;0;8;0.965010
2026.02.18 06:00:00;0.964970;0.965360;0.964710;0.964990;2139;0;6;0.965050
2026.02.18 07:00:00;0.964980;0.965300;0.964780;0.964940;1689;0;6;0.965000
2026.02.18 08:00:00;0.964940;0.965390;0.964600;0.965120;2193;0;8;0.965200
2026.02.18 09:00:00;0.965120;0.965960;0.964880;0.965880;3335;0;6;0.965940
2026.02.18 10:00:00;0.965900;0.966630;0.965860;0.966200;4465;0;6;0.966260
2026.02.18 11:00:00;0.966210;0.967010;0.966160;0.966430;3586;0;7;0.966500
2026.02.18 12:00:00;0.966430;0.966740;0.965690;0.965820;3002;0;6;0.965880
2026.02.18 13:00:00;0.965820;0.965860;0.964490;0.964550;2748;0;8;0.964630
2026.02.18 14:00:00;0.964530;0.965440;0.964520;0.964880;4054;0;6;0.964940
2026.02.18 15:00:00;0.964880;0.965330;0.964330;0.964360;5387;0;3;0.964390
2026.02.18 16:00:00;0.964360;0.965320;0.964000;0.965120;8842;0;4;0.965160
2026.02.18 17:00:00;0.965120;0.966640;0.965090;0.966370;7062;0;6;0.966430
2026.02.18 18:00:00;0.966380;0.966730;0.965960;0.966000;5569;0;6;0.966060
2026.02.18 19:00:00;0.966000;0.966530;0.965960;0.966310;4199;0;8;0.966390
2026.02.18 20:00:00;0.966290;0.966460;0.965140;0.965190;4805;0;6;0.965250
2026.02.18 21:00:00;0.965020;0.965340;0.963590;0.963950;6535;0;3;0.963980
2026.02.18 22:00:00;0.963950;0.964670;0.963530;0.964520;4256;0;6;0.964580
2026.02.18 23:00:00;0.964520;0.964660;0.964310;0.964380;1633;0;8;0.964460
2026.02.19 00:00:00;0.964260;0.964610;0.963640;0.964390;1074;0;37;0.964760
2026.02.19 01:00:00;0.964430;0.964860;0.964230;0.964500;1490;0;11;0.964610
2026.02.19 02:00:00;0.964520;0.965880;0.963990;0.965230;3596;0;4;0.965270
2026.02.19 03:00:00;0.965250;0.967310;0.965210;0.967270;3690;0;4;0.967310
2026.02.19 04:00:00;0.967240;0.967590;0.966600;0.967490;2499;0;4;0.967530
2026.02.19 05:00:00;0.967500;0.967800;0.967330;0.967380;2094;0;7;0.967450
2026.02.19 06:00:00;0.967380;0.967550;0.965870;0.965980;1783;0;6;0.966040
2026.02.19 07:00:00;0.965980;0.966430;0.965330;0.966320;1870;0;3;0.966350
2026.02.19 08:00:00;0.966330;0.967250;0.965970;0.967180;2443;0;5;0.967230
2026.02.19 09:00:00;0.967180;0.967930;0.966810;0.967650;2944;0;6;0.967710
2026.02.19 10:00:00;0.967640;0.968390;0.966390;0.966710;4463;0;6;0.966770
2026.02.19 11:00:00;0.966720;0.967130;0.964870;0.965210;4830;0;3;0.965240
2026.02.19 12:00:00;0.965190;0.966010;0.964600;0.964870;5048;0;3;0.964900
2026.02.19 13:00:00;0.964880;0.965750;0.963870;0.964520;3898;0;6;0.964580
2026.02.19 14:00:00;0.964520;0.965250;0.964250;0.964820;4019;0;3;0.964850
2026.02.19 15:00:00;0.964820;0.965620;0.964020;0.965040;6467;0;5;0.965090
2026.02.19 16:00:00;0.965050;0.965270;0.963140;0.964120;9896;0;4;0.964160
2026.02.19 17:00:00;0.964120;0.966410;0.963840;0.965490;11876;0;5;0.965540
2026.02.19 18:00:00;0.965490;0.966090;0.964610;0.965570;9062;0;3;0.965600
2026.02.19 19:00:00;0.965560;0.966150;0.964890;0.965340;6311;0;7;0.965410
2026.02.19 20:00:00;0.965340;0.966220;0.965000;0.965920;5508;0;3;0.965950
2026.02.19 21:00:00;0.965920;0.966260;0.965050;0.965500;4417;0;7;0.965570
2026.02.19 22:00:00;0.965500;0.966150;0.965370;0.966110;3199;0;7;0.966180
2026.02.19 23:00:00;0.966110;0.966380;0.964610;0.964610;1847;0;7;0.964680
2026.02.20 00:00:00;0.964670;0.965480;0.964430;0.965420;916;0;47;0.965890
2026.02.20 01:00:00;0.965440;0.966100;0.965260;0.965680;1881;0;8;0.965760
2026.02.20 02:00:00;0.965680;0.965860;0.965290;0.965580;2926;0;5;0.965630
2026.02.20 03:00:00;0.965580;0.965660;0.962170;0.963060;5109;0;4;0.963100
2026.02.20 04:00:00;0.963060;0.963340;0.961160;0.961860;4654;0;3;0.961890
2026.02.20 05:00:00;0.961860;0.962680;0.961820;0.962440;2594;0;6;0.962500
2026.02.20 06:00:00;0.962430;0.963110;0.962140;0.962830;2252;0;5;0.962880
2026.02.20 07:00:00;0.962840;0.963890;0.962840;0.963890;2839;0;6;0.963950
2026.02.20 08:00:00;0.963890;0.964340;0.963660;0.964300;2630;0;7;0.964370
2026.02.20 09:00:00;0.964310;0.965050;0.964220;0.964450;4374;0;6;0.964510
2026.02.20 10:00:00;0.964450;0.965900;0.964280;0.965830;5852;0;4;0.965870
2026.02.20 11:00:00;0.965840;0.966860;0.965720;0.966160;4554;0;6;0.966220
2026.02.20 12:00:00;0.966160;0.966520;0.965410;0.965560;4149;0;6;0.965620
2026.02.20 13:00:00;0.965560;0.965600;0.964300;0.964390;3987;0;7;0.964460
2026.02.20 14:00:00;0.964390;0.964710;0.964030;0.964270;4589;0;7;0.964340
2026.02.20 15:00:00;0.964250;0.965500;0.964120;0.965260;7200;0;4;0.965300
2026.02.20 16:00:00;0.965260;0.967220;0.964330;0.967040;8853;0;5;0.967090
2026.02.20 17:00:00;0.967020;0.969270;0.965790;0.968990;19809;0;3;0.969020
2026.02.20 18:00:00;0.968990;0.969710;0.968190;0.969150;11535;0;6;0.969210
2026.02.20 19:00:00;0.969150;0.969640;0.967400;0.968400;10683;0;3;0.968430
2026.02.20 20:00:00;0.968390;0.969840;0.967650;0.969350;11896;0;3;0.969380
2026.02.20 21:00:00;0.969350;0.969440;0.968630;0.968870;6421;0;3;0.968900
2026.02.20 22:00:00;0.968870;0.969240;0.968780;0.969140;4058;0;6;0.969200
2026.02.20 23:00:00;0.969140;0.969290;0.968430;0.968710;3424;0;7;0.968780
2026.02.23 00:00:00;0.968830;0.968910;0.967950;0.967950;690;0;3;0.967980
2026.02.23 01:00:00;0.967970;0.970650;0.967940;0.970640;4792;0;6;0.970700
2026.02.23 02:00:00;0.970640;0.970660;0.967800;0.968410;5811;0;6;0.968470
2026.02.23 03:00:00;0.968420;0.968450;0.966870;0.967390;7421;0;3;0.967420
2026.02.23 04:00:00;0.967380;0.967530;0.966120;0.966510;5122;0;6;0.966570
2026.02.23 05:00:00;0.966510;0.966890;0.966250;0.966390;3252;0;6;0.966450
2026.02.23 06:00:00;0.966390;0.966620;0.966060;0.966470;2528;0;9;0.966560
2026.02.23 07:00:00;0.966470;0.966980;0.966160;0.966790;2444;0;6;0.966850
2026.02.23 08:00:00;0.966780;0.967720;0.966490;0.967560;2639;0;3;0.967590
2026.02.23 09:00:00;0.967560;0.968140;0.967020;0.967740;4113;0;7;0.967810
2026.02.23 10:00:00;0.967740;0.968320;0.967000;0.967710;5537;0;6;0.967770
2026.02.23 11:00:00;0.967710;0.968640;0.967710;0.968340;4236;0;5;0.968390
2026.02.23 12:00:00;0.968340;0.968350;0.967480;0.967720;3869;0;8;0.967800
2026.02.23 13:00:00;0.967720;0.967960;0.967410;0.967550;4009;0;6;0.967610
2026.02.23 14:00:00;0.967550;0.967700;0.966490;0.967160;4629;0;8;0.967240
2026.02.23 15:00:00;0.967150;0.967880;0.966710;0.966730;5595;0;6;0.966790
2026.02.23 16:00:00;0.966730;0.968240;0.966720;0.967820;8606;0;7;0.967890
2026.02.23 17:00:00;0.967820;0.968130;0.966090;0.966270;9803;0;5;0.966320
2026.02.23 18:00:00;0.966270;0.966790;0.965290;0.966180;10013;0;6;0.966240
2026.02.23 19:00:00;0.966180;0.966480;0.965230;0.966280;6519;0;7;0.966350
2026.02.23 20:00:00;0.966280;0.967420;0.966200;0.966560;4657;0;8;0.966640
2026.02.23 21:00:00;0.966540;0.966620;0.966030;0.966190;3982;0;7;0.966260
2026.02.23 22:00:00;0.966190;0.966800;0.966070;0.966780;3731;0;8;0.966860
2026.02.23 23:00:00;0.966780;0.967170;0.966100;0.966100;1666;0;8;0.966180
2026.02.24 00:00:00;0.966060;0.966320;0.965290;0.965940;1160;0;38;0.966320
2026.02.24 01:00:00;0.965970;0.967080;0.965840;0.966690;1419;0;9;0.966780
2026.02.24 02:00:00;0.966690;0.967580;0.966590;0.967530;2964;0;7;0.967600
2026.02.24 03:00:00;0.967510;0.967600;0.966730;0.967310;6640;0;5;0.967360
2026.02.24 04:00:00;0.967300;0.968580;0.967100;0.968510;4041;0;6;0.968570
2026.02.24 05:00:00;0.968510;0.968700;0.967910;0.968280;2800;0;7;0.968350
2026.02.24 06:00:00;0.968280;0.968310;0.967490;0.967570;2153;0;8;0.967650
2026.02.24 07:00:00;0.967570;0.967930;0.967220;0.967770;2619;0;5;0.967820
2026.02.24 08:00:00;0.967770;0.968100;0.967600;0.967740;2616;0;8;0.967820
2026.02.24 09:00:00;0.967740;0.969010;0.967580;0.968470;5846;0;6;0.968530
2026.02.24 10:00:00;0.968500;0.968690;0.967400;0.967920;5921;0;6;0.967980
2026.02.24 11:00:00;0.967920;0.968360;0.967420;0.967440;4265;0;5;0.967490
2026.02.24 12:00:00;0.967440;0.967630;0.966540;0.966660;3494;0;7;0.966730
2026.02.24 13:00:00;0.966670;0.966800;0.965830;0.966110;3305;0;5;0.966160
2026.02.24 14:00:00;0.966110;0.966320;0.965150;0.965610;4290;0;3;0.965640
2026.02.24 15:00:00;0.965610;0.965990;0.964450;0.964660;5461;0;7;0.964730
2026.02.24 16:00:00;0.964660;0.966410;0.964190;0.965340;8630;0;8;0.965420
2026.02.24 17:00:00;0.965360;0.967860;0.965120;0.967160;9271;0;6;0.967220
2026.02.24 18:00:00;0.967160;0.968430;0.967090;0.968230;6007;0;3;0.968260
2026.02.24 19:00:00;0.968250;0.968650;0.968020;0.968180;3410;0;6;0.968240
2026.02.24 20:00:00;0.968180;0.968200;0.967560;0.967590;3394;0;8;0.967670
2026.02.24 21:00:00;0.967590;0.967710;0.967170;0.967410;2999;0;6;0.967470
2026.02.24 22:00:00;0.967410;0.967700;0.967020;0.967290;2930;0;8;0.967370
2026.02.24 23:00:00;0.967300;0.967460;0.966620;0.966660;1537;0;8;0.966740
2026.02.25 00:00:00;0.966530;0.967350;0.966410;0.966870;888;0;56;0.967430
2026.02.25 01:00:00;0.967140;0.967430;0.966950;0.967120;1172;0;8;0.967200
2026.02.25 02:00:00;0.967120;0.970020;0.966940;0.969180;3927;0;3;0.969210
2026.02.25 03:00:00;0.969180;0.970040;0.968720;0.969600;5040;0;3;0.969630
2026.02.25 04:00:00;0.969600;0.970850;0.969540;0.970790;4593;0;3;0.970820
2026.02.25 05:00:00;0.970790;0.972410;0.970260;0.971900;5595;0;6;0.971960
2026.02.25 06:00:00;0.971900;0.972830;0.971630;0.972440;2780;0;5;0.972490
2026.02.25 07:00:00;0.972440;0.972660;0.972010;0.972430;2944;0;9;0.972520
2026.02.25 08:00:00;0.972420;0.973080;0.972050;0.972720;3419;0;7;0.972790
2026.02.25 09:00:00;0.972720;0.973140;0.971760;0.971970;4115;0;6;0.972030
2026.02.25 10:00:00;0.971960;0.972340;0.971330;0.971450;4575;0;5;0.971500
2026.02.25 11:00:00;0.971450;0.972270;0.970140;0.970140;4981;0;5;0.970190
2026.02.25 12:00:00;0.970140;0.970690;0.969830;0.970010;3749;0;6;0.970070
2026.02.25 13:00:00;0.970010;0.970180;0.969320;0.970100;3421;0;8;0.970180
2026.02.25 14:00:00;0.970100;0.970830;0.969940;0.970810;3317;0;6;0.970870
2026.02.25 15:00:00;0.970810;0.971570;0.970340;0.971220;4899;0;3;0.971250
2026.02.25 16:00:00;0.971240;0.972100;0.971190;0.971530;6424;0;4;0.971570
2026.02.25 17:00:00;0.971530;0.972610;0.970830;0.972490;7944;0;5;0.972540
2026.02.25 18:00:00;0.972490;0.973630;0.972230;0.973620;5155;0;3;0.973650
2026.02.25 19:00:00;0.973620;0.974480;0.973550;0.974050;3879;0;8;0.974130
2026.02.25 20:00:00;0.974080;0.974240;0.973300;0.973880;2783;0;8;0.973960
2026.02.25 21:00:00;0.973880;0.974230;0.973790;0.974050;2195;0;6;0.974110
2026.02.25 22:00:00;0.974050;0.974220;0.973720;0.973850;2715;0;8;0.973930
2026.02.25 23:00:00;0.973850;0.974650;0.973850;0.973850;1930;0;5;0.973900
2026.02.26 00:00:00;0.973850;0.973990;0.972950;0.973500;1187;0;30;0.973800
2026.02.26 01:00:00;0.973500;0.973910;0.973160;0.973550;1733;0;9;0.973640
2026.02.26 02:00:00;0.973550;0.974470;0.973320;0.974410;2627;0;8;0.974490
2026.02.26 03:00:00;0.974410;0.974970;0.973700;0.974110;5283;0;6;0.974170
2026.02.26 04:00:00;0.974110;0.974200;0.972420;0.973570;3640;0;8;0.973650
2026.02.26 05:00:00;0.973570;0.974120;0.973200;0.973750;2387;0;7;0.973820
2026.02.26 06:00:00;0.973750;0.974250;0.973510;0.973910;2232;0;7;0.973980
2026.02.26 07:00:00;0.973910;0.974820;0.973810;0.974660;3117;0;7;0.974730
2026.02.26 08:00:00;0.974660;0.974890;0.973900;0.973930;3659;0;6;0.973990
2026.02.26 09:00:00;0.973930;0.974170;0.972830;0.972850;4475;0;5;0.972900
2026.02.26 10:00:00;0.972870;0.972930;0.972330;0.972590;5758;0;6;0.972650
2026.02.26 11:00:00;0.972580;0.973880;0.972540;0.973460;3961;0;8;0.973540
2026.02.26 12:00:00;0.973460;0.973500;0.972840;0.973050;3193;0;7;0.973120
2026.02.26 13:00:00;0.973050;0.973530;0.972920;0.972920;3162;0;8;0.973000
2026.02.26 14:00:00;0.972920;0.974020;0.972840;0.973610;3166;0;8;0.973690
2026.02.26 15:00:00;0.973610;0.974230;0.973090;0.973110;5002;0;7;0.973180
2026.02.26 16:00:00;0.973100;0.973170;0.972180;0.972300;8751;0;6;0.972360
2026.02.26 17:00:00;0.972300;0.972470;0.968850;0.971320;13449;0;3;0.971350
2026.02.26 18:00:00;0.971330;0.971390;0.969720;0.970200;8391;0;5;0.970250
2026.02.26 19:00:00;0.970200;0.970380;0.968840;0.969390;6096;0;8;0.969470
2026.02.26 20:00:00;0.969370;0.971460;0.969240;0.971310;6238;0;7;0.971380
2026.02.26 21:00:00;0.971330;0.972610;0.971240;0.972420;4008;0;7;0.972490
2026.02.26 22:00:00;0.972440;0.972790;0.972340;0.972640;2885;0;8;0.972720
2026.02.26 23:00:00;0.972640;0.972810;0.971640;0.971640;1581;0;8;0.971720
2026.02.27 00:00:00;0.971640;0.972100;0.970910;0.971090;1505;0;49;0.971580
2026.02.27 01:00:00;0.971090;0.971510;0.970890;0.971250;1599;0;10;0.971350
2026.02.27 02:00:00;0.971250;0.971830;0.970690;0.970920;3780;0;7;0.970990
2026.02.27 03:00:00;0.970920;0.972010;0.970820;0.971740;5390;0;3;0.971770
2026.02.27 04:00:00;0.971740;0.973140;0.971450;0.973120;3665;0;7;0.973190
2026.02.27 05:00:00;0.973120;0.973470;0.972830;0.973030;2636;0;7;0.973100
2026.02.27 06:00:00;0.973030;0.973650;0.972880;0.973580;2520;0;5;0.973630
2026.02.27 07:00:00;0.973580;0.974440;0.973490;0.973590;3186;0;6;0.973650
2026.02.27 08:00:00;0.973600;0.973940;0.973040;0.973830;3784;0;8;0.973910
2026.02.27 09:00:00;0.973830;0.974060;0.973380;0.973730;4003;0;5;0.973780
2026.02.27 10:00:00;0.973730;0.974210;0.972470;0.972490;5050;0;3;0.972520
2026.02.27 11:00:00;0.972480;0.973350;0.972230;0.972320;4763;0;4;0.972360
2026.02.27 12:00:00;0.972320;0.972350;0.971300;0.972030;4465;0;6;0.972090
2026.02.27 13:00:00;0.972020;0.972140;0.971490;0.971700;3838;0;7;0.971770
2026.02.27 14:00:00;0.971700;0.972130;0.971140;0.971320;4607;0;6;0.971380
2026.02.27 15:00:00;0.971330;0.971710;0.969590;0.970490;8928;0;3;0.970520
2026.02.27 16:00:00;0.970500;0.971620;0.970150;0.970640;10205;0;3;0.970670
2026.02.27 17:00:00;0.970640;0.972310;0.970500;0.971760;11230;0;5;0.971810
2026.02.27 18:00:00;0.971760;0.972100;0.970410;0.970690;8479;0;5;0.970740
2026.02.27 19:00:00;0.970690;0.971100;0.969580;0.969790;6521;0;6;0.969850
2026.02.27 20:00:00;0.969790;0.970030;0.969340;0.969990;5105;0;8;0.970070
2026.02.27 21:00:00;0.969990;0.970240;0.969300;0.969710;4103;0;8;0.969790
2026.02.27 22:00:00;0.969710;0.970850;0.969700;0.970680;4033;0;8;0.970760
2026.02.27 23:00:00;0.970690;0.971140;0.969940;0.970200;3254;0;8;0.970280
2026.03.02 00:00:00;0.961280;0.963020;0.961150;0.961700;1329;0;62;0.962320
2026.03.02 01:00:00;0.961660;0.967050;0.961550;0.964380;9005;0;5;0.964430
2026.03.02 02:00:00;0.964360;0.967250;0.964060;0.967180;8565;0;3;0.967210
2026.03.02 03:00:00;0.967180;0.969820;0.967070;0.969720;11396;0;5;0.969770
2026.03.02 04:00:00;0.969720;0.970080;0.968510;0.969790;7144;0;6;0.969850
2026.03.02 05:00:00;0.969790;0.970800;0.969550;0.970060;5902;0;4;0.970100
2026.03.02 06:00:00;0.970060;0.970430;0.968160;0.968260;5204;0;3;0.968290
2026.03.02 07:00:00;0.968260;0.968330;0.966550;0.966640;5313;0;7;0.966710
2026.03.02 08:00:00;0.966630;0.966940;0.964820;0.965270;8163;0;6;0.965330
2026.03.02 09:00:00;0.965270;0.965650;0.963140;0.963880;9907;0;4;0.963920
2026.03.02 10:00:00;0.963880;0.966060;0.963150;0.965800;11049;0;3;0.965830
2026.03.02 11:00:00;0.965800;0.967630;0.965620;0.966310;8182;0;3;0.966340
2026.03.02 12:00:00;0.966310;0.968200;0.966300;0.967610;7077;0;4;0.967650
2026.03.02 13:00:00;0.967610;0.968060;0.966760;0.967410;6390;0;7;0.967480
2026.03.02 14:00:00;0.967410;0.967440;0.964240;0.964510;7546;0;8;0.964590
2026.03.02 15:00:00;0.964510;0.966430;0.964320;0.965690;9836;0;3;0.965720
2026.03.02 16:00:00;0.965690;0.968130;0.965020;0.967720;12793;0;6;0.967780
2026.03.02 17:00:00;0.967790;0.969370;0.966790;0.966980;13866;0;4;0.967020
2026.03.02 18:00:00;0.966980;0.968800;0.966690;0.968470;10893;0;6;0.968530
2026.03.02 19:00:00;0.968480;0.970520;0.968300;0.970470;6854;0;8;0.970550
2026.03.02 20:00:00;0.970470;0.970560;0.969600;0.969930;5530;0;8;0.970010
2026.03.02 21:00:00;0.969920;0.971170;0.969850;0.970410;5283;0;7;0.970480
2026.03.02 22:00:00;0.970410;0.970410;0.967950;0.968890;10365;0;3;0.968920
2026.03.02 23:00:00;0.968900;0.970430;0.968750;0.969680;3231;0;6;0.969740
2026.03.03 00:00:00;0.969370;0.971140;0.968910;0.970620;1630;0;42;0.971040
2026.03.03 01:00:00;0.970620;0.971670;0.970510;0.971010;2434;0;8;0.971090
2026.03.03 02:00:00;0.971000;0.971030;0.970130;0.970500;4587;0;8;0.970580
2026.03.03 03:00:00;0.970500;0.973020;0.970390;0.970470;9367;0;5;0.970520
2026.03.03 04:00:00;0.970470;0.971270;0.968950;0.970640;9740;0;3;0.970670
2026.03.03 05:00:00;0.970650;0.971960;0.970180;0.971530;5965;0;3;0.971560
2026.03.03 06:00:00;0.971530;0.972030;0.971020;0.971140;4942;0;6;0.971200
2026.03.03 07:00:00;0.971140;0.971680;0.968900;0.969310;7604;0;5;0.969360
2026.03.03 08:00:00;0.969320;0.969640;0.968360;0.969470;8089;0;3;0.969500
2026.03.03 09:00:00;0.969470;0.970390;0.967950;0.968080;8981;0;3;0.968110
2026.03.03 10:00:00;0.968090;0.968520;0.965720;0.965880;11907;0;4;0.965920
2026.03.03 11:00:00;0.965860;0.967380;0.964340;0.964410;11700;0;3;0.964440
2026.03.03 12:00:00;0.964430;0.964850;0.961580;0.962890;11482;0;3;0.962920
2026.03.03 13:00:00;0.962880;0.963500;0.961350;0.962720;13278;0;5;0.962770
2026.03.03 14:00:00;0.962720;0.964040;0.961450;0.962200;11469;0;5;0.962250
2026.03.03 15:00:00;0.962190;0.962420;0.959350;0.961060;11187;0;5;0.961110
2026.03.03 16:00:00;0.961060;0.961340;0.957590;0.957840;15377;0;3;0.957870
2026.03.03 17:00:00;0.957850;0.958870;0.954470;0.958530;20113;0;3;0.958560
2026.03.03 18:00:00;0.958520;0.960170;0.957910;0.959820;17149;0;3;0.959850
2026.03.03 19:00:00;0.959820;0.960640;0.958920;0.960150;13322;0;4;0.960190
2026.03.03 20:00:00;0.960170;0.963130;0.959930;0.962710;10475;0;3;0.962740
2026.03.03 21:00:00;0.962700;0.964100;0.961040;0.962660;12331;0;3;0.962690
2026.03.03 22:00:00;0.962660;0.963330;0.961910;0.962730;10242;0;6;0.962790
2026.03.03 23:00:00;0.962720;0.963300;0.961870;0.962080;3410;0;5;0.962130
2026.03.04 00:00:00;0.962080;0.962460;0.960870;0.962240;1372;0;39;0.962630
2026.03.04 01:00:00;0.962240;0.963250;0.962200;0.962500;3275;0;7;0.962570
2026.03.04 02:00:00;0.962500;0.962600;0.958260;0.959350;8927;0;3;0.959380
2026.03.04 03:00:00;0.959370;0.959990;0.956980;0.958940;13437;0;3;0.958970
2026.03.04 04:00:00;0.958940;0.960510;0.958690;0.959370;10468;0;4;0.959410
2026.03.04 05:00:00;0.959370;0.959690;0.957280;0.958590;9861;0;7;0.958660
2026.03.04 06:00:00;0.958590;0.959330;0.956400;0.957390;8518;0;6;0.957450
2026.03.04 07:00:00;0.957390;0.958950;0.957320;0.958190;9927;0;3;0.958220
2026.03.04 08:00:00;0.958190;0.960490;0.957430;0.959920;8418;0;7;0.959990
2026.03.04 09:00:00;0.959920;0.961330;0.959590;0.960210;8795;0;4;0.960250
2026.03.04 10:00:00;0.960210;0.961310;0.959220;0.960150;11984;0;6;0.960210
2026.03.04 11:00:00;0.960140;0.962890;0.959270;0.962460;10732;0;3;0.962490
2026.03.04 12:00:00;0.962460;0.965490;0.962440;0.963100;12361;0;3;0.963130
2026.03.04 13:00:00;0.963100;0.964200;0.963000;0.963250;8957;0;6;0.963310
2026.03.04 14:00:00;0.963230;0.964140;0.961490;0.962870;10104;0;3;0.962900
2026.03.04 15:00:00;0.962870;0.964870;0.962780;0.964370;11326;0;3;0.964400
2026.03.04 16:00:00;0.964360;0.965280;0.962640;0.963890;13816;0;3;0.963920
2026.03.04 17:00:00;0.963850;0.966040;0.963260;0.965800;13830;0;3;0.965830
2026.03.04 18:00:00;0.965800;0.966700;0.965190;0.965950;9322;0;5;0.966000
2026.03.04 19:00:00;0.965950;0.966600;0.965310;0.966030;7383;0;6;0.966090
2026.03.04 20:00:00;0.966030;0.966660;0.965250;0.966300;5859;0;8;0.966380
2026.03.04 21:00:00;0.966300;0.966830;0.965520;0.965610;4912;0;7;0.965680
2026.03.04 22:00:00;0.965610;0.965700;0.964880;0.965570;4962;0;7;0.965640
2026.03.04 23:00:00;0.965560;0.965610;0.964870;0.964950;2752;0;8;0.965030
2026.03.05 00:00:00;0.964520;0.965420;0.964490;0.964860;1228;0;41;0.965270
2026.03.05 01:00:00;0.964850;0.965500;0.964700;0.965190;2249;0;5;0.965240
2026.03.05 02:00:00;0.965190;0.966040;0.964850;0.965730;4492;0;7;0.965800
2026.03.05 03:00:00;0.965740;0.966180;0.963670;0.963840;10330;0;3;0.963870
2026.03.05 04:00:00;0.963850;0.964740;0.963320;0.964540;8399;0;6;0.964600
2026.03.05 05:00:00;0.964540;0.964870;0.962450;0.962710;7163;0;6;0.962770
2026.03.05 06:00:00;0.962660;0.963010;0.962250;0.962610;5122;0;6;0.962670
2026.03.05 07:00:00;0.962610;0.962840;0.961530;0.961670;5752;0;6;0.961730
2026.03.05 08:00:00;0.961650;0.962590;0.960340;0.962020;8542;0;3;0.962050
2026.03.05 09:00:00;0.962040;0.962370;0.959490;0.959720;8020;0;3;0.959750
2026.03.05 10:00:00;0.959720;0.960230;0.958230;0.960140;10917;0;3;0.960170
2026.03.05 11:00:00;0.960160;0.963460;0.959930;0.961160;14715;0;3;0.961190
2026.03.05 12:00:00;0.961160;0.961900;0.960770;0.961120;8222;0;7;0.961190
2026.03.05 13:00:00;0.961120;0.962070;0.960450;0.960800;6802;0;3;0.960830
2026.03.05 14:00:00;0.960800;0.961810;0.959610;0.960210;6889;0;5;0.960260
2026.03.05 15:00:00;0.960200;0.960250;0.958200;0.959210;10510;0;6;0.959270
2026.03.05 16:00:00;0.959200;0.960100;0.957950;0.959720;13756;0;6;0.959780
2026.03.05 17:00:00;0.959710;0.960420;0.958550;0.959340;14847;0;5;0.959390
2026.03.05 18:00:00;0.959340;0.959440;0.957420;0.958900;14094;0;4;0.958940
2026.03.05 19:00:00;0.958890;0.959830;0.956440;0.956730;13477;0;3;0.956760
2026.03.05 20:00:00;0.956720;0.957220;0.955880;0.956360;13470;0;3;0.956390
2026.03.05 21:00:00;0.956350;0.956580;0.955330;0.955730;9951;0;5;0.955780
2026.03.05 22:00:00;0.955730;0.958490;0.955440;0.958180;11959;0;3;0.958210
2026.03.05 23:00:00;0.958190;0.958280;0.957750;0.957890;3272;0;5;0.957940
2026.03.06 00:00:00;0.957840;0.958520;0.957680;0.957870;880;0;61;0.958480
2026.03.06 01:00:00;0.957870;0.958690;0.957590;0.958180;2674;0;5;0.958230
2026.03.06 02:00:00;0.958180;0.959440;0.957770;0.959260;4368;0;4;0.959300
2026.03.06 03:00:00;0.959270;0.960610;0.958940;0.960230;8644;0;3;0.960260
2026.03.06 04:00:00;0.960240;0.961400;0.960220;0.961090;5337;0;7;0.961160
2026.03.06 05:00:00;0.961090;0.961560;0.960940;0.961290;4325;0;5;0.961340
2026.03.06 06:00:00;0.961290;0.961420;0.960050;0.960120;3142;0;6;0.960180
2026.03.06 07:00:00;0.960120;0.961030;0.959980;0.960310;4454;0;7;0.960380
2026.03.06 08:00:00;0.960320;0.961660;0.960310;0.961390;4923;0;8;0.961470
2026.03.06 09:00:00;0.961390;0.962020;0.960940;0.961450;5452;0;6;0.961510
2026.03.06 10:00:00;0.961460;0.961520;0.959790;0.960890;7998;0;5;0.960940
2026.03.06 11:00:00;0.960890;0.960950;0.956580;0.956680;10742;0;4;0.956720
2026.03.06 12:00:00;0.956680;0.957810;0.956630;0.957520;8002;0;3;0.957550
2026.03.06 13:00:00;0.957520;0.957990;0.955430;0.955750;9020;0;6;0.955810
2026.03.06 14:00:00;0.955750;0.956920;0.955050;0.956070;8667;0;6;0.956130
2026.03.06 15:00:00;0.956030;0.957830;0.952790;0.953100;15020;0;3;0.953130
2026.03.06 16:00:00;0.953120;0.955280;0.953040;0.954020;18854;0;3;0.954050
2026.03.06 17:00:00;0.954030;0.956390;0.953850;0.954270;17991;0;3;0.954300
2026.03.06 18:00:00;0.954270;0.955900;0.954250;0.954810;14246;0;5;0.954860
2026.03.06 19:00:00;0.954820;0.955510;0.953200;0.953210;12592;0;7;0.953280
2026.03.06 20:00:00;0.953200;0.955070;0.953120;0.953730;11689;0;3;0.953760
2026.03.06 21:00:00;0.953730;0.954440;0.953360;0.954370;9471;0;6;0.954430
2026.03.06 22:00:00;0.954370;0.954680;0.952930;0.953930;11030;0;7;0.954000
2026.03.06 23:00:00;0.953910;0.954050;0.952790;0.953010;5652;0;8;0.953090
2026.03.08 23:00:00;0.949540;0.951470;0.949390;0.949870;984;0;70;0.950570
2026.03.09 00:00:00;0.949880;0.950170;0.946360;0.948670;9903;0;3;0.948700
2026.03.09 01:00:00;0.948670;0.949250;0.947150;0.947780;7838;0;4;0.947820
2026.03.09 02:00:00;0.947780;0.948550;0.946190;0.946880;9898;0;4;0.946920
2026.03.09 03:00:00;0.946870;0.948400;0.946300;0.946740;12535;0;3;0.946770
2026.03.09 04:00:00;0.946740;0.949270;0.946460;0.949130;12016;0;3;0.949160
2026.03.09 05:00:00;0.949140;0.949530;0.947100;0.947840;9423;0;6;0.947900
2026.03.09 06:00:00;0.947840;0.948730;0.947210;0.947580;6294;0;7;0.947650
2026.03.09 07:00:00;0.947580;0.951300;0.947020;0.950360;12572;0;3;0.950390
2026.03.09 08:00:00;0.950360;0.950760;0.948570;0.948680;10509;0;5;0.948730
2026.03.09 09:00:00;0.948670;0.950290;0.947840;0.949860;11027;0;3;0.949890
2026.03.09 10:00:00;0.949880;0.950150;0.947290;0.949110;14436;0;4;0.949150
2026.03.09 11:00:00;0.949110;0.953230;0.948690;0.950500;14138;0;3;0.950530
2026.03.09 12:00:00;0.950520;0.951130;0.948640;0.949740;12626;0;3;0.949770
2026.03.09 13:00:00;0.949740;0.950990;0.948990;0.949410;9604;0;5;0.949460
2026.03.09 14:00:00;0.949410;0.952320;0.949240;0.951170;9875;0;3;0.951200
2026.03.09 15:00:00;0.951200;0.953850;0.951200;0.953630;15483;0;3;0.953660
2026.03.09 16:00:00;0.953610;0.955970;0.952110;0.955110;17721;0;4;0.955150
2026.03.09 17:00:00;0.955110;0.957160;0.955060;0.956170;11508;0;3;0.956200
2026.03.09 18:00:00;0.956190;0.957440;0.955870;0.956700;9257;0;3;0.956730
2026.03.09 19:00:00;0.956710;0.956820;0.955410;0.955490;8016;0;6;0.955550
2026.03.09 20:00:00;0.955490;0.956920;0.955410;0.956230;7190;0;8;0.956310
2026.03.09 21:00:00;0.956190;0.960930;0.956080;0.960070;14888;0;5;0.960120
2026.03.09 22:00:00;0.960100;0.961660;0.959400;0.961100;6392;0;7;0.961170
2026.03.09 23:00:00;0.961070;0.961080;0.959950;0.960710;1115;0;40;0.961110
2026.03.10 00:00:00;0.960710;0.961420;0.960020;0.960490;3725;0;9;0.960580
2026.03.10 01:00:00;0.960510;0.961300;0.959980;0.960250;4116;0;9;0.960340
2026.03.10 02:00:00;0.960250;0.961560;0.959720;0.960780;8498;0;6;0.960840
2026.03.10 03:00:00;0.960760;0.961490;0.959880;0.961310;9762;0;3;0.961340
2026.03.10 04:00:00;0.961300;0.961920;0.959350;0.959590;6600;0;7;0.959660
2026.03.10 05:00:00;0.959590;0.960340;0.959060;0.959750;6231;0;5;0.959800
2026.03.10 06:00:00;0.959740;0.960160;0.959300;0.959490;4519;0;7;0.959560
2026.03.10 07:00:00;0.959470;0.961310;0.959360;0.961170;5483;0;5;0.961220
2026.03.10 08:00:00;0.961170;0.963560;0.960840;0.962810;5944;0;6;0.962870
2026.03.10 09:00:00;0.962810;0.965910;0.962550;0.965150;8011;0;4;0.965190
2026.03.10 10:00:00;0.965150;0.966200;0.963610;0.963770;9124;0;4;0.963810
2026.03.10 11:00:00;0.963770;0.966120;0.963660;0.965920;7727;0;7;0.965990
2026.03.10 12:00:00;0.965920;0.966740;0.964280;0.964980;8585;0;5;0.965030
2026.03.10 13:00:00;0.964980;0.966080;0.964290;0.965690;8329;0;3;0.965720
2026.03.10 14:00:00;0.965690;0.965730;0.963310;0.963950;11275;0;5;0.964000
2026.03.10 15:00:00;0.963980;0.966480;0.963960;0.965800;13333;0;3;0.965830
2026.03.10 16:00:00;0.965800;0.968460;0.964320;0.968340;12465;0;4;0.968380
2026.03.10 17:00:00;0.968320;0.969930;0.967890;0.969600;9629;0;6;0.969660
2026.03.10 18:00:00;0.969600;0.970560;0.968560;0.970200;7826;0;6;0.970260
2026.03.10 19:00:00;0.970200;0.972680;0.970040;0.970880;9556;0;5;0.970930
2026.03.10 20:00:00;0.970880;0.971080;0.967240;0.968360;15227;0;3;0.968390
2026.03.10 21:00:00;0.968360;0.968690;0.966110;0.966750;11804;0;3;0.966780
2026.03.10 22:00:00;0.966750;0.967290;0.966240;0.966620;3975;0;6;0.966680
2026.03.10 23:00:00;0.966580;0.966890;0.965860;0.966090;1366;0;37;0.966460
2026.03.11 00:00:00;0.966090;0.966560;0.966040;0.966420;1516;0;7;0.966490
2026.03.11 01:00:00;0.966420;0.967150;0.966380;0.966950;1777;0;7;0.967020
2026.03.11 02:00:00;0.966950;0.968820;0.966660;0.968110;5931;0;6;0.968170
2026.03.11 03:00:00;0.968110;0.970310;0.967810;0.970240;6317;0;6;0.970300
2026.03.11 04:00:00;0.970240;0.972490;0.969270;0.971340;4773;0;7;0.971410
2026.03.11 05:00:00;0.971340;0.972600;0.970870;0.972500;3839;0;5;0.972550
2026.03.11 06:00:00;0.972490;0.973980;0.972160;0.973710;3273;0;5;0.973760
2026.03.11 07:00:00;0.973710;0.973850;0.971690;0.972710;4343;0;5;0.972760
2026.03.11 08:00:00;0.972710;0.973640;0.971940;0.972940;5302;0;3;0.972970
2026.03.11 09:00:00;0.972940;0.973910;0.970990;0.971550;8794;0;6;0.971610
2026.03.11 10:00:00;0.971530;0.972900;0.970490;0.971280;9941;0;5;0.971330
2026.03.11 11:00:00;0.971260;0.971450;0.969620;0.969930;9168;0;3;0.969960
2026.03.11 12:00:00;0.969930;0.972190;0.969920;0.971800;7449;0;3;0.971830
2026.03.11 13:00:00;0.971780;0.972900;0.971030;0.971030;7469;0;3;0.971060
2026.03.11 14:00:00;0.971030;0.972300;0.970510;0.971260;11395;0;3;0.971290
2026.03.11 15:00:00;0.971260;0.973870;0.971190;0.973770;12789;0;3;0.973800
2026.03.11 16:00:00;0.973780;0.975940;0.973120;0.974820;16259;0;3;0.974850
2026.03.11 17:00:00;0.974820;0.975460;0.972420;0.972450;11212;0;6;0.972510
2026.03.11 18:00:00;0.972450;0.972960;0.971460;0.971540;9372;0;4;0.971580
2026.03.11 19:00:00;0.971540;0.971610;0.969530;0.970510;9506;0;7;0.970580
2026.03.11 20:00:00;0.970510;0.971970;0.969900;0.971580;8528;0;5;0.971630
2026.03.11 21:00:00;0.971580;0.972270;0.971050;0.972050;5555;0;8;0.972130
2026.03.11 22:00:00;0.972040;0.972410;0.971740;0.971850;2802;0;8;0.971930
2026.03.11 23:00:00;0.971840;0.972500;0.971050;0.971630;1038;0;45;0.972080
2026.03.12 00:00:00;0.971650;0.971650;0.969800;0.970120;3044;0;10;0.970220
2026.03.12 01:00:00;0.970120;0.970210;0.969030;0.969580;5098;0;9;0.969670
2026.03.12 02:00:00;0.969580;0.970750;0.968890;0.970680;6583;0;7;0.970750
2026.03.12 03:00:00;0.970670;0.972150;0.970200;0.971030;7223;0;5;0.971080
2026.03.12 04:00:00;0.971030;0.971500;0.968690;0.969330;6135;0;7;0.969400
2026.03.12 05:00:00;0.969330;0.969670;0.968550;0.969650;4434;0;8;0.969730
2026.03.12 06:00:00;0.969650;0.969710;0.968030;0.968080;3154;0;9;0.968170
2026.03.12 07:00:00;0.968080;0.969230;0.967510;0.968080;6247;0;6;0.968140
2026.03.12 08:00:00;0.968080;0.968350;0.966340;0.967880;6075;0;4;0.967920
2026.03.12 09:00:00;0.967880;0.969340;0.967570;0.969160;6174;0;4;0.969200
2026.03.12 10:00:00;0.969170;0.970120;0.968700;0.969220;8052;0;7;0.969290
2026.03.12 11:00:00;0.969230;0.969760;0.967680;0.969470;7763;0;6;0.969530
2026.03.12 12:00:00;0.969480;0.969750;0.968640;0.969460;6331;0;3;0.969490
2026.03.12 13:00:00;0.969460;0.971040;0.969120;0.969870;4986;0;6;0.969930
2026.03.12 14:00:00;0.969870;0.970060;0.968910;0.969690;7130;0;5;0.969740
2026.03.12 15:00:00;0.969680;0.970030;0.965340;0.965540;13134;0;5;0.965590
2026.03.12 16:00:00;0.965540;0.966750;0.963670;0.964990;13635;0;4;0.965030
2026.03.12 17:00:00;0.964990;0.966270;0.963650;0.965240;15187;0;3;0.965270
2026.03.12 18:00:00;0.965240;0.966310;0.964090;0.965720;12498;0;3;0.965750
2026.03.12 19:00:00;0.965720;0.966390;0.964930;0.965120;9858;0;6;0.965180
2026.03.12 20:00:00;0.965120;0.965640;0.963920;0.964350;7519;0;6;0.964410
2026.03.12 21:00:00;0.964350;0.964840;0.964060;0.964470;6569;0;3;0.964500
2026.03.12 22:00:00;0.964490;0.965260;0.964260;0.964760;3387;0;3;0.964790
2026.03.12 23:00:00;0.964980;0.965260;0.964010;0.964070;736;0;42;0.964490
2026.03.13 00:00:00;0.964070;0.965430;0.964070;0.965220;1711;0;10;0.965320
2026.03.13 01:00:00;0.965220;0.965280;0.964350;0.964550;2620;0;6;0.964610
2026.03.13 02:00:00;0.964550;0.965440;0.963610;0.965230;5263;0;5;0.965280
2026.03.13 03:00:00;0.965220;0.966000;0.965000;0.965270;5522;0;6;0.965330
2026.03.13 04:00:00;0.965270;0.965910;0.964430;0.965020;5161;0;3;0.965050
2026.03.13 05:00:00;0.965020;0.965250;0.963150;0.964300;4847;0;4;0.964340
2026.03.13 06:00:00;0.964300;0.964440;0.963230;0.963620;3391;0;7;0.963690
2026.03.13 07:00:00;0.963630;0.964180;0.963180;0.963690;4021;0;3;0.963720
2026.03.13 08:00:00;0.963690;0.963840;0.960680;0.960790;6242;0;3;0.960820
2026.03.13 09:00:00;0.960780;0.961130;0.959320;0.959730;7865;0;3;0.959760
2026.03.13 10:00:00;0.959710;0.961530;0.958570;0.961440;9978;0;5;0.961490
2026.03.13 11:00:00;0.961440;0.962790;0.961310;0.961670;8398;0;3;0.961700
2026.03.13 12:00:00;0.961680;0.963630;0.961620;0.962690;8164;0;3;0.962720
2026.03.13 13:00:00;0.962690;0.963640;0.961920;0.963280;8644;0;3;0.963310
2026.03.13 14:00:00;0.963300;0.966950;0.962360;0.966760;10811;0;6;0.966820
2026.03.13 15:00:00;0.966760;0.966950;0.964090;0.964660;12802;0;3;0.964690
2026.03.13 16:00:00;0.964660;0.965460;0.962720;0.963120;14295;0;3;0.963150
2026.03.13 17:00:00;0.963140;0.964350;0.961760;0.961770;12899;0;3;0.961800
2026.03.13 18:00:00;0.961770;0.962860;0.961520;0.962070;11634;0;4;0.962110
2026.03.13 19:00:00;0.962070;0.962780;0.961490;0.961650;9786;0;8;0.961730
2026.03.13 20:00:00;0.961670;0.961740;0.960540;0.961030;7746;0;7;0.961100
2026.03.13 21:00:00;0.961020;0.961080;0.959570;0.959660;6297;0;6;0.959720
2026.03.13 22:00:00;0.959660;0.959730;0.956790;0.956790;5766;0;7;0.956860
2026.03.15 23:00:00;0.959470;0.960590;0.959380;0.960120;281;0;42;0.960540
2026.03.16 00:00:00;0.959970;0.960120;0.958310;0.959290;4252;0;6;0.959350
2026.03.16 01:00:00;0.959250;0.960570;0.958920;0.960470;5087;0;4;0.960510
2026.03.16 02:00:00;0.960460;0.962060;0.960420;0.961560;6231;0;6;0.961620
2026.03.16 03:00:00;0.961560;0.961960;0.959420;0.961060;7462;0;3;0.961090
2026.03.16 04:00:00;0.961040;0.961190;0.960530;0.960740;4812;0;6;0.960800
2026.03.16 05:00:00;0.960740;0.961540;0.960500;0.961190;3331;0;6;0.961250
2026.03.16 06:00:00;0.961190;0.961400;0.960560;0.960640;2688;0;7;0.960710
2026.03.16 07:00:00;0.960660;0.962530;0.960660;0.962060;3918;0;8;0.962140
2026.03.16 08:00:00;0.962050;0.962790;0.961910;0.962690;4703;0;7;0.962760
2026.03.16 09:00:00;0.962660;0.963110;0.960720;0.961150;6145;0;8;0.961230
2026.03.16 10:00:00;0.961150;0.961890;0.960460;0.961830;8703;0;6;0.961890
2026.03.16 11:00:00;0.961830;0.962630;0.961100;0.962230;6770;0;4;0.962270
2026.03.16 12:00:00;0.962260;0.965300;0.962050;0.965240;6275;0;7;0.965310
2026.03.16 13:00:00;0.965240;0.965240;0.964220;0.964600;5778;0;6;0.964660
2026.03.16 14:00:00;0.964580;0.966290;0.964410;0.965270;6925;0;8;0.965350
2026.03.16 15:00:00;0.965280;0.966030;0.964570;0.966030;8491;0;6;0.966090
2026.03.16 16:00:00;0.966050;0.966490;0.964490;0.965190;9353;0;7;0.965260
2026.03.16 17:00:00;0.965190;0.965570;0.964660;0.965330;7996;0;7;0.965400
2026.03.16 18:00:00;0.965330;0.965750;0.964160;0.964750;8081;0;8;0.964830
2026.03.16 19:00:00;0.964750;0.965700;0.964750;0.965030;7397;0;7;0.965100
2026.03.16 20:00:00;0.965030;0.967610;0.965030;0.967420;5484;0;8;0.967500
2026.03.16 21:00:00;0.967420;0.968220;0.967210;0.967520;6194;0;5;0.967570
2026.03.16 22:00:00;0.967530;0.967990;0.967030;0.967600;2268;0;7;0.967670
2026.03.16 23:00:00;0.967280;0.968020;0.966580;0.967100;813;0;35;0.967450
2026.03.17 00:00:00;0.967100;0.967380;0.966780;0.966940;1168;0;8;0.967020
2026.03.17 01:00:00;0.966940;0.967410;0.966620;0.967160;1303;0;10;0.967260
2026.03.17 02:00:00;0.967160;0.967190;0.966310;0.966450;3729;0;8;0.966530
2026.03.17 03:00:00;0.966450;0.968800;0.966350;0.968800;4836;0;5;0.968850
2026.03.17 04:00:00;0.968790;0.969450;0.968320;0.968330;3062;0;4;0.968370
2026.03.17 05:00:00;0.968320;0.970390;0.964740;0.967090;5819;0;3;0.967120
2026.03.17 06:00:00;0.967090;0.968720;0.966370;0.967800;3424;0;5;0.967850
2026.03.17 07:00:00;0.967800;0.970180;0.967720;0.967920;4828;0;4;0.967960
2026.03.17 08:00:00;0.967930;0.968470;0.966320;0.968320;7365;0;4;0.968360
2026.03.17 09:00:00;0.968320;0.968320;0.966790;0.967360;5519;0;8;0.967440
2026.03.17 10:00:00;0.967360;0.969600;0.966890;0.969550;7918;0;5;0.969600
2026.03.17 11:00:00;0.969540;0.970890;0.969320;0.970820;5997;0;6;0.970880
2026.03.17 12:00:00;0.970820;0.970940;0.969810;0.970660;5489;0;6;0.970720
2026.03.17 13:00:00;0.970650;0.971180;0.970220;0.970260;5079;0;8;0.970340
2026.03.17 14:00:00;0.970260;0.972480;0.969960;0.972450;6243;0;3;0.972480
2026.03.17 15:00:00;0.972450;0.974830;0.972360;0.973410;9093;0;8;0.973490
2026.03.17 16:00:00;0.973410;0.973410;0.971870;0.973000;9434;0;8;0.973080
2026.03.17 17:00:00;0.973010;0.973510;0.971970;0.973070;9986;0;7;0.973140
2026.03.17 18:00:00;0.973070;0.973610;0.972420;0.973000;7676;0;4;0.973040
2026.03.17 19:00:00;0.973000;0.973850;0.972880;0.973640;5046;0;8;0.973720
2026.03.17 20:00:00;0.973650;0.974170;0.972820;0.973010;4171;0;8;0.973090
2026.03.17 21:00:00;0.973010;0.973030;0.972630;0.973020;3211;0;8;0.973100
2026.03.17 22:00:00;0.973020;0.973060;0.972450;0.972490;1536;0;8;0.972570
2026.03.17 23:00:00;0.972490;0.972800;0.971540;0.971940;1041;0;23;0.972170
2026.03.18 00:00:00;0.971970;0.973240;0.971880;0.973180;1936;0;8;0.973260
2026.03.18 01:00:00;0.973180;0.973300;0.972800;0.973080;2038;0;10;0.973180
2026.03.18 02:00:00;0.973080;0.973720;0.972780;0.973000;5663;0;6;0.973060
2026.03.18 03:00:00;0.973000;0.974420;0.973000;0.973860;3906;0;10;0.973960
2026.03.18 04:00:00;0.973850;0.973950;0.972470;0.972630;3128;0;9;0.972720
2026.03.18 05:00:00;0.972630;0.974220;0.972480;0.974140;2276;0;9;0.974230
2026.03.18 06:00:00;0.974120;0.974860;0.973740;0.974610;2378;0;6;0.974670
2026.03.18 07:00:00;0.974610;0.975180;0.974250;0.975010;2871;0;9;0.975100
2026.03.18 08:00:00;0.975010;0.976120;0.974870;0.975590;3676;0;8;0.975670
2026.03.18 09:00:00;0.975570;0.975810;0.974630;0.975040;3908;0;8;0.975120
2026.03.18 10:00:00;0.975040;0.975090;0.972930;0.973470;5797;0;8;0.973550
2026.03.18 11:00:00;0.973470;0.973860;0.972860;0.973720;4841;0;7;0.973790
2026.03.18 12:00:00;0.973720;0.973770;0.972950;0.972960;3895;0;6;0.973020
2026.03.18 13:00:00;0.972960;0.973320;0.971270;0.971790;7185;0;6;0.971850
2026.03.18 14:00:00;0.971790;0.971890;0.967350;0.967400;11921;0;3;0.967430
2026.03.18 15:00:00;0.967410;0.969240;0.966480;0.968790;13206;0;3;0.968820
2026.03.18 16:00:00;0.968790;0.969770;0.967890;0.969260;11667;0;7;0.969330
2026.03.18 17:00:00;0.969260;0.970790;0.968940;0.969220;8952;0;3;0.969250
2026.03.18 18:00:00;0.969220;0.969940;0.969090;0.969800;6724;0;8;0.969880
2026.03.18 19:00:00;0.969800;0.970340;0.969330;0.969690;6260;0;7;0.969760
2026.03.18 20:00:00;0.969510;0.971030;0.966910;0.967210;11532;0;3;0.967240
2026.03.18 21:00:00;0.967220;0.967760;0.965130;0.965600;7638;0;7;0.965670
2026.03.18 22:00:00;0.965600;0.965960;0.963880;0.964270;3779;0;8;0.964350
2026.03.18 23:00:00;0.964160;0.965220;0.963970;0.964830;1496;0;54;0.965370
2026.03.19 00:00:00;0.964940;0.965360;0.964360;0.964610;2116;0;10;0.964710
2026.03.19 01:00:00;0.964590;0.965070;0.964250;0.965000;2747;0;9;0.965090
2026.03.19 02:00:00;0.964970;0.966340;0.964140;0.966330;6213;0;3;0.966360
2026.03.19 03:00:00;0.966330;0.966670;0.965290;0.966120;6013;0;8;0.966200
2026.03.19 04:00:00;0.966130;0.967690;0.965230;0.966680;5953;0;7;0.966750
2026.03.19 05:00:00;0.966680;0.967620;0.966630;0.967080;2901;0;7;0.967150
2026.03.19 06:00:00;0.967070;0.967070;0.965900;0.965940;3002;0;9;0.966030
2026.03.19 07:00:00;0.965940;0.966490;0.965280;0.965520;3975;0;8;0.965600
2026.03.19 08:00:00;0.965520;0.966410;0.965110;0.965710;6393;0;8;0.965790
2026.03.19 09:00:00;0.965720;0.966920;0.964670;0.964970;8410;0;6;0.965030
2026.03.19 10:00:00;0.964970;0.967300;0.964860;0.967030;10366;0;6;0.967090
2026.03.19 11:00:00;0.967020;0.969710;0.966910;0.969190;13063;0;3;0.969220
2026.03.19 12:00:00;0.969190;0.969300;0.968180;0.968250;8366;0;6;0.968310
2026.03.19 13:00:00;0.968250;0.968570;0.966000;0.967230;7087;0;8;0.967310
2026.03.19 14:00:00;0.967220;0.967240;0.963080;0.963290;12272;0;3;0.963320
2026.03.19 15:00:00;0.963270;0.965770;0.960900;0.965570;17505;0;4;0.965610
2026.03.19 16:00:00;0.965570;0.967720;0.965280;0.967110;17644;0;5;0.967160
2026.03.19 17:00:00;0.967080;0.968420;0.964550;0.965290;13613;0;3;0.965320
2026.03.19 18:00:00;0.965290;0.967440;0.965110;0.967260;12550;0;7;0.967330
2026.03.19 19:00:00;0.967280;0.968980;0.966250;0.968390;9083;0;7;0.968460
2026.03.19 20:00:00;0.968390;0.970930;0.968060;0.970860;6858;0;6;0.970920
2026.03.19 21:00:00;0.970910;0.974560;0.970900;0.973120;15580;0;6;0.973180
2026.03.19 22:00:00;0.973120;0.973870;0.972820;0.973410;2968;0;7;0.973480
2026.03.19 23:00:00;0.973290;0.973640;0.972560;0.973130;1266;0;39;0.973520
2026.03.20 00:00:00;0.973140;0.974330;0.972830;0.972850;1975;0;6;0.972910
2026.03.20 01:00:00;0.972850;0.973650;0.972150;0.972550;2399;0;8;0.972630
2026.03.20 02:00:00;0.972550;0.973100;0.971960;0.972870;4590;0;7;0.972940
2026.03.20 03:00:00;0.972860;0.973810;0.972430;0.972780;7056;0;7;0.972850
2026.03.20 04:00:00;0.972780;0.973050;0.972130;0.972820;4180;0;7;0.972890
2026.03.20 05:00:00;0.972830;0.973000;0.972060;0.972380;3519;0;8;0.972460
2026.03.20 06:00:00;0.972380;0.973310;0.971980;0.973190;2388;0;3;0.973220
2026.03.20 07:00:00;0.973200;0.974110;0.972880;0.973210;3939;0;9;0.973300
2026.03.20 08:00:00;0.973220;0.973910;0.972320;0.972480;4706;0;8;0.972560
2026.03.20 09:00:00;0.972480;0.973880;0.972030;0.972880;6416;0;8;0.972960
2026.03.20 10:00:00;0.972920;0.973030;0.971700;0.971890;7496;0;7;0.971960
2026.03.20 11:00:00;0.971900;0.971980;0.968840;0.969180;8539;0;7;0.969250
2026.03.20 12:00:00;0.969170;0.969820;0.967970;0.969640;9238;0;7;0.969710
2026.03.20 13:00:00;0.969640;0.971170;0.969400;0.970480;7049;0;8;0.970560
2026.03.20 14:00:00;0.970510;0.971470;0.969800;0.970110;9534;0;7;0.970180
2026.03.20 15:00:00;0.970130;0.970470;0.966120;0.966480;11965;0;3;0.966510
2026.03.20 16:00:00;0.966480;0.966750;0.964800;0.965820;13961;0;6;0.965880
2026.03.20 17:00:00;0.965800;0.967680;0.965580;0.965600;13142;0;7;0.965670
2026.03.20 18:00:00;0.965600;0.966990;0.964860;0.965220;9886;0;8;0.965300
2026.03.20 19:00:00;0.965230;0.965550;0.964030;0.964170;9867;0;3;0.964200
2026.03.20 20:00:00;0.964190;0.964280;0.961980;0.962130;9941;0;8;0.962210
2026.03.20 21:00:00;0.962130;0.962590;0.960870;0.962590;9556;0;7;0.962660
2026.03.20 22:00:00;0.962580;0.963750;0.962430;0.963320;4819;0;5;0.963370
2026.03.22 23:00:00;0.959340;0.959910;0.958900;0.959070;285;0;42;0.959490
2026.03.23 00:00:00;0.959140;0.962370;0.959130;0.961670;4112;0;7;0.961740
2026.03.23 01:00:00;0.961690;0.962150;0.960560;0.960930;5328;0;3;0.960960
2026.03.23 02:00:00;0.960930;0.961770;0.958950;0.959570;10649;0;6;0.959630
2026.03.23 03:00:00;0.959580;0.960690;0.957950;0.958800;12403;0;7;0.958870
2026.03.23 04:00:00;0.958820;0.959190;0.956850;0.957400;7915;0;6;0.957460
2026.03.23 05:00:00;0.957400;0.958030;0.956800;0.957510;6102;0;6;0.957570
2026.03.23 06:00:00;0.957510;0.957840;0.957000;0.957210;4380;0;9;0.957300
2026.03.23 07:00:00;0.957210;0.957490;0.955550;0.955890;5977;0;8;0.955970
2026.03.23 08:00:00;0.955910;0.955990;0.954850;0.955100;9637;0;5;0.955150
2026.03.23 09:00:00;0.955120;0.955870;0.954510;0.954610;9725;0;8;0.954690
2026.03.23 10:00:00;0.954610;0.957680;0.954610;0.956720;12218;0;5;0.956770
2026.03.23 11:00:00;0.956730;0.956930;0.954040;0.954500;9753;0;3;0.954530
2026.03.23 12:00:00;0.954490;0.954640;0.950320;0.951980;10428;0;4;0.952020
2026.03.23 13:00:00;0.952000;0.964790;0.951880;0.959180;25371;0;3;0.959210
2026.03.23 14:00:00;0.959180;0.964180;0.957770;0.962860;21424;0;3;0.962890
2026.03.23 15:00:00;0.962860;0.964140;0.960440;0.963620;20577;0;3;0.963650
2026.03.23 16:00:00;0.963600;0.965650;0.962240;0.965250;18199;0;3;0.965280
2026.03.23 17:00:00;0.965260;0.966850;0.958890;0.959240;17170;0;3;0.959270
2026.03.23 18:00:00;0.959240;0.961660;0.958430;0.961140;15672;0;3;0.961170
2026.03.23 19:00:00;0.961140;0.963670;0.961000;0.962750;11812;0;3;0.962780
2026.03.23 20:00:00;0.962750;0.964150;0.961720;0.963750;10940;0;4;0.963790
2026.03.23 21:00:00;0.963750;0.963800;0.961970;0.962000;7214;0;7;0.962070
2026.03.23 22:00:00;0.962000;0.962570;0.961580;0.962130;2886;0;6;0.962190
2026.03.23 23:00:00;0.962010;0.962520;0.960930;0.961080;1415;0;61;0.961690
2026.03.24 00:00:00;0.960980;0.963800;0.960920;0.963030;2114;0;3;0.963060
2026.03.24 01:00:00;0.963050;0.963070;0.961750;0.962190;3319;0;3;0.962220
2026.03.24 02:00:00;0.962190;0.962210;0.957470;0.960110;10225;0;3;0.960140
2026.03.24 03:00:00;0.960170;0.960900;0.957810;0.958210;11555;0;3;0.958240
2026.03.24 04:00:00;0.958220;0.959510;0.957620;0.958190;9962;0;3;0.958220
2026.03.24 05:00:00;0.958180;0.958980;0.957870;0.958320;5589;0;7;0.958390
2026.03.24 06:00:00;0.958330;0.958550;0.957480;0.958200;4706;0;6;0.958260
2026.03.24 07:00:00;0.958210;0.958670;0.956970;0.958230;8121;0;8;0.958310
2026.03.24 08:00:00;0.958230;0.960690;0.958060;0.960630;9622;0;3;0.960660
2026.03.24 09:00:00;0.960630;0.962740;0.959390;0.960270;11773;0;3;0.960300
2026.03.24 10:00:00;0.960260;0.960580;0.956880;0.957150;12692;0;6;0.957210
2026.03.24 11:00:00;0.957140;0.958270;0.956040;0.958030;9744;0;6;0.958090
2026.03.24 12:00:00;0.958030;0.958220;0.956810;0.957940;8993;0;8;0.958020
2026.03.24 13:00:00;0.957940;0.958570;0.956100;0.957940;8424;0;4;0.957980
2026.03.24 14:00:00;0.957930;0.958220;0.955550;0.955980;9337;0;7;0.956050
2026.03.24 15:00:00;0.955960;0.957270;0.954820;0.956840;15000;0;3;0.956870
2026.03.24 16:00:00;0.956830;0.959840;0.956130;0.957690;16312;0;4;0.957730
2026.03.24 17:00:00;0.957700;0.959150;0.957300;0.958550;14176;0;4;0.958590
2026.03.24 18:00:00;0.958550;0.959850;0.958070;0.959190;9505;0;5;0.959240
2026.03.24 19:00:00;0.959190;0.959340;0.956300;0.957850;12248;0;3;0.957880
2026.03.24 20:00:00;0.957860;0.959880;0.957460;0.959170;9969;0;3;0.959200
2026.03.24 21:00:00;0.959170;0.960370;0.958750;0.959050;6288;0;7;0.959120
2026.03.24 22:00:00;0.959060;0.963730;0.958510;0.962630;9857;0;3;0.962660
2026.03.24 23:00:00;0.962550;0.962600;0.961050;0.962360;1503;0;41;0.962770
2026.03.25 00:00:00;0.962400;0.963130;0.962090;0.963090;2630;0;8;0.963170
2026.03.25 01:00:00;0.963090;0.963180;0.962160;0.962270;3132;0;4;0.962310
2026.03.25 02:00:00;0.962270;0.963080;0.960810;0.962170;7472;0;4;0.962210
2026.03.25 03:00:00;0.962170;0.962640;0.961030;0.961090;8567;0;3;0.961120
2026.03.25 04:00:00;0.961080;0.961410;0.960060;0.960210;5685;0;8;0.960290
2026.03.25 05:00:00;0.960210;0.960830;0.959840;0.960610;4301;0;8;0.960690
2026.03.25 06:00:00;0.960610;0.961190;0.960320;0.960460;3177;0;8;0.960540
2026.03.25 07:00:00;0.960470;0.960900;0.960140;0.960390;4830;0;8;0.960470
2026.03.25 08:00:00;0.960390;0.960890;0.959850;0.960480;4998;0;6;0.960540
2026.03.25 09:00:00;0.960470;0.961270;0.959440;0.960160;6833;0;6;0.960220
2026.03.25 10:00:00;0.960170;0.963190;0.959830;0.962320;9632;0;3;0.962350
2026.03.25 11:00:00;0.962320;0.962950;0.960140;0.961160;7005;0;3;0.961190
2026.03.25 12:00:00;0.961170;0.961720;0.960110;0.960920;6564;0;6;0.960980
2026.03.25 13:00:00;0.960920;0.961810;0.960140;0.960980;5811;0;3;0.961010
2026.03.25 14:00:00;0.960990;0.961470;0.958760;0.959300;10291;0;3;0.959330
2026.03.25 15:00:00;0.959310;0.960210;0.957860;0.958000;10901;0;5;0.958050
2026.03.25 16:00:00;0.958010;0.961320;0.957230;0.960910;12144;0;3;0.960940
2026.03.25 17:00:00;0.960910;0.961560;0.958900;0.960460;11369;0;6;0.960520
2026.03.25 18:00:00;0.960460;0.961520;0.959930;0.960990;9292;0;3;0.961020
2026.03.25 19:00:00;0.960990;0.962080;0.960510;0.961320;7471;0;5;0.961370
2026.03.25 20:00:00;0.961320;0.961650;0.959490;0.959970;6813;0;3;0.960000
2026.03.25 21:00:00;0.959960;0.960260;0.959470;0.959970;5396;0;8;0.960050
2026.03.25 22:00:00;0.959970;0.960010;0.958900;0.959300;2526;0;8;0.959380
2026.03.25 23:00:00;0.959300;0.959410;0.958760;0.958940;1317;0;35;0.959290
2026.03.26 00:00:00;0.958920;0.959870;0.958650;0.959320;1546;0;3;0.959350
2026.03.26 01:00:00;0.959330;0.959420;0.958500;0.958930;1747;0;10;0.959030
2026.03.26 02:00:00;0.958920;0.959810;0.958700;0.958880;4435;0;6;0.958940
2026.03.26 03:00:00;0.958880;0.959800;0.958590;0.959540;5984;0;7;0.959610
2026.03.26 04:00:00;0.959550;0.959870;0.958510;0.958970;4556;0;9;0.959060
2026.03.26 05:00:00;0.958960;0.960490;0.958930;0.960390;3985;0;9;0.960480
2026.03.26 06:00:00;0.960390;0.961160;0.960180;0.960880;2804;0;8;0.960960
2026.03.26 07:00:00;0.960880;0.961130;0.960240;0.960330;4512;0;10;0.960430
2026.03.26 08:00:00;0.960330;0.960580;0.959550;0.960490;5904;0;7;0.960560
2026.03.26 09:00:00;0.960490;0.960550;0.959450;0.959510;5866;0;6;0.959570
2026.03.26 10:00:00;0.959510;0.960300;0.959030;0.960100;7431;0;6;0.960160
2026.03.26 11:00:00;0.960120;0.960230;0.958390;0.959060;7162;0;4;0.959100
2026.03.26 12:00:00;0.959060;0.959440;0.958440;0.958840;5809;0;7;0.958910
2026.03.26 13:00:00;0.958870;0.959210;0.956560;0.956640;4835;0;3;0.956670
2026.03.26 14:00:00;0.956640;0.957460;0.954650;0.955050;6902;0;5;0.955100
2026.03.26 15:00:00;0.955050;0.957540;0.955010;0.957320;10289;0;6;0.957380
2026.03.26 16:00:00;0.957320;0.958010;0.955810;0.956740;12808;0;5;0.956790
2026.03.26 17:00:00;0.956730;0.957750;0.956390;0.957090;10182;0;4;0.957130
2026.03.26 18:00:00;0.957090;0.957460;0.954770;0.954900;7245;0;7;0.954970
2026.03.26 19:00:00;0.954880;0.955570;0.953730;0.953760;6422;0;8;0.953840
2026.03.26 20:00:00;0.953740;0.954660;0.953680;0.954460;5883;0;8;0.954540
2026.03.26 21:00:00;0.954470;0.954490;0.952700;0.952790;5036;0;8;0.952870
2026.03.26 22:00:00;0.952800;0.957150;0.952580;0.954040;7560;0;3;0.954070
2026.03.26 23:00:00;0.954040;0.955720;0.953320;0.954750;899;0;14;0.954890
2026.03.27 00:00:00;0.954380;0.954880;0.954040;0.954700;1668;0;9;0.954790
2026.03.27 01:00:00;0.954700;0.954930;0.953770;0.953920;1881;0;10;0.954020
2026.03.27 02:00:00;0.953920;0.954440;0.952450;0.952680;5872;0;8;0.952760
2026.03.27 03:00:00;0.952680;0.953820;0.952360;0.953810;5833;0;7;0.953880
2026.03.27 04:00:00;0.953820;0.955070;0.953800;0.954770;4163;0;5;0.954820
2026.03.27 05:00:00;0.954770;0.956700;0.954670;0.956630;3743;0;7;0.956700
2026.03.27 06:00:00;0.956630;0.957270;0.956380;0.957080;2708;0;9;0.957170
2026.03.27 07:00:00;0.957080;0.957170;0.955480;0.955590;4439;0;8;0.955670
2026.03.27 08:00:00;0.955590;0.956320;0.955080;0.955730;4620;0;7;0.955800
2026.03.27 09:00:00;0.955730;0.955850;0.953280;0.954200;5506;0;5;0.954250
2026.03.27 10:00:00;0.954180;0.955400;0.953460;0.955120;6807;0;3;0.955150
2026.03.27 11:00:00;0.955130;0.955510;0.953950;0.954870;6754;0;5;0.954920
2026.03.27 12:00:00;0.954870;0.955620;0.954200;0.954670;6393;0;6;0.954730
2026.03.27 13:00:00;0.954680;0.955780;0.954200;0.954910;5304;0;8;0.954990
2026.03.27 14:00:00;0.954910;0.955330;0.953930;0.955010;6076;0;7;0.955080
2026.03.27 15:00:00;0.955000;0.955840;0.953280;0.954460;10105;0;6;0.954520
2026.03.27 16:00:00;0.954460;0.955660;0.954070;0.955130;10702;0;6;0.955190
2026.03.27 17:00:00;0.955130;0.957060;0.954920;0.956080;11435;0;3;0.956110
2026.03.27 18:00:00;0.956080;0.956490;0.954410;0.955430;7268;0;8;0.955510
2026.03.27 19:00:00;0.955430;0.956590;0.953220;0.953730;7086;0;6;0.953790
2026.03.27 20:00:00;0.953740;0.954500;0.953550;0.954200;5408;0;8;0.954280
2026.03.27 21:00:00;0.954200;0.954420;0.953740;0.954050;4678;0;8;0.954130
2026.03.27 22:00:00;0.954030;0.955820;0.953730;0.954310;4728;0;3;0.954340
2026.03.30 00:00:00;0.952360;0.952790;0.951270;0.952760;458;0;92;0.953680
2026.03.30 01:00:00;0.952660;0.953610;0.951650;0.952100;3512;0;3;0.952130
2026.03.30 02:00:00;0.952080;0.952530;0.951660;0.952120;5033;0;4;0.952160
2026.03.30 03:00:00;0.952120;0.952670;0.950850;0.951600;10609;0;3;0.951630
2026.03.30 04:00:00;0.951600;0.952900;0.951200;0.951690;7848;0;7;0.951760
2026.03.30 05:00:00;0.951700;0.953140;0.951520;0.952540;5475;0;7;0.952610
2026.03.30 06:00:00;0.952540;0.954450;0.952450;0.954200;4163;0;8;0.954280
2026.03.30 07:00:00;0.954200;0.954610;0.953770;0.953920;2628;0;8;0.954000
2026.03.30 08:00:00;0.953920;0.954250;0.953470;0.953860;4684;0;9;0.953950
2026.03.30 09:00:00;0.953860;0.954940;0.953130;0.953140;5178;0;7;0.953210
2026.03.30 10:00:00;0.953140;0.953820;0.952300;0.952850;5737;0;6;0.952910
2026.03.30 11:00:00;0.952850;0.954550;0.952600;0.953850;5443;0;8;0.953930
2026.03.30 12:00:00;0.953850;0.954180;0.952840;0.954020;5040;0;3;0.954050
2026.03.30 13:00:00;0.954020;0.954690;0.953520;0.953720;4876;0;8;0.953800
2026.03.30 14:00:00;0.953720;0.955780;0.953710;0.954850;6883;0;4;0.954890
2026.03.30 15:00:00;0.954860;0.955650;0.954410;0.955500;5714;0;8;0.955580
2026.03.30 16:00:00;0.955500;0.955820;0.952720;0.953190;8768;0;8;0.953270
2026.03.30 17:00:00;0.953200;0.954480;0.952230;0.954220;11157;0;4;0.954260
2026.03.30 18:00:00;0.954170;0.955150;0.953060;0.954560;9106;0;3;0.954590
2026.03.30 19:00:00;0.954540;0.954740;0.953820;0.954500;6361;0;8;0.954580
2026.03.30 20:00:00;0.954500;0.955150;0.953900;0.954220;6032;0;7;0.954290
2026.03.30 21:00:00;0.954210;0.954510;0.953960;0.954170;5211;0;8;0.954250
2026.03.30 22:00:00;0.954170;0.954190;0.952830;0.954040;5202;0;5;0.954090
2026.03.30 23:00:00;0.954040;0.954240;0.953550;0.953820;2269;0;7;0.953890
2026.03.31 00:00:00;0.953790;0.953930;0.952560;0.953690;1267;0;45;0.954140
2026.03.31 01:00:00;0.953700;0.954670;0.953700;0.954400;1061;0;10;0.954500
2026.03.31 02:00:00;0.954400;0.954410;0.953080;0.953360;2128;0;7;0.953430
2026.03.31 03:00:00;0.953380;0.955490;0.952220;0.954510;10262;0;4;0.954550
2026.03.31 04:00:00;0.954510;0.956660;0.954140;0.955890;10882;0;6;0.955950
2026.03.31 05:00:00;0.955900;0.956230;0.954920;0.954930;6672;0;8;0.955010
2026.03.31 06:00:00;0.954910;0.955230;0.953640;0.954030;4684;0;7;0.954100
2026.03.31 07:00:00;0.954030;0.954470;0.953330;0.953350;3899;0;7;0.953420
2026.03.31 08:00:00;0.953350;0.954720;0.952770;0.954120;5484;0;5;0.954170
2026.03.31 09:00:00;0.954120;0.954930;0.953720;0.954850;6296;0;7;0.954920
2026.03.31 10:00:00;0.954860;0.956770;0.953890;0.956630;6627;0;6;0.956690
2026.03.31 11:00:00;0.956630;0.957120;0.955660;0.956350;5879;0;6;0.956410
2026.03.31 12:00:00;0.956380;0.957000;0.955540;0.955720;5337;0;8;0.955800
2026.03.31 13:00:00;0.955710;0.956040;0.955070;0.955210;4719;0;7;0.955280
2026.03.31 14:00:00;0.955210;0.959370;0.955090;0.959080;8284;0;3;0.959110
2026.03.31 15:00:00;0.959080;0.960070;0.957700;0.958430;9747;0;3;0.958460
2026.03.31 16:00:00;0.958480;0.959140;0.957170;0.958910;8317;0;6;0.958970
2026.03.31 17:00:00;0.958910;0.959440;0.953990;0.955690;11875;0;5;0.955740
2026.03.31 18:00:00;0.955690;0.958250;0.955560;0.956300;12017;0;3;0.956330
2026.03.31 19:00:00;0.956300;0.960860;0.956140;0.959290;12740;0;4;0.959330
2026.03.31 20:00:00;0.959310;0.961180;0.959050;0.959260;13811;0;3;0.959290
2026.03.31 21:00:00;0.959260;0.960710;0.959150;0.960030;7762;0;8;0.960110
2026.03.31 22:00:00;0.960030;0.960800;0.959580;0.959870;5891;0;9;0.959960
2026.03.31 23:00:00;0.959850;0.960240;0.959520;0.959880;3658;0;8;0.959960
2026.04.01 00:00:00;0.959910;0.959910;0.958470;0.959440;1078;0;36;0.959800
2026.04.01 01:00:00;0.959450;0.960210;0.959420;0.960040;1297;0;10;0.960140
2026.04.01 02:00:00;0.960040;0.961980;0.959880;0.961890;1930;0;8;0.961970
2026.04.01 03:00:00;0.961870;0.962880;0.961440;0.962550;5352;0;5;0.962600
2026.04.01 04:00:00;0.962550;0.962800;0.961020;0.961380;6689;0;6;0.961440
2026.04.01 05:00:00;0.961370;0.961850;0.960520;0.960590;4367;0;8;0.960670
2026.04.01 06:00:00;0.960590;0.960730;0.959660;0.960170;3507;0;9;0.960260
2026.04.01 07:00:00;0.960170;0.960290;0.959510;0.959860;2670;0;8;0.959940
2026.04.01 08:00:00;0.959840;0.961150;0.959700;0.960000;4761;0;3;0.960030
2026.04.01 09:00:00;0.960000;0.964680;0.959880;0.964630;7852;0;5;0.964680
2026.04.01 10:00:00;0.964630;0.965330;0.963080;0.963400;8773;0;3;0.963430
2026.04.01 11:00:00;0.963400;0.965310;0.962930;0.963840;8100;0;7;0.963910
2026.04.01 12:00:00;0.963910;0.964310;0.963110;0.963890;6723;0;8;0.963970
2026.04.01 13:00:00;0.963890;0.964840;0.963610;0.964570;6126;0;4;0.964610
2026.04.01 14:00:00;0.964570;0.966560;0.964490;0.965820;4611;0;8;0.965900
2026.04.01 15:00:00;0.965800;0.966580;0.963800;0.964190;8950;0;3;0.964220
2026.04.01 16:00:00;0.964190;0.965200;0.963250;0.964650;12481;0;3;0.964680
2026.04.01 17:00:00;0.964690;0.965120;0.963780;0.963960;13060;0;3;0.963990
2026.04.01 18:00:00;0.963960;0.964550;0.962750;0.963290;7928;0;4;0.963330
2026.04.01 19:00:00;0.963300;0.963880;0.962630;0.963550;5029;0;7;0.963620
2026.04.01 20:00:00;0.963550;0.964030;0.962310;0.962310;4665;0;8;0.962390
2026.04.01 21:00:00;0.962310;0.962360;0.960270;0.960730;7376;0;8;0.960810
2026.04.01 22:00:00;0.960700;0.961350;0.960200;0.960950;5972;0;8;0.961030
2026.04.01 23:00:00;0.960940;0.961340;0.960730;0.960880;1973;0;8;0.960960
2026.04.02 00:00:00;0.960890;0.961200;0.959250;0.960960;2471;0;30;0.961260
2026.04.02 01:00:00;0.960900;0.961240;0.960410;0.960640;1443;0;10;0.960740
2026.04.02 02:00:00;0.960680;0.961140;0.960340;0.960650;1739;0;10;0.960750
2026.04.02 03:00:00;0.960650;0.961820;0.960240;0.961330;6147;0;3;0.961360
2026.04.02 04:00:00;0.961320;0.962520;0.956020;0.956540;18351;0;3;0.956570
2026.04.02 05:00:00;0.956520;0.957810;0.956340;0.957280;8449;0;5;0.957330
2026.04.02 06:00:00;0.957280;0.957850;0.956970;0.957330;4742;0;9;0.957420
2026.04.02 07:00:00;0.957330;0.957390;0.956300;0.956810;4243;0;8;0.956890
2026.04.02 08:00:00;0.956810;0.957180;0.955490;0.955540;5042;0;9;0.955630
2026.04.02 09:00:00;0.955540;0.956470;0.955250;0.956390;6975;0;5;0.956440
2026.04.02 10:00:00;0.956390;0.957630;0.956210;0.957540;6149;0;7;0.957610
2026.04.02 11:00:00;0.957540;0.957660;0.956240;0.956880;5272;0;8;0.956960
2026.04.02 12:00:00;0.956880;0.956970;0.955690;0.956860;4952;0;8;0.956940
2026.04.02 13:00:00;0.956860;0.956910;0.955770;0.955870;4938;0;8;0.955950
2026.04.02 14:00:00;0.955870;0.956330;0.955170;0.955490;4675;0;8;0.955570
2026.04.02 15:00:00;0.955490;0.958560;0.955250;0.957670;6888;0;7;0.957740
2026.04.02 16:00:00;0.957670;0.959630;0.957030;0.959550;10103;0;5;0.959600
2026.04.02 17:00:00;0.959550;0.962530;0.958890;0.962290;13867;0;3;0.962320
2026.04.02 18:00:00;0.962290;0.962680;0.960880;0.961530;11745;0;6;0.961590
2026.04.02 19:00:00;0.961530;0.962630;0.961100;0.961200;7967;0;8;0.961280
2026.04.02 20:00:00;0.961200;0.961830;0.960600;0.960820;5232;0;8;0.960900
2026.04.02 21:00:00;0.960840;0.961390;0.960740;0.960970;4737;0;8;0.961050
2026.04.02 22:00:00;0.960970;0.961640;0.960770;0.961150;3976;0;8;0.961230
2026.04.02 23:00:00;0.961160;0.961860;0.960970;0.961450;1971;0;8;0.961530
2026.04.03 00:00:00;0.961090;0.961350;0.959610;0.960720;1316;0;3;0.960750
2026.04.03 01:00:00;0.960890;0.961940;0.960800;0.961810;731;0;10;0.961910
2026.04.03 02:00:00;0.961800;0.961980;0.961710;0.961730;582;0;10;0.961830
2026.04.03 03:00:00;0.961730;0.962490;0.961730;0.962170;1601;0;10;0.962270
2026.04.03 04:00:00;0.962180;0.962290;0.961740;0.961850;1275;0;10;0.961950
2026.04.03 05:00:00;0.961840;0.962020;0.961400;0.961730;1226;0;8;0.961810
2026.04.03 06:00:00;0.961730;0.961890;0.961470;0.961610;743;0;10;0.961710
2026.04.03 07:00:00;0.961610;0.961700;0.961310;0.961590;961;0;10;0.961690
2026.04.03 08:00:00;0.961590;0.961700;0.961260;0.961620;942;0;10;0.961720
2026.04.03 09:00:00;0.961620;0.961900;0.961430;0.961800;1302;0;6;0.961860
2026.04.03 10:00:00;0.961800;0.962370;0.961560;0.961620;1580;0;8;0.961700
2026.04.03 11:00:00;0.961640;0.961820;0.961390;0.961570;1342;0;8;0.961650
2026.04.03 12:00:00;0.961560;0.961620;0.961090;0.961280;1633;0;7;0.961350
2026.04.03 13:00:00;0.961250;0.961590;0.961040;0.961540;1486;0;8;0.961620
2026.04.03 14:00:00;0.961520;0.961910;0.961340;0.961840;1442;0;8;0.961920
2026.04.03 15:00:00;0.961840;0.962570;0.958920;0.961690;4422;0;7;0.961760
2026.04.03 16:00:00;0.961690;0.962350;0.961600;0.962050;2349;0;8;0.962130
2026.04.03 17:00:00;0.962050;0.962070;0.961050;0.961130;1519;0;6;0.961190
2026.04.03 18:00:00;0.961130;0.961270;0.960610;0.960860;3889;0;8;0.960940
2026.04.03 19:00:00;0.960860;0.961270;0.960450;0.960650;3433;0;8;0.960730
2026.04.03 20:00:00;0.960660;0.961150;0.960390;0.960950;6389;0;8;0.961030
2026.04.03 21:00:00;0.961010;0.961010;0.960450;0.960580;3050;0;8;0.960660
2026.04.03 22:00:00;0.960520;0.961110;0.960000;0.960190;1945;0;3;0.960220
2026.04.03 23:00:00;0.960190;0.961470;0.958630;0.958720;865;0;3;0.958750
2026.04.06 01:00:00;0.959340;0.960760;0.958960;0.960530;4059;0;3;0.960560
2026.04.06 02:00:00;0.960530;0.960850;0.960020;0.960090;2484;0;9;0.960180
2026.04.06 03:00:00;0.960090;0.961460;0.960020;0.961400;4683;0;9;0.961490
2026.04.06 04:00:00;0.961400;0.961950;0.961130;0.961530;3130;0;8;0.961610
2026.04.06 05:00:00;0.961510;0.963780;0.961510;0.962360;5988;0;9;0.962450
2026.04.06 06:00:00;0.962350;0.962610;0.961980;0.962110;3754;0;10;0.962210
2026.04.06 07:00:00;0.962110;0.962990;0.962020;0.962910;2654;0;9;0.963000
2026.04.06 08:00:00;0.962910;0.963270;0.962750;0.962790;2656;0;10;0.962890
2026.04.06 09:00:00;0.962790;0.963940;0.962590;0.963330;4044;0;8;0.963410
2026.04.06 10:00:00;0.963310;0.964920;0.962850;0.964410;5468;0;7;0.964480
2026.04.06 11:00:00;0.964410;0.965090;0.964030;0.964800;5189;0;7;0.964870
2026.04.06 12:00:00;0.964820;0.965420;0.963830;0.963980;4464;0;5;0.964030
2026.04.06 13:00:00;0.964030;0.964960;0.963590;0.964470;4496;0;3;0.964500
2026.04.06 14:00:00;0.964470;0.964890;0.963570;0.964310;4296;0;7;0.964380
2026.04.06 15:00:00;0.964310;0.964520;0.963650;0.963740;4646;0;8;0.963820
2026.04.06 16:00:00;0.963740;0.964080;0.963170;0.963800;7110;0;7;0.963870
2026.04.06 17:00:00;0.963810;0.964560;0.962530;0.963050;11111;0;4;0.963090
2026.04.06 18:00:00;0.963040;0.963180;0.962150;0.962580;7666;0;6;0.962640
2026.04.06 19:00:00;0.962580;0.962780;0.962110;0.962370;4851;0;8;0.962450
2026.04.06 20:00:00;0.962390;0.962710;0.961340;0.962270;6878;0;8;0.962350
2026.04.06 21:00:00;0.962270;0.963260;0.962110;0.962970;6561;0;8;0.963050
2026.04.06 22:00:00;0.962970;0.963120;0.962470;0.962830;2871;0;8;0.962910
2026.04.06 23:00:00;0.962860;0.962940;0.961840;0.961850;1689;0;8;0.961930
2026.04.07 00:00:00;0.961770;0.962440;0.961420;0.961750;1022;0;63;0.962380
2026.04.07 01:00:00;0.961740;0.962790;0.961730;0.961900;1255;0;10;0.962000
2026.04.07 02:00:00;0.961900;0.962270;0.961820;0.962130;1232;0;9;0.962220
2026.04.07 03:00:00;0.962120;0.963170;0.961780;0.961900;5643;0;7;0.961970
2026.04.07 04:00:00;0.961890;0.962710;0.960830;0.961190;6961;0;9;0.961280
2026.04.07 05:00:00;0.961190;0.962130;0.960750;0.961830;4298;0;6;0.961890
2026.04.07 06:00:00;0.961850;0.962270;0.961660;0.962030;3090;0;10;0.962130
2026.04.07 07:00:00;0.962030;0.962870;0.961610;0.962640;3596;0;7;0.962710
2026.04.07 08:00:00;0.962640;0.962750;0.961830;0.962580;4886;0;8;0.962660
2026.04.07 09:00:00;0.962580;0.963280;0.962430;0.963100;5402;0;8;0.963180
2026.04.07 10:00:00;0.963090;0.963220;0.961990;0.962730;5593;0;6;0.962790
2026.04.07 11:00:00;0.962710;0.966470;0.962630;0.966100;9332;0;3;0.966130
2026.04.07 12:00:00;0.966100;0.966710;0.965730;0.965920;6124;0;7;0.965990
2026.04.07 13:00:00;0.965920;0.966370;0.964140;0.964560;9095;0;3;0.964590
2026.04.07 14:00:00;0.964560;0.965260;0.964130;0.964840;5667;0;7;0.964910
2026.04.07 15:00:00;0.964840;0.966180;0.964090;0.965240;7355;0;3;0.965270
2026.04.07 16:00:00;0.965240;0.965910;0.964100;0.964150;9651;0;5;0.964200
2026.04.07 17:00:00;0.964130;0.965940;0.963790;0.964920;11391;0;3;0.964950
2026.04.07 18:00:00;0.964920;0.966050;0.963900;0.965400;9737;0;3;0.965430
2026.04.07 19:00:00;0.965430;0.966410;0.965090;0.965510;7282;0;3;0.965540
2026.04.07 20:00:00;0.965510;0.966790;0.965060;0.966580;6268;0;3;0.966610
2026.04.07 21:00:00;0.966580;0.966870;0.965460;0.965700;4722;0;8;0.965780
2026.04.07 22:00:00;0.965700;0.968660;0.965510;0.968510;9607;0;4;0.968550
2026.04.07 23:00:00;0.968510;0.969180;0.967910;0.967910;5150;0;5;0.967960
2026.04.08 00:00:00;0.967270;0.969180;0.967060;0.968420;1484;0;71;0.969130
2026.04.08 01:00:00;0.968950;0.977040;0.968130;0.976910;9320;0;3;0.976940
2026.04.08 02:00:00;0.976940;0.979890;0.976110;0.979480;9579;0;3;0.979510
2026.04.08 03:00:00;0.979480;0.980110;0.976300;0.976730;11972;0;4;0.976770
2026.04.08 04:00:00;0.976720;0.978570;0.976370;0.977720;9282;0;3;0.977750
2026.04.08 05:00:00;0.977720;0.978350;0.975670;0.975950;6273;0;8;0.976030
2026.04.08 06:00:00;0.975960;0.976220;0.974840;0.975950;5455;0;8;0.976030
2026.04.08 07:00:00;0.975930;0.977850;0.975880;0.977610;5427;0;5;0.977660
2026.04.08 08:00:00;0.977610;0.979090;0.977000;0.978010;6692;0;7;0.978080
2026.04.08 09:00:00;0.978010;0.979770;0.977680;0.978860;8659;0;6;0.978920
2026.04.08 10:00:00;0.978860;0.979220;0.977440;0.977560;8078;0;3;0.977590
2026.04.08 11:00:00;0.977550;0.977570;0.974980;0.976700;7258;0;3;0.976730
2026.04.08 12:00:00;0.976710;0.977400;0.975470;0.975820;6137;0;3;0.975850
2026.04.08 13:00:00;0.975810;0.976680;0.975590;0.976030;5216;0;3;0.976060
2026.04.08 14:00:00;0.976040;0.977970;0.975500;0.977830;6811;0;8;0.977910
2026.04.08 15:00:00;0.977830;0.979150;0.976920;0.978620;9966;0;3;0.978650
2026.04.08 16:00:00;0.978620;0.979510;0.976810;0.977590;11190;0;3;0.977620
2026.04.08 17:00:00;0.977580;0.978210;0.975020;0.976820;12870;0;3;0.976850
2026.04.08 18:00:00;0.976820;0.978440;0.976150;0.978120;9783;0;6;0.978180
2026.04.08 19:00:00;0.978120;0.978180;0.976970;0.977260;6455;0;7;0.977330
2026.04.08 20:00:00;0.977260;0.977570;0.975840;0.976220;6335;0;5;0.976270
2026.04.08 21:00:00;0.976240;0.976940;0.974220;0.974300;7632;0;4;0.974340
2026.04.08 22:00:00;0.974300;0.976180;0.974070;0.975950;7498;0;7;0.976020
2026.04.08 23:00:00;0.975950;0.976090;0.974920;0.974940;3160;0;8;0.975020
2026.04.09 00:00:00;0.973940;0.975510;0.973930;0.975340;1314;0;30;0.975640
2026.04.09 01:00:00;0.975340;0.975650;0.974990;0.975510;1242;0;10;0.975610
2026.04.09 02:00:00;0.975490;0.975690;0.974740;0.974760;1651;0;10;0.974860
2026.04.09 03:00:00;0.974760;0.974850;0.973850;0.974430;5060;0;9;0.974520
2026.04.09 04:00:00;0.974420;0.974640;0.973330;0.974190;5245;0;9;0.974280
2026.04.09 05:00:00;0.974190;0.974920;0.973790;0.974560;3869;0;7;0.974630
2026.04.09 06:00:00;0.974540;0.975060;0.974360;0.974830;3070;0;9;0.974920
2026.04.09 07:00:00;0.974830;0.975480;0.974710;0.974850;2449;0;9;0.974940
2026.04.09 08:00:00;0.974860;0.975210;0.974110;0.974240;3646;0;7;0.974310
2026.04.09 09:00:00;0.974240;0.975200;0.973870;0.975160;5109;0;8;0.975240
2026.04.09 10:00:00;0.975150;0.975290;0.973700;0.973770;5845;0;5;0.973820
2026.04.09 11:00:00;0.973770;0.973880;0.972900;0.972990;5277;0;8;0.973070
2026.04.09 12:00:00;0.972990;0.974400;0.972740;0.974270;4120;0;8;0.974350
2026.04.09 13:00:00;0.974270;0.974420;0.973710;0.973720;4010;0;8;0.973800
2026.04.09 14:00:00;0.973720;0.974680;0.973600;0.974630;4550;0;8;0.974710
2026.04.09 15:00:00;0.974630;0.974860;0.973140;0.973970;5811;0;7;0.974040
2026.04.09 16:00:00;0.973970;0.975210;0.973270;0.974910;6925;0;8;0.974990
2026.04.09 17:00:00;0.974910;0.975930;0.973980;0.975790;8810;0;7;0.975860
2026.04.09 18:00:00;0.975790;0.978300;0.975290;0.978200;9648;0;3;0.978230
2026.04.09 19:00:00;0.978200;0.979440;0.977880;0.978820;6589;0;8;0.978900
2026.04.09 20:00:00;0.978840;0.979970;0.978580;0.979220;5829;0;8;0.979300
2026.04.09 21:00:00;0.979230;0.979230;0.977630;0.977980;6468;0;7;0.978050
2026.04.09 22:00:00;0.977980;0.978610;0.977690;0.978470;4279;0;8;0.978550
2026.04.09 23:00:00;0.978430;0.978950;0.977880;0.977880;2038;0;6;0.977940
2026.04.10 00:00:00;0.977400;0.978540;0.977370;0.977710;1344;0;39;0.978100
2026.04.10 01:00:00;0.977740;0.978880;0.977630;0.978100;1665;0;10;0.978200
2026.04.10 02:00:00;0.978080;0.978310;0.977830;0.977850;1325;0;11;0.977960
2026.04.10 03:00:00;0.977880;0.978060;0.977380;0.978060;3231;0;9;0.978150
2026.04.10 04:00:00;0.978060;0.978690;0.977710;0.977850;3272;0;10;0.977950
2026.04.10 05:00:00;0.977840;0.978180;0.977040;0.977130;2634;0;8;0.977210
2026.04.10 06:00:00;0.977130;0.977400;0.976830;0.977160;1828;0;8;0.977240
2026.04.10 07:00:00;0.977160;0.977290;0.976590;0.976930;1574;0;7;0.977000
2026.04.10 08:00:00;0.976930;0.977590;0.976600;0.977520;1943;0;7;0.977590
2026.04.10 09:00:00;0.977520;0.977630;0.976480;0.976750;3190;0;8;0.976830
2026.04.10 10:00:00;0.976730;0.977230;0.976320;0.976510;3715;0;8;0.976590
2026.04.10 11:00:00;0.976510;0.977540;0.976310;0.976530;3911;0;8;0.976610
2026.04.10 12:00:00;0.976530;0.978030;0.976530;0.977710;5290;0;3;0.977740
2026.04.10 13:00:00;0.977710;0.978090;0.977380;0.977960;3471;0;3;0.977990
2026.04.10 14:00:00;0.977960;0.978320;0.977400;0.977470;3256;0;8;0.977550
2026.04.10 15:00:00;0.977470;0.978580;0.976820;0.977870;6343;0;7;0.977940
2026.04.10 16:00:00;0.977880;0.979010;0.977300;0.977890;7121;0;8;0.977970
2026.04.10 17:00:00;0.977920;0.979700;0.977120;0.979610;7936;0;4;0.979650
2026.04.10 18:00:00;0.979620;0.979930;0.978340;0.978500;6936;0;6;0.978560
2026.04.10 19:00:00;0.978500;0.978830;0.977470;0.978130;5895;0;8;0.978210
2026.04.10 20:00:00;0.978130;0.978620;0.977890;0.978290;4151;0;8;0.978370
2026.04.10 21:00:00;0.978290;0.978910;0.977920;0.978770;4617;0;8;0.978850
2026.04.10 22:00:00;0.978770;0.979240;0.978710;0.979050;3141;0;8;0.979130
2026.04.10 23:00:00;0.979050;0.979480;0.976060;0.976480;3681;0;8;0.976560
2026.04.13 00:00:00;0.969410;0.971470;0.968830;0.971250;156;0;69;0.971940
2026.04.13 01:00:00;0.971250;0.973790;0.970600;0.973590;5295;0;7;0.973660
2026.04.13 02:00:00;0.973600;0.974120;0.973020;0.973730;2731;0;5;0.973780
2026.04.13 03:00:00;0.973750;0.974970;0.973570;0.974970;5235;0;3;0.975000
2026.04.13 04:00:00;0.974960;0.975960;0.974420;0.974990;5171;0;6;0.975050
2026.04.13 05:00:00;0.974990;0.975460;0.974570;0.975320;3246;0;7;0.975390
2026.04.13 06:00:00;0.975330;0.975640;0.974710;0.975470;3058;0;6;0.975530
2026.04.13 07:00:00;0.975470;0.975730;0.975060;0.975120;2766;0;8;0.975200
2026.04.13 08:00:00;0.975130;0.976170;0.975040;0.975670;3199;0;7;0.975740
2026.04.13 09:00:00;0.975670;0.975960;0.975450;0.975910;4403;0;7;0.975980
2026.04.13 10:00:00;0.975910;0.977250;0.975910;0.976860;4875;0;8;0.976940
2026.04.13 11:00:00;0.976840;0.976990;0.976010;0.976130;4452;0;8;0.976210
2026.04.13 12:00:00;0.976130;0.976440;0.975280;0.975440;3847;0;8;0.975520
2026.04.13 13:00:00;0.975440;0.975810;0.975280;0.975740;3366;0;8;0.975820
2026.04.13 14:00:00;0.975740;0.976270;0.973920;0.974040;4599;0;3;0.974070
2026.04.13 15:00:00;0.974040;0.975240;0.973400;0.974920;5740;0;7;0.974990
2026.04.13 16:00:00;0.974920;0.976310;0.974050;0.976130;8118;0;5;0.976180
2026.04.13 17:00:00;0.976130;0.976450;0.975200;0.975690;8336;0;6;0.975750
2026.04.13 18:00:00;0.975670;0.975670;0.974710;0.975300;6709;0;7;0.975370
2026.04.13 19:00:00;0.975290;0.977560;0.974820;0.976960;8875;0;3;0.976990
2026.04.13 20:00:00;0.976960;0.977960;0.976930;0.977930;4441;0;6;0.977990
2026.04.13 21:00:00;0.977920;0.979100;0.977880;0.978920;4354;0;8;0.979000
2026.04.13 22:00:00;0.978920;0.979040;0.978230;0.978350;3853;0;8;0.978430
2026.04.13 23:00:00;0.978340;0.978820;0.978180;0.978180;2051;0;8;0.978260
2026.04.14 00:00:00;0.978110;0.978440;0.977700;0.977890;789;0;71;0.978600
2026.04.14 01:00:00;0.977890;0.979080;0.977860;0.978930;1362;0;9;0.979020
2026.04.14 02:00:00;0.978930;0.979100;0.978420;0.978570;1576;0;10;0.978670
2026.04.14 03:00:00;0.978570;0.978590;0.976990;0.977350;3535;0;3;0.977380
2026.04.14 04:00:00;0.977360;0.977500;0.976040;0.976120;3464;0;7;0.976190
2026.04.14 05:00:00;0.976130;0.976780;0.975990;0.976310;2311;0;3;0.976340
2026.04.14 06:00:00;0.976310;0.976880;0.976200;0.976380;2021;0;8;0.976460
2026.04.14 07:00:00;0.976380;0.977180;0.976290;0.976840;1748;0;7;0.976910
2026.04.14 08:00:00;0.976840;0.976960;0.975790;0.976130;2954;0;7;0.976200
2026.04.14 09:00:00;0.976130;0.977050;0.975580;0.976850;3847;0;6;0.976910
2026.04.14 10:00:00;0.976850;0.977780;0.976750;0.977060;6653;0;4;0.977100
2026.04.14 11:00:00;0.977060;0.978500;0.976720;0.977660;4538;0;3;0.977690
2026.04.14 12:00:00;0.977670;0.978880;0.977670;0.978830;4089;0;8;0.978910
2026.04.14 13:00:00;0.978820;0.979620;0.978760;0.979180;4354;0;7;0.979250
2026.04.14 14:00:00;0.979180;0.980150;0.979070;0.979850;4115;0;6;0.979910
2026.04.14 15:00:00;0.979860;0.980520;0.979110;0.980240;6519;0;4;0.980280
2026.04.14 16:00:00;0.980230;0.981050;0.979760;0.980920;7390;0;8;0.981000
2026.04.14 17:00:00;0.980920;0.982070;0.980830;0.981860;7045;0;3;0.981890
2026.04.14 18:00:00;0.981860;0.982220;0.980960;0.980990;6988;0;6;0.981050
2026.04.14 19:00:00;0.980990;0.981280;0.980700;0.980990;4138;0;8;0.981070
2026.04.14 20:00:00;0.980990;0.981800;0.980820;0.981620;3720;0;8;0.981700
2026.04.14 21:00:00;0.981620;0.981870;0.981210;0.981720;4582;0;7;0.981790
2026.04.14 22:00:00;0.981720;0.981920;0.981030;0.981220;3358;0;8;0.981300
2026.04.14 23:00:00;0.981210;0.981310;0.980590;0.980590;2285;0;4;0.980630
2026.04.15 00:00:00;0.979930;0.980760;0.979730;0.980620;829;0;49;0.981110
2026.04.15 01:00:00;0.980610;0.981290;0.980360;0.981230;1983;0;9;0.981320
2026.04.15 02:00:00;0.981230;0.981850;0.981110;0.981290;2208;0;11;0.981400
2026.04.15 03:00:00;0.981300;0.981400;0.980660;0.980910;3466;0;10;0.981010
2026.04.15 04:00:00;0.980910;0.981490;0.980540;0.981410;3671;0;9;0.981500
2026.04.15 05:00:00;0.981410;0.982410;0.981350;0.982290;2836;0;8;0.982370
2026.04.15 06:00:00;0.982290;0.982490;0.982000;0.982180;2170;0;8;0.982260
2026.04.15 07:00:00;0.982170;0.982640;0.982100;0.982480;1571;0;8;0.982560
2026.04.15 08:00:00;0.982480;0.983560;0.982460;0.982870;4014;0;8;0.982950
2026.04.15 09:00:00;0.982890;0.983450;0.982870;0.983060;3736;0;8;0.983140
2026.04.15 10:00:00;0.983070;0.983780;0.982720;0.983330;4820;0;6;0.983390
2026.04.15 11:00:00;0.983330;0.983680;0.982940;0.983340;3564;0;7;0.983410
2026.04.15 12:00:00;0.983340;0.983770;0.982490;0.983770;5069;0;8;0.983850
2026.04.15 13:00:00;0.983770;0.984180;0.982340;0.983510;5908;0;3;0.983540
2026.04.15 14:00:00;0.983510;0.984520;0.983300;0.984240;4608;0;3;0.984270
2026.04.15 15:00:00;0.984190;0.984250;0.982580;0.983240;5402;0;6;0.983300
2026.04.15 16:00:00;0.983240;0.984240;0.982880;0.983300;6939;0;6;0.983360
2026.04.15 17:00:00;0.983300;0.984170;0.983010;0.983730;7219;0;8;0.983810
2026.04.15 18:00:00;0.983730;0.984400;0.983320;0.983760;7214;0;5;0.983810
2026.04.15 19:00:00;0.983780;0.984840;0.983650;0.984120;5853;0;8;0.984200
2026.04.15 20:00:00;0.984130;0.984460;0.983340;0.983900;4100;0;8;0.983980
2026.04.15 21:00:00;0.983900;0.985010;0.983730;0.984970;4276;0;8;0.985050
2026.04.15 22:00:00;0.984980;0.985340;0.984660;0.984930;3166;0;7;0.985000
2026.04.15 23:00:00;0.984930;0.985340;0.984620;0.984910;2085;0;8;0.984990
2026.04.16 00:00:00;0.984890;0.985150;0.983410;0.984380;690;0;51;0.984890
2026.04.16 01:00:00;0.984380;0.985370;0.984380;0.984970;1269;0;10;0.985070
2026.04.16 02:00:00;0.984970;0.985220;0.984670;0.985120;1502;0;10;0.985220
2026.04.16 03:00:00;0.985120;0.985290;0.984420;0.984980;3320;0;9;0.985070
2026.04.16 04:00:00;0.984980;0.985280;0.983570;0.985110;4740;0;8;0.985190
2026.04.16 05:00:00;0.985110;0.986680;0.984920;0.986270;4198;0;8;0.986350
2026.04.16 06:00:00;0.986270;0.986800;0.985930;0.986260;3684;0;8;0.986340
2026.04.16 07:00:00;0.986260;0.986700;0.985920;0.986010;2182;0;9;0.986100
2026.04.16 08:00:00;0.986020;0.986470;0.985610;0.986260;3248;0;10;0.986360
2026.04.16 09:00:00;0.986250;0.986640;0.985180;0.985840;4774;0;7;0.985910
2026.04.16 10:00:00;0.985850;0.986190;0.985490;0.985750;5682;0;6;0.985810
2026.04.16 11:00:00;0.985750;0.985850;0.984050;0.984750;5531;0;8;0.984830
2026.04.16 12:00:00;0.984750;0.984920;0.983960;0.984080;4000;0;8;0.984160
2026.04.16 13:00:00;0.984060;0.984600;0.983920;0.984110;3669;0;3;0.984140
2026.04.16 14:00:00;0.984110;0.984910;0.984020;0.984360;3944;0;8;0.984440
2026.04.16 15:00:00;0.984350;0.984590;0.983800;0.984060;4925;0;3;0.984090
2026.04.16 16:00:00;0.984070;0.984380;0.982800;0.983600;7493;0;8;0.983680
2026.04.16 17:00:00;0.983600;0.983850;0.981900;0.982170;8764;0;7;0.982240
2026.04.16 18:00:00;0.982180;0.983150;0.982070;0.982440;6677;0;6;0.982500
2026.04.16 19:00:00;0.982440;0.982930;0.980590;0.980790;6059;0;8;0.980870
2026.04.16 20:00:00;0.980800;0.980840;0.980150;0.980640;5444;0;8;0.980720
2026.04.16 21:00:00;0.980640;0.981130;0.980340;0.980550;5285;0;8;0.980630
2026.04.16 22:00:00;0.980560;0.981270;0.980430;0.981210;3183;0;8;0.981290
2026.04.16 23:00:00;0.981210;0.981370;0.980680;0.980940;2073;0;8;0.981020
2026.04.17 00:00:00;0.980940;0.981920;0.980200;0.980530;985;0;30;0.980830
2026.04.17 01:00:00;0.980530;0.981240;0.980530;0.981060;1098;0;10;0.981160
2026.04.17 02:00:00;0.981070;0.981370;0.980610;0.980680;1282;0;10;0.980780
2026.04.17 03:00:00;0.980620;0.981550;0.980210;0.981020;3849;0;8;0.981100
2026.04.17 04:00:00;0.981020;0.981640;0.980860;0.981210;3439;0;9;0.981300
2026.04.17 05:00:00;0.981210;0.981410;0.980920;0.980970;2020;0;9;0.981060
2026.04.17 06:00:00;0.980970;0.981300;0.980650;0.981100;2020;0;8;0.981180
2026.04.17 07:00:00;0.981080;0.981430;0.981040;0.981120;1681;0;10;0.981220
2026.04.17 08:00:00;0.981130;0.981190;0.980480;0.980770;2458;0;8;0.980850
2026.04.17 09:00:00;0.980770;0.980780;0.979950;0.980100;3893;0;8;0.980180
2026.04.17 10:00:00;0.980100;0.981270;0.979990;0.981180;4265;0;7;0.981250
2026.04.17 11:00:00;0.981170;0.981710;0.980440;0.981520;3586;0;5;0.981570
2026.04.17 12:00:00;0.981520;0.981930;0.980850;0.980950;4083;0;8;0.981030
2026.04.17 13:00:00;0.980950;0.981550;0.980750;0.981090;3025;0;8;0.981170
2026.04.17 14:00:00;0.981090;0.981150;0.980470;0.980590;3053;0;8;0.980670
2026.04.17 15:00:00;0.980590;0.985640;0.980450;0.985030;8791;0;3;0.985060
2026.04.17 16:00:00;0.985030;0.986500;0.984290;0.985530;14772;0;3;0.985560
2026.04.17 17:00:00;0.985530;0.985580;0.983760;0.984130;10526;0;3;0.984160
2026.04.17 18:00:00;0.984110;0.984270;0.982310;0.982730;9584;0;7;0.982800
2026.04.17 19:00:00;0.982730;0.983180;0.982320;0.982360;5424;0;7;0.982430
2026.04.17 20:00:00;0.982360;0.982490;0.981550;0.982300;7273;0;3;0.982330
2026.04.17 21:00:00;0.982290;0.982380;0.980930;0.981140;5742;0;8;0.981220
2026.04.17 22:00:00;0.981130;0.981840;0.980910;0.981710;4471;0;7;0.981780
2026.04.17 23:00:00;0.981710;0.981760;0.980560;0.981380;3630;0;8;0.981460
2026.04.20 00:00:00;0.974880;0.976240;0.974270;0.974430;606;0;36;0.974790
2026.04.20 01:00:00;0.974430;0.978880;0.974430;0.978510;3792;0;8;0.978590
2026.04.20 02:00:00;0.978510;0.979000;0.977480;0.977790;3569;0;8;0.977870
2026.04.20 03:00:00;0.977790;0.979100;0.977480;0.979050;5643;0;6;0.979110
2026.04.20 04:00:00;0.979050;0.979990;0.979040;0.979320;5203;0;8;0.979400
2026.04.20 05:00:00;0.979320;0.980150;0.979030;0.979870;2946;0;6;0.979930
2026.04.20 06:00:00;0.979860;0.980150;0.979530;0.979610;3153;0;6;0.979670
2026.04.20 07:00:00;0.979610;0.979930;0.979240;0.979890;2453;0;9;0.979980
2026.04.20 08:00:00;0.979890;0.979960;0.978510;0.979160;3975;0;9;0.979250
2026.04.20 09:00:00;0.979160;0.980040;0.978330;0.980040;5360;0;6;0.980100
2026.04.20 10:00:00;0.980030;0.980800;0.978210;0.978730;6539;0;3;0.978760
2026.04.20 11:00:00;0.978720;0.979150;0.978500;0.978890;6314;0;6;0.978950
2026.04.20 12:00:00;0.978900;0.979820;0.978870;0.979790;4636;0;7;0.979860
2026.04.20 13:00:00;0.979790;0.980250;0.979520;0.979780;3832;0;7;0.979850
2026.04.20 14:00:00;0.979780;0.980370;0.978930;0.980330;4563;0;8;0.980410
2026.04.20 15:00:00;0.980330;0.980430;0.979830;0.980040;5236;0;5;0.980090
2026.04.20 16:00:00;0.980030;0.981130;0.979700;0.980500;7640;0;3;0.980530
2026.04.20 17:00:00;0.980500;0.980500;0.978210;0.978470;9364;0;3;0.978500
2026.04.20 18:00:00;0.978470;0.979670;0.977900;0.979180;8337;0;4;0.979220
2026.04.20 19:00:00;0.979170;0.979270;0.978310;0.978640;5037;0;8;0.978720
2026.04.20 20:00:00;0.978640;0.979000;0.978250;0.978600;4112;0;8;0.978680
2026.04.20 21:00:00;0.978590;0.978990;0.978400;0.978860;4268;0;3;0.978890
2026.04.20 22:00:00;0.978850;0.979700;0.978810;0.979650;2807;0;8;0.979730
2026.04.20 23:00:00;0.979650;0.979780;0.979060;0.979060;1998;0;8;0.979140
2026.04.21 00:00:00;0.979050;0.979440;0.978590;0.979040;1058;0;57;0.979610
2026.04.21 01:00:00;0.979200;0.979730;0.978850;0.979460;1479;0;9;0.979550
2026.04.21 02:00:00;0.979460;0.979560;0.978680;0.978720;1462;0;10;0.978820
2026.04.21 03:00:00;0.978720;0.979000;0.978170;0.978670;4540;0;4;0.978710
2026.04.21 04:00:00;0.978670;0.979760;0.978550;0.978830;3662;0;8;0.978910
2026.04.21 05:00:00;0.978830;0.979090;0.978390;0.978810;2636;0;8;0.978890
2026.04.21 06:00:00;0.978810;0.978890;0.977930;0.978050;2406;0;9;0.978140
2026.04.21 07:00:00;0.978050;0.978190;0.977760;0.978000;1570;0;9;0.978090
2026.04.21 08:00:00;0.977990;0.978630;0.977880;0.978010;3026;0;9;0.978100
2026.04.21 09:00:00;0.978020;0.978080;0.977210;0.977490;3859;0;8;0.977570
2026.04.21 10:00:00;0.977490;0.977780;0.976620;0.976680;5117;0;5;0.976730
2026.04.21 11:00:00;0.976690;0.977270;0.975990;0.977180;5593;0;6;0.977240
2026.04.21 12:00:00;0.977180;0.977190;0.976430;0.976920;3840;0;6;0.976980
2026.04.21 13:00:00;0.976930;0.977770;0.976770;0.977700;3162;0;8;0.977780
2026.04.21 14:00:00;0.977700;0.978400;0.976900;0.978330;3791;0;4;0.978370
2026.04.21 15:00:00;0.978330;0.978440;0.976790;0.977360;5893;0;8;0.977440
2026.04.21 16:00:00;0.977360;0.978790;0.977360;0.978490;6706;0;7;0.978560
2026.04.21 17:00:00;0.978500;0.979440;0.977850;0.978090;8383;0;6;0.978150
2026.04.21 18:00:00;0.978090;0.978320;0.976620;0.977160;9288;0;5;0.977210
2026.04.21 19:00:00;0.977160;0.977650;0.976460;0.976570;6264;0;3;0.976600
2026.04.21 20:00:00;0.976580;0.977820;0.974980;0.976960;9849;0;3;0.976990
2026.04.21 21:00:00;0.976960;0.977470;0.976080;0.976910;8169;0;3;0.976940
2026.04.21 22:00:00;0.976910;0.978030;0.974710;0.975500;11502;0;4;0.975540
2026.04.21 23:00:00;0.975480;0.977970;0.975150;0.976860;7061;0;3;0.976890
2026.04.22 00:00:00;0.976700;0.977700;0.976240;0.976830;1000;0;41;0.977240
2026.04.22 01:00:00;0.976830;0.977500;0.976830;0.976940;1367;0;10;0.977040
2026.04.22 02:00:00;0.976940;0.977430;0.976890;0.977270;1679;0;9;0.977360
2026.04.22 03:00:00;0.977270;0.978190;0.977240;0.977800;4452;0;8;0.977880
2026.04.22 04:00:00;0.977800;0.978210;0.977500;0.977750;4092;0;8;0.977830
2026.04.22 05:00:00;0.977750;0.978290;0.977260;0.977310;3116;0;7;0.977380
2026.04.22 06:00:00;0.977330;0.977950;0.977090;0.977230;2655;0;8;0.977310
2026.04.22 07:00:00;0.977240;0.977780;0.977070;0.977270;2419;0;8;0.977350
2026.04.22 08:00:00;0.977280;0.979170;0.977220;0.978610;4900;0;3;0.978640
2026.04.22 09:00:00;0.978620;0.979310;0.978480;0.978730;4211;0;8;0.978810
2026.04.22 10:00:00;0.978730;0.978940;0.977820;0.978600;4620;0;7;0.978670
2026.04.22 11:00:00;0.978600;0.978820;0.977440;0.977720;5373;0;7;0.977790
2026.04.22 12:00:00;0.977720;0.978410;0.977400;0.977740;4468;0;4;0.977780
2026.04.22 13:00:00;0.977740;0.978180;0.977160;0.977780;4051;0;7;0.977850
2026.04.22 14:00:00;0.977780;0.977970;0.976940;0.977260;4610;0;7;0.977330
2026.04.22 15:00:00;0.977250;0.977740;0.976620;0.976910;5250;0;7;0.976980
2026.04.22 16:00:00;0.976910;0.978340;0.976710;0.978000;8085;0;3;0.978030
2026.04.22 17:00:00;0.978000;0.978500;0.977670;0.978370;7877;0;5;0.978420
2026.04.22 18:00:00;0.978370;0.978560;0.977940;0.978150;6660;0;4;0.978190
2026.04.22 19:00:00;0.978170;0.978280;0.977400;0.977520;5887;0;3;0.977550
2026.04.22 20:00:00;0.977530;0.978410;0.977410;0.978290;4939;0;8;0.978370
2026.04.22 21:00:00;0.978300;0.978580;0.978030;0.978250;3735;0;8;0.978330
2026.04.22 22:00:00;0.978250;0.978770;0.977870;0.978680;4378;0;8;0.978760
2026.04.22 23:00:00;0.978680;0.978980;0.978420;0.978770;2868;0;8;0.978850
2026.04.23 00:00:00;0.978720;0.978720;0.977510;0.978220;1019;0;39;0.978610
2026.04.23 01:00:00;0.978240;0.978730;0.978090;0.978280;944;0;6;0.978340
2026.04.23 02:00:00;0.978280;0.978460;0.978130;0.978240;1168;0;10;0.978340
2026.04.23 03:00:00;0.978230;0.979120;0.975970;0.978550;9671;0;3;0.978580
2026.04.23 04:00:00;0.978550;0.978630;0.977260;0.977870;6042;0;9;0.977960
2026.04.23 05:00:00;0.977870;0.977940;0.976530;0.976770;6250;0;5;0.976820
2026.04.23 06:00:00;0.976770;0.977100;0.975820;0.976300;6008;0;8;0.976380
2026.04.23 07:00:00;0.976290;0.977080;0.976080;0.977030;3183;0;7;0.977100
2026.04.23 08:00:00;0.977030;0.977850;0.976880;0.977730;3673;0;8;0.977810
2026.04.23 09:00:00;0.977740;0.977870;0.977160;0.977480;4095;0;7;0.977550
2026.04.23 10:00:00;0.977480;0.978100;0.976970;0.978030;5275;0;8;0.978110
2026.04.23 11:00:00;0.978050;0.978110;0.976770;0.977260;5319;0;6;0.977320
2026.04.23 12:00:00;0.977260;0.977430;0.976450;0.976690;4739;0;4;0.976730
2026.04.23 13:00:00;0.976680;0.976900;0.975460;0.975840;4989;0;7;0.975910
2026.04.23 14:00:00;0.975840;0.977430;0.975370;0.977100;5960;0;7;0.977170
2026.04.23 15:00:00;0.977080;0.978020;0.976510;0.977370;8010;0;3;0.977400
2026.04.23 16:00:00;0.977370;0.978160;0.976640;0.977690;7709;0;3;0.977720
2026.04.23 17:00:00;0.977700;0.979390;0.977190;0.979160;8437;0;7;0.979230
2026.04.23 18:00:00;0.979160;0.979610;0.978740;0.978870;7993;0;5;0.978920
2026.04.23 19:00:00;0.978860;0.979680;0.978690;0.979540;5414;0;8;0.979620
2026.04.23 20:00:00;0.979560;0.979700;0.974970;0.977870;15566;0;3;0.977900
2026.04.23 21:00:00;0.977870;0.978770;0.976870;0.977040;9677;0;3;0.977070
2026.04.23 22:00:00;0.977040;0.977120;0.976100;0.976680;6707;0;5;0.976730
2026.04.23 23:00:00;0.976680;0.976710;0.975760;0.976340;3206;0;6;0.976400
2026.04.24 00:00:00;0.976310;0.977180;0.975790;0.976220;794;0;26;0.976480
2026.04.24 01:00:00;0.976220;0.976910;0.976150;0.976890;1199;0;9;0.976980
2026.04.24 02:00:00;0.976900;0.977050;0.976420;0.976490;1345;0;9;0.976580
2026.04.24 03:00:00;0.976490;0.977180;0.976280;0.976870;5051;0;8;0.976950
2026.04.24 04:00:00;0.976870;0.977310;0.976300;0.976960;5174;0;7;0.977030
2026.04.24 05:00:00;0.976980;0.977020;0.975830;0.976080;4537;0;6;0.976140
2026.04.24 06:00:00;0.976080;0.976250;0.975530;0.975930;3834;0;7;0.976000
2026.04.24 07:00:00;0.975930;0.976910;0.975680;0.976670;3068;0;5;0.976720
2026.04.24 08:00:00;0.976670;0.977030;0.976210;0.976580;3668;0;4;0.976620
2026.04.24 09:00:00;0.976560;0.977200;0.976160;0.976580;4191;0;8;0.976660
2026.04.24 10:00:00;0.976580;0.977220;0.976270;0.977010;3996;0;6;0.977070
2026.04.24 11:00:00;0.977010;0.977110;0.975870;0.976250;5558;0;4;0.976290
2026.04.24 12:00:00;0.976250;0.976360;0.975500;0.975900;4495;0;6;0.975960
2026.04.24 13:00:00;0.975900;0.976300;0.975750;0.975990;3911;0;8;0.976070
2026.04.24 14:00:00;0.975990;0.978770;0.975800;0.977170;8319;0;3;0.977200
2026.04.24 15:00:00;0.977170;0.977690;0.975730;0.976080;6434;0;5;0.976130
2026.04.24 16:00:00;0.976080;0.977150;0.975700;0.976870;8537;0;3;0.976900
2026.04.24 17:00:00;0.976870;0.977890;0.976310;0.976960;9970;0;5;0.977010
2026.04.24 18:00:00;0.976960;0.978400;0.976400;0.978100;8368;0;3;0.978130
2026.04.24 19:00:00;0.978100;0.978120;0.977460;0.977740;5346;0;8;0.977820
2026.04.24 20:00:00;0.977720;0.978010;0.977050;0.977090;5057;0;5;0.977140
2026.04.24 21:00:00;0.977090;0.977270;0.976790;0.977150;3528;0;8;0.977230
2026.04.24 22:00:00;0.977160;0.977430;0.976890;0.977140;3093;0;8;0.977220
2026.04.24 23:00:00;0.977130;0.977450;0.976660;0.976730;3565;0;8;0.976810
2026.04.27 00:00:00;0.975150;0.976540;0.974990;0.976280;722;0;70;0.976980
2026.04.27 01:00:00;0.976470;0.977240;0.976360;0.977120;1791;0;11;0.977230
2026.04.27 02:00:00;0.977120;0.977360;0.976840;0.976850;1403;0;10;0.976950
2026.04.27 03:00:00;0.976850;0.978310;0.976810;0.978310;4237;0;7;0.978380
2026.04.27 04:00:00;0.978310;0.979460;0.978310;0.979260;5989;0;6;0.979320
2026.04.27 05:00:00;0.979240;0.980180;0.978770;0.979850;3580;0;3;0.979880
2026.04.27 06:00:00;0.979850;0.980410;0.979840;0.980090;2894;0;7;0.980160
2026.04.27 07:00:00;0.980090;0.980160;0.979180;0.979370;2461;0;8;0.979450
2026.04.27 08:00:00;0.979370;0.979480;0.978860;0.978870;2556;0;8;0.978950
2026.04.27 09:00:00;0.978870;0.978960;0.977950;0.978370;4269;0;8;0.978450
2026.04.27 10:00:00;0.978370;0.978930;0.978280;0.978530;4542;0;8;0.978610
2026.04.27 11:00:00;0.978530;0.978820;0.977930;0.978690;2727;0;6;0.978750
2026.04.27 12:00:00;0.978690;0.978870;0.977650;0.977690;3392;0;5;0.977740
2026.04.27 13:00:00;0.977690;0.978200;0.977560;0.977950;3637;0;3;0.977980
2026.04.27 14:00:00;0.977950;0.978350;0.977620;0.977790;3956;0;8;0.977870
2026.04.27 15:00:00;0.977780;0.978440;0.977450;0.977640;5597;0;8;0.977720
2026.04.27 16:00:00;0.977630;0.978440;0.977500;0.978220;7272;0;5;0.978270
2026.04.27 17:00:00;0.978220;0.979550;0.977840;0.979170;7341;0;4;0.979210
2026.04.27 18:00:00;0.979170;0.979460;0.978680;0.979190;5754;0;7;0.979260
2026.04.27 19:00:00;0.979190;0.979390;0.978780;0.978950;3550;0;8;0.979030
2026.04.27 20:00:00;0.978940;0.979550;0.978580;0.979130;3911;0;8;0.979210
2026.04.27 21:00:00;0.979130;0.979230;0.978750;0.979160;3299;0;8;0.979240
2026.04.27 22:00:00;0.979160;0.979770;0.979020;0.979690;2936;0;8;0.979770
2026.04.27 23:00:00;0.979700;0.979930;0.978880;0.979050;1799;0;8;0.979130
2026.04.28 00:00:00;0.979040;0.979040;0.978220;0.978700;323;0;48;0.979180
2026.04.28 01:00:00;0.978690;0.979250;0.978690;0.978990;1149;0;8;0.979070
2026.04.28 02:00:00;0.979010;0.979430;0.978940;0.979380;1124;0;10;0.979480
2026.04.28 03:00:00;0.979380;0.979970;0.978910;0.979710;3767;0;5;0.979760
2026.04.28 04:00:00;0.979700;0.979740;0.978640;0.978800;4902;0;5;0.978850
2026.04.28 05:00:00;0.978790;0.979130;0.978250;0.978750;3820;0;9;0.978840
2026.04.28 06:00:00;0.978750;0.979450;0.978660;0.979300;3674;0;9;0.979390
2026.04.28 07:00:00;0.979310;0.979650;0.979040;0.979130;2630;0;9;0.979220
2026.04.28 08:00:00;0.979120;0.979280;0.978180;0.978600;4311;0;10;0.978700
2026.04.28 09:00:00;0.978600;0.978720;0.977260;0.977540;5769;0;8;0.977620
2026.04.28 10:00:00;0.977560;0.979030;0.977150;0.978890;6118;0;7;0.978960
2026.04.28 11:00:00;0.978890;0.979630;0.978290;0.979500;6265;0;8;0.979580
2026.04.28 12:00:00;0.979490;0.979760;0.978700;0.979610;5905;0;7;0.979680
2026.04.28 13:00:00;0.979610;0.979780;0.978780;0.978940;5717;0;6;0.979000
2026.04.28 14:00:00;0.978930;0.979150;0.977720;0.978050;6969;0;8;0.978130
2026.04.28 15:00:00;0.978050;0.979740;0.977770;0.979710;8254;0;3;0.979740
2026.04.28 16:00:00;0.979710;0.980490;0.978970;0.979880;8321;0;3;0.979910
2026.04.28 17:00:00;0.979890;0.981140;0.979430;0.981140;10429;0;4;0.981180
2026.04.28 18:00:00;0.981140;0.981730;0.980780;0.981570;8039;0;6;0.981630
2026.04.28 19:00:00;0.981570;0.982490;0.981320;0.982360;5650;0;6;0.982420
2026.04.28 20:00:00;0.982360;0.982670;0.981860;0.982620;4513;0;8;0.982700
2026.04.28 21:00:00;0.982620;0.983190;0.982370;0.982920;3726;0;8;0.983000
2026.04.28 22:00:00;0.982930;0.982990;0.982220;0.982500;3409;0;7;0.982570
2026.04.28 23:00:00;0.982500;0.982920;0.982430;0.982430;2247;0;8;0.982510
2026.04.29 00:00:00;0.982380;0.982380;0.981170;0.981910;785;0;51;0.982420
2026.04.29 01:00:00;0.981890;0.982760;0.981890;0.982510;805;0;7;0.982580
2026.04.29 02:00:00;0.982510;0.983090;0.982510;0.983070;1229;0;10;0.983170
2026.04.29 03:00:00;0.983080;0.983370;0.982800;0.983000;3203;0;8;0.983080
2026.04.29 04:00:00;0.983010;0.983040;0.980710;0.980960;7447;0;3;0.980990
2026.04.29 05:00:00;0.980960;0.981570;0.979700;0.979740;4789;0;8;0.979820
2026.04.29 06:00:00;0.979740;0.980440;0.979740;0.980040;3106;0;7;0.980110
2026.04.29 07:00:00;0.980080;0.980450;0.979930;0.980230;2035;0;9;0.980320
2026.04.29 08:00:00;0.980230;0.980520;0.980070;0.980120;2997;0;8;0.980200
2026.04.29 09:00:00;0.980120;0.980420;0.979470;0.980080;4481;0;8;0.980160
2026.04.29 10:00:00;0.980070;0.980320;0.979400;0.979870;5230;0;4;0.979910
2026.04.29 11:00:00;0.979870;0.979970;0.978720;0.979130;5798;0;6;0.979190
2026.04.29 12:00:00;0.979130;0.979400;0.978500;0.978910;4821;0;8;0.978990
2026.04.29 13:00:00;0.978900;0.980050;0.978780;0.979550;3924;0;8;0.979630
2026.04.29 14:00:00;0.979550;0.979550;0.978900;0.979200;4444;0;7;0.979270
2026.04.29 15:00:00;0.979200;0.979900;0.978380;0.978550;5561;0;6;0.978610
2026.04.29 16:00:00;0.978550;0.979130;0.976390;0.976420;9130;0;4;0.976460
2026.04.29 17:00:00;0.976420;0.977360;0.975930;0.976670;8976;0;3;0.976700
2026.04.29 18:00:00;0.976670;0.976870;0.973980;0.974630;8842;0;3;0.974660
2026.04.29 19:00:00;0.974630;0.975390;0.974250;0.974570;7257;0;7;0.974640
2026.04.29 20:00:00;0.974570;0.975430;0.974090;0.974980;5954;0;5;0.975030
2026.04.29 21:00:00;0.974980;0.975230;0.972210;0.973540;11106;0;3;0.973570
2026.04.29 22:00:00;0.973540;0.974000;0.972600;0.973710;6933;0;8;0.973790
2026.04.29 23:00:00;0.973690;0.973950;0.973240;0.973580;5953;0;8;0.973660
2026.04.30 00:00:00;0.973440;0.973480;0.972610;0.972980;999;0;57;0.973550
2026.04.30 01:00:00;0.972990;0.973880;0.972990;0.973780;1894;0;9;0.973870
2026.04.30 02:00:00;0.973780;0.974710;0.973610;0.974350;2188;0;9;0.974440
2026.04.30 03:00:00;0.974340;0.974810;0.973750;0.973760;5938;0;9;0.973850
2026.04.30 04:00:00;0.973750;0.974520;0.973350;0.974370;5403;0;5;0.974420
2026.04.30 05:00:00;0.974370;0.974860;0.973620;0.974730;6168;0;3;0.974760
2026.04.30 06:00:00;0.974730;0.975060;0.974460;0.974490;4533;0;7;0.974560
2026.04.30 07:00:00;0.974490;0.974610;0.973680;0.973700;5366;0;8;0.973780
2026.04.30 08:00:00;0.973700;0.974430;0.973110;0.973310;4901;0;8;0.973390
2026.04.30 09:00:00;0.973320;0.974080;0.972860;0.973660;6427;0;8;0.973740
2026.04.30 10:00:00;0.973660;0.974550;0.973580;0.974150;6788;0;3;0.974180
2026.04.30 11:00:00;0.974140;0.975420;0.974120;0.974520;7483;0;8;0.974600
2026.04.30 12:00:00;0.974540;0.976420;0.974230;0.976070;8282;0;3;0.976100
2026.04.30 13:00:00;0.976070;0.977090;0.975780;0.977060;9825;0;5;0.977110
2026.04.30 14:00:00;0.977050;0.978680;0.976530;0.977200;10648;0;3;0.977230
2026.04.30 15:00:00;0.977190;0.977950;0.976550;0.977270;9426;0;3;0.977300
2026.04.30 16:00:00;0.977290;0.979190;0.977060;0.978340;10139;0;5;0.978390
2026.04.30 17:00:00;0.978320;0.979930;0.978030;0.978280;12976;0;3;0.978310
2026.04.30 18:00:00;0.978290;0.978530;0.977210;0.977490;9788;0;7;0.977560
2026.04.30 19:00:00;0.977480;0.978220;0.976720;0.977510;6317;0;6;0.977570
2026.04.30 20:00:00;0.977510;0.978200;0.977340;0.977690;6113;0;7;0.977760
2026.04.30 21:00:00;0.977690;0.978160;0.977640;0.977810;4972;0;7;0.977880
2026.04.30 22:00:00;0.977810;0.978350;0.977470;0.977470;5224;0;6;0.977530
2026.04.30 23:00:00;0.977460;0.978130;0.977420;0.977740;3375;0;8;0.977820
2026.05.01 00:00:00;0.977740;0.977870;0.976560;0.977830;545;0;34;0.978170
2026.05.01 01:00:00;0.977830;0.978150;0.977560;0.977670;1381;0;7;0.977740
2026.05.01 02:00:00;0.977690;0.978180;0.977660;0.977720;2023;0;9;0.977810
2026.05.01 03:00:00;0.977740;0.978020;0.976980;0.977730;4794;0;9;0.977820
2026.05.01 04:00:00;0.977730;0.977820;0.977080;0.977670;3799;0;7;0.977740
2026.05.01 05:00:00;0.977670;0.977870;0.976940;0.977300;2932;0;9;0.977390
2026.05.01 06:00:00;0.977320;0.977610;0.976920;0.977090;2655;0;9;0.977180
2026.05.01 07:00:00;0.977110;0.977170;0.976660;0.976910;2894;0;6;0.976970
2026.05.01 08:00:00;0.976910;0.977310;0.976650;0.976650;3052;0;8;0.976730
2026.05.01 09:00:00;0.976650;0.977190;0.976110;0.976940;5299;0;8;0.977020
2026.05.01 10:00:00;0.976940;0.977870;0.976850;0.976920;5939;0;3;0.976950
2026.05.01 11:00:00;0.976930;0.977180;0.976400;0.976470;5199;0;5;0.976520
2026.05.01 12:00:00;0.976480;0.976600;0.975410;0.975600;4368;0;6;0.975660
2026.05.01 13:00:00;0.975590;0.975910;0.975490;0.975680;3729;0;7;0.975750
2026.05.01 14:00:00;0.975700;0.976490;0.975480;0.976350;4191;0;7;0.976420
2026.05.01 15:00:00;0.976340;0.977160;0.976100;0.976830;6919;0;3;0.976860
2026.05.01 16:00:00;0.976830;0.978300;0.976460;0.978210;7806;0;3;0.978240
2026.05.01 17:00:00;0.978200;0.980560;0.978080;0.979480;9845;0;7;0.979550
2026.05.01 18:00:00;0.979470;0.980230;0.978940;0.979660;7627;0;3;0.979690
2026.05.01 19:00:00;0.979660;0.980290;0.979570;0.979780;5962;0;6;0.979840
2026.05.01 20:00:00;0.979780;0.980150;0.979250;0.979560;4360;0;8;0.979640
2026.05.01 21:00:00;0.979550;0.979650;0.978810;0.979290;4744;0;4;0.979330
2026.05.01 22:00:00;0.979290;0.979540;0.979010;0.979170;3296;0;8;0.979250
2026.05.01 23:00:00;0.979170;0.979250;0.977790;0.977790;4444;0;8;0.977870
2026.05.04 00:00:00;0.980000;0.980540;0.980000;0.980540;47;0;64;0.981180
2026.05.04 01:00:00;0.980470;0.980570;0.979490;0.980030;1905;0;3;0.980060
2026.05.04 02:00:00;0.980030;0.980040;0.979480;0.979550;1227;0;3;0.979580
2026.05.04 03:00:00;0.979530;0.979800;0.978960;0.979530;4929;0;3;0.979560
2026.05.04 04:00:00;0.979530;0.979790;0.978810;0.979610;4979;0;3;0.979640
2026.05.04 05:00:00;0.979610;0.979860;0.978940;0.979580;4093;0;3;0.979610
2026.05.04 06:00:00;0.979580;0.980320;0.979340;0.979940;4447;0;3;0.979970
2026.05.04 07:00:00;0.979940;0.980030;0.979320;0.979430;2405;0;3;0.979460
2026.05.04 08:00:00;0.979430;0.979780;0.978880;0.979430;3891;0;3;0.979460
2026.05.04 09:00:00;0.979430;0.979880;0.978150;0.978590;4888;0;3;0.978620
2026.05.04 10:00:00;0.978600;0.978690;0.977970;0.978310;5586;0;7;0.978380
2026.05.04 11:00:00;0.978290;0.979100;0.977840;0.978510;5000;0;6;0.978570
2026.05.04 12:00:00;0.978510;0.979240;0.978430;0.978970;3685;0;8;0.979050
2026.05.04 13:00:00;0.978970;0.978980;0.975990;0.977310;10450;0;3;0.977340
2026.05.04 14:00:00;0.977310;0.977650;0.976690;0.977400;6112;0;3;0.977430
2026.05.04 15:00:00;0.977420;0.979090;0.977320;0.978630;5954;0;7;0.978700
2026.05.04 16:00:00;0.978640;0.979120;0.977400;0.977830;7801;0;3;0.977860
2026.05.04 17:00:00;0.977840;0.978370;0.977350;0.977550;7216;0;3;0.977580
2026.05.04 18:00:00;0.977550;0.978020;0.974950;0.975150;11579;0;3;0.975180
2026.05.04 19:00:00;0.975150;0.975450;0.973910;0.974490;9879;0;3;0.974520
2026.05.04 20:00:00;0.974490;0.976240;0.974430;0.975730;6273;0;4;0.975770
2026.05.04 21:00:00;0.975710;0.975880;0.974940;0.975630;5151;0;8;0.975710
2026.05.04 22:00:00;0.975630;0.976260;0.975440;0.976180;4776;0;8;0.976260
2026.05.04 23:00:00;0.976170;0.976360;0.975780;0.976270;2568;0;8;0.976350
2026.05.05 00:00:00;0.976270;0.976360;0.975770;0.975880;406;0;40;0.976280
2026.05.05 01:00:00;0.975880;0.976470;0.975880;0.976440;1199;0;9;0.976530
2026.05.05 02:00:00;0.976440;0.976440;0.976070;0.976090;1244;0;8;0.976170
2026.05.05 03:00:00;0.976090;0.976590;0.975260;0.975520;3763;0;7;0.975590
2026.05.05 04:00:00;0.975520;0.975570;0.974610;0.974820;3833;0;4;0.974860
2026.05.05 05:00:00;0.974810;0.975740;0.974750;0.975270;2602;0;8;0.975350
2026.05.05 06:00:00;0.975270;0.975370;0.974430;0.974510;2128;0;8;0.974590
2026.05.05 07:00:00;0.974510;0.976670;0.974380;0.974510;3520;0;3;0.974540
2026.05.05 08:00:00;0.974510;0.974790;0.972220;0.972680;5313;0;7;0.972750
2026.05.05 09:00:00;0.972660;0.973590;0.972500;0.972800;5333;0;5;0.972850
2026.05.05 10:00:00;0.972820;0.974480;0.972630;0.974020;5574;0;7;0.974090
2026.05.05 11:00:00;0.974020;0.975200;0.974000;0.974570;4615;0;3;0.974600
2026.05.05 12:00:00;0.974570;0.975100;0.974180;0.974970;4967;0;6;0.975030
2026.05.05 13:00:00;0.974970;0.975920;0.974810;0.975640;3955;0;3;0.975670
2026.05.05 14:00:00;0.975640;0.976390;0.975160;0.976250;4657;0;3;0.976280
2026.05.05 15:00:00;0.976250;0.977980;0.975740;0.977380;5746;0;7;0.977450
2026.05.05 16:00:00;0.977380;0.977980;0.977080;0.977320;6277;0;8;0.977400
2026.05.05 17:00:00;0.977310;0.978830;0.976930;0.978780;8071;0;3;0.978810
2026.05.05 18:00:00;0.978780;0.979490;0.978670;0.979020;5840;0;6;0.979080
2026.05.05 19:00:00;0.979020;0.979180;0.978680;0.978800;4297;0;8;0.978880
2026.05.05 20:00:00;0.978790;0.979230;0.978710;0.978780;3777;0;8;0.978860
2026.05.05 21:00:00;0.978780;0.979110;0.978520;0.978660;2463;0;8;0.978740
2026.05.05 22:00:00;0.978660;0.978810;0.978180;0.978490;2723;0;8;0.978570
2026.05.05 23:00:00;0.978500;0.978620;0.977900;0.977900;2126;0;8;0.977980
2026.05.06 00:00:00;0.977900;0.977990;0.977140;0.977920;758;0;43;0.978350
2026.05.06 01:00:00;0.977920;0.979910;0.977710;0.979330;2348;0;3;0.979360
2026.05.06 02:00:00;0.979350;0.980080;0.979180;0.979860;3664;0;3;0.979890
2026.05.06 03:00:00;0.979860;0.982180;0.979800;0.982130;7221;0;8;0.982210
2026.05.06 04:00:00;0.982130;0.983460;0.981980;0.982900;6334;0;6;0.982960
2026.05.06 05:00:00;0.982900;0.983850;0.982720;0.983850;4327;0;8;0.983930
2026.05.06 06:00:00;0.983840;0.984640;0.983480;0.983550;4189;0;8;0.983630
2026.05.06 07:00:00;0.983540;0.985120;0.983400;0.984200;6659;0;7;0.984270
2026.05.06 08:00:00;0.984200;0.985090;0.984110;0.984880;4972;0;3;0.984910
2026.05.06 09:00:00;0.984870;0.985330;0.984340;0.984790;5428;0;7;0.984860
2026.05.06 10:00:00;0.984790;0.984890;0.983290;0.984230;5839;0;5;0.984280
2026.05.06 11:00:00;0.984210;0.986800;0.983230;0.986250;7616;0;3;0.986280
2026.05.06 12:00:00;0.986240;0.987000;0.985460;0.986830;7441;0;5;0.986880
2026.05.06 13:00:00;0.986830;0.988610;0.985840;0.987640;7974;0;3;0.987670
2026.05.06 14:00:00;0.987630;0.987740;0.985380;0.985670;8928;0;4;0.985710
2026.05.06 15:00:00;0.985680;0.985850;0.983970;0.985030;9667;0;3;0.985060
2026.05.06 16:00:00;0.985030;0.985500;0.984140;0.985130;10045;0;3;0.985160
2026.05.06 17:00:00;0.985130;0.986670;0.984510;0.985680;9319;0;4;0.985720
2026.05.06 18:00:00;0.985680;0.986150;0.985110;0.985350;7127;0;3;0.985380
2026.05.06 19:00:00;0.985350;0.985740;0.984920;0.985220;6140;0;8;0.985300
2026.05.06 20:00:00;0.985220;0.986340;0.985180;0.986270;4499;0;8;0.986350
2026.05.06 21:00:00;0.986270;0.986890;0.986190;0.986770;3912;0;7;0.986840
2026.05.06 22:00:00;0.986770;0.987130;0.986510;0.986820;3656;0;8;0.986900
2026.05.06 23:00:00;0.986820;0.986930;0.986110;0.986390;2536;0;8;0.986470
2026.05.07 00:00:00;0.986280;0.986580;0.985360;0.986470;996;0;43;0.986900
2026.05.07 01:00:00;0.986470;0.986690;0.986280;0.986560;1016;0;6;0.986620
2026.05.07 02:00:00;0.986560;0.986740;0.986400;0.986460;1267;0;3;0.986490
2026.05.07 03:00:00;0.986460;0.987070;0.986330;0.986610;4926;0;3;0.986640
2026.05.07 04:00:00;0.986590;0.987870;0.986330;0.987480;5069;0;3;0.987510
2026.05.07 05:00:00;0.987480;0.987920;0.987160;0.987580;4297;0;9;0.987670
2026.05.07 06:00:00;0.987580;0.987820;0.987130;0.987600;2950;0;10;0.987700
2026.05.07 07:00:00;0.987600;0.988220;0.987400;0.988050;3010;0;7;0.988120
2026.05.07 08:00:00;0.988050;0.988500;0.987910;0.988080;3023;0;9;0.988170
2026.05.07 09:00:00;0.988080;0.989080;0.987660;0.988610;5163;0;8;0.988690
2026.05.07 10:00:00;0.988590;0.989680;0.988410;0.989320;7071;0;8;0.989400
2026.05.07 11:00:00;0.989340;0.989600;0.988750;0.988880;5255;0;7;0.988950
2026.05.07 12:00:00;0.988880;0.989040;0.988340;0.989020;4405;0;8;0.989100
2026.05.07 13:00:00;0.989000;0.989330;0.988490;0.988520;4274;0;6;0.988580
2026.05.07 14:00:00;0.988600;0.989190;0.988040;0.989120;4360;0;6;0.989180
2026.05.07 15:00:00;0.989130;0.989180;0.988230;0.988680;5664;0;3;0.988710
2026.05.07 16:00:00;0.988680;0.988960;0.987660;0.988490;7481;0;8;0.988570
2026.05.07 17:00:00;0.988470;0.989440;0.988030;0.989430;7269;0;3;0.989460
2026.05.07 18:00:00;0.989430;0.989460;0.987020;0.987110;7182;0;7;0.987180
2026.05.07 19:00:00;0.987110;0.987320;0.986310;0.986560;7440;0;7;0.986630
2026.05.07 20:00:00;0.986530;0.986740;0.985140;0.986290;8306;0;7;0.986360
2026.05.07 21:00:00;0.986290;0.986550;0.984930;0.985780;6837;0;5;0.985830
2026.05.07 22:00:00;0.985780;0.985800;0.984430;0.984900;7168;0;4;0.984940
2026.05.07 23:00:00;0.984900;0.986290;0.983960;0.984670;4682;0;8;0.984750
2026.05.08 00:00:00;0.984440;0.984760;0.983440;0.984080;1229;0;26;0.984340
2026.05.08 01:00:00;0.984040;0.984640;0.983780;0.984050;2314;0;4;0.984090
2026.05.08 02:00:00;0.984060;0.984700;0.984040;0.984620;1895;0;4;0.984660
2026.05.08 03:00:00;0.984630;0.984890;0.983630;0.984460;5347;0;3;0.984490
2026.05.08 04:00:00;0.984460;0.985230;0.984420;0.984690;5254;0;5;0.984740
2026.05.08 05:00:00;0.984690;0.985260;0.984160;0.984830;5073;0;7;0.984900
2026.05.08 06:00:00;0.984850;0.986010;0.984730;0.985390;3715;0;9;0.985480
2026.05.08 07:00:00;0.985400;0.986150;0.985250;0.985940;3318;0;8;0.986020
2026.05.08 08:00:00;0.985940;0.986470;0.985540;0.986280;3827;0;5;0.986330
2026.05.08 09:00:00;0.986280;0.986970;0.986070;0.986560;4793;0;8;0.986640
2026.05.08 10:00:00;0.986560;0.986630;0.985930;0.986450;5239;0;6;0.986510
2026.05.08 11:00:00;0.986450;0.987720;0.986320;0.987480;4973;0;6;0.987540
2026.05.08 12:00:00;0.987480;0.988090;0.986700;0.987000;4448;0;8;0.987080
2026.05.08 13:00:00;0.987000;0.988180;0.986950;0.987760;3804;0;7;0.987830
2026.05.08 14:00:00;0.987770;0.988270;0.986820;0.987130;4139;0;7;0.987200
2026.05.08 15:00:00;0.987130;0.991870;0.987010;0.990870;8898;0;7;0.990940
2026.05.08 16:00:00;0.990870;0.993030;0.990260;0.992750;8827;0;4;0.992790
2026.05.08 17:00:00;0.992750;0.992840;0.991280;0.991630;7875;0;8;0.991710
2026.05.08 18:00:00;0.991630;0.991920;0.990540;0.990540;7046;0;3;0.990570
2026.05.08 19:00:00;0.990540;0.991420;0.990540;0.991110;4472;0;6;0.991170
2026.05.08 20:00:00;0.991110;0.991330;0.990900;0.991060;3891;0;8;0.991140
2026.05.08 21:00:00;0.991050;0.991560;0.990580;0.990680;3787;0;5;0.990730
2026.05.08 22:00:00;0.990680;0.991450;0.990680;0.991320;3423;0;8;0.991400
2026.05.08 23:00:00;0.991310;0.991520;0.990520;0.990690;2590;0;8;0.990770
2026.05.11 00:00:00;0.988230;0.988270;0.987350;0.987520;195;0;74;0.988260
2026.05.11 01:00:00;0.987630;0.990240;0.987550;0.990130;2021;0;6;0.990190
2026.05.11 02:00:00;0.990120;0.990390;0.989630;0.989790;2089;0;8;0.989870
2026.05.11 03:00:00;0.989780;0.990510;0.989620;0.990280;5065;0;7;0.990350
2026.05.11 04:00:00;0.990280;0.990420;0.989370;0.989930;5799;0;8;0.990010
2026.05.11 05:00:00;0.989910;0.990250;0.989420;0.989480;3726;0;8;0.989560
2026.05.11 06:00:00;0.989470;0.989710;0.989260;0.989500;3135;0;8;0.989580
2026.05.11 07:00:00;0.989500;0.989610;0.989150;0.989590;2392;0;10;0.989690
2026.05.11 08:00:00;0.989580;0.990020;0.989450;0.989820;3095;0;9;0.989910
2026.05.11 09:00:00;0.989820;0.990580;0.989510;0.990470;4624;0;8;0.990550
2026.05.11 10:00:00;0.990480;0.990560;0.989110;0.989790;4639;0;7;0.989860
2026.05.11 11:00:00;0.989790;0.990510;0.989240;0.989340;4359;0;8;0.989420
2026.05.11 12:00:00;0.989330;0.989800;0.989090;0.989090;3323;0;8;0.989170
2026.05.11 13:00:00;0.989090;0.989650;0.988840;0.989370;4267;0;8;0.989450
2026.05.11 14:00:00;0.989370;0.990200;0.989370;0.989840;3972;0;5;0.989890
2026.05.11 15:00:00;0.989840;0.990840;0.989250;0.989890;5394;0;7;0.989960
2026.05.11 16:00:00;0.989900;0.991210;0.989880;0.990780;5873;0;7;0.990850
2026.05.11 17:00:00;0.990780;0.991540;0.989900;0.991420;7286;0;7;0.991490
2026.05.11 18:00:00;0.991420;0.992080;0.991220;0.991690;5386;0;7;0.991760
2026.05.11 19:00:00;0.991690;0.991880;0.990340;0.990600;4677;0;8;0.990680
2026.05.11 20:00:00;0.990610;0.991160;0.990390;0.991000;3780;0;8;0.991080
2026.05.11 21:00:00;0.991000;0.991740;0.990980;0.991010;3641;0;8;0.991090
2026.05.11 22:00:00;0.991030;0.991390;0.990870;0.991390;3506;0;8;0.991470
2026.05.11 23:00:00;0.991390;0.991750;0.990970;0.991310;2180;0;7;0.991380
2026.05.12 00:00:00;0.991260;0.991440;0.990520;0.991120;244;0;58;0.991700
2026.05.12 01:00:00;0.991190;0.991540;0.991020;0.991440;1289;0;9;0.991530
2026.05.12 02:00:00;0.991440;0.991630;0.990970;0.991070;1444;0;10;0.991170
2026.05.12 03:00:00;0.991070;0.991070;0.990000;0.990210;4413;0;8;0.990290
2026.05.12 04:00:00;0.990210;0.990560;0.988910;0.989880;6537;0;8;0.989960
2026.05.12 05:00:00;0.989880;0.990490;0.989710;0.990350;4312;0;9;0.990440
2026.05.12 06:00:00;0.990340;0.990420;0.989700;0.989820;3017;0;6;0.989880
2026.05.12 07:00:00;0.989840;0.990560;0.989830;0.990140;2962;0;8;0.990220
2026.05.12 08:00:00;0.990140;0.990310;0.989370;0.989520;4733;0;9;0.989610
2026.05.12 09:00:00;0.989520;0.989560;0.987340;0.987490;6869;0;8;0.987570
2026.05.12 10:00:00;0.987510;0.989110;0.987340;0.988940;7027;0;7;0.989010
2026.05.12 11:00:00;0.988940;0.989710;0.988610;0.989050;6382;0;8;0.989130
2026.05.12 12:00:00;0.989050;0.990360;0.988610;0.990220;5950;0;7;0.990290
2026.05.12 13:00:00;0.990220;0.990660;0.990010;0.990330;4634;0;7;0.990400
2026.05.12 14:00:00;0.990330;0.990830;0.989910;0.990490;5551;0;5;0.990540
2026.05.12 15:00:00;0.990490;0.991050;0.989330;0.990610;7562;0;6;0.990670
2026.05.12 16:00:00;0.990610;0.991200;0.989350;0.989880;8898;0;6;0.989940
2026.05.12 17:00:00;0.989880;0.991430;0.989680;0.991060;10045;0;3;0.991090
2026.05.12 18:00:00;0.991060;0.991420;0.990020;0.990330;8611;0;6;0.990390
2026.05.12 19:00:00;0.990330;0.990600;0.989390;0.989410;6755;0;8;0.989490
2026.05.12 20:00:00;0.989410;0.990680;0.989410;0.990660;5533;0;7;0.990730
2026.05.12 21:00:00;0.990660;0.991410;0.990430;0.991120;5041;0;6;0.991180
2026.05.12 22:00:00;0.991130;0.991650;0.991060;0.991560;4369;0;8;0.991640
2026.05.12 23:00:00;0.991550;0.991700;0.991190;0.991440;2094;0;8;0.991520
2026.05.13 00:00:00;0.991440;0.991640;0.991000;0.991260;292;0;36;0.991620
2026.05.13 01:00:00;0.991260;0.991730;0.991210;0.991440;853;0;3;0.991470
2026.05.13 02:00:00;0.991440;0.991590;0.991170;0.991250;1481;0;6;0.991310
2026.05.13 03:00:00;0.991230;0.991530;0.990730;0.990930;4993;0;10;0.991030
2026.05.13 04:00:00;0.990930;0.991920;0.990350;0.991500;5166;0;3;0.991530
2026.05.13 05:00:00;0.991500;0.991500;0.990670;0.990720;3232;0;5;0.990770
2026.05.13 06:00:00;0.990700;0.990800;0.990120;0.990440;3605;0;8;0.990520
2026.05.13 07:00:00;0.990440;0.990790;0.990310;0.990690;2462;0;7;0.990760
2026.05.13 08:00:00;0.990700;0.991600;0.990630;0.991480;3445;0;10;0.991580
2026.05.13 09:00:00;0.991480;0.991830;0.991030;0.991430;4894;0;8;0.991510
2026.05.13 10:00:00;0.991450;0.992190;0.991260;0.991320;4957;0;8;0.991400
2026.05.13 11:00:00;0.991320;0.992240;0.991240;0.991930;4572;0;8;0.992010
2026.05.13 12:00:00;0.991950;0.992430;0.991600;0.992370;4378;0;5;0.992420
2026.05.13 13:00:00;0.992370;0.992470;0.991730;0.992230;4755;0;8;0.992310
2026.05.13 14:00:00;0.992230;0.992980;0.992170;0.992740;4015;0;8;0.992820
2026.05.13 15:00:00;0.992740;0.992940;0.991510;0.991740;7040;0;8;0.991820
2026.05.13 16:00:00;0.991760;0.993530;0.991760;0.993270;8106;0;3;0.993300
2026.05.13 17:00:00;0.993280;0.994490;0.993050;0.994480;8321;0;7;0.994550
2026.05.13 18:00:00;0.994470;0.995720;0.994070;0.995010;6284;0;6;0.995070
2026.05.13 19:00:00;0.995010;0.995530;0.994860;0.994980;5282;0;7;0.995050
2026.05.13 20:00:00;0.994980;0.995410;0.994630;0.994670;4415;0;8;0.994750
2026.05.13 21:00:00;0.994660;0.995340;0.994520;0.995140;5249;0;7;0.995210
2026.05.13 22:00:00;0.995160;0.995270;0.993900;0.993940;4350;0;6;0.994000
2026.05.13 23:00:00;0.993930;0.994790;0.993770;0.994620;2356;0;5;0.994670
2026.05.14 00:00:00;0.994620;0.994980;0.993880;0.994130;509;0;7;0.994200
2026.05.14 01:00:00;0.994130;0.994750;0.994130;0.994680;1021;0;3;0.994710
2026.05.14 02:00:00;0.994680;0.994750;0.993690;0.993930;1601;0;6;0.993990
2026.05.14 03:00:00;0.993930;0.994340;0.993320;0.993590;4680;0;7;0.993660
2026.05.14 04:00:00;0.993590;0.993640;0.992960;0.993030;4786;0;7;0.993100
2026.05.14 05:00:00;0.993030;0.993860;0.992770;0.993780;3611;0;7;0.993850
2026.05.14 06:00:00;0.993770;0.994110;0.993280;0.993820;3302;0;7;0.993890
2026.05.14 07:00:00;0.993820;0.994550;0.993670;0.994240;3243;0;6;0.994300
2026.05.14 08:00:00;0.994250;0.995000;0.993880;0.994220;4473;0;3;0.994250
2026.05.14 09:00:00;0.994210;0.995170;0.994200;0.994750;4941;0;7;0.994820
2026.05.14 10:00:00;0.994750;0.994900;0.992850;0.993040;5817;0;7;0.993110
2026.05.14 11:00:00;0.993010;0.993940;0.992880;0.993710;5507;0;6;0.993770
2026.05.14 12:00:00;0.993710;0.993850;0.992560;0.993070;4730;0;7;0.993140
2026.05.14 13:00:00;0.993070;0.993610;0.992660;0.993260;4909;0;6;0.993320
2026.05.14 14:00:00;0.993260;0.993580;0.992860;0.993050;4238;0;9;0.993140
2026.05.14 15:00:00;0.993040;0.993960;0.992690;0.992700;5243;0;7;0.992770
2026.05.14 16:00:00;0.992710;0.992830;0.990770;0.990970;7999;0;6;0.991030
2026.05.14 17:00:00;0.990970;0.992210;0.990670;0.992180;8162;0;7;0.992250
2026.05.14 18:00:00;0.992180;0.992290;0.991070;0.991310;6337;0;4;0.991350
2026.05.14 19:00:00;0.991310;0.991480;0.990390;0.990660;6415;0;8;0.990740
2026.05.14 20:00:00;0.990660;0.991390;0.990660;0.991130;5532;0;6;0.991190
2026.05.14 21:00:00;0.991130;0.991360;0.990760;0.991260;4872;0;5;0.991310
2026.05.14 22:00:00;0.991260;0.991460;0.990450;0.990630;3724;0;8;0.990710
2026.05.14 23:00:00;0.990630;0.990780;0.990130;0.990290;2226;0;7;0.990360
2026.05.15 00:00:00;0.990290;0.991170;0.990280;0.990330;636;0;4;0.990370
2026.05.15 01:00:00;0.990330;0.990720;0.990200;0.990600;1088;0;5;0.990650
2026.05.15 02:00:00;0.990600;0.990900;0.989930;0.989990;1987;0;8;0.990070
2026.05.15 03:00:00;0.989980;0.990680;0.989160;0.989700;5153;0;6;0.989760
2026.05.15 04:00:00;0.989700;0.989870;0.987610;0.987650;7599;0;4;0.987690
2026.05.15 05:00:00;0.987650;0.988970;0.987320;0.988160;5426;0;6;0.988220
2026.05.15 06:00:00;0.988120;0.988470;0.987780;0.988330;4423;0;6;0.988390
2026.05.15 07:00:00;0.988330;0.988400;0.987060;0.987080;3182;0;7;0.987150
2026.05.15 08:00:00;0.987120;0.987130;0.984250;0.984510;7119;0;8;0.984590
2026.05.15 09:00:00;0.984510;0.985230;0.983920;0.984610;7815;0;6;0.984670
2026.05.15 10:00:00;0.984610;0.985990;0.984430;0.985210;7275;0;6;0.985270
2026.05.15 11:00:00;0.985220;0.985350;0.983620;0.983890;7727;0;3;0.983920
2026.05.15 12:00:00;0.983900;0.983910;0.982110;0.982970;7126;0;5;0.983020
2026.05.15 13:00:00;0.982970;0.986110;0.982720;0.985640;7240;0;3;0.985670
2026.05.15 14:00:00;0.985640;0.985770;0.983350;0.983500;5716;0;5;0.983550
2026.05.15 15:00:00;0.983500;0.983910;0.982760;0.983770;7374;0;6;0.983830
2026.05.15 16:00:00;0.983770;0.984510;0.983220;0.983270;9567;0;4;0.983310
2026.05.15 17:00:00;0.983270;0.985670;0.983140;0.984340;10865;0;7;0.984410
2026.05.15 18:00:00;0.984340;0.984630;0.982960;0.983210;9123;0;5;0.983260
2026.05.15 19:00:00;0.983210;0.983370;0.982710;0.982920;7015;0;7;0.982990
2026.05.15 20:00:00;0.982930;0.983820;0.982810;0.983630;5508;0;7;0.983700
2026.05.15 21:00:00;0.983640;0.984110;0.983320;0.983710;6196;0;8;0.983790
2026.05.15 22:00:00;0.983700;0.983740;0.983110;0.983270;5347;0;8;0.983350
2026.05.15 23:00:00;0.983260;0.983400;0.982310;0.982570;3430;0;8;0.982650
2026.05.18 00:00:00;0.983270;0.983410;0.982620;0.982680;319;0;67;0.983350
2026.05.18 01:00:00;0.982740;0.983690;0.982570;0.983250;2410;0;5;0.983300
2026.05.18 02:00:00;0.983250;0.983380;0.980850;0.981120;3680;0;9;0.981210
2026.05.18 03:00:00;0.981130;0.981360;0.979650;0.980310;8438;0;5;0.980360
2026.05.18 04:00:00;0.980310;0.981020;0.979710;0.980430;8938;0;7;0.980500
2026.05.18 05:00:00;0.980430;0.980940;0.979950;0.980160;5403;0;7;0.980230
2026.05.18 06:00:00;0.980180;0.981080;0.979960;0.981050;4737;0;7;0.981120
2026.05.18 07:00:00;0.981050;0.981400;0.980670;0.980760;4147;0;8;0.980840
2026.05.18 08:00:00;0.980760;0.981160;0.980190;0.980690;5859;0;9;0.980780
2026.05.18 09:00:00;0.980690;0.982440;0.980610;0.982420;5603;0;3;0.982450
2026.05.18 10:00:00;0.982420;0.983390;0.982070;0.982980;6158;0;4;0.983020
2026.05.18 11:00:00;0.982980;0.983960;0.982420;0.983260;6432;0;7;0.983330
2026.05.18 12:00:00;0.983250;0.983980;0.982950;0.983350;4713;0;8;0.983430
2026.05.18 13:00:00;0.983350;0.983460;0.982400;0.982520;4779;0;6;0.982580
2026.05.18 14:00:00;0.982520;0.985000;0.982280;0.984180;7417;0;3;0.984210
2026.05.18 15:00:00;0.984190;0.986530;0.984040;0.986180;7993;0;3;0.986210
2026.05.18 16:00:00;0.986190;0.986390;0.984810;0.985850;9512;0;3;0.985880
2026.05.18 17:00:00;0.985850;0.985850;0.983390;0.983640;10283;0;3;0.983670
2026.05.18 18:00:00;0.983640;0.984030;0.982780;0.983750;9309;0;3;0.983780
2026.05.18 19:00:00;0.983750;0.984400;0.983290;0.984040;7597;0;4;0.984080
2026.05.18 20:00:00;0.984040;0.984430;0.983750;0.984050;6040;0;8;0.984130
2026.05.18 21:00:00;0.984060;0.984090;0.982730;0.982870;6722;0;8;0.982950
2026.05.18 22:00:00;0.982870;0.985440;0.982740;0.984740;9000;0;3;0.984770
2026.05.18 23:00:00;0.984740;0.985070;0.984580;0.984730;2172;0;8;0.984810
2026.05.19 00:00:00;0.984660;0.984910;0.983840;0.984710;615;0;41;0.985120
2026.05.19 01:00:00;0.984710;0.985350;0.984710;0.985250;1326;0;10;0.985350
2026.05.19 02:00:00;0.985250;0.985790;0.984970;0.985030;1843;0;8;0.985110
2026.05.19 03:00:00;0.985030;0.985200;0.982920;0.983000;6036;0;5;0.983050
2026.05.19 04:00:00;0.982980;0.983190;0.981630;0.982290;6833;0;9;0.982380
2026.05.19 05:00:00;0.982280;0.982290;0.981220;0.981640;5857;0;6;0.981700
2026.05.19 06:00:00;0.981640;0.981930;0.980940;0.981010;4171;0;5;0.981060
2026.05.19 07:00:00;0.981030;0.981220;0.980150;0.980380;4126;0;4;0.980420
2026.05.19 08:00:00;0.980380;0.980740;0.979740;0.980340;6054;0;8;0.980420
2026.05.19 09:00:00;0.980360;0.980730;0.979950;0.980600;6127;0;3;0.980630
2026.05.19 10:00:00;0.980600;0.980840;0.979550;0.979610;5707;0;8;0.979690
2026.05.19 11:00:00;0.979610;0.979720;0.978330;0.979280;6137;0;4;0.979320
2026.05.19 12:00:00;0.979280;0.979320;0.978430;0.979240;5672;0;6;0.979300
2026.05.19 13:00:00;0.979230;0.980220;0.978890;0.979290;5834;0;3;0.979320
2026.05.19 14:00:00;0.979290;0.979530;0.978260;0.978680;5319;0;7;0.978750
2026.05.19 15:00:00;0.978680;0.980620;0.978230;0.979240;6616;0;7;0.979310
2026.05.19 16:00:00;0.979250;0.979420;0.977310;0.978510;10048;0;3;0.978540
2026.05.19 17:00:00;0.978510;0.978570;0.974560;0.975530;11441;0;3;0.975560
2026.05.19 18:00:00;0.975530;0.976790;0.975130;0.976550;7641;0;7;0.976620
2026.05.19 19:00:00;0.976550;0.977840;0.976210;0.977610;6716;0;7;0.977680
2026.05.19 20:00:00;0.977610;0.978510;0.977610;0.978020;5073;0;7;0.978090
2026.05.19 21:00:00;0.978020;0.978140;0.976900;0.976980;5611;0;6;0.977040
2026.05.19 22:00:00;0.976970;0.977520;0.976940;0.977350;5414;0;6;0.977410
2026.05.19 23:00:00;0.977340;0.977490;0.976600;0.976610;2475;0;8;0.976690
2026.05.20 00:00:00;0.976600;0.977050;0.976410;0.976720;286;0;38;0.977100
2026.05.20 01:00:00;0.976730;0.976920;0.976440;0.976750;1294;0;9;0.976840
2026.05.20 02:00:00;0.976750;0.977380;0.976630;0.976660;1818;0;9;0.976750
2026.05.20 03:00:00;0.976660;0.976910;0.975650;0.975650;8133;0;8;0.975730
2026.05.20 04:00:00;0.975660;0.976890;0.975080;0.976760;8521;0;5;0.976810
2026.05.20 05:00:00;0.976790;0.977310;0.975560;0.975990;6664;0;6;0.976050
2026.05.20 06:00:00;0.975990;0.977190;0.975790;0.976960;4914;0;8;0.977040
2026.05.20 07:00:00;0.976960;0.977660;0.976550;0.976790;4269;0;3;0.976820
2026.05.20 08:00:00;0.976790;0.977380;0.976480;0.977060;5209;0;8;0.977140
2026.05.20 09:00:00;0.977040;0.978430;0.976920;0.977900;6052;0;3;0.977930
2026.05.20 10:00:00;0.977880;0.978970;0.977680;0.978740;5377;0;6;0.978800
2026.05.20 11:00:00;0.978730;0.979570;0.978200;0.979370;5736;0;4;0.979410
2026.05.20 12:00:00;0.979370;0.980010;0.979110;0.979830;3961;0;6;0.979890
2026.05.20 13:00:00;0.979850;0.981120;0.979820;0.980940;3779;0;7;0.981010
2026.05.20 14:00:00;0.980930;0.981220;0.980210;0.980260;4359;0;4;0.980300
2026.05.20 15:00:00;0.980260;0.981440;0.980140;0.980340;4947;0;5;0.980390
2026.05.20 16:00:00;0.980340;0.981070;0.979520;0.980690;7503;0;6;0.980750
2026.05.20 17:00:00;0.980700;0.983220;0.979980;0.982860;12399;0;3;0.982890
2026.05.20 18:00:00;0.982840;0.985330;0.982580;0.982960;11619;0;3;0.982990
2026.05.20 19:00:00;0.982960;0.983770;0.982410;0.983470;8478;0;7;0.983540
2026.05.20 20:00:00;0.983490;0.984000;0.983220;0.983550;6118;0;3;0.983580
2026.05.20 21:00:00;0.983580;0.984230;0.983320;0.983970;5566;0;6;0.984030
2026.05.20 22:00:00;0.983970;0.984320;0.983590;0.983760;3986;0;3;0.983790
2026.05.20 23:00:00;0.983760;0.983770;0.982430;0.982430;3434;0;6;0.982490
2026.05.21 00:00:00;0.982450;0.983230;0.981720;0.982950;292;0;54;0.983490
2026.05.21 01:00:00;0.982950;0.983100;0.982620;0.982950;1377;0;7;0.983020
2026.05.21 02:00:00;0.982950;0.983000;0.982620;0.982690;1439;0;11;0.982800
2026.05.21 03:00:00;0.982690;0.982760;0.982200;0.982580;4925;0;10;0.982680
2026.05.21 04:00:00;0.982590;0.983560;0.978170;0.979210;7140;0;3;0.979240
2026.05.21 05:00:00;0.979220;0.979960;0.977170;0.978120;6771;0;3;0.978150
2026.05.21 06:00:00;0.978120;0.979690;0.978060;0.979610;3718;0;5;0.979660
2026.05.21 07:00:00;0.979610;0.980980;0.979540;0.980680;3333;0;7;0.980750
2026.05.21 08:00:00;0.980670;0.980870;0.979410;0.980360;5395;0;6;0.980420
2026.05.21 09:00:00;0.980360;0.980800;0.978290;0.978860;6741;0;3;0.978890
2026.05.21 10:00:00;0.978860;0.980600;0.978650;0.980280;7870;0;3;0.980310
2026.05.21 11:00:00;0.980280;0.982440;0.980130;0.981700;7920;0;5;0.981750
2026.05.21 12:00:00;0.981680;0.982930;0.981640;0.982200;5550;0;6;0.982260
2026.05.21 13:00:00;0.982200;0.982570;0.979930;0.980550;8950;0;3;0.980580
2026.05.21 14:00:00;0.980550;0.982040;0.980500;0.980920;6498;0;3;0.980950
2026.05.21 15:00:00;0.980930;0.981930;0.980690;0.981300;7764;0;3;0.981330
2026.05.21 16:00:00;0.981300;0.983170;0.980990;0.982760;10012;0;4;0.982800
2026.05.21 17:00:00;0.982760;0.983940;0.982210;0.983820;9847;0;3;0.983850
2026.05.21 18:00:00;0.983810;0.983870;0.982330;0.983300;8932;0;5;0.983350
2026.05.21 19:00:00;0.983300;0.984050;0.983270;0.983660;7127;0;7;0.983730
2026.05.21 20:00:00;0.983660;0.987300;0.983530;0.986640;11435;0;4;0.986680
2026.05.21 21:00:00;0.986650;0.986890;0.984390;0.984860;9407;0;7;0.984930
2026.05.21 22:00:00;0.984860;0.985970;0.984690;0.985590;6731;0;3;0.985620
2026.05.21 23:00:00;0.985580;0.985750;0.984710;0.984730;2816;0;7;0.984800
2026.05.22 00:00:00;0.984730;0.985120;0.984360;0.984370;617;0;25;0.984620
2026.05.22 01:00:00;0.984440;0.985280;0.984330;0.985100;1091;0;10;0.985200
2026.05.22 02:00:00;0.985100;0.985150;0.984450;0.984650;1549;0;7;0.984720
2026.05.22 03:00:00;0.984650;0.985160;0.984220;0.984260;4440;0;10;0.984360
2026.05.22 04:00:00;0.984260;0.984680;0.983710;0.984080;5010;0;6;0.984140
2026.05.22 05:00:00;0.984080;0.984850;0.984060;0.984380;3520;0;8;0.984460
2026.05.22 06:00:00;0.984380;0.984680;0.983900;0.984640;3144;0;7;0.984710
2026.05.22 07:00:00;0.984630;0.984780;0.984330;0.984550;2160;0;8;0.984630
2026.05.22 08:00:00;0.984560;0.985260;0.984320;0.984440;3614;0;7;0.984510
2026.05.22 09:00:00;0.984440;0.984820;0.983660;0.984000;5060;0;8;0.984080
2026.05.22 10:00:00;0.984000;0.984050;0.983160;0.983810;5150;0;5;0.983860
2026.05.22 11:00:00;0.983810;0.984690;0.983170;0.983290;5465;0;4;0.983330
2026.05.22 12:00:00;0.983280;0.983490;0.982620;0.983160;5053;0;7;0.983230
2026.05.22 13:00:00;0.983160;0.983680;0.982760;0.983070;4347;0;7;0.983140
2026.05.22 14:00:00;0.983070;0.983190;0.982370;0.982800;4636;0;3;0.982830
2026.05.22 15:00:00;0.982800;0.984410;0.982620;0.984380;7133;0;3;0.984410
2026.05.22 16:00:00;0.984370;0.985120;0.983020;0.983570;8891;0;3;0.983600
2026.05.22 17:00:00;0.983570;0.985000;0.982530;0.984840;9576;0;3;0.984870
2026.05.22 18:00:00;0.984840;0.985660;0.984560;0.985310;6650;0;7;0.985380
2026.05.22 19:00:00;0.985310;0.985730;0.985040;0.985220;5690;0;7;0.985290
2026.05.22 20:00:00;0.985200;0.986240;0.984980;0.985750;6342;0;5;0.985800
2026.05.22 21:00:00;0.985750;0.985840;0.985190;0.985630;4489;0;3;0.985660
2026.05.22 22:00:00;0.985630;0.985700;0.984740;0.985180;5031;0;7;0.985250
2026.05.22 23:00:00;0.985160;0.985300;0.984550;0.984630;3474;0;8;0.984710
2026.05.25 00:00:00;0.987820;0.988110;0.987530;0.988030;145;0;51;0.988540
2026.05.25 01:00:00;0.987650;0.988840;0.987350;0.987890;2984;0;3;0.987920
2026.05.25 02:00:00;0.987890;0.988370;0.987670;0.987740;2233;0;7;0.987810
2026.05.25 03:00:00;0.987720;0.988900;0.987520;0.988040;4170;0;8;0.988120
2026.05.25 04:00:00;0.988050;0.989440;0.988050;0.988800;4192;0;7;0.988870
2026.05.25 05:00:00;0.988800;0.989390;0.988500;0.988600;2528;0;7;0.988670
2026.05.25 06:00:00;0.988600;0.988950;0.988430;0.988780;2904;0;9;0.988870
2026.05.25 07:00:00;0.988770;0.989910;0.988730;0.989660;2123;0;7;0.989730
2026.05.25 08:00:00;0.989660;0.989970;0.989370;0.989410;2620;0;7;0.989480
2026.05.25 09:00:00;0.989400;0.990030;0.989280;0.989530;3488;0;8;0.989610
2026.05.25 10:00:00;0.989530;0.989640;0.988250;0.989190;4773;0;4;0.989230
2026.05.25 11:00:00;0.989190;0.989990;0.988990;0.989830;3538;0;8;0.989910
2026.05.25 12:00:00;0.989850;0.990160;0.989810;0.989960;2205;0;7;0.990030
2026.05.25 13:00:00;0.989960;0.990340;0.989770;0.989930;1996;0;8;0.990010
2026.05.25 14:00:00;0.989930;0.990630;0.989800;0.990130;2828;0;4;0.990170
2026.05.25 15:00:00;0.990130;0.990520;0.989660;0.989820;3879;0;3;0.989850
2026.05.25 16:00:00;0.989820;0.990170;0.989630;0.989850;3831;0;7;0.989920
2026.05.25 17:00:00;0.989850;0.990620;0.989680;0.990580;3591;0;8;0.990660
2026.05.25 18:00:00;0.990580;0.990770;0.989460;0.989560;3687;0;4;0.989600
2026.05.25 19:00:00;0.989560;0.990090;0.989300;0.990070;2609;0;8;0.990150
2026.05.25 20:00:00;0.990070;0.990460;0.989930;0.990350;1513;0;8;0.990430
2026.05.25 21:00:00;0.990370;0.990410;0.990190;0.990380;904;0;8;0.990460
2026.05.25 22:00:00;0.990390;0.990450;0.990140;0.990150;982;0;8;0.990230
2026.05.25 23:00:00;0.990170;0.990330;0.989840;0.989840;1097;0;8;0.989920
2026.05.26 00:00:00;0.989490;0.989870;0.989290;0.989620;766;0;44;0.990060
2026.05.26 01:00:00;0.989630;0.990200;0.989610;0.990110;1169;0;11;0.990220
2026.05.26 02:00:00;0.990110;0.990320;0.989490;0.989520;1642;0;10;0.989620
2026.05.26 03:00:00;0.989520;0.989760;0.989120;0.989690;4722;0;9;0.989780
2026.05.26 04:00:00;0.989680;0.989740;0.988880;0.989300;5338;0;7;0.989370
2026.05.26 05:00:00;0.989300;0.989560;0.989010;0.989440;3280;0;9;0.989530
2026.05.26 06:00:00;0.989450;0.990200;0.989420;0.989950;2882;0;9;0.990040
2026.05.26 07:00:00;0.989950;0.990080;0.988880;0.988880;2340;0;7;0.988950
2026.05.26 08:00:00;0.988880;0.989060;0.988390;0.988940;2955;0;8;0.989020
2026.05.26 09:00:00;0.988930;0.989870;0.988820;0.989520;4470;0;3;0.989550
2026.05.26 10:00:00;0.989530;0.989600;0.988120;0.988830;5922;0;3;0.988860
2026.05.26 11:00:00;0.988830;0.988980;0.988370;0.988700;5266;0;6;0.988760
2026.05.26 12:00:00;0.988710;0.988920;0.988170;0.988520;4256;0;3;0.988550
2026.05.26 13:00:00;0.988520;0.989170;0.988250;0.988810;4453;0;4;0.988850
2026.05.26 14:00:00;0.988810;0.989550;0.988650;0.989470;4787;0;3;0.989500
2026.05.26 15:00:00;0.989470;0.990580;0.989250;0.990390;4500;0;3;0.990420
2026.05.26 16:00:00;0.990390;0.991110;0.989170;0.989720;6815;0;5;0.989770
2026.05.26 17:00:00;0.989610;0.990000;0.989100;0.989550;8206;0;4;0.989590
2026.05.26 18:00:00;0.989550;0.989750;0.988290;0.988370;7492;0;8;0.988450
2026.05.26 19:00:00;0.988380;0.989420;0.988350;0.989230;5066;0;4;0.989270
2026.05.26 20:00:00;0.989240;0.989720;0.989080;0.989570;4592;0;8;0.989650
2026.05.26 21:00:00;0.989570;0.990230;0.989390;0.990010;4360;0;8;0.990090
2026.05.26 22:00:00;0.990010;0.990470;0.989830;0.989900;3253;0;8;0.989980
2026.05.26 23:00:00;0.989900;0.990120;0.989480;0.989550;2202;0;8;0.989630
2026.05.27 00:00:00;0.989570;0.990010;0.989350;0.989440;443;0;44;0.989880
2026.05.27 01:00:00;0.989440;0.989950;0.989390;0.989670;1176;0;10;0.989770
2026.05.27 02:00:00;0.989670;0.990340;0.989670;0.990020;1275;0;6;0.990080
2026.05.27 03:00:00;0.990020;0.991030;0.989860;0.990640;4269;0;7;0.990710
2026.05.27 04:00:00;0.990650;0.991170;0.987960;0.988400;4918;0;3;0.988430
2026.05.27 05:00:00;0.988520;0.989370;0.988170;0.989030;4904;0;6;0.989090
2026.05.27 06:00:00;0.989030;0.989610;0.988480;0.988810;3710;0;8;0.988890
2026.05.27 07:00:00;0.988800;0.989190;0.988480;0.988780;3366;0;6;0.988840
2026.05.27 08:00:00;0.988780;0.988990;0.988140;0.988250;4193;0;3;0.988280
2026.05.27 09:00:00;0.988250;0.988570;0.987330;0.987470;3853;0;7;0.987540
2026.05.27 10:00:00;0.987470;0.987950;0.986630;0.986960;4889;0;4;0.987000
2026.05.27 11:00:00;0.986960;0.987560;0.986470;0.987470;5238;0;5;0.987520
2026.05.27 12:00:00;0.987470;0.987780;0.986950;0.987240;3554;0;8;0.987320
2026.05.27 13:00:00;0.987240;0.987640;0.986670;0.986910;3647;0;-98758;-0.000670
2026.05.27 14:00:00;0.986920;0.987150;0.986310;0.986550;4587;0;8;0.986630
2026.05.27 15:00:00;0.986550;0.988170;0.985550;0.986380;9921;0;3;0.986410
2026.05.27 16:00:00;0.986370;0.987150;0.986270;0.986810;9040;0;6;0.986870
2026.05.27 17:00:00;0.986810;0.987250;0.985740;0.986990;10962;0;3;0.987020
2026.05.27 18:00:00;0.986970;0.987500;0.986370;0.986780;8454;0;3;0.986810
2026.05.27 19:00:00;0.986780;0.987350;0.986550;0.986990;5717;0;7;0.987060
2026.05.27 20:00:00;0.986990;0.987120;0.986390;0.986770;5789;0;8;0.986850
2026.05.27 21:00:00;0.986770;0.987600;0.986690;0.987550;4363;0;8;0.987630
2026.05.27 22:00:00;0.987570;0.987840;0.987360;0.987730;3876;0;8;0.987810
2026.05.27 23:00:00;0.987730;0.988340;0.987600;0.987780;2246;0;8;0.987860
2026.05.28 00:00:00;0.987780;0.988200;0.987350;0.987750;1334;0;32;0.988070
2026.05.28 01:00:00;0.987760;0.988320;0.987680;0.988200;1158;0;10;0.988300
2026.05.28 02:00:00;0.988170;0.988470;0.987260;0.987330;2282;0;8;0.987410
2026.05.28 03:00:00;0.987310;0.987720;0.986880;0.987350;5213;0;10;0.987450
2026.05.28 04:00:00;0.987350;0.987620;0.985780;0.986080;5182;0;5;0.986130
2026.05.28 05:00:00;0.986110;0.986920;0.985920;0.986720;3896;0;8;0.986800
2026.05.28 06:00:00;0.986720;0.987100;0.984450;0.984780;6087;0;6;0.984840
2026.05.28 07:00:00;0.984780;0.984990;0.984030;0.984580;4545;0;8;0.984660
2026.05.28 08:00:00;0.984580;0.986440;0.984240;0.986050;4747;0;9;0.986140
2026.05.28 09:00:00;0.986070;0.987010;0.985890;0.986130;5000;0;7;0.986200
2026.05.28 10:00:00;0.986130;0.986710;0.986130;0.986530;6455;0;5;0.986580
2026.05.28 11:00:00;0.986530;0.986760;0.985960;0.986300;5791;0;6;0.986360
2026.05.28 12:00:00;0.986300;0.987330;0.986210;0.987110;4871;0;5;0.987160
2026.05.28 13:00:00;0.987120;0.987430;0.985710;0.985800;5572;0;3;0.985830
2026.05.28 14:00:00;0.985800;0.986200;0.985560;0.985630;4830;0;5;0.985680
2026.05.28 15:00:00;0.985640;0.987150;0.985610;0.987130;6358;0;4;0.987170
2026.05.28 16:00:00;0.987130;0.987610;0.986230;0.986810;7565;0;3;0.986840
2026.05.28 17:00:00;0.986810;0.989260;0.986630;0.987600;12160;0;3;0.987630
2026.05.28 18:00:00;0.987600;0.988450;0.987520;0.987580;7960;0;7;0.987650
2026.05.28 19:00:00;0.987580;0.988800;0.987470;0.988410;6391;0;6;0.988470
2026.05.28 20:00:00;0.988400;0.988460;0.987500;0.987630;5155;0;7;0.987700
2026.05.28 21:00:00;0.987630;0.987700;0.986810;0.987120;5238;0;3;0.987150
2026.05.28 22:00:00;0.987120;0.987280;0.986790;0.986910;4354;0;8;0.986990
2026.05.28 23:00:00;0.986900;0.987260;0.986830;0.986960;2555;0;8;0.987040
2026.05.29 00:00:00;0.986960;0.987280;0.986430;0.987220;178;0;49;0.987710
2026.05.29 01:00:00;0.987290;0.987500;0.987130;0.987170;1303;0;3;0.987200
2026.05.29 02:00:00;0.987170;0.987410;0.986980;0.987210;1849;0;9;0.987300
2026.05.29 03:00:00;0.987210;0.987590;0.986530;0.986880;4202;0;8;0.986960
2026.05.29 04:00:00;0.986890;0.987260;0.986410;0.987030;5588;0;9;0.987120
2026.05.29 05:00:00;0.987000;0.987240;0.986270;0.986590;3577;0;7;0.986660
2026.05.29 06:00:00;0.986590;0.986770;0.986350;0.986460;3449;0;9;0.986550
2026.05.29 07:00:00;0.986460;0.987690;0.986450;0.987680;3037;0;9;0.987770
2026.05.29 08:00:00;0.987660;0.987980;0.987390;0.987530;2977;0;7;0.987600
2026.05.29 09:00:00;0.987530;0.988000;0.987220;0.987620;4540;0;8;0.987700
2026.05.29 10:00:00;0.987640;0.988360;0.987050;0.988150;5061;0;5;0.988200
2026.05.29 11:00:00;0.988150;0.988200;0.986880;0.987390;4944;0;8;0.987470
2026.05.29 12:00:00;0.987390;0.988140;0.987100;0.987920;4784;0;7;0.987990
2026.05.29 13:00:00;0.987940;0.988370;0.987660;0.988260;4043;0;8;0.988340
2026.05.29 14:00:00;0.988260;0.989470;0.988250;0.989380;4726;0;3;0.989410
2026.05.29 15:00:00;0.989380;0.992150;0.989240;0.991920;6157;0;3;0.991950
2026.05.29 16:00:00;0.991920;0.993010;0.991400;0.992710;7621;0;8;0.992790
2026.05.29 17:00:00;0.992720;0.993130;0.990400;0.990940;11177;0;3;0.990970
2026.05.29 18:00:00;0.990950;0.992590;0.990650;0.991030;10593;0;3;0.991060
2026.05.29 19:00:00;0.991030;0.992060;0.990940;0.991880;7516;0;3;0.991910
2026.05.29 20:00:00;0.991880;0.991940;0.990510;0.990510;5953;0;5;0.990560
2026.05.29 21:00:00;0.990510;0.991180;0.990430;0.990840;5601;0;8;0.990920
2026.05.29 22:00:00;0.990840;0.991340;0.990580;0.990990;4989;0;8;0.991070
2026.05.29 23:00:00;0.990980;0.991200;0.990580;0.990750;3808;0;8;0.990830
2026.06.01 00:00:00;0.988710;0.990100;0.988700;0.989690;133;0;81;0.990500
2026.06.01 01:00:00;0.989650;0.990590;0.989470;0.990290;2326;0;10;0.990390
2026.06.01 02:00:00;0.990300;0.990930;0.990170;0.990530;3059;0;10;0.990630
2026.06.01 03:00:00;0.990540;0.991780;0.990310;0.991600;6613;0;9;0.991690
2026.06.01 04:00:00;0.991580;0.992190;0.991430;0.992090;6019;0;6;0.992150
2026.06.01 05:00:00;0.992100;0.992420;0.991830;0.992010;3822;0;10;0.992110
2026.06.01 06:00:00;0.992010;0.992140;0.990980;0.991710;3615;0;3;0.991740
2026.06.01 07:00:00;0.991710;0.992190;0.991700;0.992070;2176;0;10;0.992170
2026.06.01 08:00:00;0.992070;0.992610;0.991960;0.992320;3303;0;8;0.992400
2026.06.01 09:00:00;0.992320;0.992550;0.990970;0.991340;4919;0;7;0.991410
2026.06.01 10:00:00;0.991320;0.992250;0.991220;0.991770;4909;0;4;0.991810
2026.06.01 11:00:00;0.991760;0.992430;0.991700;0.992400;4452;0;3;0.992430
2026.06.01 12:00:00;0.992400;0.992580;0.991780;0.991930;4688;0;6;0.991990
2026.06.01 13:00:00;0.991930;0.992060;0.991390;0.991930;4209;0;8;0.992010
2026.06.01 14:00:00;0.991930;0.992350;0.991840;0.991990;4397;0;8;0.992070
2026.06.01 15:00:00;0.991990;0.992600;0.990990;0.991210;6127;0;5;0.991260
2026.06.01 16:00:00;0.991210;0.991530;0.988030;0.988040;12288;0;3;0.988070
2026.06.01 17:00:00;0.987990;0.988930;0.987660;0.988380;10240;0;3;0.988410
2026.06.01 18:00:00;0.988370;0.990050;0.988270;0.989640;7589;0;3;0.989670
2026.06.01 19:00:00;0.989640;0.990350;0.989280;0.990090;6517;0;5;0.990140
2026.06.01 20:00:00;0.990080;0.991600;0.989850;0.991190;6710;0;3;0.991220
2026.06.01 21:00:00;0.991190;0.991340;0.990920;0.991260;3958;0;8;0.991340
2026.06.01 22:00:00;0.991260;0.991470;0.990700;0.990960;4027;0;8;0.991040
2026.06.01 23:00:00;0.990990;0.991110;0.990250;0.990250;2905;0;8;0.990330
2026.06.02 00:00:00;0.990140;0.991590;0.990140;0.990860;780;0;42;0.991280
2026.06.02 01:00:00;0.990890;0.991260;0.990730;0.991050;1314;0;6;0.991110
2026.06.02 02:00:00;0.991050;0.991630;0.990990;0.991560;1426;0;10;0.991660
2026.06.02 03:00:00;0.991560;0.991680;0.990800;0.991060;4243;0;7;0.991130
2026.06.02 04:00:00;0.991060;0.992200;0.990420;0.990550;5426;0;4;0.990590
2026.06.02 05:00:00;0.990550;0.991420;0.990430;0.991160;3619;0;8;0.991240
2026.06.02 06:00:00;0.991170;0.991290;0.990540;0.991160;3436;0;7;0.991230
2026.06.02 07:00:00;0.991160;0.991540;0.991000;0.991470;2788;0;9;0.991560
2026.06.02 08:00:00;0.991460;0.991930;0.991380;0.991450;3229;0;9;0.991540
2026.06.02 09:00:00;0.991470;0.993190;0.991470;0.993090;5384;0;4;0.993130
2026.06.02 10:00:00;0.993060;0.994040;0.992960;0.993810;5097;0;8;0.993890
2026.06.02 11:00:00;0.993810;0.994550;0.993810;0.994100;4307;0;5;0.994150
2026.06.02 12:00:00;0.994100;0.994880;0.993840;0.994770;4314;0;7;0.994840
2026.06.02 13:00:00;0.994760;0.995070;0.994260;0.994950;3735;0;7;0.995020
2026.06.02 14:00:00;0.994950;0.995080;0.993770;0.993800;4015;0;7;0.993870
2026.06.02 15:00:00;0.993800;0.994010;0.992900;0.993040;5041;0;6;0.993100
2026.06.02 16:00:00;0.993020;0.993260;0.991370;0.992280;8154;0;7;0.992350
2026.06.02 17:00:00;0.992260;0.993720;0.991700;0.993690;7866;0;3;0.993720
2026.06.02 18:00:00;0.993690;0.993780;0.993070;0.993120;5867;0;8;0.993200
2026.06.02 19:00:00;0.993120;0.993440;0.992570;0.993000;4443;0;8;0.993080
2026.06.02 20:00:00;0.993000;0.993190;0.992470;0.992540;4276;0;8;0.992620
2026.06.02 21:00:00;0.992530;0.992990;0.992360;0.992850;3861;0;7;0.992920
2026.06.02 22:00:00;0.992850;0.993610;0.992840;0.993590;2803;0;8;0.993670
2026.06.02 23:00:00;0.993590;0.993730;0.993360;0.993530;2016;0;8;0.993610
2026.06.03 00:00:00;0.993450;0.993560;0.992580;0.993340;870;0;42;0.993760
2026.06.03 01:00:00;0.993340;0.993670;0.993240;0.993300;1343;0;9;0.993390
2026.06.03 02:00:00;0.993300;0.993430;0.992600;0.993090;2843;0;9;0.993180
2026.06.03 03:00:00;0.993090;0.993900;0.992990;0.993810;3372;0;9;0.993900
2026.06.03 04:00:00;0.993810;0.993860;0.992310;0.993220;4289;0;6;0.993280
2026.06.03 05:00:00;0.993220;0.993540;0.992620;0.993120;3281;0;8;0.993200
2026.06.03 06:00:00;0.993120;0.993320;0.992680;0.992980;2661;0;8;0.993060
2026.06.03 07:00:00;0.992990;0.993270;0.992580;0.992700;2221;0;9;0.992790
2026.06.03 08:00:00;0.992700;0.993170;0.991930;0.992070;3526;0;9;0.992160
2026.06.03 09:00:00;0.992070;0.992350;0.990960;0.991700;6143;0;3;0.991730
2026.06.03 10:00:00;0.991700;0.992680;0.991470;0.992420;6131;0;8;0.992500
2026.06.03 11:00:00;0.992440;0.992730;0.991950;0.992190;5917;0;3;0.992220
2026.06.03 12:00:00;0.992210;0.992880;0.992190;0.992550;4746;0;7;0.992620
2026.06.03 13:00:00;0.992550;0.993740;0.992420;0.992860;5407;0;4;0.992900
2026.06.03 14:00:00;0.992860;0.993180;0.992480;0.992710;4250;0;8;0.992790
2026.06.03 15:00:00;0.992710;0.992730;0.991320;0.991820;5780;0;8;0.991900
2026.06.03 16:00:00;0.991820;0.992020;0.990060;0.990580;8027;0;7;0.990650
2026.06.03 17:00:00;0.990580;0.991940;0.990460;0.991820;9489;0;4;0.991860
2026.06.03 18:00:00;0.991820;0.991940;0.991040;0.991540;7903;0;6;0.991600
2026.06.03 19:00:00;0.991540;0.991550;0.990820;0.991280;6718;0;6;0.991340
2026.06.03 20:00:00;0.991290;0.991440;0.990530;0.991040;4350;0;8;0.991120
2026.06.03 21:00:00;0.991040;0.991240;0.990620;0.990700;3593;0;5;0.990750
2026.06.03 22:00:00;0.990700;0.990770;0.990400;0.990700;3763;0;8;0.990780
2026.06.03 23:00:00;0.990710;0.990710;0.990240;0.990360;2611;0;8;0.990440
2026.06.04 00:00:00;0.990200;0.990510;0.989760;0.989760;829;0;30;0.990060
2026.06.04 01:00:00;0.989760;0.991430;0.989760;0.991050;2330;0;9;0.991140
2026.06.04 02:00:00;0.991050;0.991180;0.990200;0.990970;2511;0;8;0.991050
2026.06.04 03:00:00;0.990970;0.991110;0.990450;0.990530;5492;0;8;0.990610
2026.06.04 04:00:00;0.990530;0.991390;0.989980;0.990790;5455;0;7;0.990860
2026.06.04 05:00:00;0.990790;0.990840;0.989830;0.990380;4545;0;8;0.990460
2026.06.04 06:00:00;0.990380;0.990630;0.990060;0.990590;3171;0;9;0.990680
2026.06.04 07:00:00;0.990580;0.991430;0.990450;0.991020;3002;0;7;0.991090
2026.06.04 08:00:00;0.991020;0.991310;0.990540;0.991140;3820;0;7;0.991210
2026.06.04 09:00:00;0.991160;0.992440;0.990990;0.992290;5271;0;3;0.992320
2026.06.04 10:00:00;0.992290;0.992860;0.992120;0.992520;5988;0;7;0.992590
2026.06.04 11:00:00;0.992530;0.992840;0.991670;0.992150;5856;0;6;0.992210
2026.06.04 12:00:00;0.992150;0.992380;0.991410;0.991480;6333;0;6;0.991540
2026.06.04 13:00:00;0.991480;0.991970;0.991290;0.991500;5244;0;7;0.991570
2026.06.04 14:00:00;0.991510;0.992870;0.991480;0.992830;6367;0;8;0.992910
2026.06.04 15:00:00;0.992830;0.993000;0.991630;0.991770;7227;0;4;0.991810
2026.06.04 16:00:00;0.991760;0.992370;0.991560;0.991740;8342;0;7;0.991810
2026.06.04 17:00:00;0.991740;0.991990;0.991280;0.991840;8228;0;5;0.991890
2026.06.04 18:00:00;0.991850;0.992610;0.991640;0.991810;6298;0;7;0.991880
2026.06.04 19:00:00;0.991830;0.992280;0.991720;0.991980;4701;0;8;0.992060
2026.06.04 20:00:00;0.991990;0.992400;0.991820;0.992170;3573;0;8;0.992250
2026.06.04 21:00:00;0.992170;0.992330;0.991530;0.991680;3736;0;6;0.991740
2026.06.04 22:00:00;0.991670;0.991980;0.991550;0.991920;3097;0;8;0.992000
2026.06.04 23:00:00;0.991920;0.992200;0.991730;0.991800;1866;0;8;0.991880
2026.06.05 00:00:00;0.991750;0.992170;0.991330;0.991360;847;0;47;0.991830
2026.06.05 01:00:00;0.991340;0.992080;0.991340;0.992000;1073;0;9;0.992090
2026.06.05 02:00:00;0.992000;0.992280;0.991360;0.991550;1705;0;9;0.991640
2026.06.05 03:00:00;0.991550;0.991550;0.990400;0.990480;4676;0;9;0.990570
2026.06.05 04:00:00;0.990480;0.990550;0.988420;0.989730;5986;0;7;0.989800
2026.06.05 05:00:00;0.989730;0.990740;0.989460;0.990450;3743;0;8;0.990530
2026.06.05 06:00:00;0.990450;0.990910;0.990080;0.990250;3450;0;8;0.990330
2026.06.05 07:00:00;0.990260;0.991160;0.990150;0.990880;3088;0;3;0.990910
2026.06.05 08:00:00;0.990880;0.990980;0.989710;0.989880;3199;0;6;0.989940
2026.06.05 09:00:00;0.989880;0.990370;0.989500;0.990230;4522;0;4;0.990270
2026.06.05 10:00:00;0.990210;0.990650;0.989930;0.990110;5310;0;6;0.990170
2026.06.05 11:00:00;0.990110;0.991140;0.989990;0.990230;4992;0;8;0.990310
2026.06.05 12:00:00;0.990230;0.991130;0.990100;0.990310;4986;0;3;0.990340
2026.06.05 13:00:00;0.990320;0.990910;0.990010;0.990840;3765;0;6;0.990900
2026.06.05 14:00:00;0.990840;0.991390;0.990620;0.991230;4079;0;3;0.991260
2026.06.05 15:00:00;0.991230;0.991460;0.986650;0.986770;9201;0;3;0.986800
2026.06.05 16:00:00;0.986770;0.988040;0.984470;0.984490;12028;0;3;0.984520
2026.06.05 17:00:00;0.984500;0.985370;0.983400;0.985350;10805;0;4;0.985390
2026.06.05 18:00:00;0.985350;0.985470;0.983290;0.983310;8801;0;4;0.983350
2026.06.05 19:00:00;0.983310;0.983860;0.982520;0.983840;7890;0;6;0.983900
2026.06.05 20:00:00;0.983840;0.983900;0.983030;0.983500;7818;0;5;0.983550
2026.06.05 21:00:00;0.983510;0.983570;0.982080;0.982390;7180;0;5;0.982440
2026.06.05 22:00:00;0.982370;0.982520;0.981820;0.982140;7219;0;4;0.982180
2026.06.05 23:00:00;0.982140;0.982160;0.981220;0.981630;4569;0;8;0.981710
2026.06.08 00:00:00;0.978680;0.980300;0.978580;0.979180;34;0;3;0.979210
2026.06.08 01:00:00;0.979520;0.981460;0.979360;0.980940;4306;0;3;0.980970
2026.06.08 02:00:00;0.980940;0.982110;0.980940;0.982030;4002;0;8;0.982110
2026.06.08 03:00:00;0.982030;0.983810;0.981780;0.983730;4789;0;8;0.983810
2026.06.08 04:00:00;0.983740;0.984270;0.981470;0.983200;10490;0;5;0.983250
2026.06.08 05:00:00;0.983200;0.983520;0.982340;0.983250;7098;0;4;0.983290
2026.06.08 06:00:00;0.983250;0.983540;0.982620;0.983080;4587;0;8;0.983160
2026.06.08 07:00:00;0.983090;0.983550;0.982060;0.982190;4770;0;8;0.982270
2026.06.08 08:00:00;0.982190;0.982860;0.981040;0.981390;8278;0;7;0.981460
2026.06.08 09:00:00;0.981380;0.982450;0.981360;0.982070;8306;0;3;0.982100
2026.06.08 10:00:00;0.982070;0.983940;0.981980;0.983200;8047;0;3;0.983230
2026.06.08 11:00:00;0.983200;0.983820;0.982560;0.983150;7389;0;7;0.983220
2026.06.08 12:00:00;0.983160;0.983590;0.981990;0.983480;7452;0;3;0.983510
2026.06.08 13:00:00;0.983460;0.984760;0.983050;0.983960;6319;0;3;0.983990
2026.06.08 14:00:00;0.983960;0.985940;0.983820;0.985300;7475;0;5;0.985350
2026.06.08 15:00:00;0.985300;0.985990;0.984450;0.984910;7367;0;3;0.984940
2026.06.08 16:00:00;0.984920;0.985630;0.983690;0.983700;10334;0;5;0.983750
2026.06.08 17:00:00;0.983700;0.984170;0.982680;0.984030;10958;0;3;0.984060
2026.06.08 18:00:00;0.984050;0.984450;0.983610;0.983950;8550;0;3;0.983980
2026.06.08 19:00:00;0.983950;0.984260;0.983670;0.983770;7143;0;5;0.983820
2026.06.08 20:00:00;0.983770;0.983820;0.983250;0.983440;7944;0;6;0.983500
2026.06.08 21:00:00;0.983430;0.983840;0.982950;0.983070;5837;0;5;0.983120
2026.06.08 22:00:00;0.983090;0.983180;0.982680;0.982830;6420;0;8;0.982910
2026.06.08 23:00:00;0.982810;0.983050;0.982630;0.982750;2836;0;4;0.982790
2026.06.09 00:00:00;0.982600;0.982670;0.981930;0.982310;1489;0;41;0.982720
2026.06.09 01:00:00;0.982310;0.982950;0.982310;0.982810;1856;0;10;0.982910
2026.06.09 02:00:00;0.982830;0.983000;0.982170;0.982410;2183;0;11;0.982520
2026.06.09 03:00:00;0.982410;0.982650;0.981800;0.982630;6974;0;8;0.982710
2026.06.09 04:00:00;0.982630;0.984230;0.982560;0.984160;7078;0;3;0.984190
2026.06.09 05:00:00;0.984170;0.984340;0.982760;0.982970;5316;0;7;0.983040
2026.06.09 06:00:00;0.982970;0.983080;0.982160;0.982560;5227;0;7;0.982630
2026.06.09 07:00:00;0.982560;0.983960;0.982350;0.983750;3671;0;8;0.983830
2026.06.09 08:00:00;0.983760;0.984060;0.983210;0.983470;5899;0;9;0.983560
2026.06.09 09:00:00;0.983470;0.984890;0.983350;0.983770;6235;0;6;0.983830
2026.06.09 10:00:00;0.983770;0.984090;0.982620;0.982770;7026;0;7;0.982840
2026.06.09 11:00:00;0.982770;0.983350;0.982320;0.982800;6429;0;5;0.982850
2026.06.09 12:00:00;0.982810;0.983270;0.982430;0.982450;4884;0;3;0.982480
2026.06.09 13:00:00;0.982430;0.983350;0.982050;0.983100;4437;0;3;0.983130
2026.06.09 14:00:00;0.983100;0.983490;0.982690;0.982840;4283;0;8;0.982920
2026.06.09 15:00:00;0.982840;0.983120;0.982450;0.982760;4986;0;8;0.982840
2026.06.09 16:00:00;0.982760;0.983330;0.981750;0.982560;8238;0;7;0.982630
2026.06.09 17:00:00;0.982570;0.983440;0.981030;0.981990;13351;0;3;0.982020
2026.06.09 18:00:00;0.981990;0.982320;0.980330;0.980760;14078;0;6;0.980820
2026.06.09 19:00:00;0.980780;0.981120;0.978300;0.979430;15574;0;3;0.979460
2026.06.09 20:00:00;0.979430;0.981030;0.979360;0.980610;12752;0;6;0.980670
2026.06.09 21:00:00;0.980600;0.981310;0.980430;0.981130;9591;0;7;0.981200
2026.06.09 22:00:00;0.981140;0.981180;0.979840;0.980000;10134;0;8;0.980080
2026.06.09 23:00:00;0.980020;0.980480;0.979920;0.979950;4252;0;8;0.980030
2026.06.10 00:00:00;0.979860;0.980550;0.978530;0.979420;344;0;47;0.979890
2026.06.10 01:00:00;0.979420;0.979950;0.979080;0.979320;2330;0;7;0.979390
2026.06.10 02:00:00;0.979320;0.980040;0.979060;0.980010;3004;0;10;0.980110
2026.06.10 03:00:00;0.980000;0.980780;0.979190;0.980310;8214;0;7;0.980380
2026.06.10 04:00:00;0.980300;0.980680;0.979890;0.980180;8771;0;8;0.980260
2026.06.10 05:00:00;0.980180;0.980270;0.979280;0.979430;6433;0;8;0.979510
2026.06.10 06:00:00;0.979430;0.980050;0.979410;0.979880;5141;0;9;0.979970
2026.06.10 07:00:00;0.979870;0.979940;0.978530;0.978730;5162;0;9;0.978820
2026.06.10 08:00:00;0.978730;0.978760;0.977580;0.978560;6889;0;9;0.978650
2026.06.10 09:00:00;0.978560;0.979240;0.978230;0.978230;6991;0;3;0.978260
2026.06.10 10:00:00;0.978250;0.978630;0.977740;0.978010;6995;0;6;0.978070
2026.06.10 11:00:00;0.978000;0.978060;0.976510;0.976550;8052;0;3;0.976580
2026.06.10 12:00:00;0.976530;0.976690;0.975840;0.976230;7002;0;7;0.976300
2026.06.10 13:00:00;0.976230;0.976700;0.975850;0.976660;6271;0;3;0.976690
2026.06.10 14:00:00;0.976670;0.976690;0.974780;0.975320;10162;0;3;0.975350
2026.06.10 15:00:00;0.975320;0.978390;0.975080;0.977100;11069;0;4;0.977140
2026.06.10 16:00:00;0.977100;0.978480;0.976760;0.978130;12531;0;5;0.978180
2026.06.10 17:00:00;0.978130;0.978570;0.977230;0.977860;13182;0;3;0.977890
2026.06.10 18:00:00;0.977880;0.978600;0.976400;0.977840;13640;0;5;0.977890
2026.06.10 19:00:00;0.977840;0.978430;0.977450;0.977560;11580;0;3;0.977590
2026.06.10 20:00:00;0.977560;0.978160;0.976610;0.977400;10098;0;3;0.977430
2026.06.10 21:00:00;0.977400;0.977980;0.976490;0.976870;9470;0;6;0.976930
2026.06.10 22:00:00;0.976870;0.976950;0.975850;0.976010;9220;0;8;0.976090
2026.06.10 23:00:00;0.976020;0.976070;0.975310;0.975420;4647;0;8;0.975500
2026.06.11 00:00:00;0.975420;0.975820;0.974970;0.974990;330;0;38;0.975370
2026.06.11 01:00:00;0.975330;0.975520;0.974740;0.974760;3670;0;7;0.974830
2026.06.11 02:00:00;0.974780;0.975910;0.974590;0.975270;5547;0;6;0.975330
2026.06.11 03:00:00;0.975270;0.976050;0.974760;0.975340;9306;0;4;0.975380
2026.06.11 04:00:00;0.975320;0.976480;0.975320;0.976150;7975;0;7;0.976220
2026.06.11 05:00:00;0.976150;0.976180;0.975470;0.975950;6900;0;9;0.976040
2026.06.11 06:00:00;0.975950;0.976080;0.975310;0.975800;5843;0;9;0.975890
2026.06.11 07:00:00;0.975800;0.976850;0.975610;0.976710;4564;0;10;0.976810
2026.06.11 08:00:00;0.976710;0.977080;0.976450;0.976760;5487;0;9;0.976850
2026.06.11 09:00:00;0.976760;0.977420;0.976340;0.977000;5478;0;6;0.977060
2026.06.11 10:00:00;0.976990;0.978080;0.976870;0.977340;5807;0;5;0.977390
2026.06.11 11:00:00;0.977340;0.977520;0.976860;0.977220;5866;0;5;0.977270
2026.06.11 12:00:00;0.977210;0.978130;0.977140;0.977750;5081;0;5;0.977800
2026.06.11 13:00:00;0.977750;0.978040;0.977560;0.977690;4524;0;7;0.977760
2026.06.11 14:00:00;0.977690;0.978030;0.977160;0.977850;5607;0;3;0.977880
2026.06.11 15:00:00;0.977850;0.978060;0.976000;0.977190;10726;0;3;0.977220
2026.06.11 16:00:00;0.977190;0.978890;0.976640;0.978470;11810;0;3;0.978500
2026.06.11 17:00:00;0.978470;0.979590;0.977930;0.978950;12349;0;5;0.979000
2026.06.11 18:00:00;0.978950;0.979780;0.978610;0.979270;11929;0;3;0.979300
2026.06.11 19:00:00;0.979270;0.979710;0.978600;0.978630;9427;0;7;0.978700
2026.06.11 20:00:00;0.978630;0.982890;0.978470;0.982330;14791;0;3;0.982360
2026.06.11 21:00:00;0.982330;0.983220;0.981200;0.982490;13371;0;3;0.982520
2026.06.11 22:00:00;0.982490;0.984280;0.982490;0.983630;11888;0;3;0.983660
2026.06.11 23:00:00;0.983620;0.984780;0.983510;0.984260;5927;0;8;0.984340
2026.06.12 00:00:00;0.983950;0.984340;0.982860;0.984150;581;0;46;0.984610
2026.06.12 01:00:00;0.984220;0.985000;0.983930;0.984540;2504;0;5;0.984590
2026.06.12 02:00:00;0.984550;0.984900;0.984190;0.984640;3400;0;7;0.984710
2026.06.12 03:00:00;0.984620;0.984770;0.983900;0.984540;7532;0;7;0.984610
2026.06.12 04:00:00;0.984540;0.984560;0.982600;0.983340;7269;0;3;0.983370
2026.06.12 05:00:00;0.983320;0.983850;0.982460;0.983330;5928;0;8;0.983410
2026.06.12 06:00:00;0.983330;0.984000;0.983010;0.983470;6143;0;7;0.983540
2026.06.12 07:00:00;0.983470;0.984240;0.983280;0.983770;5305;0;7;0.983840
2026.06.12 08:00:00;0.983770;0.983870;0.982380;0.982800;6910;0;8;0.982880
2026.06.12 09:00:00;0.982800;0.983720;0.982410;0.982820;7474;0;8;0.982900
2026.06.12 10:00:00;0.982810;0.983920;0.982010;0.983510;8605;0;3;0.983540
2026.06.12 11:00:00;0.983490;0.985080;0.983190;0.984470;9475;0;6;0.984530
2026.06.12 12:00:00;0.984490;0.985790;0.984300;0.984950;8036;0;7;0.985020
2026.06.12 13:00:00;0.984940;0.985500;0.984030;0.984930;7288;0;3;0.984960
2026.06.12 14:00:00;0.984930;0.985100;0.984380;0.984620;6164;0;7;0.984690
2026.06.12 15:00:00;0.984620;0.984620;0.983380;0.983610;7593;0;3;0.983640
2026.06.12 16:00:00;0.983620;0.984900;0.983250;0.983710;11304;0;3;0.983740
2026.06.12 17:00:00;0.983730;0.984920;0.983570;0.984860;12365;0;3;0.984890
2026.06.12 18:00:00;0.984850;0.985550;0.984250;0.984310;11466;0;3;0.984340
2026.06.12 19:00:00;0.984300;0.985280;0.984000;0.984810;11082;0;3;0.984840
2026.06.12 20:00:00;0.984810;0.985320;0.984810;0.985130;7795;0;3;0.985160
2026.06.12 21:00:00;0.985130;0.985570;0.984910;0.985130;5990;0;7;0.985200
2026.06.12 22:00:00;0.985120;0.985670;0.984840;0.985630;6880;0;7;0.985700
2026.06.12 23:00:00;0.985630;0.985820;0.985210;0.985370;2836;0;8;0.985450
2026.06.15 00:00:00;0.985080;0.989710;0.984680;0.989170;517;0;31;0.989480
2026.06.15 01:00:00;0.989170;0.989480;0.987620;0.987810;5522;0;9;0.987900
2026.06.15 02:00:00;0.987800;0.988270;0.987250;0.987850;3615;0;8;0.987930
2026.06.15 03:00:00;0.987850;0.989160;0.987190;0.987290;6059;0;8;0.987370
2026.06.15 04:00:00;0.987280;0.988470;0.987200;0.988240;5536;0;7;0.988310
2026.06.15 05:00:00;0.988260;0.988850;0.988100;0.988410;4075;0;8;0.988490
2026.06.15 06:00:00;0.988410;0.989240;0.988330;0.988930;3282;0;9;0.989020
2026.06.15 07:00:00;0.988930;0.989010;0.988420;0.988570;3014;0;9;0.988660
2026.06.15 08:00:00;0.988570;0.988730;0.988130;0.988270;4327;0;8;0.988350
2026.06.15 09:00:00;0.988270;0.988760;0.987980;0.988400;5714;0;7;0.988470
2026.06.15 10:00:00;0.988400;0.988650;0.987610;0.988370;5982;0;5;0.988420
2026.06.15 11:00:00;0.988370;0.988530;0.987690;0.988040;5135;0;7;0.988110
2026.06.15 12:00:00;0.988040;0.988480;0.987730;0.987860;4436;0;8;0.987940
2026.06.15 13:00:00;0.987860;0.988230;0.987670;0.987900;3603;0;7;0.987970
2026.06.15 14:00:00;0.987910;0.988650;0.987900;0.988650;4397;0;8;0.988730
2026.06.15 15:00:00;0.988650;0.988760;0.987520;0.988090;5013;0;5;0.988140
2026.06.15 16:00:00;0.988080;0.989110;0.987900;0.988750;6229;0;8;0.988830
2026.06.15 17:00:00;0.988730;0.990360;0.988580;0.990130;7929;0;7;0.990200
2026.06.15 18:00:00;0.990140;0.990480;0.989700;0.990010;5763;0;6;0.990070
2026.06.15 19:00:00;0.990010;0.990470;0.989690;0.989840;4578;0;7;0.989910
2026.06.15 20:00:00;0.989860;0.989940;0.989390;0.989510;4460;0;3;0.989540
2026.06.15 21:00:00;0.989510;0.989520;0.989080;0.989360;4754;0;8;0.989440
2026.06.15 22:00:00;0.989360;0.989450;0.988840;0.989270;5106;0;7;0.989340
2026.06.15 23:00:00;0.989280;0.989330;0.988850;0.989060;2236;0;8;0.989140
2026.06.16 00:00:00;0.988920;0.989420;0.988790;0.988820;656;0;38;0.989200
2026.06.16 01:00:00;0.988820;0.989430;0.988820;0.989170;1098;0;10;0.989270
2026.06.16 02:00:00;0.989160;0.989630;0.989150;0.989410;1441;0;9;0.989500
2026.06.16 03:00:00;0.989410;0.989430;0.988830;0.989260;4128;0;10;0.989360
2026.06.16 04:00:00;0.989270;0.989490;0.988140;0.988290;5230;0;9;0.988380
2026.06.16 05:00:00;0.988290;0.988360;0.987690;0.988300;3949;0;8;0.988380
2026.06.16 06:00:00;0.988300;0.988790;0.988100;0.988460;3469;0;9;0.988550
2026.06.16 07:00:00;0.988470;0.988600;0.987310;0.987820;3970;0;3;0.987850
2026.06.16 08:00:00;0.987820;0.988420;0.986910;0.987720;4318;0;7;0.987790
2026.06.16 09:00:00;0.987720;0.988400;0.987680;0.988250;5175;0;7;0.988320
2026.06.16 10:00:00;0.988250;0.988800;0.988150;0.988780;5009;0;6;0.988840
2026.06.16 11:00:00;0.988790;0.989850;0.988490;0.989640;4452;0;8;0.989720
2026.06.16 12:00:00;0.989640;0.989750;0.989370;0.989640;4208;0;7;0.989710
2026.06.16 13:00:00;0.989640;0.990500;0.989510;0.990420;4095;0;6;0.990480
2026.06.16 14:00:00;0.990420;0.990530;0.989650;0.990020;3755;0;8;0.990100
2026.06.16 15:00:00;0.990020;0.990630;0.989750;0.990480;4729;0;8;0.990560
2026.06.16 16:00:00;0.990480;0.990730;0.990110;0.990300;6362;0;7;0.990370
2026.06.16 17:00:00;0.990300;0.990800;0.989330;0.989810;7645;0;8;0.989890
2026.06.16 18:00:00;0.989810;0.990080;0.988910;0.989360;7246;0;6;0.989420
2026.06.16 19:00:00;0.989360;0.989790;0.989060;0.989200;6754;0;8;0.989280
2026.06.16 20:00:00;0.989200;0.989660;0.988860;0.989550;5113;0;7;0.989620
2026.06.16 21:00:00;0.989560;0.989760;0.989240;0.989510;4171;0;8;0.989590
2026.06.16 22:00:00;0.989500;0.989630;0.988910;0.989150;4847;0;6;0.989210
2026.06.16 23:00:00;0.989150;0.989330;0.988660;0.988660;2263;0;8;0.988740
2026.06.17 00:00:00;0.988570;0.988960;0.988110;0.988430;665;0;25;0.988680
2026.06.17 01:00:00;0.988430;0.989100;0.988410;0.988930;1480;0;10;0.989030
2026.06.17 02:00:00;0.988930;0.989130;0.988610;0.988660;1405;0;10;0.988760
2026.06.17 03:00:00;0.988660;0.989280;0.988580;0.988930;5271;0;4;0.988970
2026.06.17 04:00:00;0.988930;0.989410;0.988780;0.989040;3191;0;8;0.989120
2026.06.17 05:00:00;0.989040;0.989190;0.988370;0.988510;2801;0;8;0.988590
2026.06.17 06:00:00;0.988510;0.988600;0.988120;0.988450;2429;0;10;0.988550
2026.06.17 07:00:00;0.988450;0.988730;0.988090;0.988130;2385;0;10;0.988230
2026.06.17 08:00:00;0.988130;0.988390;0.987750;0.987980;2776;0;9;0.988070
2026.06.17 09:00:00;0.988000;0.988340;0.987670;0.988320;3776;0;8;0.988400
2026.06.17 10:00:00;0.988330;0.988760;0.988140;0.988650;3960;0;6;0.988710
2026.06.17 11:00:00;0.988650;0.988660;0.987950;0.988320;4459;0;7;0.988390
2026.06.17 12:00:00;0.988320;0.988610;0.988140;0.988540;3249;0;8;0.988620
2026.06.17 13:00:00;0.988560;0.988880;0.988150;0.988830;3305;0;8;0.988910
2026.06.17 14:00:00;0.988830;0.989240;0.988740;0.988920;3393;0;7;0.988990
2026.06.17 15:00:00;0.988920;0.989870;0.988610;0.989690;4195;0;8;0.989770
2026.06.17 16:00:00;0.989700;0.990990;0.989440;0.990640;5751;0;7;0.990710
2026.06.17 17:00:00;0.990650;0.990840;0.989590;0.990610;7741;0;3;0.990640
2026.06.17 18:00:00;0.990600;0.992200;0.990300;0.991860;6365;0;7;0.991930
2026.06.17 19:00:00;0.991860;0.992250;0.991640;0.992040;4376;0;7;0.992110
2026.06.17 20:00:00;0.992040;0.992530;0.991670;0.992240;4822;0;3;0.992270
2026.06.17 21:00:00;0.992190;0.992200;0.989140;0.990620;18717;0;3;0.990650
2026.06.17 22:00:00;0.990600;0.990850;0.987230;0.989060;18047;0;3;0.989090
2026.06.17 23:00:00;0.989060;0.989350;0.988290;0.988560;5862;0;6;0.988620
2026.06.18 00:00:00;0.988700;0.989200;0.988290;0.988930;492;0;3;0.988960
2026.06.18 01:00:00;0.988890;0.989200;0.988570;0.988880;2183;0;4;0.988920
2026.06.18 02:00:00;0.988890;0.989820;0.988870;0.989640;2236;0;9;0.989730
2026.06.18 03:00:00;0.989640;0.991040;0.989630;0.989950;6503;0;6;0.990010
2026.06.18 04:00:00;0.989940;0.991740;0.989940;0.991710;5467;0;8;0.991790
2026.06.18 05:00:00;0.991700;0.992360;0.991670;0.992130;4117;0;9;0.992220
2026.06.18 06:00:00;0.992120;0.992680;0.991980;0.992590;3321;0;9;0.992680
2026.06.18 07:00:00;0.992590;0.992630;0.991690;0.991860;3658;0;8;0.991940
2026.06.18 08:00:00;0.991860;0.992430;0.991660;0.991890;3973;0;9;0.991980
2026.06.18 09:00:00;0.991890;0.992740;0.991700;0.992590;5848;0;7;0.992660
2026.06.18 10:00:00;0.992550;0.992670;0.991570;0.991940;5814;0;7;0.992010
2026.06.18 11:00:00;0.991910;0.991990;0.989930;0.990110;6472;0;6;0.990170
2026.06.18 12:00:00;0.990120;0.991060;0.989760;0.990790;6256;0;8;0.990870
2026.06.18 13:00:00;0.990780;0.990830;0.989360;0.989400;6418;0;7;0.989470
2026.06.18 14:00:00;0.989400;0.989930;0.989130;0.989560;6847;0;8;0.989640
2026.06.18 15:00:00;0.989560;0.990950;0.989280;0.990680;7571;0;3;0.990710
2026.06.18 16:00:00;0.990680;0.992100;0.990180;0.991790;10086;0;3;0.991820
2026.06.18 17:00:00;0.991790;0.993550;0.991380;0.993340;9679;0;6;0.993400
2026.06.18 18:00:00;0.993350;0.993500;0.992590;0.992610;9196;0;7;0.992680
2026.06.18 19:00:00;0.992610;0.992740;0.991900;0.992220;7382;0;7;0.992290
2026.06.18 20:00:00;0.992240;0.992770;0.992090;0.992370;5607;0;8;0.992450
2026.06.18 21:00:00;0.992370;0.992480;0.991680;0.991720;5747;0;8;0.991800
2026.06.18 22:00:00;0.991720;0.991740;0.990930;0.991330;6641;0;6;0.991390
2026.06.18 23:00:00;0.991340;0.991960;0.990760;0.990760;3076;0;6;0.990820
2026.06.19 00:00:00;0.990760;0.991830;0.990550;0.990870;296;0;45;0.991320
2026.06.19 01:00:00;0.990960;0.991740;0.990960;0.991710;1164;0;9;0.991800
2026.06.19 02:00:00;0.991710;0.991940;0.991440;0.991570;1445;0;10;0.991670
2026.06.19 03:00:00;0.991550;0.991830;0.991230;0.991290;4329;0;10;0.991390
2026.06.19 04:00:00;0.991280;0.991510;0.990800;0.990890;3325;0;9;0.990980
2026.06.19 05:00:00;0.990890;0.991520;0.990830;0.991390;3099;0;4;0.991430
2026.06.19 06:00:00;0.991390;0.991590;0.990000;0.990140;3494;0;8;0.990220
2026.06.19 07:00:00;0.990140;0.990220;0.989650;0.989850;4332;0;7;0.989920
2026.06.19 08:00:00;0.989850;0.991240;0.989390;0.990930;4891;0;8;0.991010
2026.06.19 09:00:00;0.990920;0.991510;0.990360;0.991410;5451;0;6;0.991470
2026.06.19 10:00:00;0.991410;0.991810;0.991030;0.991410;5130;0;7;0.991480
2026.06.19 11:00:00;0.991410;0.992240;0.991400;0.992010;5201;0;7;0.992080
2026.06.19 12:00:00;0.992010;0.992550;0.991780;0.992080;4567;0;6;0.992140
2026.06.19 13:00:00;0.992060;0.992250;0.991570;0.991980;4339;0;6;0.992040
2026.06.19 14:00:00;0.991980;0.992330;0.991510;0.991980;3707;0;6;0.992040
2026.06.19 15:00:00;0.991980;0.993740;0.991950;0.993670;5321;0;3;0.993700
2026.06.19 16:00:00;0.993660;0.994140;0.992780;0.993040;5338;0;8;0.993120
2026.06.19 17:00:00;0.993030;0.994170;0.992950;0.994150;4769;0;8;0.994230
2026.06.19 18:00:00;0.994150;0.994280;0.993540;0.993600;3409;0;8;0.993680
2026.06.19 19:00:00;0.993600;0.993660;0.993390;0.993460;2352;0;8;0.993540
2026.06.19 20:00:00;0.993460;0.993880;0.993290;0.993690;3478;0;7;0.993760
2026.06.19 21:00:00;0.993690;0.993980;0.993550;0.993850;4127;0;8;0.993930
2026.06.19 22:00:00;0.993880;0.994320;0.993680;0.993720;11250;0;8;0.993800
2026.06.19 23:00:00;0.993730;0.994080;0.991680;0.991680;9037;0;3;0.991710
2026.06.22 00:00:00;0.992530;0.993040;0.991850;0.992880;42;0;109;0.993970
2026.06.22 01:00:00;0.992810;0.993510;0.992460;0.993080;2344;0;3;0.993110
2026.06.22 02:00:00;0.993080;0.993120;0.992200;0.992450;2320;0;10;0.992550
2026.06.22 03:00:00;0.992460;0.993700;0.992300;0.993680;4300;0;9;0.993770
2026.06.22 04:00:00;0.993670;0.994510;0.993620;0.993870;6194;0;7;0.993940
2026.06.22 05:00:00;0.993870;0.993970;0.993010;0.993590;3960;0;9;0.993680
2026.06.22 06:00:00;0.993590;0.994120;0.993310;0.993560;3343;0;9;0.993650
2026.06.22 07:00:00;0.993560;0.993850;0.993160;0.993720;3430;0;8;0.993800
2026.06.22 08:00:00;0.993720;0.994000;0.993210;0.993340;4358;0;9;0.993430
2026.06.22 09:00:00;0.993330;0.993780;0.992920;0.993330;5744;0;5;0.993380
2026.06.22 10:00:00;0.993320;0.993370;0.992020;0.992160;5125;0;8;0.992240
2026.06.22 11:00:00;0.992160;0.992300;0.991560;0.991850;5935;0;8;0.991930
2026.06.22 12:00:00;0.991850;0.992350;0.991650;0.991650;4860;0;7;0.991720
2026.06.22 13:00:00;0.991650;0.992420;0.991630;0.992070;4270;0;7;0.992140
2026.06.22 14:00:00;0.992070;0.993150;0.992020;0.992200;4342;0;6;0.992260
2026.06.22 15:00:00;0.992200;0.992480;0.991640;0.991820;5382;0;4;0.991860
2026.06.22 16:00:00;0.991820;0.993170;0.991800;0.992150;9119;0;3;0.992180
2026.06.22 17:00:00;0.992150;0.992690;0.991020;0.991820;10451;0;7;0.991890
2026.06.22 18:00:00;0.991820;0.992820;0.991510;0.991590;8315;0;3;0.991620
2026.06.22 19:00:00;0.991590;0.991880;0.991180;0.991740;5525;0;4;0.991780
2026.06.22 20:00:00;0.991750;0.992070;0.991240;0.991470;3662;0;8;0.991550
2026.06.22 21:00:00;0.991470;0.991570;0.990850;0.991010;3582;0;6;0.991070
2026.06.22 22:00:00;0.991060;0.991260;0.990670;0.991040;3860;0;8;0.991120
2026.06.22 23:00:00;0.991050;0.991540;0.990890;0.990910;1941;0;8;0.990990
2026.06.23 00:00:00;0.990910;0.991560;0.990910;0.991230;391;0;40;0.991630
2026.06.23 01:00:00;0.991230;0.991410;0.990400;0.990440;1843;0;9;0.990530
2026.06.23 02:00:00;0.990460;0.990650;0.990160;0.990200;1337;0;9;0.990290
2026.06.23 03:00:00;0.990190;0.990280;0.988800;0.989430;5057;0;10;0.989530
2026.06.23 04:00:00;0.989430;0.989780;0.988590;0.988910;5361;0;7;0.988980
2026.06.23 05:00:00;0.988910;0.989180;0.987920;0.988030;5401;0;3;0.988060
2026.06.23 06:00:00;0.988030;0.988250;0.987350;0.988220;4102;0;8;0.988300
2026.06.23 07:00:00;0.988220;0.988380;0.987200;0.987410;3455;0;9;0.987500
2026.06.23 08:00:00;0.987430;0.987480;0.986750;0.986920;5258;0;7;0.986990
2026.06.23 09:00:00;0.986920;0.987270;0.985720;0.985940;6609;0;6;0.986000
2026.06.23 10:00:00;0.985940;0.986730;0.984580;0.984740;7615;0;7;0.984810
2026.06.23 11:00:00;0.984720;0.985240;0.984230;0.985050;7147;0;8;0.985130
2026.06.23 12:00:00;0.985040;0.986500;0.984990;0.986430;5212;0;4;0.986470
2026.06.23 13:00:00;0.986430;0.986750;0.985060;0.985200;4638;0;8;0.985280
2026.06.23 14:00:00;0.985190;0.985560;0.983570;0.983600;4459;0;4;0.983640
2026.06.23 15:00:00;0.983600;0.984250;0.983430;0.984000;6421;0;8;0.984080
2026.06.23 16:00:00;0.984000;0.984740;0.983230;0.983630;8513;0;7;0.983700
2026.06.23 17:00:00;0.983610;0.984490;0.983300;0.983820;9321;0;6;0.983880
2026.06.23 18:00:00;0.983820;0.984060;0.982800;0.983100;8802;0;7;0.983170
2026.06.23 19:00:00;0.983100;0.983280;0.982580;0.982760;6394;0;4;0.982800
2026.06.23 20:00:00;0.982760;0.982930;0.982150;0.982180;4647;0;8;0.982260
2026.06.23 21:00:00;0.982190;0.982380;0.981760;0.982170;4774;0;8;0.982250
2026.06.23 22:00:00;0.982180;0.982840;0.982080;0.982120;5789;0;8;0.982200
2026.06.23 23:00:00;0.982120;0.982730;0.982050;0.982620;1966;0;8;0.982700
2026.06.24 00:00:00;0.982620;0.982830;0.982190;0.982550;698;0;34;0.982890
2026.06.24 01:00:00;0.982470;0.983130;0.982470;0.982540;1217;0;6;0.982600
2026.06.24 02:00:00;0.982540;0.982590;0.982030;0.982550;2268;0;10;0.982650
2026.06.24 03:00:00;0.982530;0.983300;0.982460;0.983130;5800;0;5;0.983180
2026.06.24 04:00:00;0.983120;0.983620;0.981870;0.982620;6437;0;3;0.982650
2026.06.24 05:00:00;0.982620;0.982890;0.981290;0.981370;4342;0;4;0.981410
2026.06.24 06:00:00;0.981370;0.982210;0.981310;0.981630;5053;0;8;0.981710
2026.06.24 07:00:00;0.981640;0.982280;0.981270;0.982120;3431;0;8;0.982200
2026.06.24 08:00:00;0.982120;0.982880;0.982070;0.982530;4470;0;9;0.982620
2026.06.24 09:00:00;0.982520;0.983280;0.981960;0.982210;5252;0;6;0.982270
2026.06.24 10:00:00;0.982220;0.982510;0.981520;0.981560;4716;0;7;0.981630
2026.06.24 11:00:00;0.981560;0.981750;0.981070;0.981310;5630;0;8;0.981390
2026.06.24 12:00:00;0.981310;0.981360;0.980270;0.980370;4942;0;6;0.980430
2026.06.24 13:00:00;0.980370;0.980480;0.979790;0.980000;4743;0;6;0.980060
2026.06.24 14:00:00;0.980010;0.981260;0.979960;0.981140;5481;0;3;0.981170
2026.06.24 15:00:00;0.981140;0.982220;0.980760;0.981120;7405;0;4;0.981160
2026.06.24 16:00:00;0.981120;0.982060;0.980610;0.981670;10108;0;7;0.981740
2026.06.24 17:00:00;0.981650;0.981790;0.980620;0.981570;10747;0;3;0.981600
2026.06.24 18:00:00;0.981590;0.982000;0.981130;0.981510;8229;0;3;0.981540
2026.06.24 19:00:00;0.981510;0.981810;0.981030;0.981240;6356;0;5;0.981290
2026.06.24 20:00:00;0.981240;0.981320;0.979810;0.979900;7109;0;8;0.979980
2026.06.24 21:00:00;0.979900;0.980760;0.979690;0.980240;7353;0;8;0.980320
2026.06.24 22:00:00;0.980240;0.981080;0.979930;0.980900;6667;0;6;0.980960
2026.06.24 23:00:00;0.980890;0.982120;0.980720;0.981840;3841;0;8;0.981920
2026.06.25 00:00:00;0.981830;0.981830;0.981090;0.981650;502;0;39;0.982040
2026.06.25 01:00:00;0.981620;0.981960;0.981410;0.981460;1605;0;9;0.981550
2026.06.25 02:00:00;0.981460;0.982060;0.981360;0.981850;1721;0;8;0.981930
2026.06.25 03:00:00;0.981930;0.981990;0.981000;0.981270;4948;0;10;0.981370
2026.06.25 04:00:00;0.981270;0.982610;0.980580;0.981050;6763;0;6;0.981110
2026.06.25 05:00:00;0.981060;0.981350;0.980140;0.981020;4874;0;5;0.981070
2026.06.25 06:00:00;0.981020;0.981470;0.980690;0.981200;3869;0;9;0.981290
2026.06.25 07:00:00;0.981210;0.982010;0.981160;0.981950;2973;0;7;0.982020
2026.06.25 08:00:00;0.981950;0.982200;0.981070;0.981090;3717;0;7;0.981160
2026.06.25 09:00:00;0.981090;0.981740;0.980670;0.980900;4979;0;7;0.980970
2026.06.25 10:00:00;0.980900;0.981740;0.980690;0.981720;4666;0;7;0.981790
2026.06.25 11:00:00;0.981710;0.982290;0.981350;0.981810;4755;0;4;0.981850
2026.06.25 12:00:00;0.981820;0.982410;0.981760;0.981960;3901;0;8;0.982040
2026.06.25 13:00:00;0.981960;0.981990;0.981280;0.981480;3547;0;8;0.981560
2026.06.25 14:00:00;0.981500;0.981760;0.980960;0.981110;3759;0;9;0.981200
2026.06.25 15:00:00;0.981110;0.983370;0.981030;0.982880;7568;0;5;0.982930
2026.06.25 16:00:00;0.982890;0.983060;0.979480;0.979590;10598;0;8;0.979670
2026.06.25 17:00:00;0.979590;0.980950;0.979280;0.980750;13351;0;5;0.980800
2026.06.25 18:00:00;0.980750;0.982180;0.980750;0.981970;10196;0;6;0.982030
2026.06.25 19:00:00;0.981970;0.982140;0.981110;0.981300;8308;0;3;0.981330
2026.06.25 20:00:00;0.981300;0.982020;0.981290;0.981880;5894;0;8;0.981960
2026.06.25 21:00:00;0.981880;0.982080;0.981290;0.981520;6574;0;8;0.981600
2026.06.25 22:00:00;0.981530;0.981640;0.980690;0.980960;6175;0;8;0.981040
2026.06.25 23:00:00;0.980970;0.981250;0.980790;0.980870;2888;0;8;0.980950
2026.06.26 00:00:00;0.980890;0.981300;0.980270;0.980400;346;0;37;0.980770
2026.06.26 01:00:00;0.980400;0.980970;0.980130;0.980170;2000;0;9;0.980260
2026.06.26 02:00:00;0.980170;0.980850;0.979600;0.979780;2657;0;7;0.979850
2026.06.26 03:00:00;0.979790;0.979960;0.978960;0.979310;5737;0;10;0.979410
2026.06.26 04:00:00;0.979320;0.979760;0.977810;0.978240;6560;0;8;0.978320
2026.06.26 05:00:00;0.978240;0.978510;0.976760;0.977270;5455;0;6;0.977330
2026.06.26 06:00:00;0.977260;0.978200;0.976810;0.978180;5301;0;9;0.978270
2026.06.26 07:00:00;0.978180;0.978370;0.976990;0.977130;4961;0;8;0.977210
2026.06.26 08:00:00;0.977130;0.978330;0.977040;0.977920;4827;0;8;0.978000
2026.06.26 09:00:00;0.977920;0.979180;0.977690;0.978730;5637;0;5;0.978780
2026.06.26 10:00:00;0.978720;0.978920;0.977920;0.978360;5610;0;8;0.978440
2026.06.26 11:00:00;0.978360;0.978540;0.977580;0.978110;6920;0;7;0.978180
2026.06.26 12:00:00;0.978120;0.979320;0.977820;0.978850;5308;0;3;0.978880
2026.06.26 13:00:00;0.978850;0.979020;0.978430;0.978790;4903;0;8;0.978870
2026.06.26 14:00:00;0.978790;0.979200;0.978600;0.978780;5327;0;8;0.978860
2026.06.26 15:00:00;0.978780;0.978940;0.977930;0.978600;6834;0;8;0.978680
2026.06.26 16:00:00;0.978620;0.979640;0.977560;0.979430;10404;0;8;0.979510
2026.06.26 17:00:00;0.979430;0.980500;0.979380;0.979670;9676;0;3;0.979700
2026.06.26 18:00:00;0.979670;0.980120;0.979120;0.979370;8072;0;3;0.979400
2026.06.26 19:00:00;0.979370;0.979470;0.978800;0.979280;6048;0;3;0.979310
2026.06.26 20:00:00;0.979280;0.979360;0.978730;0.978770;4788;0;8;0.978850
2026.06.26 21:00:00;0.978770;0.978980;0.978160;0.978330;4408;0;8;0.978410
2026.06.26 22:00:00;0.978330;0.978630;0.977930;0.977930;4351;0;8;0.978010
2026.06.26 23:00:00;0.978020;0.978590;0.977370;0.978510;4335;0;7;0.978580
2026.06.29 00:00:00;0.977180;0.978120;0.977020;0.977190;545;0;53;0.977720
2026.06.29 01:00:00;0.976930;0.978710;0.976930;0.978220;1633;0;11;0.978330
2026.06.29 02:00:00;0.978210;0.978480;0.978130;0.978360;1991;0;8;0.978440
2026.06.29 03:00:00;0.978360;0.978460;0.976840;0.977010;6482;0;8;0.977090
2026.06.29 04:00:00;0.977000;0.977610;0.976440;0.976880;6712;0;7;0.976950
2026.06.29 05:00:00;0.976880;0.977760;0.976710;0.977540;5361;0;8;0.977620
2026.06.29 06:00:00;0.977540;0.978000;0.977380;0.977380;3642;0;8;0.977460
2026.06.29 07:00:00;0.977380;0.977730;0.977340;0.977510;2950;0;9;0.977600
2026.06.29 08:00:00;0.977510;0.978050;0.977320;0.977930;3620;0;7;0.978000
2026.06.29 09:00:00;0.977930;0.978770;0.977800;0.978360;4276;0;8;0.978440
2026.06.29 10:00:00;0.978350;0.978860;0.978150;0.978190;4716;0;8;0.978270
2026.06.29 11:00:00;0.978190;0.978440;0.977940;0.978230;4784;0;5;0.978280
2026.06.29 12:00:00;0.978230;0.978770;0.978150;0.978730;4510;0;8;0.978810
2026.06.29 13:00:00;0.978730;0.979280;0.978620;0.979260;3743;0;7;0.979330
2026.06.29 14:00:00;0.979260;0.980150;0.978920;0.980080;4667;0;3;0.980110
2026.06.29 15:00:00;0.980080;0.980110;0.979230;0.979490;5179;0;8;0.979570
2026.06.29 16:00:00;0.979490;0.979720;0.978540;0.978670;6889;0;8;0.978750
2026.06.29 17:00:00;0.978670;0.978770;0.977220;0.977530;9894;0;5;0.977580
2026.06.29 18:00:00;0.977550;0.978330;0.977290;0.978190;7124;0;8;0.978270
2026.06.29 19:00:00;0.978190;0.978370;0.977780;0.977880;4542;0;8;0.977960
2026.06.29 20:00:00;0.977870;0.978410;0.977590;0.977820;3852;0;8;0.977900
2026.06.29 21:00:00;0.977820;0.978590;0.977810;0.978420;3380;0;8;0.978500
2026.06.29 22:00:00;0.978430;0.978550;0.978160;0.978420;3140;0;8;0.978500
2026.06.29 23:00:00;0.978430;0.978640;0.978110;0.978110;1557;0;8;0.978190
2026.06.30 00:00:00;0.978110;0.978760;0.977960;0.978510;790;0;26;0.978770
2026.06.30 01:00:00;0.978550;0.978870;0.978050;0.978070;1350;0;10;0.978170
2026.06.30 02:00:00;0.978090;0.978650;0.977840;0.977930;1418;0;10;0.978030
2026.06.30 03:00:00;0.977930;0.977930;0.976630;0.977060;4676;0;9;0.977150
2026.06.30 04:00:00;0.977060;0.978510;0.976480;0.977390;5904;0;7;0.977460
2026.06.30 05:00:00;0.977390;0.977800;0.976910;0.977210;3557;0;8;0.977290
2026.06.30 06:00:00;0.977200;0.977770;0.977200;0.977540;2874;0;8;0.977620
2026.06.30 07:00:00;0.977540;0.978200;0.977520;0.977820;2213;0;9;0.977910
2026.06.30 08:00:00;0.977810;0.978510;0.977590;0.977690;3439;0;8;0.977770
2026.06.30 09:00:00;0.977690;0.978820;0.977690;0.978600;5049;0;4;0.978640
2026.06.30 10:00:00;0.978610;0.979050;0.978210;0.978530;4350;0;8;0.978610
2026.06.30 11:00:00;0.978550;0.979390;0.978530;0.979340;5519;0;6;0.979400
2026.06.30 12:00:00;0.979340;0.980250;0.979150;0.979930;3591;0;8;0.980010
2026.06.30 13:00:00;0.979930;0.980510;0.979830;0.980430;3205;0;8;0.980510
2026.06.30 14:00:00;0.980430;0.980890;0.980260;0.980520;3935;0;6;0.980580
2026.06.30 15:00:00;0.980520;0.980670;0.979460;0.979500;5336;0;6;0.979560
2026.06.30 16:00:00;0.979500;0.980590;0.979490;0.980270;6715;0;7;0.980340
2026.06.30 17:00:00;0.980280;0.983050;0.980000;0.982480;9583;0;2;0.982500
2026.06.30 18:00:00;0.982470;0.982970;0.981860;0.982160;7152;0;7;0.982230
2026.06.30 19:00:00;0.982140;0.982230;0.981600;0.981980;3896;0;7;0.982050
2026.06.30 20:00:00;0.981980;0.982750;0.981920;0.982560;3461;0;7;0.982630
2026.06.30 21:00:00;0.982560;0.983030;0.982440;0.982870;3477;0;8;0.982950
2026.06.30 22:00:00;0.982880;0.983130;0.981730;0.981850;3790;0;7;0.981920
2026.06.30 23:00:00;0.981850;0.982480;0.981480;0.982100;2300;0;8;0.982180
2026.07.01 00:00:00;0.982030;0.982030;0.980610;0.981800;501;0;44;0.982240
2026.07.01 01:00:00;0.981910;0.982250;0.981700;0.981890;827;0;10;0.981990
2026.07.01 02:00:00;0.981880;0.982200;0.981660;0.981940;1427;0;10;0.982040
2026.07.01 03:00:00;0.981940;0.982250;0.980760;0.980770;3649;0;6;0.980830
2026.07.01 04:00:00;0.980770;0.981040;0.979540;0.979900;4596;0;8;0.979980
2026.07.01 05:00:00;0.979900;0.979920;0.978730;0.979450;3757;0;7;0.979520
2026.07.01 06:00:00;0.979450;0.979770;0.979270;0.979690;2578;0;8;0.979770
2026.07.01 07:00:00;0.979680;0.979730;0.978910;0.979600;2418;0;9;0.979690
2026.07.01 08:00:00;0.979600;0.979900;0.979370;0.979620;3003;0;9;0.979710
2026.07.01 09:00:00;0.979620;0.979740;0.979040;0.979560;4058;0;5;0.979610
2026.07.01 10:00:00;0.979560;0.980060;0.979060;0.979890;4364;0;7;0.979960
2026.07.01 11:00:00;0.979900;0.980430;0.979540;0.980050;3940;0;8;0.980130
2026.07.01 12:00:00;0.980050;0.980430;0.979870;0.979890;3687;0;6;0.979950
2026.07.01 13:00:00;0.979890;0.980610;0.979630;0.980510;3311;0;6;0.980570
2026.07.01 14:00:00;0.980510;0.980610;0.980090;0.980270;3767;0;8;0.980350
2026.07.01 15:00:00;0.980270;0.981070;0.979870;0.980770;5492;0;7;0.980840
2026.07.01 16:00:00;0.980770;0.981530;0.979920;0.980860;11132;0;6;0.980920
2026.07.01 17:00:00;0.980910;0.981230;0.980050;0.980440;10429;0;7;0.980510
2026.07.01 18:00:00;0.980430;0.980510;0.979860;0.980450;7117;0;6;0.980510
2026.07.01 19:00:00;0.980440;0.980930;0.980330;0.980450;5163;0;8;0.980530
2026.07.01 20:00:00;0.980460;0.980660;0.980250;0.980440;4265;0;8;0.980520
2026.07.01 21:00:00;0.980440;0.980570;0.979860;0.980130;3539;0;8;0.980210
2026.07.01 22:00:00;0.980130;0.980420;0.979740;0.979750;3719;0;8;0.979830
2026.07.01 23:00:00;0.979750;0.979860;0.979450;0.979700;1954;0;7;0.979770
2026.07.02 00:00:00;0.978270;0.979710;0.977910;0.979520;419;0;48;0.980000
2026.07.02 01:00:00;0.979550;0.980010;0.979550;0.979820;683;0;11;0.979930
2026.07.02 02:00:00;0.979820;0.979910;0.979410;0.979490;1121;0;8;0.979570
2026.07.02 03:00:00;0.979490;0.979600;0.978790;0.979310;4897;0;10;0.979410
2026.07.02 04:00:00;0.979310;0.980190;0.979290;0.979890;4090;0;5;0.979940
2026.07.02 05:00:00;0.979880;0.980440;0.979790;0.979850;3428;0;7;0.979920
2026.07.02 06:00:00;0.979850;0.980040;0.978780;0.979790;3215;0;10;0.979890
2026.07.02 07:00:00;0.979790;0.980000;0.979390;0.979830;3154;0;6;0.979890
2026.07.02 08:00:00;0.979830;0.980140;0.979490;0.979720;3167;0;10;0.979820
2026.07.02 09:00:00;0.979720;0.979900;0.979030;0.979160;5738;0;5;0.979210
2026.07.02 10:00:00;0.979180;0.979270;0.978220;0.978240;6381;0;8;0.978320
2026.07.02 11:00:00;0.978230;0.980380;0.978160;0.980250;7049;0;7;0.980320
2026.07.02 12:00:00;0.980250;0.980330;0.979670;0.979930;5365;0;0;0.979930
2026.07.02 13:00:00;0.979930;0.979960;0.979390;0.979710;4314;0;8;0.979790
2026.07.02 14:00:00;0.979700;0.979810;0.978770;0.978860;4513;0;8;0.978940
2026.07.02 15:00:00;0.978860;0.982670;0.978660;0.981410;12220;0;0;0.981410
2026.07.02 16:00:00;0.981410;0.983380;0.981130;0.983250;13491;0;6;0.983310
2026.07.02 17:00:00;0.983230;0.983640;0.981970;0.983220;11853;0;3;0.983250
2026.07.02 18:00:00;0.983220;0.983760;0.982390;0.982790;9580;0;3;0.982820
2026.07.02 19:00:00;0.982810;0.982830;0.981450;0.981490;7205;0;8;0.981570
2026.07.02 20:00:00;0.981480;0.981680;0.980600;0.980630;6822;0;7;0.980700
2026.07.02 21:00:00;0.980630;0.981290;0.980520;0.981180;5650;0;7;0.981250
2026.07.02 22:00:00;0.981180;0.981530;0.980490;0.981430;4794;0;8;0.981510
2026.07.02 23:00:00;0.981430;0.981760;0.981150;0.981260;1558;0;8;0.981340
2026.07.03 00:00:00;0.981260;0.981740;0.979410;0.980750;1487;0;25;0.981000
2026.07.03 01:00:00;0.980770;0.981570;0.980770;0.981310;1069;0;11;0.981420
2026.07.03 02:00:00;0.981310;0.981630;0.981020;0.981260;1787;0;10;0.981360
2026.07.03 03:00:00;0.981280;0.981550;0.980880;0.981370;4992;0;9;0.981460
2026.07.03 04:00:00;0.981370;0.983080;0.981240;0.982520;6175;0;7;0.982590
2026.07.03 05:00:00;0.982530;0.983050;0.982210;0.982900;3702;0;7;0.982970
2026.07.03 06:00:00;0.982900;0.983020;0.982490;0.982730;2851;0;9;0.982820
2026.07.03 07:00:00;0.982730;0.983090;0.982520;0.982800;2340;0;6;0.982860
2026.07.03 08:00:00;0.982800;0.983170;0.982640;0.982710;3673;0;7;0.982780
2026.07.03 09:00:00;0.982710;0.984160;0.982710;0.983820;5038;0;8;0.983900
2026.07.03 10:00:00;0.983820;0.984730;0.983670;0.984430;4473;0;7;0.984500
2026.07.03 11:00:00;0.984430;0.984730;0.984040;0.984160;3948;0;7;0.984230
2026.07.03 12:00:00;0.984160;0.984500;0.983810;0.983920;3298;0;8;0.984000
2026.07.03 13:00:00;0.983920;0.984410;0.983880;0.984230;2758;0;8;0.984310
2026.07.03 14:00:00;0.984230;0.985060;0.984170;0.984900;3185;0;6;0.984960
2026.07.03 15:00:00;0.984900;0.985430;0.984900;0.985120;3314;0;8;0.985200
2026.07.03 16:00:00;0.985120;0.985250;0.984590;0.984740;3643;0;8;0.984820
2026.07.03 17:00:00;0.984750;0.985040;0.984370;0.984540;3592;0;8;0.984620
2026.07.03 18:00:00;0.984540;0.985180;0.984510;0.984910;2754;0;8;0.984990
2026.07.03 19:00:00;0.984910;0.985230;0.984900;0.985190;1594;0;8;0.985270
2026.07.03 20:00:00;0.985190;0.985390;0.985090;0.985180;4209;0;8;0.985260
2026.07.03 21:00:00;0.985180;0.985220;0.984860;0.985040;6176;0;8;0.985120
2026.07.03 22:00:00;0.985040;0.985390;0.984870;0.984970;11625;0;3;0.985000
2026.07.03 23:00:00;0.985030;0.985350;0.984550;0.984620;6516;0;8;0.984700
2026.07.06 00:00:00;0.985320;0.985440;0.984740;0.985260;500;0;51;0.985770
2026.07.06 01:00:00;0.985260;0.985470;0.984930;0.985200;1171;0;10;0.985300
2026.07.06 02:00:00;0.985200;0.985450;0.985100;0.985200;1801;0;11;0.985310
2026.07.06 03:00:00;0.985200;0.985610;0.984760;0.984990;5357;0;8;0.985070
2026.07.06 04:00:00;0.985000;0.985440;0.984600;0.984630;5455;0;7;0.984700
2026.07.06 05:00:00;0.984620;0.984970;0.984300;0.984400;4215;0;8;0.984480
2026.07.06 06:00:00;0.984400;0.984500;0.983610;0.984140;3063;0;8;0.984220
2026.07.06 07:00:00;0.984140;0.985080;0.984030;0.984960;2602;0;7;0.985030
2026.07.06 08:00:00;0.984960;0.985120;0.984570;0.984610;3500;0;9;0.984700
2026.07.06 09:00:00;0.984610;0.985300;0.984330;0.984850;4121;0;8;0.984930
2026.07.06 10:00:00;0.984850;0.986290;0.984640;0.986290;4491;0;8;0.986370
2026.07.06 11:00:00;0.986290;0.986410;0.985640;0.986270;4285;0;8;0.986350
2026.07.06 12:00:00;0.986270;0.986350;0.985950;0.986020;4015;0;8;0.986100
2026.07.06 13:00:00;0.986020;0.986120;0.985500;0.985800;3378;0;8;0.985880
2026.07.06 14:00:00;0.985800;0.986320;0.985640;0.985970;3552;0;7;0.986040
2026.07.06 15:00:00;0.985960;0.986440;0.985640;0.985840;4516;0;8;0.985920
2026.07.06 16:00:00;0.985840;0.986400;0.985130;0.985930;6327;0;7;0.986000
2026.07.06 17:00:00;0.985930;0.987150;0.985700;0.986700;6313;0;7;0.986770
2026.07.06 18:00:00;0.986710;0.987070;0.986390;0.986910;4530;0;7;0.986980
2026.07.06 19:00:00;0.986910;0.987440;0.986860;0.987440;3354;0;8;0.987520
2026.07.06 20:00:00;0.987440;0.988190;0.987420;0.987970;3521;0;8;0.988050
2026.07.06 21:00:00;0.987970;0.988700;0.987960;0.988490;2876;0;8;0.988570
2026.07.06 22:00:00;0.988490;0.988580;0.988050;0.988110;3160;0;8;0.988190
2026.07.06 23:00:00;0.988110;0.988310;0.987490;0.987490;1584;0;8;0.987570
2026.07.07 00:00:00;0.987060;0.988100;0.987040;0.987660;387;0;32;0.987980
2026.07.07 01:00:00;0.987660;0.988360;0.987660;0.988270;727;0;9;0.988360
2026.07.07 02:00:00;0.988270;0.988590;0.988060;0.988070;1254;0;10;0.988170
2026.07.07 03:00:00;0.988070;0.988240;0.987480;0.987550;3848;0;9;0.987640
2026.07.07 04:00:00;0.987550;0.988840;0.987310;0.988540;5055;0;8;0.988620
2026.07.07 05:00:00;0.988540;0.988700;0.987850;0.987870;2835;0;9;0.987960
2026.07.07 06:00:00;0.987870;0.988170;0.986990;0.987490;3407;0;9;0.987580
2026.07.07 07:00:00;0.987490;0.987760;0.986870;0.986880;2475;0;9;0.986970
2026.07.07 08:00:00;0.986880;0.986970;0.986090;0.986890;4068;0;8;0.986970
2026.07.07 09:00:00;0.986890;0.987020;0.986120;0.986970;3862;0;8;0.987050
2026.07.07 10:00:00;0.986970;0.987230;0.986540;0.986560;4391;0;4;0.986600
2026.07.07 11:00:00;0.986560;0.987230;0.986290;0.986580;4668;0;8;0.986660
2026.07.07 12:00:00;0.986580;0.987080;0.986450;0.986800;3894;0;2;0.986820
2026.07.07 13:00:00;0.986800;0.987230;0.986790;0.987020;3157;0;8;0.987100
2026.07.07 14:00:00;0.987010;0.987680;0.986820;0.987620;4220;0;8;0.987700
2026.07.07 15:00:00;0.987610;0.988640;0.987510;0.988240;4256;0;8;0.988320
2026.07.07 16:00:00;0.988240;0.988270;0.985720;0.985770;7038;0;8;0.985850
2026.07.07 17:00:00;0.985770;0.986070;0.984930;0.985140;8299;0;6;0.985200
2026.07.07 18:00:00;0.985140;0.985140;0.983960;0.984340;6221;0;6;0.984400
2026.07.07 19:00:00;0.984340;0.984550;0.983980;0.984430;3783;0;3;0.984460
2026.07.07 20:00:00;0.984430;0.984790;0.984380;0.984750;3193;0;7;0.984820
2026.07.07 21:00:00;0.984750;0.984840;0.984000;0.984110;4525;0;8;0.984190
2026.07.07 22:00:00;0.984110;0.984160;0.983100;0.984060;6188;0;8;0.984140
2026.07.07 23:00:00;0.984050;0.984210;0.983510;0.983510;1781;0;8;0.983590
2026.07.08 00:00:00;0.983510;0.983570;0.982390;0.982700;625;0;52;0.983220
2026.07.08 01:00:00;0.982700;0.983690;0.982700;0.983470;914;0;8;0.983550
2026.07.08 02:00:00;0.983470;0.983770;0.983140;0.983160;1418;0;9;0.983250
2026.07.08 03:00:00;0.983160;0.984880;0.982960;0.984860;5646;0;7;0.984930
2026.07.08 04:00:00;0.984870;0.985350;0.984390;0.985020;5277;0;9;0.985110
2026.07.08 05:00:00;0.985020;0.985460;0.984740;0.984960;4872;0;6;0.985020
2026.07.08 06:00:00;0.984960;0.985810;0.984960;0.985220;3858;0;9;0.985310
2026.07.08 07:00:00;0.985220;0.985360;0.984820;0.984930;3823;0;9;0.985020
2026.07.08 08:00:00;0.984930;0.985280;0.984430;0.984660;4649;0;8;0.984740
2026.07.08 09:00:00;0.984660;0.984800;0.983210;0.983520;6537;0;8;0.983600
2026.07.08 10:00:00;0.983520;0.983550;0.982610;0.982680;5718;0;7;0.982750
2026.07.08 11:00:00;0.982680;0.982720;0.979250;0.979340;9908;0;5;0.979390
2026.07.08 12:00:00;0.979340;0.980000;0.978350;0.979390;7948;0;1;0.979400
2026.07.08 13:00:00;0.979410;0.981200;0.979410;0.980670;5743;0;5;0.980720
2026.07.08 14:00:00;0.980670;0.981610;0.979890;0.981250;6100;0;0;0.981250
2026.07.08 15:00:00;0.981250;0.982660;0.980890;0.981770;7156;0;6;0.981830
2026.07.08 16:00:00;0.981770;0.982260;0.980950;0.981230;9816;0;4;0.981270
2026.07.08 17:00:00;0.981240;0.981330;0.980180;0.980570;9108;0;6;0.980630
2026.07.08 18:00:00;0.980590;0.980940;0.979900;0.980410;8158;0;7;0.980480
2026.07.08 19:00:00;0.980410;0.981820;0.980230;0.981690;6980;0;6;0.981750
2026.07.08 20:00:00;0.981690;0.982900;0.981520;0.982190;5850;0;8;0.982270
2026.07.08 21:00:00;0.982190;0.982850;0.982050;0.982660;4733;0;5;0.982710
2026.07.08 22:00:00;0.982660;0.982880;0.982200;0.982580;4270;0;8;0.982660
2026.07.08 23:00:00;0.982600;0.982620;0.981650;0.981750;2616;0;7;0.981820
2026.07.09 00:00:00;0.981470;0.982410;0.980670;0.981680;774;0;37;0.982050
2026.07.09 01:00:00;0.981670;0.982460;0.981670;0.981810;1178;0;9;0.981900
2026.07.09 02:00:00;0.981810;0.982620;0.981680;0.982510;1516;0;10;0.982610
2026.07.09 03:00:00;0.982510;0.982780;0.981440;0.981800;4651;0;9;0.981890
2026.07.09 04:00:00;0.981800;0.981840;0.980970;0.981510;4847;0;7;0.981580
2026.07.09 05:00:00;0.981510;0.982350;0.981320;0.981650;4430;0;10;0.981750
2026.07.09 06:00:00;0.981650;0.982470;0.981180;0.982160;3781;0;8;0.982240
2026.07.09 07:00:00;0.982160;0.982470;0.981790;0.982390;3123;0;8;0.982470
2026.07.09 08:00:00;0.982390;0.982690;0.981810;0.982550;4331;0;8;0.982630
2026.07.09 09:00:00;0.982550;0.983110;0.982270;0.982490;4950;0;6;0.982550
2026.07.09 10:00:00;0.982490;0.983570;0.982390;0.983470;4441;0;7;0.983540
2026.07.09 11:00:00;0.983470;0.984160;0.983270;0.983760;4057;0;3;0.983790
2026.07.09 12:00:00;0.983770;0.983880;0.983160;0.983410;4024;0;8;0.983490
2026.07.09 13:00:00;0.983410;0.983520;0.982250;0.982470;3907;0;8;0.982550
2026.07.09 14:00:00;0.982470;0.982980;0.982440;0.982830;3993;0;7;0.982900
2026.07.09 15:00:00;0.982830;0.983110;0.982370;0.982560;5360;0;7;0.982630
2026.07.09 16:00:00;0.982550;0.984070;0.982550;0.984070;5894;0;4;0.984110
2026.07.09 17:00:00;0.984050;0.984260;0.983040;0.983050;7452;0;8;0.983130
2026.07.09 18:00:00;0.983050;0.983780;0.982970;0.983280;5785;0;8;0.983360
2026.07.09 19:00:00;0.983280;0.983610;0.982900;0.983010;4379;0;8;0.983090
2026.07.09 20:00:00;0.983010;0.983660;0.983010;0.983520;3955;0;8;0.983600
2026.07.09 21:00:00;0.983520;0.983710;0.983150;0.983410;3201;0;7;0.983480
2026.07.09 22:00:00;0.983410;0.983510;0.983000;0.983270;3352;0;8;0.983350
2026.07.09 23:00:00;0.983280;0.983500;0.983010;0.983010;1469;0;7;0.983080
2026.07.10 00:00:00;0.983010;0.983340;0.982290;0.982840;270;0;46;0.983300
2026.07.10 01:00:00;0.982840;0.983650;0.982700;0.983420;1086;0;10;0.983520
2026.07.10 02:00:00;0.983410;0.983620;0.983390;0.983570;1002;0;10;0.983670
2026.07.10 03:00:00;0.983560;0.983750;0.982560;0.983440;4290;0;10;0.983540
2026.07.10 04:00:00;0.983440;0.983860;0.982880;0.983440;6153;0;9;0.983530
2026.07.10 05:00:00;0.983440;0.985180;0.983250;0.984940;4899;0;7;0.985010
2026.07.10 06:00:00;0.984940;0.985140;0.984400;0.984620;2693;0;8;0.984700
2026.07.10 07:00:00;0.984620;0.984710;0.984280;0.984360;2045;0;7;0.984430
2026.07.10 08:00:00;0.984360;0.984450;0.983740;0.983980;3363;0;9;0.984070
2026.07.10 09:00:00;0.983980;0.984680;0.983700;0.983740;4508;0;8;0.983820
2026.07.10 10:00:00;0.983740;0.984180;0.983500;0.983690;4358;0;8;0.983770
2026.07.10 11:00:00;0.983690;0.984160;0.983340;0.983630;5132;0;8;0.983710
2026.07.10 12:00:00;0.983650;0.984220;0.983420;0.984100;3536;0;8;0.984180
2026.07.10 13:00:00;0.984110;0.984550;0.984060;0.984090;3560;0;6;0.984150
2026.07.10 14:00:00;0.984090;0.984410;0.983380;0.983640;4502;0;8;0.983720
2026.07.10 15:00:00;0.983640;0.984230;0.982590;0.982960;5961;0;0;0.982960
2026.07.10 16:00:00;0.982960;0.984370;0.982880;0.984020;6631;0;8;0.984100
2026.07.10 17:00:00;0.984020;0.984270;0.982340;0.982770;9198;0;0;0.982770
2026.07.10 18:00:00;0.982780;0.983720;0.982660;0.983380;7331;0;8;0.983460
2026.07.10 19:00:00;0.983380;0.983760;0.982680;0.982690;6837;0;8;0.982770
2026.07.10 20:00:00;0.982690;0.983490;0.982630;0.983370;6249;0;8;0.983450
2026.07.10 21:00:00;0.983380;0.983900;0.983310;0.983770;6014;0;4;0.983810
2026.07.10 22:00:00;0.983770;0.984160;0.983660;0.984090;4360;0;7;0.984160
2026.07.10 23:00:00;0.984080;0.984360;0.983870;0.984090;2682;0;8;0.984170
2026.07.13 00:00:00;0.983140;0.983840;0.982910;0.982990;212;0;38;0.983370
2026.07.13 01:00:00;0.982990;0.983580;0.982160;0.982880;2462;0;10;0.982980
2026.07.13 02:00:00;0.982860;0.983190;0.982790;0.983130;2075;0;11;0.983240
2026.07.13 03:00:00;0.983120;0.983610;0.982240;0.982330;5677;0;10;0.982430
2026.07.13 04:00:00;0.982340;0.982670;0.981820;0.982030;6994;0;8;0.982110
2026.07.13 05:00:00;0.982040;0.982590;0.981770;0.981930;4141;0;10;0.982030
2026.07.13 06:00:00;0.981930;0.981980;0.981060;0.981270;4390;0;10;0.981370
2026.07.13 07:00:00;0.981270;0.981290;0.980670;0.981120;3099;0;10;0.981220
2026.07.13 08:00:00;0.981120;0.981720;0.980590;0.981290;5642;0;9;0.981380
2026.07.13 09:00:00;0.981290;0.981480;0.980490;0.981160;5847;0;7;0.981230
2026.07.13 10:00:00;0.981170;0.981760;0.980470;0.981080;6789;0;7;0.981150
2026.07.13 11:00:00;0.981090;0.981830;0.981000;0.981200;6479;0;8;0.981280
2026.07.13 12:00:00;0.981200;0.981540;0.981070;0.981480;5408;0;8;0.981560
2026.07.13 13:00:00;0.981480;0.981550;0.980980;0.981270;4696;0;6;0.981330
2026.07.13 14:00:00;0.981250;0.981650;0.981090;0.981550;4980;0;4;0.981590
2026.07.13 15:00:00;0.981560;0.981790;0.980920;0.981680;5491;0;7;0.981750
2026.07.13 16:00:00;0.981700;0.981860;0.980660;0.980870;8134;0;8;0.980950
2026.07.13 17:00:00;0.980870;0.981260;0.979950;0.980860;10001;0;0;0.980860
2026.07.13 18:00:00;0.980860;0.981020;0.980350;0.980460;6281;0;7;0.980530
2026.07.13 19:00:00;0.980460;0.980670;0.978920;0.979260;7817;0;8;0.979340
2026.07.13 20:00:00;0.979260;0.979830;0.979090;0.979100;5230;0;8;0.979180
2026.07.13 21:00:00;0.979100;0.979510;0.978750;0.979420;4595;0;8;0.979500
2026.07.13 22:00:00;0.979400;0.979470;0.979020;0.979130;4002;0;8;0.979210
2026.07.13 23:00:00;0.979130;0.979280;0.978600;0.979010;2044;0;8;0.979090
2026.07.14 00:00:00;0.978910;0.979080;0.978470;0.978860;168;0;72;0.979580
2026.07.14 01:00:00;0.978950;0.979360;0.978760;0.978820;1547;0;11;0.978930
2026.07.14 02:00:00;0.978820;0.978980;0.978440;0.978950;2324;0;11;0.979060
2026.07.14 03:00:00;0.978990;0.979080;0.978210;0.978760;8476;0;7;0.978830
2026.07.14 04:00:00;0.978750;0.979170;0.978260;0.978660;6721;0;8;0.978740
2026.07.14 05:00:00;0.978660;0.979000;0.978350;0.978440;5004;0;7;0.978510
2026.07.14 06:00:00;0.978440;0.979610;0.978250;0.979300;4902;0;8;0.979380
2026.07.14 07:00:00;0.979310;0.979730;0.978890;0.979670;4100;0;9;0.979760
2026.07.14 08:00:00;0.979670;0.980350;0.979580;0.979820;4114;0;9;0.979910
2026.07.14 09:00:00;0.979820;0.979910;0.979160;0.979190;4803;0;8;0.979270
2026.07.14 10:00:00;0.979210;0.979640;0.978790;0.978930;6477;0;7;0.979000
2026.07.14 11:00:00;0.978930;0.979090;0.978200;0.978400;6040;0;8;0.978480
2026.07.14 12:00:00;0.978400;0.979200;0.978230;0.979050;5508;0;8;0.979130
2026.07.14 13:00:00;0.979030;0.979380;0.978620;0.979010;5330;0;7;0.979080
2026.07.14 14:00:00;0.979000;0.980120;0.978840;0.980070;6035;0;8;0.980150
2026.07.14 15:00:00;0.980070;0.982540;0.978930;0.980730;12685;0;0;0.980730
2026.07.14 16:00:00;0.980750;0.982250;0.980110;0.982230;12280;0;6;0.982290
2026.07.14 17:00:00;0.982230;0.982830;0.981260;0.982000;11450;0;0;0.982000
2026.07.14 18:00:00;0.982000;0.982540;0.980600;0.980840;8912;0;0;0.980840
2026.07.14 19:00:00;0.980840;0.981210;0.980500;0.980990;6132;0;7;0.981060
2026.07.14 20:00:00;0.980990;0.981390;0.980710;0.981270;5020;0;8;0.981350
2026.07.14 21:00:00;0.981270;0.981450;0.980780;0.980970;4633;0;5;0.981020
2026.07.14 22:00:00;0.980970;0.981130;0.980570;0.980690;4369;0;8;0.980770
2026.07.14 23:00:00;0.980690;0.980890;0.980110;0.980300;2027;0;8;0.980380
2026.07.15 00:00:00;0.980300;0.980790;0.979780;0.980520;294;0;50;0.981020
2026.07.15 01:00:00;0.980520;0.980760;0.980220;0.980220;1316;0;9;0.980310
2026.07.15 02:00:00;0.980220;0.980600;0.979980;0.980170;1813;0;10;0.980270
2026.07.15 03:00:00;0.980170;0.981210;0.980170;0.981070;4323;0;9;0.981160
2026.07.15 04:00:00;0.981070;0.981300;0.980400;0.981260;5523;0;9;0.981350
2026.07.15 05:00:00;0.981260;0.981600;0.980730;0.981530;3702;0;8;0.981610
2026.07.15 06:00:00;0.981530;0.981700;0.981070;0.981330;3081;0;9;0.981420
2026.07.15 07:00:00;0.981330;0.981510;0.980880;0.981040;2125;0;10;0.981140
2026.07.15 08:00:00;0.981040;0.981890;0.980880;0.981770;3691;0;10;0.981870
2026.07.15 09:00:00;0.981770;0.982290;0.981700;0.981910;4506;0;8;0.981990
2026.07.15 10:00:00;0.981910;0.981930;0.980790;0.981680;5290;0;7;0.981750
2026.07.15 11:00:00;0.981680;0.982100;0.981350;0.982100;4985;0;8;0.982180
2026.07.15 12:00:00;0.982090;0.982480;0.981940;0.982090;4497;0;8;0.982170
2026.07.15 13:00:00;0.982100;0.982410;0.981720;0.982180;4341;0;8;0.982260
2026.07.15 14:00:00;0.982190;0.982770;0.982140;0.982720;4544;0;8;0.982800
2026.07.15 15:00:00;0.982740;0.983310;0.982360;0.983110;6659;0;3;0.983140
2026.07.15 16:00:00;0.983100;0.983900;0.982840;0.983700;7166;0;6;0.983760
2026.07.15 17:00:00;0.983690;0.983920;0.982860;0.983380;8109;0;8;0.983460
2026.07.15 18:00:00;0.983380;0.983660;0.982940;0.983000;6746;0;6;0.983060
2026.07.15 19:00:00;0.983000;0.983070;0.982220;0.982380;6393;0;0;0.982380
2026.07.15 20:00:00;0.982380;0.984490;0.982380;0.984240;5374;0;7;0.984310
2026.07.15 21:00:00;0.984240;0.984690;0.984050;0.984100;4853;0;7;0.984170
2026.07.15 22:00:00;0.984100;0.984310;0.983560;0.983800;4987;0;8;0.983880
2026.07.15 23:00:00;0.983810;0.984070;0.982980;0.982980;1664;0;8;0.983060
2026.07.16 00:00:00;0.982720;0.983270;0.982690;0.982910;860;0;58;0.983490
2026.07.16 01:00:00;0.982920;0.983580;0.982920;0.983460;1571;0;8;0.983540
2026.07.16 02:00:00;0.983460;0.983870;0.983390;0.983550;1233;0;10;0.983650
2026.07.16 03:00:00;0.983530;0.983980;0.982210;0.982310;3987;0;10;0.982410
2026.07.16 04:00:00;0.982310;0.982380;0.981640;0.982150;4546;0;9;0.982240
2026.07.16 05:00:00;0.982140;0.982730;0.981510;0.982690;3235;0;9;0.982780
2026.07.16 06:00:00;0.982690;0.983220;0.982630;0.983180;2228;0;8;0.983260
2026.07.16 07:00:00;0.983180;0.983530;0.982880;0.982990;2143;0;10;0.983090
2026.07.16 08:00:00;0.982990;0.983190;0.982490;0.982600;3398;0;9;0.982690
2026.07.16 09:00:00;0.982600;0.982960;0.982340;0.982710;4451;0;8;0.982790
2026.07.16 10:00:00;0.982710;0.982850;0.982400;0.982720;4247;0;7;0.982790
2026.07.16 11:00:00;0.982720;0.982970;0.982190;0.982550;4727;0;8;0.982630
2026.07.16 12:00:00;0.982570;0.983250;0.982460;0.982600;3967;0;8;0.982680
2026.07.16 13:00:00;0.982600;0.983100;0.982570;0.982890;4042;0;8;0.982970
2026.07.16 14:00:00;0.982890;0.983160;0.981800;0.983120;4709;0;3;0.983150
2026.07.16 15:00:00;0.983120;0.983210;0.981320;0.981480;6666;0;2;0.981500
2026.07.16 16:00:00;0.981480;0.982170;0.981250;0.981830;8150;0;8;0.981910
2026.07.16 17:00:00;0.981830;0.983120;0.981810;0.982750;7648;0;7;0.982820
2026.07.16 18:00:00;0.982750;0.983250;0.982380;0.982460;6938;0;7;0.982530
2026.07.16 19:00:00;0.982460;0.982590;0.981860;0.982500;7047;0;8;0.982580
2026.07.16 20:00:00;0.982500;0.982730;0.982290;0.982560;5768;0;8;0.982640
2026.07.16 21:00:00;0.982560;0.982860;0.982450;0.982540;5562;0;8;0.982620
2026.07.16 22:00:00;0.982540;0.982600;0.982200;0.982580;4222;0;7;0.982650
2026.07.16 23:00:00;0.982580;0.982840;0.981680;0.981680;2321;0;8;0.981760
2026.07.17 00:00:00;0.981640;0.982790;0.981640;0.981930;246;0;52;0.982450
2026.07.17 01:00:00;0.981930;0.982520;0.981870;0.982320;988;0;10;0.982420
2026.07.17 02:00:00;0.982300;0.982610;0.982210;0.982560;1253;0;10;0.982660
2026.07.17 03:00:00;0.982560;0.982740;0.981420;0.982130;3900;0;4;0.982170
2026.07.17 04:00:00;0.982130;0.982260;0.979910;0.980230;4690;0;8;0.980310
2026.07.17 05:00:00;0.980230;0.980500;0.979590;0.979860;3533;0;9;0.979950
2026.07.17 06:00:00;0.979860;0.980780;0.979850;0.979970;2908;0;8;0.980050
2026.07.17 07:00:00;0.979970;0.980000;0.979150;0.979590;3181;0;7;0.979660
2026.07.17 08:00:00;0.979590;0.979660;0.979070;0.979390;4287;0;10;0.979490
2026.07.17 09:00:00;0.979400;0.980860;0.979370;0.980080;5229;0;5;0.980130
2026.07.17 10:00:00;0.980100;0.980600;0.979580;0.979620;4738;0;8;0.979700
2026.07.17 11:00:00;0.979620;0.980250;0.978090;0.978270;6534;0;8;0.978350
2026.07.17 12:00:00;0.978270;0.978500;0.977600;0.978110;5102;0;8;0.978190
2026.07.17 13:00:00;0.978110;0.978520;0.977590;0.978360;4828;0;8;0.978440
2026.07.17 14:00:00;0.978350;0.978420;0.977720;0.978170;4888;0;8;0.978250
2026.07.17 15:00:00;0.978160;0.978330;0.977360;0.977390;5469;0;8;0.977470
2026.07.17 16:00:00;0.977380;0.977640;0.976770;0.977530;8204;0;7;0.977600
2026.07.17 17:00:00;0.977520;0.978250;0.977400;0.978120;8500;0;8;0.978200
2026.07.17 18:00:00;0.978120;0.978880;0.977740;0.978740;6754;0;3;0.978770
2026.07.17 19:00:00;0.978740;0.978760;0.978070;0.978280;5939;0;2;0.978300
2026.07.17 20:00:00;0.978280;0.978740;0.978250;0.978430;4027;0;8;0.978510
2026.07.17 21:00:00;0.978430;0.978540;0.978110;0.978170;4366;0;8;0.978250
2026.07.17 22:00:00;0.978170;0.978590;0.978030;0.978430;3836;0;7;0.978500
2026.07.17 23:00:00;0.978430;0.978720;0.978230;0.978490;2383;0;8;0.978570
2026.07.20 00:00:00;0.975420;0.977000;0.975420;0.976970;49;0;18;0.977150
2026.07.20 01:00:00;0.976690;0.978010;0.976690;0.977780;2628;0;9;0.977870
2026.07.20 02:00:00;0.977780;0.978300;0.977750;0.978280;2122;0;10;0.978380
2026.07.20 03:00:00;0.978280;0.978920;0.977710;0.978620;4774;0;9;0.978710
2026.07.20 04:00:00;0.978620;0.979200;0.978520;0.978750;5662;0;9;0.978840
2026.07.20 05:00:00;0.978750;0.979610;0.978680;0.979350;4480;0;7;0.979420
2026.07.20 06:00:00;0.979350;0.979750;0.979070;0.979460;3337;0;8;0.979540
2026.07.20 07:00:00;0.979460;0.980110;0.979450;0.979830;2754;0;8;0.979910
2026.07.20 08:00:00;0.979830;0.979890;0.979280;0.979350;3653;0;7;0.979420
2026.07.20 09:00:00;0.979350;0.979420;0.978580;0.979140;3744;0;7;0.979210
2026.07.20 10:00:00;0.979140;0.981190;0.978920;0.980980;4851;0;5;0.981030
2026.07.20 11:00:00;0.980980;0.981620;0.980920;0.981540;3504;0;7;0.981610
2026.07.20 12:00:00;0.981540;0.982100;0.981000;0.981870;3478;0;8;0.981950
2026.07.20 13:00:00;0.981860;0.982840;0.981680;0.982670;2867;0;4;0.982710
2026.07.20 14:00:00;0.982680;0.983890;0.982390;0.983730;5305;0;4;0.983770
2026.07.20 15:00:00;0.983730;0.984020;0.982690;0.983770;6004;0;3;0.983800
2026.07.20 16:00:00;0.983770;0.984650;0.983360;0.984390;5576;0;5;0.984440
2026.07.20 17:00:00;0.984400;0.984810;0.983560;0.983960;6829;0;7;0.984030
2026.07.20 18:00:00;0.983960;0.984570;0.983630;0.984520;6693;0;8;0.984600
2026.07.20 19:00:00;0.984520;0.984820;0.984020;0.984390;5083;0;0;0.984390
2026.07.20 20:00:00;0.984370;0.984710;0.984270;0.984370;3710;0;8;0.984450
2026.07.20 21:00:00;0.984370;0.984820;0.984110;0.984340;4770;0;8;0.984420
2026.07.20 22:00:00;0.984350;0.984670;0.983970;0.984460;4947;0;1;0.984470
2026.07.20 23:00:00;0.984480;0.984680;0.983980;0.983980;1741;0;8;0.984060
2026.07.21 00:00:00;0.983980;0.985490;0.983980;0.984710;634;0;33;0.985040
2026.07.21 01:00:00;0.984710;0.985310;0.984400;0.984740;1814;0;7;0.984810
2026.07.21 02:00:00;0.984720;0.985280;0.984630;0.984970;1912;0;8;0.985050
2026.07.21 03:00:00;0.984970;0.985800;0.984430;0.985370;4653;0;10;0.985470
2026.07.21 04:00:00;0.985370;0.986210;0.985250;0.985900;5042;0;9;0.985990
2026.07.21 05:00:00;0.985910;0.986630;0.985860;0.986450;3946;0;9;0.986540
2026.07.21 06:00:00;0.986450;0.986550;0.985990;0.986010;2935;0;5;0.986060
2026.07.21 07:00:00;0.986010;0.986280;0.985610;0.985990;2242;0;9;0.986080
2026.07.21 08:00:00;0.985990;0.986140;0.985820;0.986030;2888;0;9;0.986120
2026.07.21 09:00:00;0.986030;0.986980;0.986010;0.986810;3537;0;8;0.986890
2026.07.21 10:00:00;0.986820;0.987330;0.986520;0.987130;3626;0;8;0.987210
2026.07.21 11:00:00;0.987130;0.987710;0.987060;0.987630;3391;0;8;0.987710
2026.07.21 12:00:00;0.987640;0.987940;0.987110;0.987250;3275;0;8;0.987330
2026.07.21 13:00:00;0.987250;0.987660;0.986700;0.986880;3717;0;5;0.986930
2026.07.21 14:00:00;0.986880;0.987300;0.986370;0.987060;3675;0;6;0.987120
2026.07.21 15:00:00;0.987060;0.987580;0.986840;0.987470;4705;0;5;0.987520
2026.07.21 16:00:00;0.987470;0.987890;0.986080;0.986850;6888;0;8;0.986930
2026.07.21 17:00:00;0.986850;0.987860;0.986670;0.986930;7536;0;7;0.987000
2026.07.21 18:00:00;0.986930;0.988130;0.986840;0.987770;5925;0;1;0.987780
2026.07.21 19:00:00;0.987770;0.988090;0.987480;0.987700;3055;0;8;0.987780
2026.07.21 20:00:00;0.987700;0.988080;0.987660;0.987860;3068;0;8;0.987940
2026.07.21 21:00:00;0.987860;0.988290;0.987820;0.988150;3762;0;8;0.988230
2026.07.21 22:00:00;0.988150;0.988340;0.987560;0.987770;3910;0;8;0.987850
2026.07.21 23:00:00;0.987770;0.987830;0.987020;0.987260;1703;0;1;0.987270
2026.07.22 00:00:00;0.987260;0.987660;0.987030;0.987320;301;0;34;0.987660
2026.07.22 01:00:00;0.987320;0.987430;0.987050;0.987230;1176;0;7;0.987300
2026.07.22 02:00:00;0.987220;0.987440;0.987100;0.987340;1336;0;10;0.987440
2026.07.22 03:00:00;0.987350;0.988550;0.987170;0.988510;4224;0;3;0.988540
2026.07.22 04:00:00;0.988510;0.988750;0.987740;0.987960;4115;0;9;0.988050
2026.07.22 05:00:00;0.987960;0.988210;0.987330;0.987820;3345;0;9;0.987910
2026.07.22 06:00:00;0.987820;0.988000;0.987070;0.987170;3261;0;8;0.987250
2026.07.22 07:00:00;0.987170;0.987310;0.986950;0.987130;2250;0;9;0.987220
2026.07.22 08:00:00;0.987130;0.987190;0.986410;0.986700;3383;0;9;0.986790
2026.07.22 09:00:00;0.986700;0.986840;0.985770;0.986220;3815;0;8;0.986300
2026.07.22 10:00:00;0.986220;0.986430;0.985450;0.985650;4678;0;1;0.985660
2026.07.22 11:00:00;0.985660;0.986240;0.985460;0.986110;4585;0;8;0.986190
2026.07.22 12:00:00;0.986090;0.986280;0.985620;0.985750;3886;0;8;0.985830
2026.07.22 13:00:00;0.985730;0.986460;0.985730;0.985940;3986;0;8;0.986020
2026.07.22 14:00:00;0.985930;0.986050;0.984820;0.985400;4646;0;2;0.985420
2026.07.22 15:00:00;0.985390;0.985520;0.983630;0.984120;4943;0;1;0.984130
2026.07.22 16:00:00;0.984120;0.985680;0.984120;0.985500;6629;0;8;0.985580
2026.07.22 17:00:00;0.985500;0.985570;0.984730;0.985280;6472;0;4;0.985320
2026.07.22 18:00:00;0.985270;0.985890;0.985220;0.985890;4729;0;8;0.985970
2026.07.22 19:00:00;0.985890;0.985930;0.985500;0.985790;3449;0;7;0.985860
2026.07.22 20:00:00;0.985790;0.985890;0.985250;0.985310;2704;0;8;0.985390
2026.07.22 21:00:00;0.985310;0.985370;0.985070;0.985140;2862;0;8;0.985220
2026.07.22 22:00:00;0.985140;0.985300;0.984980;0.985120;2539;0;8;0.985200
2026.07.22 23:00:00;0.985120;0.985730;0.985120;0.985390;2123;0;8;0.985470
2026.07.23 00:00:00;0.985030;0.985060;0.983910;0.984270;554;0;49;0.984760
2026.07.23 01:00:00;0.984310;0.984970;0.984210;0.984370;1223;0;10;0.984470
2026.07.23 02:00:00;0.984380;0.984540;0.984220;0.984340;1512;0;10;0.984440
2026.07.23 03:00:00;0.984360;0.984700;0.984190;0.984580;3798;0;10;0.984680
2026.07.23 04:00:00;0.984580;0.987930;0.984420;0.986610;5827;0;4;0.986650
2026.07.23 05:00:00;0.986610;0.987340;0.986340;0.986600;3929;0;8;0.986680
2026.07.23 06:00:00;0.986600;0.986950;0.986240;0.986910;3900;0;7;0.986980
2026.07.23 07:00:00;0.986910;0.987130;0.986260;0.986480;3283;0;9;0.986570
2026.07.23 08:00:00;0.986480;0.986740;0.986010;0.986030;3114;0;10;0.986130
2026.07.23 09:00:00;0.986040;0.986120;0.985240;0.985250;3575;0;8;0.985330
2026.07.23 10:00:00;0.985250;0.985490;0.984510;0.985210;5607;0;7;0.985280
2026.07.23 11:00:00;0.985200;0.985420;0.984780;0.985250;4909;0;8;0.985330
2026.07.23 12:00:00;0.985250;0.985790;0.985160;0.985300;4154;0;7;0.985370
2026.07.23 13:00:00;0.985290;0.985670;0.985080;0.985390;4285;0;8;0.985470
2026.07.23 14:00:00;0.985390;0.985420;0.983920;0.984390;6198;0;4;0.984430
2026.07.23 15:00:00;0.984390;0.984430;0.982540;0.982660;7619;0;5;0.982710
2026.07.23 16:00:00;0.982660;0.982680;0.981140;0.981550;10603;0;5;0.981600
2026.07.23 17:00:00;0.981530;0.982860;0.981160;0.982080;10648;0;5;0.982130
2026.07.23 18:00:00;0.982080;0.982590;0.981640;0.982360;9237;0;6;0.982420
2026.07.23 19:00:00;0.982370;0.982710;0.982090;0.982100;6836;0;8;0.982180
2026.07.23 20:00:00;0.982100;0.982120;0.981120;0.981190;7109;0;8;0.981270
2026.07.23 21:00:00;0.981200;0.981220;0.980290;0.980380;5602;0;8;0.980460
2026.07.23 22:00:00;0.980380;0.980930;0.980170;0.980840;4206;0;7;0.980910
2026.07.23 23:00:00;0.980860;0.981570;0.980860;0.980990;1883;0;8;0.981070
2026.07.24 00:00:00;0.980990;0.981330;0.980550;0.980990;657;0;35;0.981340
2026.07.24 01:00:00;0.980990;0.981340;0.980950;0.981260;1385;0;10;0.981360
2026.07.24 02:00:00;0.981270;0.981450;0.981150;0.981210;1665;0;10;0.981310
2026.07.24 03:00:00;0.981210;0.981680;0.980730;0.981590;5742;0;8;0.981670
2026.07.24 04:00:00;0.981580;0.981910;0.981030;0.981610;5884;0;9;0.981700
2026.07.24 05:00:00;0.981610;0.982280;0.981340;0.981610;4667;0;9;0.981700
2026.07.24 06:00:00;0.981610;0.982100;0.981500;0.981740;4111;0;9;0.981830
2026.07.24 07:00:00;0.981730;0.982090;0.981620;0.981880;3758;0;9;0.981970
2026.07.24 08:00:00;0.981880;0.982480;0.981810;0.981940;5114;0;10;0.982040
2026.07.24 09:00:00;0.981970;0.982840;0.981970;0.982820;4965;0;8;0.982900
2026.07.24 10:00:00;0.982820;0.983280;0.982590;0.983030;5315;0;5;0.983080
2026.07.24 11:00:00;0.983040;0.983810;0.982850;0.983710;5172;0;8;0.983790
2026.07.24 12:00:00;0.983710;0.984400;0.983630;0.984380;4449;0;3;0.984410
2026.07.24 13:00:00;0.984380;0.984520;0.984070;0.984240;4726;0;8;0.984320
2026.07.24 14:00:00;0.984240;0.984690;0.984110;0.984430;4316;0;7;0.984500
2026.07.24 15:00:00;0.984440;0.984500;0.983550;0.984030;5832;0;6;0.984090
2026.07.24 16:00:00;0.984030;0.984450;0.983230;0.983550;7309;0;7;0.983620
2026.07.24 17:00:00;0.983570;0.984020;0.983430;0.983890;8334;0;8;0.983970
2026.07.24 18:00:00;0.983900;0.985270;0.983820;0.984830;7121;0;1;0.984840
2026.07.24 19:00:00;0.984830;0.985000;0.984390;0.984520;5523;0;6;0.984580
2026.07.24 20:00:00;0.984510;0.984820;0.984340;0.984720;4805;0;8;0.984800
2026.07.24 21:00:00;0.984720;0.984840;0.984080;0.984230;4093;0;7;0.984300
2026.07.24 22:00:00;0.984230;0.984300;0.983820;0.984180;4293;0;7;0.984250
2026.07.24 23:00:00;0.984170;0.984340;0.983370;0.983370;1797;0;8;0.983450
2026.07.27 00:00:00;0.985690;0.986230;0.985510;0.985660;176;0;76;0.986420
2026.07.27 01:00:00;0.986030;0.986610;0.984990;0.985090;2955;0;4;0.985130
2026.07.27 02:00:00;0.985080;0.985420;0.984850;0.985150;2497;0;8;0.985230
2026.07.27 03:00:00;0.985150;0.985480;0.984610;0.984640;6576;0;7;0.984710
2026.07.27 04:00:00;0.984640;0.985690;0.984570;0.985660;5628;0;8;0.985740
2026.07.27 05:00:00;0.985640;0.985690;0.985090;0.985180;4625;0;9;0.985270
2026.07.27 06:00:00;0.985180;0.985570;0.984920;0.985460;3444;0;10;0.985560
2026.07.27 07:00:00;0.985460;0.985710;0.985150;0.985270;2959;0;9;0.985360
2026.07.27 08:00:00;0.985260;0.986270;0.985260;0.986170;3683;0;10;0.986270
2026.07.27 09:00:00;0.986170;0.988020;0.986100;0.987550;4660;0;8;0.987630
2026.07.27 10:00:00;0.987520;0.987780;0.986600;0.986780;5549;0;7;0.986850
2026.07.27 11:00:00;0.986790;0.987280;0.986490;0.987280;5119;0;8;0.987360
2026.07.27 12:00:00;0.987250;0.987680;0.987020;0.987610;4231;0;8;0.987690
2026.07.27 13:00:00;0.987570;0.987820;0.987220;0.987670;4290;0;8;0.987750
2026.07.27 14:00:00;0.987670;0.987710;0.987030;0.987170;4269;0;6;0.987230
2026.07.27 15:00:00;0.987170;0.987380;0.986480;0.987000;4706;0;8;0.987080
2026.07.27 16:00:00;0.987000;0.987350;0.986280;0.986410;7642;0;8;0.986490
2026.07.27 17:00:00;0.986400;0.986970;0.986050;0.986790;8871;0;7;0.986860
2026.07.27 18:00:00;0.986800;0.986980;0.986390;0.986640;7588;0;8;0.986720
2026.07.27 19:00:00;0.986640;0.987450;0.986610;0.987000;7097;0;7;0.987070
2026.07.27 20:00:00;0.987000;0.987020;0.986420;0.986850;6464;0;8;0.986930
2026.07.27 21:00:00;0.986850;0.987030;0.986570;0.987010;5302;0;2;0.987030
2026.07.27 22:00:00;0.987020;0.987470;0.986880;0.987340;4820;0;8;0.987420
2026.07.27 23:00:00;0.987340;0.987420;0.986830;0.986890;1792;0;8;0.986970
2026.07.28 00:00:00;0.986860;0.987080;0.986510;0.986980;316;0;46;0.987440
2026.07.28 01:00:00;0.986950;0.987110;0.986690;0.986700;1219;0;9;0.986790
2026.07.28 02:00:00;0.986700;0.986830;0.986450;0.986780;1553;0;9;0.986870
2026.07.28 03:00:00;0.986780;0.987000;0.986200;0.986580;4320;0;10;0.986680
2026.07.28 04:00:00;0.986580;0.987400;0.986180;0.986930;4632;0;8;0.987010
2026.07.28 05:00:00;0.986930;0.987770;0.986770;0.987150;4254;0;8;0.987230
2026.07.28 06:00:00;0.987150;0.987270;0.985270;0.985360;5112;0;8;0.985440
2026.07.28 07:00:00;0.985360;0.985360;0.983910;0.984180;3912;0;8;0.984260
2026.07.28 08:00:00;0.984190;0.984320;0.983370;0.983500;4255;0;7;0.983570
2026.07.28 09:00:00;0.983500;0.984600;0.983150;0.984360;4691;0;8;0.984440
2026.07.28 10:00:00;0.984380;0.984560;0.983330;0.983800;5106;0;4;0.983840
2026.07.28 11:00:00;0.983800;0.984110;0.983200;0.983930;5751;0;7;0.984000
2026.07.28 12:00:00;0.983940;0.983990;0.983070;0.983090;3969;0;8;0.983170
2026.07.28 13:00:00;0.983080;0.983180;0.982490;0.982610;4566;0;6;0.982670
2026.07.28 14:00:00;0.982610;0.983120;0.982200;0.982500;5012;0;7;0.982570
2026.07.28 15:00:00;0.982520;0.983820;0.982520;0.983530;4932;0;2;0.983550
2026.07.28 16:00:00;0.983530;0.983650;0.982380;0.982810;6841;0;3;0.982840
2026.07.28 17:00:00;0.982920;0.983100;0.982170;0.982550;7908;0;3;0.982580
2026.07.28 18:00:00;0.982540;0.984000;0.982290;0.983990;8428;0;7;0.984060
2026.07.28 19:00:00;0.984000;0.984190;0.983520;0.983550;7010;0;7;0.983620
2026.07.28 20:00:00;0.983550;0.984260;0.983520;0.983800;6330;0;7;0.983870
2026.07.28 21:00:00;0.983800;0.983930;0.983420;0.983720;6791;0;8;0.983800
2026.07.28 22:00:00;0.983720;0.984240;0.983710;0.984040;4956;0;7;0.984110
