Time;Open;High;Low;Close;TickVolume;RealVolume;Spread;AskClose
2026.01.02 01:00:00;0.871850;0.872060;0.871520;0.872030;778;0;12;0.872150
2026.01.02 02:00:00;0.872030;0.872230;0.871850;0.871930;1005;0;12;0.872050
2026.01.02 03:00:00;0.871930;0.872140;0.871870;0.871890;1401;0;15;0.872040
2026.01.02 04:00:00;0.871890;0.871940;0.871720;0.871750;1127;0;14;0.871890
2026.01.02 05:00:00;0.871750;0.872260;0.871740;0.872220;885;0;12;0.872340
2026.01.02 06:00:00;0.872210;0.872260;0.872010;0.872080;910;0;14;0.872220
2026.01.02 07:00:00;0.872080;0.872330;0.871980;0.872220;716;0;13;0.872350
2026.01.02 08:00:00;0.872220;0.872430;0.871810;0.871890;1259;0;13;0.872020
2026.01.02 09:00:00;0.871890;0.872210;0.871440;0.871470;2168;0;14;0.871610
2026.01.02 10:00:00;0.871470;0.871880;0.871210;0.871690;3502;0;12;0.871810
2026.01.02 11:00:00;0.871690;0.871940;0.870960;0.871070;2710;0;13;0.871200
2026.01.02 12:00:00;0.871070;0.871600;0.870710;0.871380;2315;0;12;0.871500
2026.01.02 13:00:00;0.871380;0.872300;0.871160;0.872020;2350;0;12;0.872140
2026.01.02 14:00:00;0.872030;0.872450;0.871660;0.871850;2207;0;12;0.871970
2026.01.02 15:00:00;0.871850;0.872080;0.870740;0.870900;2747;0;12;0.871020
2026.01.02 16:00:00;0.870920;0.871470;0.870540;0.870980;3211;0;12;0.871100
2026.01.02 17:00:00;0.870980;0.871160;0.869970;0.870540;4522;0;12;0.870660
2026.01.02 18:00:00;0.870540;0.870940;0.870290;0.870790;3804;0;12;0.870910
2026.01.02 19:00:00;0.870800;0.871300;0.870550;0.871270;2297;0;12;0.871390
2026.01.02 20:00:00;0.871270;0.871340;0.870910;0.871140;2137;0;12;0.871260
2026.01.02 21:00:00;0.871140;0.871240;0.870830;0.871200;1929;0;13;0.871330
2026.01.02 22:00:00;0.871200;0.871230;0.870620;0.870660;1705;0;13;0.870790
2026.01.02 23:00:00;0.870660;0.870770;0.870320;0.870370;1441;0;13;0.870500
2026.01.05 00:00:00;0.870900;0.871040;0.870580;0.870580;621;0;37;0.870950
2026.01.05 01:00:00;0.869960;0.870990;0.869960;0.870990;1791;0;12;0.871110
2026.01.05 02:00:00;0.870980;0.871000;0.870540;0.870600;2232;0;13;0.870730
2026.01.05 03:00:00;0.870600;0.870710;0.870370;0.870470;3183;0;12;0.870590
2026.01.05 04:00:00;0.870460;0.870580;0.870040;0.870190;2272;0;12;0.870310
2026.01.05 05:00:00;0.870170;0.870210;0.869890;0.870170;1913;0;12;0.870290
2026.01.05 06:00:00;0.870170;0.870290;0.869890;0.870010;1541;0;12;0.870130
2026.01.05 07:00:00;0.870010;0.870140;0.869840;0.870120;1230;0;12;0.870240
2026.01.05 08:00:00;0.870120;0.870240;0.869890;0.870040;1640;0;13;0.870170
2026.01.05 09:00:00;0.870040;0.870580;0.869930;0.870560;2498;0;13;0.870690
2026.01.05 10:00:00;0.870550;0.870820;0.869940;0.870150;3444;0;12;0.870270
2026.01.05 11:00:00;0.870150;0.870270;0.868910;0.868970;2844;0;12;0.869090
2026.01.05 12:00:00;0.868970;0.869060;0.868030;0.868210;2914;0;12;0.868330
2026.01.05 13:00:00;0.868210;0.868280;0.867390;0.867820;2786;0;13;0.867950
2026.01.05 14:00:00;0.867820;0.867900;0.867100;0.867240;2771;0;12;0.867360
2026.01.05 15:00:00;0.867240;0.868470;0.867150;0.867730;4021;0;12;0.867850
2026.01.05 16:00:00;0.867730;0.867970;0.867050;0.867170;4661;0;12;0.867290
2026.01.05 17:00:00;0.867170;0.867530;0.866520;0.866750;4975;0;12;0.866870
2026.01.05 18:00:00;0.866750;0.866920;0.865980;0.866070;4168;0;12;0.866190
2026.01.05 19:00:00;0.866070;0.866080;0.865340;0.865570;3176;0;12;0.865690
2026.01.05 20:00:00;0.865570;0.866170;0.865530;0.865900;1857;0;12;0.866020
2026.01.05 21:00:00;0.865890;0.866090;0.865650;0.865840;2270;0;14;0.865980
2026.01.05 22:00:00;0.865840;0.865840;0.865560;0.865620;1778;0;14;0.865760
2026.01.05 23:00:00;0.865650;0.865700;0.865340;0.865430;1296;0;12;0.865550
2026.01.06 00:00:00;0.865330;0.865530;0.865140;0.865300;937;0;19;0.865490
2026.01.06 01:00:00;0.865260;0.865660;0.865260;0.865570;869;0;12;0.865690
2026.01.06 02:00:00;0.865570;0.865680;0.865430;0.865520;1707;0;13;0.865650
2026.01.06 03:00:00;0.865530;0.865660;0.865210;0.865490;2268;0;13;0.865620
2026.01.06 04:00:00;0.865490;0.865730;0.865360;0.865720;1739;0;12;0.865840
2026.01.06 05:00:00;0.865710;0.865810;0.865350;0.865360;1510;0;12;0.865480
2026.01.06 06:00:00;0.865360;0.865510;0.865180;0.865500;1143;0;13;0.865630
2026.01.06 07:00:00;0.865490;0.865840;0.865470;0.865540;1401;0;12;0.865660
2026.01.06 08:00:00;0.865540;0.865810;0.865510;0.865730;1932;0;13;0.865860
2026.01.06 09:00:00;0.865730;0.865940;0.865240;0.865470;2368;0;12;0.865590
2026.01.06 10:00:00;0.865500;0.865650;0.864840;0.865250;3556;0;12;0.865370
2026.01.06 11:00:00;0.865250;0.865330;0.864340;0.865260;3514;0;12;0.865380
2026.01.06 12:00:00;0.865270;0.865540;0.865070;0.865410;2704;0;12;0.865530
2026.01.06 13:00:00;0.865410;0.865910;0.865240;0.865710;2366;0;13;0.865840
2026.01.06 14:00:00;0.865710;0.865990;0.865530;0.865920;2849;0;12;0.866040
2026.01.06 15:00:00;0.865930;0.866280;0.865700;0.865870;3693;0;12;0.865990
2026.01.06 16:00:00;0.865870;0.865970;0.865130;0.865640;4280;0;12;0.865760
2026.01.06 17:00:00;0.865640;0.865970;0.865450;0.865750;4972;0;12;0.865870
2026.01.06 18:00:00;0.865750;0.866230;0.865720;0.866020;3455;0;12;0.866140
2026.01.06 19:00:00;0.866020;0.866130;0.865700;0.865970;2179;0;12;0.866090
2026.01.06 20:00:00;0.865970;0.866060;0.865690;0.865810;2047;0;12;0.865930
2026.01.06 21:00:00;0.865810;0.865990;0.865680;0.865790;1921;0;12;0.865910
2026.01.06 22:00:00;0.865790;0.865890;0.865580;0.865690;1509;0;12;0.865810
2026.01.06 23:00:00;0.865680;0.865750;0.865460;0.865600;1080;0;12;0.865720
2026.01.07 00:00:00;0.865570;0.865700;0.865030;0.865580;741;0;26;0.865840
2026.01.07 01:00:00;0.865570;0.865720;0.865550;0.865650;527;0;12;0.865770
2026.01.07 02:00:00;0.865650;0.865910;0.865510;0.865790;1947;0;13;0.865920
2026.01.07 03:00:00;0.865790;0.866020;0.865680;0.865880;2424;0;15;0.866030
2026.01.07 04:00:00;0.865880;0.865950;0.865610;0.865670;1640;0;13;0.865800
2026.01.07 05:00:00;0.865670;0.865770;0.865420;0.865570;1271;0;13;0.865700
2026.01.07 06:00:00;0.865570;0.865920;0.865550;0.865580;2316;0;13;0.865710
2026.01.07 07:00:00;0.865590;0.865740;0.865480;0.865540;2101;0;12;0.865660
2026.01.07 08:00:00;0.865550;0.865860;0.865400;0.865540;2182;0;14;0.865680
2026.01.07 09:00:00;0.865540;0.865840;0.865300;0.865780;2509;0;12;0.865900
2026.01.07 10:00:00;0.865770;0.866060;0.865490;0.865780;2939;0;13;0.865910
2026.01.07 11:00:00;0.865770;0.866190;0.865650;0.865750;2361;0;13;0.865880
2026.01.07 12:00:00;0.865750;0.866170;0.865710;0.865870;2399;0;12;0.865990
2026.01.07 13:00:00;0.865870;0.866010;0.865510;0.865780;2154;0;14;0.865920
2026.01.07 14:00:00;0.865780;0.866330;0.865490;0.866210;2603;0;12;0.866330
2026.01.07 15:00:00;0.866210;0.866450;0.866000;0.866300;3672;0;12;0.866420
2026.01.07 16:00:00;0.866300;0.866780;0.866150;0.866150;4020;0;12;0.866270
2026.01.07 17:00:00;0.866130;0.867380;0.865800;0.867100;6132;0;12;0.867220
2026.01.07 18:00:00;0.867110;0.867680;0.866880;0.867620;3460;0;12;0.867740
2026.01.07 19:00:00;0.867620;0.867790;0.867340;0.867410;2222;0;12;0.867530
2026.01.07 20:00:00;0.867410;0.867730;0.867250;0.867280;1793;0;13;0.867410
2026.01.07 21:00:00;0.867280;0.867550;0.867230;0.867550;2111;0;14;0.867690
2026.01.07 22:00:00;0.867550;0.867620;0.867370;0.867420;1614;0;14;0.867560
2026.01.07 23:00:00;0.867410;0.867550;0.867290;0.867290;1086;0;13;0.867420
2026.01.08 00:00:00;0.867260;0.867500;0.866920;0.867470;797;0;18;0.867650
2026.01.08 01:00:00;0.867470;0.867630;0.867420;0.867530;1019;0;14;0.867670
2026.01.08 02:00:00;0.867530;0.867660;0.867420;0.867450;1630;0;14;0.867590
2026.01.08 03:00:00;0.867440;0.867630;0.867370;0.867520;2072;0;15;0.867670
2026.01.08 04:00:00;0.867530;0.867930;0.867520;0.867900;1903;0;14;0.868040
2026.01.08 05:00:00;0.867900;0.867930;0.867410;0.867450;2102;0;13;0.867580
2026.01.08 06:00:00;0.867450;0.867700;0.867410;0.867690;1509;0;14;0.867830
2026.01.08 07:00:00;0.867680;0.868090;0.867650;0.867960;1672;0;13;0.868090
2026.01.08 08:00:00;0.867960;0.868090;0.867690;0.867780;2424;0;13;0.867910
2026.01.08 09:00:00;0.867780;0.868430;0.867780;0.868430;2379;0;12;0.868550
2026.01.08 10:00:00;0.868430;0.868810;0.868190;0.868400;2985;0;12;0.868520
2026.01.08 11:00:00;0.868390;0.868920;0.868060;0.868830;2310;0;13;0.868960
2026.01.08 12:00:00;0.868830;0.869040;0.868430;0.868480;2527;0;13;0.868610
2026.01.08 13:00:00;0.868480;0.868500;0.868160;0.868490;2041;0;12;0.868610
2026.01.08 14:00:00;0.868510;0.868580;0.868100;0.868560;2338;0;13;0.868690
2026.01.08 15:00:00;0.868560;0.868960;0.868170;0.868760;3419;0;12;0.868880
2026.01.08 16:00:00;0.868760;0.868960;0.868000;0.868120;3881;0;12;0.868240
2026.01.08 17:00:00;0.868120;0.868540;0.867710;0.867880;3973;0;13;0.868010
2026.01.08 18:00:00;0.867880;0.867900;0.867280;0.867720;3304;0;12;0.867840
2026.01.08 19:00:00;0.867720;0.867720;0.866930;0.867030;2598;0;13;0.867160
2026.01.08 20:00:00;0.867030;0.867510;0.866960;0.867460;2184;0;13;0.867590
2026.01.08 21:00:00;0.867460;0.867590;0.867300;0.867310;1867;0;12;0.867430
2026.01.08 22:00:00;0.867310;0.867430;0.866980;0.867040;1854;0;13;0.867170
2026.01.08 23:00:00;0.867030;0.867420;0.866940;0.867270;1762;0;15;0.867420
2026.01.09 00:00:00;0.867120;0.867690;0.867060;0.867470;683;0;12;0.867590
2026.01.09 01:00:00;0.867500;0.867750;0.867320;0.867570;1115;0;14;0.867710
2026.01.09 02:00:00;0.867570;0.867660;0.867420;0.867500;1756;0;14;0.867640
2026.01.09 03:00:00;0.867490;0.867600;0.867380;0.867440;2740;0;13;0.867570
2026.01.09 04:00:00;0.867440;0.867590;0.867320;0.867540;1961;0;14;0.867680
2026.01.09 05:00:00;0.867530;0.867640;0.867350;0.867410;2064;0;14;0.867550
2026.01.09 06:00:00;0.867410;0.867500;0.867270;0.867330;1610;0;14;0.867470
2026.01.09 07:00:00;0.867330;0.867580;0.867230;0.867450;1592;0;12;0.867570
2026.01.09 08:00:00;0.867440;0.867680;0.867200;0.867440;2123;0;12;0.867560
2026.01.09 09:00:00;0.867430;0.867940;0.867080;0.867480;2386;0;12;0.867600
2026.01.09 10:00:00;0.867480;0.868260;0.867030;0.868250;3066;0;12;0.868370
2026.01.09 11:00:00;0.868260;0.868460;0.867900;0.868080;2221;0;13;0.868210
2026.01.09 12:00:00;0.868080;0.868580;0.867950;0.868510;2011;0;12;0.868630
2026.01.09 13:00:00;0.868510;0.868520;0.868040;0.868160;1975;0;14;0.868300
2026.01.09 14:00:00;0.868160;0.868240;0.867410;0.867410;2530;0;12;0.867530
2026.01.09 15:00:00;0.867410;0.867730;0.866590;0.866680;7259;0;12;0.866800
2026.01.09 16:00:00;0.866680;0.867650;0.866620;0.867510;6959;0;12;0.867630
2026.01.09 17:00:00;0.867390;0.868020;0.866940;0.867460;6053;0;12;0.867580
2026.01.09 18:00:00;0.867460;0.867640;0.867240;0.867400;3982;0;12;0.867520
2026.01.09 19:00:00;0.867400;0.867820;0.867330;0.867760;2451;0;13;0.867890
2026.01.09 20:00:00;0.867760;0.867950;0.867560;0.867740;2112;0;14;0.867880
2026.01.09 21:00:00;0.867740;0.867900;0.867590;0.867730;1602;0;13;0.867860
2026.01.09 22:00:00;0.867730;0.867880;0.867570;0.867720;1316;0;13;0.867850
2026.01.09 23:00:00;0.867720;0.868100;0.867610;0.867740;1599;0;12;0.867860
2026.01.12 00:00:00;0.867790;0.868060;0.867300;0.868010;713;0;15;0.868160
2026.01.12 01:00:00;0.867990;0.868300;0.867740;0.867770;829;0;13;0.867900
2026.01.12 02:00:00;0.867770;0.868190;0.867690;0.868170;3319;0;14;0.868310
2026.01.12 03:00:00;0.868120;0.868290;0.867930;0.868010;3518;0;12;0.868130
2026.01.12 04:00:00;0.868010;0.868430;0.867920;0.868180;1879;0;13;0.868310
2026.01.12 05:00:00;0.868180;0.868420;0.868140;0.868380;1104;0;13;0.868510
2026.01.12 06:00:00;0.868380;0.868510;0.868220;0.868270;1348;0;15;0.868420
2026.01.12 07:00:00;0.868270;0.868600;0.868260;0.868550;1849;0;14;0.868690
2026.01.12 08:00:00;0.868550;0.868620;0.868220;0.868280;2292;0;13;0.868410
2026.01.12 09:00:00;0.868280;0.869180;0.868280;0.869040;2919;0;12;0.869160
2026.01.12 10:00:00;0.869040;0.869080;0.868020;0.868470;3166;0;12;0.868590
2026.01.12 11:00:00;0.868470;0.868690;0.868200;0.868210;2796;0;12;0.868330
2026.01.12 12:00:00;0.868210;0.868410;0.867330;0.867360;2341;0;13;0.867490
2026.01.12 13:00:00;0.867360;0.867850;0.867220;0.867570;2232;0;12;0.867690
2026.01.12 14:00:00;0.867570;0.867640;0.867190;0.867410;2948;0;12;0.867530
2026.01.12 15:00:00;0.867410;0.867580;0.867170;0.867230;3118;0;12;0.867350
2026.01.12 16:00:00;0.867230;0.867270;0.866560;0.866580;4191;0;13;0.866710
2026.01.12 17:00:00;0.866580;0.867030;0.866480;0.866760;3098;0;12;0.866880
2026.01.12 18:00:00;0.866760;0.867120;0.866550;0.866800;2940;0;12;0.866920
2026.01.12 19:00:00;0.866800;0.867070;0.866460;0.866550;2982;0;13;0.866680
2026.01.12 20:00:00;0.866550;0.867010;0.866550;0.866880;1428;0;14;0.867020
2026.01.12 21:00:00;0.866880;0.867040;0.866650;0.866690;1242;0;13;0.866820
2026.01.12 22:00:00;0.866690;0.866730;0.866220;0.866340;1514;0;14;0.866480
2026.01.12 23:00:00;0.866320;0.866430;0.865990;0.866060;1274;0;13;0.866190
2026.01.13 00:00:00;0.865980;0.866800;0.865980;0.866440;1257;0;12;0.866560
2026.01.13 01:00:00;0.866400;0.866480;0.866190;0.866360;1719;0;12;0.866480
2026.01.13 02:00:00;0.866360;0.866390;0.865410;0.865420;2028;0;13;0.865550
2026.01.13 03:00:00;0.865430;0.865570;0.865260;0.865390;2351;0;13;0.865520
2026.01.13 04:00:00;0.865390;0.865430;0.865090;0.865290;1828;0;14;0.865430
2026.01.13 05:00:00;0.865290;0.865490;0.865070;0.865430;1708;0;14;0.865570
2026.01.13 06:00:00;0.865410;0.865750;0.865330;0.865700;1607;0;12;0.865820
2026.01.13 07:00:00;0.865720;0.865770;0.865510;0.865600;1603;0;13;0.865730
2026.01.13 08:00:00;0.865600;0.865670;0.865240;0.865270;2452;0;14;0.865410
2026.01.13 09:00:00;0.865270;0.866030;0.865220;0.866030;2258;0;12;0.866150
2026.01.13 10:00:00;0.866040;0.866100;0.865610;0.865810;2533;0;12;0.865930
2026.01.13 11:00:00;0.865810;0.865830;0.865370;0.865730;2094;0;13;0.865860
2026.01.13 12:00:00;0.865720;0.866080;0.865680;0.865910;2131;0;14;0.866050
2026.01.13 13:00:00;0.865910;0.866140;0.865880;0.866010;1547;0;13;0.866140
2026.01.13 14:00:00;0.866010;0.866130;0.865580;0.865760;2005;0;12;0.865880
2026.01.13 15:00:00;0.865750;0.866020;0.865160;0.865820;5626;0;12;0.865940
2026.01.13 16:00:00;0.865820;0.866720;0.865790;0.866550;4978;0;12;0.866670
2026.01.13 17:00:00;0.866550;0.867060;0.866220;0.866730;4683;0;12;0.866850
2026.01.13 18:00:00;0.866730;0.867040;0.866280;0.866780;3486;0;13;0.866910
2026.01.13 19:00:00;0.866780;0.867250;0.866630;0.866860;2434;0;12;0.866980
2026.01.13 20:00:00;0.866860;0.867310;0.866830;0.866990;2006;0;12;0.867110
2026.01.13 21:00:00;0.866990;0.867310;0.866900;0.867000;1820;0;13;0.867130
2026.01.13 22:00:00;0.867000;0.867140;0.866920;0.866990;1610;0;13;0.867120
2026.01.13 23:00:00;0.866980;0.867320;0.866970;0.867290;1132;0;12;0.867410
2026.01.14 00:00:00;0.867250;0.867370;0.866660;0.867370;827;0;15;0.867520
2026.01.14 01:00:00;0.867360;0.867390;0.867020;0.867040;1285;0;12;0.867160
2026.01.14 02:00:00;0.867050;0.867180;0.866980;0.867020;1824;0;13;0.867150
2026.01.14 03:00:00;0.867020;0.867090;0.866820;0.866950;2202;0;14;0.867090
2026.01.14 04:00:00;0.866950;0.866990;0.866440;0.866520;1986;0;13;0.866650
2026.01.14 05:00:00;0.866510;0.866520;0.866100;0.866180;1616;0;14;0.866320
2026.01.14 06:00:00;0.866180;0.866340;0.866110;0.866300;1215;0;15;0.866450
2026.01.14 07:00:00;0.866300;0.866440;0.866180;0.866440;1683;0;15;0.866590
2026.01.14 08:00:00;0.866440;0.866780;0.866140;0.866210;1738;0;13;0.866340
2026.01.14 09:00:00;0.866210;0.866530;0.866090;0.866470;1682;0;13;0.866600
2026.01.14 10:00:00;0.866470;0.866500;0.865840;0.865910;3178;0;12;0.866030
2026.01.14 11:00:00;0.865910;0.866130;0.865650;0.865760;2329;0;13;0.865890
2026.01.14 12:00:00;0.865760;0.866360;0.865610;0.866210;2215;0;12;0.866330
2026.01.14 13:00:00;0.866210;0.866340;0.865700;0.865900;1918;0;12;0.866020
2026.01.14 14:00:00;0.865900;0.866740;0.865740;0.866670;2491;0;12;0.866790
2026.01.14 15:00:00;0.866670;0.866820;0.866090;0.866430;3077;0;12;0.866550
2026.01.14 16:00:00;0.866430;0.866450;0.865750;0.866110;3841;0;13;0.866240
2026.01.14 17:00:00;0.866110;0.866570;0.865910;0.866430;4084;0;12;0.866550
2026.01.14 18:00:00;0.866440;0.867000;0.866350;0.866840;2695;0;13;0.866970
2026.01.14 19:00:00;0.866850;0.867250;0.866820;0.867000;2561;0;12;0.867120
2026.01.14 20:00:00;0.867000;0.867110;0.866660;0.866690;2022;0;12;0.866810
2026.01.14 21:00:00;0.866690;0.866760;0.866270;0.866280;1833;0;13;0.866410
2026.01.14 22:00:00;0.866290;0.866780;0.866290;0.866690;2422;0;12;0.866810
2026.01.14 23:00:00;0.866680;0.866680;0.865820;0.865870;1584;0;13;0.866000
2026.01.15 00:00:00;0.865750;0.866350;0.865750;0.866100;1013;0;22;0.866320
2026.01.15 01:00:00;0.866100;0.866500;0.865980;0.866330;1476;0;12;0.866450
2026.01.15 02:00:00;0.866330;0.866540;0.865960;0.865970;1677;0;13;0.866100
2026.01.15 03:00:00;0.865970;0.866420;0.865970;0.866170;3146;0;13;0.866300
2026.01.15 04:00:00;0.866170;0.866560;0.866160;0.866420;2214;0;14;0.866560
2026.01.15 05:00:00;0.866420;0.866780;0.866390;0.866680;1694;0;15;0.866830
2026.01.15 06:00:00;0.866680;0.866720;0.866540;0.866600;1351;0;15;0.866750
2026.01.15 07:00:00;0.866600;0.866630;0.866250;0.866470;2101;0;14;0.866610
2026.01.15 08:00:00;0.866470;0.866480;0.866090;0.866270;2412;0;14;0.866410
2026.01.15 09:00:00;0.866250;0.866250;0.865380;0.865500;2272;0;12;0.865620
2026.01.15 10:00:00;0.865500;0.866030;0.865250;0.865380;2318;0;13;0.865510
2026.01.15 11:00:00;0.865380;0.865910;0.865220;0.865890;2389;0;12;0.866010
2026.01.15 12:00:00;0.865890;0.867220;0.865830;0.866950;2101;0;13;0.867080
2026.01.15 13:00:00;0.866940;0.866960;0.866520;0.866710;1796;0;12;0.866830
2026.01.15 14:00:00;0.866720;0.867310;0.866670;0.867040;1943;0;12;0.867160
2026.01.15 15:00:00;0.867040;0.867800;0.866970;0.867430;4199;0;12;0.867550
2026.01.15 16:00:00;0.867430;0.867610;0.867190;0.867540;3927;0;12;0.867660
2026.01.15 17:00:00;0.867540;0.867590;0.866610;0.866650;3774;0;12;0.866770
2026.01.15 18:00:00;0.866650;0.867070;0.866620;0.866900;2848;0;12;0.867020
2026.01.15 19:00:00;0.866900;0.867280;0.866820;0.867060;2352;0;13;0.867190
2026.01.15 20:00:00;0.867050;0.867330;0.866960;0.867200;2002;0;13;0.867330
2026.01.15 21:00:00;0.867200;0.867590;0.867200;0.867530;2154;0;12;0.867650
2026.01.15 22:00:00;0.867530;0.867790;0.867360;0.867460;1804;0;12;0.867580
2026.01.15 23:00:00;0.867460;0.867600;0.867270;0.867270;1355;0;15;0.867420
2026.01.16 00:00:00;0.867220;0.867660;0.867200;0.867260;656;0;26;0.867520
2026.01.16 01:00:00;0.867240;0.867600;0.867100;0.867480;1752;0;12;0.867600
2026.01.16 02:00:00;0.867480;0.867910;0.867290;0.867370;2145;0;12;0.867490
2026.01.16 03:00:00;0.867370;0.867450;0.867140;0.867410;2039;0;13;0.867540
2026.01.16 04:00:00;0.867400;0.867530;0.867190;0.867330;2532;0;13;0.867460
2026.01.16 05:00:00;0.867330;0.867400;0.867030;0.867080;1838;0;14;0.867220
2026.01.16 06:00:00;0.867090;0.867200;0.867060;0.867110;1245;0;13;0.867240
2026.01.16 07:00:00;0.867110;0.867310;0.867020;0.867180;1275;0;13;0.867310
2026.01.16 08:00:00;0.867180;0.867590;0.867170;0.867560;1524;0;14;0.867700
2026.01.16 09:00:00;0.867560;0.867730;0.867010;0.867090;1955;0;13;0.867220
2026.01.16 10:00:00;0.867100;0.867100;0.866590;0.866710;2149;0;13;0.866840
2026.01.16 11:00:00;0.866710;0.866890;0.866070;0.866390;1894;0;12;0.866510
2026.01.16 12:00:00;0.866390;0.866470;0.865980;0.866200;1896;0;12;0.866320
2026.01.16 13:00:00;0.866200;0.866740;0.866160;0.866520;1806;0;14;0.866660
2026.01.16 14:00:00;0.866520;0.867080;0.866520;0.866990;2285;0;12;0.867110
2026.01.16 15:00:00;0.866990;0.867280;0.866450;0.866740;2894;0;12;0.866860
2026.01.16 16:00:00;0.866740;0.867140;0.866410;0.867070;2758;0;13;0.867200
2026.01.16 17:00:00;0.867070;0.867570;0.866380;0.866530;5538;0;12;0.866650
2026.01.16 18:00:00;0.866530;0.866830;0.866330;0.866640;3338;0;12;0.866760
2026.01.16 19:00:00;0.866640;0.866950;0.866400;0.866640;2109;0;13;0.866770
2026.01.16 20:00:00;0.866640;0.866750;0.866310;0.866560;1717;0;13;0.866690
2026.01.16 21:00:00;0.866560;0.866580;0.866270;0.866480;1629;0;14;0.866620
2026.01.16 22:00:00;0.866480;0.866870;0.866430;0.866790;1352;0;14;0.866930
2026.01.16 23:00:00;0.866790;0.867170;0.866460;0.866500;1563;0;14;0.866640
2026.01.19 00:00:00;0.866750;0.867630;0.866650;0.867070;773;0;21;0.867280
2026.01.19 01:00:00;0.867020;0.867610;0.866740;0.867280;4811;0;12;0.867400
2026.01.19 02:00:00;0.867280;0.867940;0.866990;0.867940;5324;0;12;0.868060
2026.01.19 03:00:00;0.867920;0.868200;0.867580;0.867790;3548;0;12;0.867910
2026.01.19 04:00:00;0.867790;0.868030;0.867730;0.867740;3306;0;13;0.867870
2026.01.19 05:00:00;0.867750;0.868200;0.867630;0.868180;2895;0;14;0.868320
2026.01.19 06:00:00;0.868180;0.868470;0.868110;0.868370;2415;0;13;0.868500
2026.01.19 07:00:00;0.868370;0.868390;0.867930;0.867950;2667;0;14;0.868090
2026.01.19 08:00:00;0.867950;0.868030;0.867650;0.867750;2354;0;12;0.867870
2026.01.19 09:00:00;0.867750;0.868530;0.867700;0.868240;2990;0;13;0.868370
2026.01.19 10:00:00;0.868240;0.868370;0.866800;0.866860;2637;0;12;0.866980
2026.01.19 11:00:00;0.866860;0.867430;0.866620;0.866990;2803;0;13;0.867120
2026.01.19 12:00:00;0.867000;0.867150;0.866570;0.866730;2029;0;12;0.866850
2026.01.19 13:00:00;0.866730;0.867180;0.866710;0.867110;1691;0;13;0.867240
2026.01.19 14:00:00;0.867110;0.867310;0.866980;0.867130;1732;0;13;0.867260
2026.01.19 15:00:00;0.867110;0.867290;0.866950;0.867060;1845;0;14;0.867200
2026.01.19 16:00:00;0.867060;0.867420;0.867020;0.867230;1875;0;14;0.867370
2026.01.19 17:00:00;0.867250;0.867300;0.866530;0.867160;2607;0;12;0.867280
2026.01.19 18:00:00;0.867150;0.867160;0.866750;0.866920;1851;0;13;0.867050
2026.01.19 19:00:00;0.866920;0.867080;0.866720;0.866980;1119;0;15;0.867130
2026.01.19 20:00:00;0.866980;0.867170;0.866970;0.867100;839;0;14;0.867240
2026.01.19 21:00:00;0.867100;0.867260;0.867060;0.867120;439;0;13;0.867250
2026.01.19 22:00:00;0.867120;0.867180;0.867050;0.867130;496;0;14;0.867270
2026.01.19 23:00:00;0.867130;0.867350;0.867040;0.867070;672;0;14;0.867210
2026.01.20 00:00:00;0.867260;0.867410;0.866880;0.867070;699;0;20;0.867270
2026.01.20 01:00:00;0.867070;0.867470;0.867070;0.867280;1225;0;14;0.867420
2026.01.20 02:00:00;0.867290;0.867440;0.867160;0.867390;2095;0;14;0.867530
2026.01.20 03:00:00;0.867400;0.867510;0.867230;0.867330;2793;0;14;0.867470
2026.01.20 04:00:00;0.867320;0.867390;0.867150;0.867370;1624;0;13;0.867500
2026.01.20 05:00:00;0.867370;0.867610;0.867240;0.867530;1961;0;13;0.867660
2026.01.20 06:00:00;0.867530;0.867870;0.867350;0.867840;1844;0;13;0.867970
2026.01.20 07:00:00;0.867830;0.867870;0.867550;0.867600;1800;0;14;0.867740
2026.01.20 08:00:00;0.867600;0.868520;0.867550;0.868430;2424;0;12;0.868550
2026.01.20 09:00:00;0.868430;0.868790;0.867090;0.867380;3855;0;12;0.867500
2026.01.20 10:00:00;0.867370;0.869260;0.866920;0.869170;5126;0;12;0.869290
2026.01.20 11:00:00;0.869170;0.870280;0.869080;0.870120;4061;0;12;0.870240
2026.01.20 12:00:00;0.870130;0.870420;0.869350;0.870180;3743;0;12;0.870300
2026.01.20 13:00:00;0.870170;0.871630;0.870060;0.871550;3317;0;12;0.871670
2026.01.20 14:00:00;0.871550;0.872860;0.871490;0.872000;3336;0;12;0.872120
2026.01.20 15:00:00;0.872010;0.873090;0.871440;0.872130;5974;0;12;0.872250
2026.01.20 16:00:00;0.872130;0.872370;0.870660;0.870710;5644;0;12;0.870830
2026.01.20 17:00:00;0.870710;0.871490;0.870500;0.871370;4350;0;12;0.871490
2026.01.20 18:00:00;0.871370;0.871980;0.871250;0.871430;4017;0;12;0.871550
2026.01.20 19:00:00;0.871430;0.871810;0.871200;0.871720;2877;0;12;0.871840
2026.01.20 20:00:00;0.871720;0.872360;0.871630;0.872230;1777;0;13;0.872360
2026.01.20 21:00:00;0.872230;0.872370;0.872090;0.872160;2241;0;12;0.872280
2026.01.20 22:00:00;0.872160;0.872440;0.872070;0.872300;2027;0;13;0.872430
2026.01.20 23:00:00;0.872300;0.872450;0.871790;0.871820;1986;0;13;0.871950
2026.01.21 00:00:00;0.871800;0.872230;0.871460;0.871670;1627;0;12;0.871790
2026.01.21 01:00:00;0.871670;0.872500;0.871560;0.872450;1774;0;15;0.872600
2026.01.21 02:00:00;0.872440;0.872500;0.872010;0.872060;2231;0;14;0.872200
2026.01.21 03:00:00;0.872060;0.872240;0.871800;0.871810;3231;0;13;0.871940
2026.01.21 04:00:00;0.871810;0.872250;0.871720;0.872170;1750;0;12;0.872290
2026.01.21 05:00:00;0.872170;0.872220;0.871630;0.871830;2175;0;14;0.871970
2026.01.21 06:00:00;0.871830;0.872050;0.871800;0.871920;1608;0;14;0.872060
2026.01.21 07:00:00;0.871920;0.872150;0.871780;0.871890;1888;0;14;0.872030
2026.01.21 08:00:00;0.871890;0.872470;0.871800;0.872440;1847;0;12;0.872560
2026.01.21 09:00:00;0.872440;0.872680;0.871420;0.871530;3055;0;12;0.871650
2026.01.21 10:00:00;0.871530;0.871790;0.870810;0.871290;2995;0;12;0.871410
2026.01.21 11:00:00;0.871290;0.872750;0.871240;0.872640;2487;0;12;0.872760
2026.01.21 12:00:00;0.872640;0.873300;0.872600;0.873090;2718;0;13;0.873220
2026.01.21 13:00:00;0.873080;0.873570;0.872920;0.873470;2989;0;12;0.873590
2026.01.21 14:00:00;0.873470;0.874320;0.873250;0.874030;3164;0;12;0.874150
2026.01.21 15:00:00;0.874040;0.874490;0.873150;0.873260;3669;0;12;0.873380
2026.01.21 16:00:00;0.873260;0.873400;0.871360;0.871580;6884;0;12;0.871700
2026.01.21 17:00:00;0.871580;0.871610;0.871080;0.871420;5246;0;12;0.871540
2026.01.21 18:00:00;0.871420;0.871580;0.870890;0.871480;4834;0;12;0.871600
2026.01.21 19:00:00;0.871480;0.871960;0.871300;0.871440;3538;0;12;0.871560
2026.01.21 20:00:00;0.871440;0.871720;0.871260;0.871410;2229;0;13;0.871540
2026.01.21 21:00:00;0.871420;0.871650;0.870620;0.870740;4754;0;13;0.870870
2026.01.21 22:00:00;0.870750;0.870890;0.870330;0.870480;2912;0;13;0.870610
2026.01.21 23:00:00;0.870450;0.870490;0.869810;0.869810;2054;0;13;0.869940
2026.01.22 00:00:00;0.869810;0.870330;0.869480;0.869860;1476;0;12;0.869980
2026.01.22 01:00:00;0.869820;0.870070;0.869450;0.869840;1538;0;12;0.869960
2026.01.22 02:00:00;0.869850;0.870440;0.869840;0.870190;2503;0;12;0.870310
2026.01.22 03:00:00;0.870190;0.870350;0.869940;0.870230;2538;0;13;0.870360
2026.01.22 04:00:00;0.870230;0.870440;0.870110;0.870320;1895;0;14;0.870460
2026.01.22 05:00:00;0.870320;0.870330;0.870110;0.870110;1433;0;14;0.870250
2026.01.22 06:00:00;0.870120;0.870400;0.870120;0.870370;1546;0;13;0.870500
2026.01.22 07:00:00;0.870370;0.870580;0.870240;0.870300;1542;0;14;0.870440
2026.01.22 08:00:00;0.870300;0.870800;0.870250;0.870520;1855;0;14;0.870660
2026.01.22 09:00:00;0.870520;0.870520;0.869880;0.870310;2315;0;13;0.870440
2026.01.22 10:00:00;0.870310;0.871360;0.870170;0.871040;2918;0;12;0.871160
2026.01.22 11:00:00;0.871050;0.871080;0.869490;0.869630;2416;0;12;0.869750
2026.01.22 12:00:00;0.869630;0.869740;0.869200;0.869590;2323;0;12;0.869710
2026.01.22 13:00:00;0.869610;0.872310;0.869230;0.871880;5005;0;12;0.872000
2026.01.22 14:00:00;0.871880;0.872080;0.870830;0.871690;3399;0;12;0.871810
2026.01.22 15:00:00;0.871690;0.873200;0.871420;0.872600;4792;0;12;0.872720
2026.01.22 16:00:00;0.872600;0.872770;0.871360;0.871470;4486;0;12;0.871590
2026.01.22 17:00:00;0.871480;0.871490;0.869970;0.870540;4177;0;12;0.870660
2026.01.22 18:00:00;0.870540;0.870770;0.869970;0.870140;3700;0;12;0.870260
2026.01.22 19:00:00;0.870150;0.870710;0.870050;0.870530;3021;0;12;0.870650
2026.01.22 20:00:00;0.870530;0.870540;0.869920;0.870180;2034;0;13;0.870310
2026.01.22 21:00:00;0.870180;0.870610;0.870150;0.870420;1619;0;13;0.870550
2026.01.22 22:00:00;0.870420;0.870500;0.870160;0.870360;1492;0;14;0.870500
2026.01.22 23:00:00;0.870360;0.870520;0.870010;0.870240;1776;0;13;0.870370
2026.01.23 00:00:00;0.870540;0.870830;0.870080;0.870420;2840;0;12;0.870540
2026.01.23 01:00:00;0.870420;0.870650;0.870380;0.870600;1354;0;14;0.870740
2026.01.23 02:00:00;0.870600;0.870610;0.870330;0.870400;2153;0;14;0.870540
2026.01.23 03:00:00;0.870400;0.870490;0.870200;0.870370;3064;0;14;0.870510
2026.01.23 04:00:00;0.870380;0.870580;0.870270;0.870420;1983;0;14;0.870560
2026.01.23 05:00:00;0.870420;0.870610;0.870340;0.870450;1923;0;14;0.870590
2026.01.23 06:00:00;0.870450;0.870540;0.870310;0.870480;1313;0;12;0.870600
2026.01.23 07:00:00;0.870460;0.870650;0.870400;0.870440;1608;0;13;0.870570
2026.01.23 08:00:00;0.870440;0.870820;0.870350;0.870740;2998;0;13;0.870870
2026.01.23 09:00:00;0.870740;0.870740;0.869210;0.869730;3881;0;12;0.869850
2026.01.23 10:00:00;0.869730;0.870320;0.869420;0.869460;3579;0;12;0.869580
2026.01.23 11:00:00;0.869460;0.869650;0.867140;0.867270;3614;0;12;0.867390
2026.01.23 12:00:00;0.867270;0.867580;0.866660;0.867400;2755;0;12;0.867520
2026.01.23 13:00:00;0.867400;0.868380;0.867160;0.868180;3316;0;12;0.868300
2026.01.23 14:00:00;0.868190;0.868240;0.867690;0.867890;2437;0;12;0.868010
2026.01.23 15:00:00;0.867890;0.868000;0.867330;0.867500;2801;0;12;0.867620
2026.01.23 16:00:00;0.867500;0.868260;0.867490;0.867660;3095;0;12;0.867780
2026.01.23 17:00:00;0.867610;0.867750;0.866580;0.866740;3389;0;12;0.866860
2026.01.23 18:00:00;0.866740;0.866800;0.865740;0.866150;4600;0;12;0.866270
2026.01.23 19:00:00;0.866150;0.866850;0.865980;0.866620;6274;0;12;0.866740
2026.01.23 20:00:00;0.866620;0.866700;0.866200;0.866640;4832;0;12;0.866760
2026.01.23 21:00:00;0.866640;0.867000;0.866430;0.866920;3262;0;12;0.867040
2026.01.23 22:00:00;0.866920;0.867140;0.866740;0.866760;3587;0;12;0.866880
2026.01.23 23:00:00;0.866760;0.867280;0.866380;0.867000;4313;0;13;0.867130
2026.01.26 00:00:00;0.867420;0.869230;0.866870;0.868960;1412;0;23;0.869190
2026.01.26 01:00:00;0.868960;0.869650;0.867780;0.867870;5035;0;12;0.867990
2026.01.26 02:00:00;0.867850;0.868580;0.867730;0.867780;5199;0;13;0.867910
2026.01.26 03:00:00;0.867840;0.868120;0.867470;0.867910;5071;0;12;0.868030
2026.01.26 04:00:00;0.867910;0.868210;0.867880;0.868100;3765;0;12;0.868220
2026.01.26 05:00:00;0.868100;0.868370;0.868020;0.868310;2431;0;14;0.868450
2026.01.26 06:00:00;0.868310;0.868460;0.868040;0.868070;2085;0;12;0.868190
2026.01.26 07:00:00;0.868070;0.868340;0.867980;0.868060;1830;0;12;0.868180
2026.01.26 08:00:00;0.868060;0.868070;0.867540;0.867770;2598;0;14;0.867910
2026.01.26 09:00:00;0.867770;0.867890;0.867180;0.867440;3788;0;13;0.867570
2026.01.26 10:00:00;0.867450;0.867980;0.867280;0.867510;4890;0;12;0.867630
2026.01.26 11:00:00;0.867510;0.867890;0.866820;0.867650;3788;0;13;0.867780
2026.01.26 12:00:00;0.867650;0.867770;0.867040;0.867500;3071;0;12;0.867620
2026.01.26 13:00:00;0.867510;0.867550;0.866920;0.867450;2952;0;12;0.867570
2026.01.26 14:00:00;0.867450;0.867810;0.867030;0.867270;2847;0;12;0.867390
2026.01.26 15:00:00;0.867270;0.868210;0.867220;0.867750;3186;0;13;0.867880
2026.01.26 16:00:00;0.867750;0.867880;0.867150;0.867550;4161;0;12;0.867670
2026.01.26 17:00:00;0.867550;0.867900;0.866750;0.867680;4639;0;12;0.867800
2026.01.26 18:00:00;0.867690;0.868200;0.866920;0.867700;5214;0;12;0.867820
2026.01.26 19:00:00;0.867700;0.867860;0.867230;0.867740;3177;0;13;0.867870
2026.01.26 20:00:00;0.867740;0.867950;0.867370;0.867720;2687;0;12;0.867840
2026.01.26 21:00:00;0.867720;0.868290;0.867610;0.868120;2730;0;13;0.868250
2026.01.26 22:00:00;0.868120;0.868510;0.868090;0.868490;2135;0;13;0.868620
2026.01.26 23:00:00;0.868480;0.868570;0.868120;0.868220;1722;0;13;0.868350
2026.01.27 00:00:00;0.868070;0.868460;0.867610;0.868230;1575;0;23;0.868460
2026.01.27 01:00:00;0.868280;0.868580;0.868050;0.868200;1231;0;12;0.868320
2026.01.27 02:00:00;0.868200;0.868640;0.868130;0.868560;2147;0;13;0.868690
2026.01.27 03:00:00;0.868560;0.868560;0.868190;0.868260;2347;0;13;0.868390
2026.01.27 04:00:00;0.868260;0.868480;0.867980;0.868340;2143;0;12;0.868460
2026.01.27 05:00:00;0.868340;0.868340;0.867780;0.868100;2033;0;12;0.868220
2026.01.27 06:00:00;0.868120;0.868200;0.867920;0.868200;1847;0;12;0.868320
2026.01.27 07:00:00;0.868200;0.868320;0.867980;0.868180;1971;0;14;0.868320
2026.01.27 08:00:00;0.868180;0.868200;0.867520;0.867610;2368;0;13;0.867740
2026.01.27 09:00:00;0.867610;0.867740;0.867210;0.867500;2981;0;13;0.867630
2026.01.27 10:00:00;0.867500;0.867680;0.867020;0.867260;3681;0;12;0.867380
2026.01.27 11:00:00;0.867260;0.868000;0.867200;0.867780;3647;0;12;0.867900
2026.01.27 12:00:00;0.867780;0.867860;0.866990;0.867510;3774;0;12;0.867630
2026.01.27 13:00:00;0.867500;0.867660;0.867240;0.867510;2620;0;12;0.867630
2026.01.27 14:00:00;0.867510;0.868510;0.867380;0.868010;5666;0;12;0.868130
2026.01.27 15:00:00;0.868030;0.868420;0.867680;0.868010;5765;0;13;0.868140
2026.01.27 16:00:00;0.868010;0.868510;0.866970;0.867300;6259;0;12;0.867420
2026.01.27 17:00:00;0.867290;0.869410;0.867070;0.868970;7291;0;12;0.869090
2026.01.27 18:00:00;0.868970;0.869780;0.868830;0.869230;5438;0;12;0.869350
2026.01.27 19:00:00;0.869220;0.869430;0.868690;0.868820;4967;0;13;0.868950
2026.01.27 20:00:00;0.868820;0.869440;0.868800;0.869300;3728;0;14;0.869440
2026.01.27 21:00:00;0.869300;0.869350;0.868720;0.868870;2945;0;13;0.869000
2026.01.27 22:00:00;0.868870;0.871560;0.868700;0.869330;7320;0;12;0.869450
2026.01.27 23:00:00;0.869340;0.870090;0.869150;0.869150;6593;0;12;0.869270
2026.01.28 00:00:00;0.870610;0.870610;0.869060;0.869490;1355;0;12;0.869610
2026.01.28 01:00:00;0.869540;0.869850;0.869140;0.869430;2820;0;12;0.869550
2026.01.28 02:00:00;0.869430;0.869600;0.869040;0.869470;4738;0;14;0.869610
2026.01.28 03:00:00;0.869470;0.869490;0.868700;0.868960;4082;0;14;0.869100
2026.01.28 04:00:00;0.868960;0.869220;0.868900;0.869070;2953;0;12;0.869190
2026.01.28 05:00:00;0.869070;0.869370;0.868920;0.869260;2185;0;14;0.869400
2026.01.28 06:00:00;0.869260;0.869600;0.869050;0.869370;1660;0;12;0.869490
2026.01.28 07:00:00;0.869370;0.869370;0.868210;0.868960;2890;0;14;0.869100
2026.01.28 08:00:00;0.868950;0.869120;0.868440;0.868740;2728;0;14;0.868880
2026.01.28 09:00:00;0.868740;0.869480;0.868670;0.868770;4314;0;13;0.868900
2026.01.28 10:00:00;0.868780;0.869250;0.868110;0.868890;5287;0;12;0.869010
2026.01.28 11:00:00;0.868890;0.869520;0.868890;0.869320;4154;0;12;0.869440
2026.01.28 12:00:00;0.869320;0.869440;0.868630;0.869130;3480;0;12;0.869250
2026.01.28 13:00:00;0.869130;0.869290;0.868320;0.869050;3585;0;13;0.869180
2026.01.28 14:00:00;0.869050;0.869200;0.868210;0.868420;3520;0;12;0.868540
2026.01.28 15:00:00;0.868420;0.868590;0.867890;0.868280;4126;0;13;0.868410
2026.01.28 16:00:00;0.868280;0.868390;0.867350;0.867610;4851;0;12;0.867730
2026.01.28 17:00:00;0.867610;0.868070;0.865780;0.866030;10253;0;12;0.866150
2026.01.28 18:00:00;0.866020;0.866590;0.865720;0.866150;6229;0;12;0.866270
2026.01.28 19:00:00;0.866150;0.866370;0.865500;0.865870;3301;0;13;0.866000
2026.01.28 20:00:00;0.865870;0.866070;0.865240;0.865420;3583;0;12;0.865540
2026.01.28 21:00:00;0.865440;0.865620;0.864820;0.865580;8077;0;12;0.865700
2026.01.28 22:00:00;0.865580;0.865830;0.865150;0.865590;4396;0;13;0.865720
2026.01.28 23:00:00;0.865590;0.865720;0.865220;0.865420;2894;0;14;0.865560
2026.01.29 00:00:00;0.865370;0.866330;0.865350;0.866010;6467;0;12;0.866130
2026.01.29 01:00:00;0.865960;0.866380;0.865700;0.866380;2732;0;13;0.866510
2026.01.29 02:00:00;0.866370;0.866610;0.866040;0.866270;3582;0;14;0.866410
2026.01.29 03:00:00;0.866270;0.866640;0.866140;0.866480;3908;0;15;0.866630
2026.01.29 04:00:00;0.866490;0.866870;0.866430;0.866760;2860;0;14;0.866900
2026.01.29 05:00:00;0.866750;0.866770;0.866380;0.866440;2383;0;14;0.866580
2026.01.29 06:00:00;0.866440;0.866590;0.866060;0.866300;2263;0;14;0.866440
2026.01.29 07:00:00;0.866290;0.866340;0.865720;0.865750;2009;0;15;0.865900
2026.01.29 08:00:00;0.865750;0.866230;0.865720;0.865990;2525;0;12;0.866110
2026.01.29 09:00:00;0.866000;0.866260;0.865460;0.865600;3908;0;14;0.865740
2026.01.29 10:00:00;0.865610;0.866140;0.864890;0.865880;4932;0;13;0.866010
2026.01.29 11:00:00;0.865880;0.866160;0.865760;0.866050;4090;0;13;0.866180
2026.01.29 12:00:00;0.866050;0.866400;0.865730;0.866370;3760;0;12;0.866490
2026.01.29 13:00:00;0.866360;0.866420;0.865940;0.866010;3458;0;12;0.866130
2026.01.29 14:00:00;0.866010;0.866220;0.865690;0.865830;3030;0;12;0.865950
2026.01.29 15:00:00;0.865820;0.866260;0.865250;0.865920;5211;0;13;0.866050
2026.01.29 16:00:00;0.865920;0.865970;0.864910;0.865640;5742;0;12;0.865760
2026.01.29 17:00:00;0.865640;0.867050;0.865530;0.866660;12388;0;12;0.866780
2026.01.29 18:00:00;0.866660;0.866950;0.865730;0.865780;8067;0;12;0.865900
2026.01.29 19:00:00;0.865780;0.866420;0.865620;0.866400;5530;0;13;0.866530
2026.01.29 20:00:00;0.866400;0.866780;0.866320;0.866550;3840;0;14;0.866690
2026.01.29 21:00:00;0.866560;0.866720;0.866290;0.866370;2944;0;12;0.866490
2026.01.29 22:00:00;0.866360;0.866750;0.866230;0.866620;2931;0;13;0.866750
2026.01.29 23:00:00;0.866620;0.866790;0.866430;0.866510;2208;0;14;0.866650
2026.01.30 00:00:00;0.866470;0.866850;0.866310;0.866610;1328;0;12;0.866730
2026.01.30 01:00:00;0.866600;0.866900;0.866490;0.866600;1486;0;12;0.866720
2026.01.30 02:00:00;0.866600;0.866710;0.865550;0.865950;4344;0;12;0.866070
2026.01.30 03:00:00;0.865950;0.866550;0.865510;0.865910;6254;0;12;0.866030
2026.01.30 04:00:00;0.865910;0.866540;0.865570;0.865960;6599;0;12;0.866080
2026.01.30 05:00:00;0.865970;0.866710;0.865780;0.866620;3252;0;13;0.866750
2026.01.30 06:00:00;0.866620;0.867030;0.866520;0.866970;2195;0;14;0.867110
2026.01.30 07:00:00;0.866970;0.867220;0.866600;0.866800;2531;0;14;0.866940
2026.01.30 08:00:00;0.866800;0.867110;0.866580;0.866700;4015;0;14;0.866840
2026.01.30 09:00:00;0.866690;0.867090;0.866230;0.866860;4995;0;12;0.866980
2026.01.30 10:00:00;0.866880;0.867140;0.866210;0.866840;4784;0;12;0.866960
2026.01.30 11:00:00;0.866850;0.867320;0.866580;0.867000;5588;0;12;0.867120
2026.01.30 12:00:00;0.866990;0.867440;0.866600;0.867000;4012;0;12;0.867120
2026.01.30 13:00:00;0.867000;0.867310;0.866760;0.867110;4127;0;12;0.867230
2026.01.30 14:00:00;0.867110;0.867120;0.865950;0.866020;4190;0;12;0.866140
2026.01.30 15:00:00;0.866020;0.866940;0.865780;0.866620;6102;0;12;0.866740
2026.01.30 16:00:00;0.866630;0.866800;0.865960;0.866520;6571;0;12;0.866640
2026.01.30 17:00:00;0.866500;0.867310;0.865890;0.866920;8443;0;12;0.867040
2026.01.30 18:00:00;0.866920;0.867020;0.865430;0.865790;8448;0;12;0.865910
2026.01.30 19:00:00;0.865790;0.866490;0.865660;0.865950;6728;0;12;0.866070
2026.01.30 20:00:00;0.865950;0.866600;0.865860;0.866210;7148;0;13;0.866340
2026.01.30 21:00:00;0.866210;0.866710;0.866090;0.866400;5360;0;14;0.866540
2026.01.30 22:00:00;0.866400;0.866430;0.865960;0.866130;3951;0;12;0.866250
2026.01.30 23:00:00;0.866130;0.866320;0.865380;0.865380;4795;0;13;0.865510
2026.02.02 00:00:00;0.865500;0.865910;0.865100;0.865620;1277;0;12;0.865740
2026.02.02 01:00:00;0.865710;0.866560;0.865500;0.866110;4906;0;12;0.866230
2026.02.02 02:00:00;0.866110;0.866530;0.865980;0.866070;5808;0;12;0.866190
2026.02.02 03:00:00;0.866070;0.866940;0.866050;0.866800;6764;0;13;0.866930
2026.02.02 04:00:00;0.866800;0.867020;0.866540;0.866940;3778;0;14;0.867080
2026.02.02 05:00:00;0.866930;0.867300;0.866890;0.866910;3148;0;14;0.867050
2026.02.02 06:00:00;0.866910;0.867310;0.866830;0.866960;2686;0;13;0.867090
2026.02.02 07:00:00;0.866960;0.867050;0.866600;0.866670;3190;0;14;0.866810
2026.02.02 08:00:00;0.866660;0.867060;0.866520;0.866670;4574;0;13;0.866800
2026.02.02 09:00:00;0.866690;0.866990;0.866300;0.866420;4569;0;13;0.866550
2026.02.02 10:00:00;0.866420;0.866630;0.865230;0.865420;5222;0;13;0.865550
2026.02.02 11:00:00;0.865420;0.865700;0.865160;0.865200;4620;0;13;0.865330
2026.02.02 12:00:00;0.865200;0.865950;0.865090;0.865830;4086;0;12;0.865950
2026.02.02 13:00:00;0.865840;0.866190;0.865550;0.865930;3366;0;13;0.866060
2026.02.02 14:00:00;0.865940;0.866020;0.865190;0.865610;3804;0;12;0.865730
2026.02.02 15:00:00;0.865610;0.865990;0.865410;0.865790;5638;0;12;0.865910
2026.02.02 16:00:00;0.865790;0.866080;0.864800;0.864800;5654;0;12;0.864920
2026.02.02 17:00:00;0.864810;0.865330;0.864250;0.865210;7829;0;12;0.865330
2026.02.02 18:00:00;0.865200;0.865500;0.864400;0.864660;5746;0;12;0.864780
2026.02.02 19:00:00;0.864660;0.864670;0.863690;0.863740;4008;0;13;0.863870
2026.02.02 20:00:00;0.863740;0.863810;0.862810;0.862890;3581;0;12;0.863010
2026.02.02 21:00:00;0.862890;0.863100;0.862710;0.862970;2929;0;13;0.863100
2026.02.02 22:00:00;0.862970;0.862980;0.862520;0.862740;2262;0;14;0.862880
2026.02.02 23:00:00;0.862740;0.862860;0.862450;0.862710;2116;0;13;0.862840
2026.02.03 00:00:00;0.862670;0.862760;0.862150;0.862560;1373;0;24;0.862800
2026.02.03 01:00:00;0.862550;0.863010;0.862550;0.862840;1207;0;14;0.862980
2026.02.03 02:00:00;0.862840;0.863150;0.862820;0.862940;2368;0;13;0.863070
2026.02.03 03:00:00;0.862940;0.863210;0.862900;0.863110;2595;0;14;0.863250
2026.02.03 04:00:00;0.863120;0.863200;0.862990;0.863040;1997;0;14;0.863180
2026.02.03 05:00:00;0.863050;0.863170;0.862750;0.862860;2653;0;13;0.862990
2026.02.03 06:00:00;0.862860;0.862990;0.862600;0.862700;1673;0;14;0.862840
2026.02.03 07:00:00;0.862700;0.862750;0.862440;0.862520;1886;0;13;0.862650
2026.02.03 08:00:00;0.862520;0.862810;0.862240;0.862670;2444;0;12;0.862790
2026.02.03 09:00:00;0.862670;0.863390;0.862390;0.862520;3852;0;13;0.862650
2026.02.03 10:00:00;0.862520;0.863430;0.862490;0.863050;3583;0;13;0.863180
2026.02.03 11:00:00;0.863060;0.863190;0.862410;0.862730;3986;0;12;0.862850
2026.02.03 12:00:00;0.862730;0.863120;0.862660;0.863100;3431;0;13;0.863230
2026.02.03 13:00:00;0.863100;0.863570;0.862890;0.863390;2731;0;14;0.863530
2026.02.03 14:00:00;0.863390;0.863390;0.861970;0.862110;2826;0;12;0.862230
2026.02.03 15:00:00;0.862110;0.862810;0.862110;0.862810;3668;0;12;0.862930
2026.02.03 16:00:00;0.862810;0.862820;0.862170;0.862560;5450;0;13;0.862690
2026.02.03 17:00:00;0.862560;0.862570;0.861880;0.861970;5148;0;13;0.862100
2026.02.03 18:00:00;0.861970;0.862810;0.861900;0.862580;4233;0;12;0.862700
2026.02.03 19:00:00;0.862580;0.863010;0.862420;0.862690;3920;0;12;0.862810
2026.02.03 20:00:00;0.862690;0.863500;0.862670;0.863280;3746;0;13;0.863410
2026.02.03 21:00:00;0.863280;0.863390;0.862910;0.862970;3215;0;13;0.863100
2026.02.03 22:00:00;0.862970;0.863050;0.862820;0.862980;2240;0;13;0.863110
2026.02.03 23:00:00;0.862990;0.863190;0.862540;0.862580;1736;0;14;0.862720
2026.02.04 00:00:00;0.862530;0.862740;0.862240;0.862590;1820;0;12;0.862710
2026.02.04 01:00:00;0.862590;0.862770;0.862480;0.862550;1130;0;15;0.862700
2026.02.04 02:00:00;0.862540;0.862810;0.862330;0.862640;2253;0;14;0.862780
2026.02.04 03:00:00;0.862650;0.863060;0.862400;0.862700;3100;0;15;0.862850
2026.02.04 04:00:00;0.862700;0.862880;0.862660;0.862810;1896;0;13;0.862940
2026.02.04 05:00:00;0.862820;0.863030;0.862670;0.862950;1725;0;14;0.863090
2026.02.04 06:00:00;0.862940;0.862970;0.862650;0.862800;1571;0;13;0.862930
2026.02.04 07:00:00;0.862800;0.862850;0.862490;0.862670;1556;0;15;0.862820
2026.02.04 08:00:00;0.862670;0.862700;0.862370;0.862570;2471;0;13;0.862700
2026.02.04 09:00:00;0.862570;0.862800;0.862380;0.862570;2691;0;14;0.862710
2026.02.04 10:00:00;0.862570;0.862570;0.861400;0.861490;3360;0;13;0.861620
2026.02.04 11:00:00;0.861490;0.862310;0.861450;0.861690;3242;0;12;0.861810
2026.02.04 12:00:00;0.861700;0.862380;0.861190;0.861200;2667;0;12;0.861320
2026.02.04 13:00:00;0.861200;0.861940;0.861180;0.861420;2565;0;12;0.861540
2026.02.04 14:00:00;0.861420;0.861710;0.861200;0.861550;2534;0;12;0.861670
2026.02.04 15:00:00;0.861550;0.862140;0.861150;0.862030;4035;0;13;0.862160
2026.02.04 16:00:00;0.862030;0.863140;0.861730;0.863020;5334;0;12;0.863140
2026.02.04 17:00:00;0.863020;0.863640;0.862900;0.863220;7260;0;12;0.863340
2026.02.04 18:00:00;0.863230;0.864570;0.863210;0.864090;5133;0;12;0.864210
2026.02.04 19:00:00;0.864090;0.864480;0.863680;0.864430;5300;0;13;0.864560
2026.02.04 20:00:00;0.864430;0.864680;0.864070;0.864400;3652;0;13;0.864530
2026.02.04 21:00:00;0.864400;0.864640;0.864210;0.864220;2973;0;12;0.864340
2026.02.04 22:00:00;0.864220;0.864760;0.864080;0.864590;2414;0;13;0.864720
2026.02.04 23:00:00;0.864630;0.864770;0.864340;0.864440;1957;0;13;0.864570
2026.02.05 00:00:00;0.864270;0.864780;0.863400;0.864660;1344;0;12;0.864780
2026.02.05 01:00:00;0.864640;0.864980;0.864500;0.864740;1594;0;12;0.864860
2026.02.05 02:00:00;0.864740;0.864800;0.864490;0.864580;1561;0;14;0.864720
2026.02.05 03:00:00;0.864580;0.864960;0.864510;0.864770;2438;0;13;0.864900
2026.02.05 04:00:00;0.864770;0.865200;0.864760;0.865140;2851;0;14;0.865280
2026.02.05 05:00:00;0.865150;0.865200;0.864920;0.865190;2330;0;15;0.865340
2026.02.05 06:00:00;0.865190;0.865190;0.864980;0.865020;1028;0;15;0.865170
2026.02.05 07:00:00;0.865020;0.865640;0.864970;0.865560;1240;0;13;0.865690
2026.02.05 08:00:00;0.865560;0.866080;0.865520;0.865700;2130;0;12;0.865820
2026.02.05 09:00:00;0.865720;0.866380;0.865710;0.866200;2823;0;13;0.866330
2026.02.05 10:00:00;0.866190;0.867550;0.865860;0.867550;3924;0;13;0.867680
2026.02.05 11:00:00;0.867550;0.869270;0.867390;0.868310;3805;0;12;0.868430
2026.02.05 12:00:00;0.868310;0.868750;0.867060;0.867470;3124;0;12;0.867590
2026.02.05 13:00:00;0.867470;0.867800;0.866060;0.866160;3083;0;12;0.866280
2026.02.05 14:00:00;0.866230;0.870380;0.866230;0.868710;8005;0;12;0.868830
2026.02.05 15:00:00;0.868710;0.869790;0.868290;0.869360;6786;0;12;0.869480
2026.02.05 16:00:00;0.869360;0.871540;0.869130;0.871450;7535;0;12;0.871570
2026.02.05 17:00:00;0.871460;0.872020;0.870840;0.871520;7625;0;12;0.871640
2026.02.05 18:00:00;0.871520;0.871880;0.870390;0.870870;5122;0;12;0.870990
2026.02.05 19:00:00;0.870880;0.871410;0.870490;0.870750;3418;0;12;0.870870
2026.02.05 20:00:00;0.870750;0.871060;0.870480;0.870750;2140;0;12;0.870870
2026.02.05 21:00:00;0.870730;0.870830;0.870320;0.870380;1855;0;14;0.870520
2026.02.05 22:00:00;0.870380;0.870560;0.869860;0.870060;2116;0;15;0.870210
2026.02.05 23:00:00;0.870060;0.870550;0.869950;0.870020;2252;0;12;0.870140
2026.02.06 00:00:00;0.870100;0.870620;0.869630;0.870300;979;0;12;0.870420
2026.02.06 01:00:00;0.870290;0.870950;0.869980;0.870900;1737;0;12;0.871020
2026.02.06 02:00:00;0.870900;0.871290;0.870550;0.870780;2967;0;14;0.870920
2026.02.06 03:00:00;0.870780;0.870860;0.870220;0.870280;3301;0;15;0.870430
2026.02.06 04:00:00;0.870290;0.870390;0.870020;0.870110;1843;0;14;0.870250
2026.02.06 05:00:00;0.870100;0.870200;0.869980;0.870080;1346;0;15;0.870230
2026.02.06 06:00:00;0.870090;0.870160;0.869760;0.869810;1247;0;15;0.869960
2026.02.06 07:00:00;0.869810;0.869910;0.869360;0.869370;1355;0;15;0.869520
2026.02.06 08:00:00;0.869370;0.869380;0.868960;0.869160;2009;0;14;0.869300
2026.02.06 09:00:00;0.869160;0.869340;0.868600;0.869060;2394;0;14;0.869200
2026.02.06 10:00:00;0.869060;0.869360;0.868670;0.869050;3229;0;13;0.869180
2026.02.06 11:00:00;0.869050;0.869220;0.868390;0.868440;2892;0;13;0.868570
2026.02.06 12:00:00;0.868440;0.868780;0.868360;0.868460;2255;0;14;0.868600
2026.02.06 13:00:00;0.868460;0.868490;0.867490;0.867850;2503;0;13;0.867980
2026.02.06 14:00:00;0.867850;0.867890;0.867210;0.867720;2218;0;14;0.867860
2026.02.06 15:00:00;0.867710;0.869240;0.867590;0.869040;2896;0;13;0.869170
2026.02.06 16:00:00;0.869040;0.869310;0.868400;0.868550;4157;0;12;0.868670
2026.02.06 17:00:00;0.868540;0.868560;0.867970;0.868050;4670;0;12;0.868170
2026.02.06 18:00:00;0.868050;0.868350;0.867770;0.868200;3557;0;12;0.868320
2026.02.06 19:00:00;0.868200;0.868310;0.867530;0.867710;2314;0;12;0.867830
2026.02.06 20:00:00;0.867710;0.868090;0.867570;0.868060;1863;0;12;0.868180
2026.02.06 21:00:00;0.868060;0.868080;0.867790;0.867920;1450;0;14;0.868060
2026.02.06 22:00:00;0.867920;0.868270;0.867910;0.867970;1325;0;13;0.868100
2026.02.06 23:00:00;0.867970;0.868090;0.867440;0.867670;1766;0;12;0.867790
2026.02.09 00:00:00;0.868210;0.868390;0.867980;0.868330;503;0;43;0.868760
2026.02.09 01:00:00;0.868310;0.869270;0.868170;0.868910;3054;0;12;0.869030
2026.02.09 02:00:00;0.868910;0.869270;0.868610;0.869080;2868;0;13;0.869210
2026.02.09 03:00:00;0.869080;0.869620;0.868960;0.869360;2883;0;12;0.869480
2026.02.09 04:00:00;0.869350;0.869500;0.868500;0.868720;1519;0;13;0.868850
2026.02.09 05:00:00;0.868730;0.869150;0.868680;0.868990;1197;0;14;0.869130
2026.02.09 06:00:00;0.869000;0.869290;0.868850;0.869230;900;0;15;0.869380
2026.02.09 07:00:00;0.869230;0.869310;0.869090;0.869110;860;0;13;0.869240
2026.02.09 08:00:00;0.869110;0.870530;0.869100;0.870370;3220;0;12;0.870490
2026.02.09 09:00:00;0.870360;0.872030;0.870360;0.871400;3640;0;12;0.871520
2026.02.09 10:00:00;0.871400;0.872410;0.871250;0.872180;4019;0;12;0.872300
2026.02.09 11:00:00;0.872180;0.872560;0.871780;0.872080;2616;0;12;0.872200
2026.02.09 12:00:00;0.872080;0.872180;0.871050;0.871400;3179;0;12;0.871520
2026.02.09 13:00:00;0.871390;0.872120;0.869890;0.870270;4129;0;12;0.870390
2026.02.09 14:00:00;0.870270;0.870480;0.869570;0.869680;2919;0;12;0.869800
2026.02.09 15:00:00;0.869680;0.872020;0.869510;0.871910;5223;0;12;0.872030
2026.02.09 16:00:00;0.871910;0.874090;0.871830;0.873440;6546;0;12;0.873560
2026.02.09 17:00:00;0.873440;0.873580;0.870070;0.870830;6177;0;12;0.870950
2026.02.09 18:00:00;0.870800;0.870950;0.869790;0.870500;4573;0;12;0.870620
2026.02.09 19:00:00;0.870500;0.871040;0.870440;0.870930;2056;0;14;0.871070
2026.02.09 20:00:00;0.870950;0.871230;0.870290;0.870320;2832;0;13;0.870450
2026.02.09 21:00:00;0.870320;0.870530;0.870060;0.870180;2683;0;13;0.870310
2026.02.09 22:00:00;0.870180;0.870250;0.869780;0.869900;1940;0;14;0.870040
2026.02.09 23:00:00;0.869900;0.870050;0.869480;0.869780;2191;0;15;0.869930
2026.02.10 00:00:00;0.869770;0.869850;0.869360;0.869510;883;0;27;0.869780
2026.02.10 01:00:00;0.869600;0.869940;0.869550;0.869910;983;0;15;0.870060
2026.02.10 02:00:00;0.869910;0.870290;0.869870;0.869880;1597;0;14;0.870020
2026.02.10 03:00:00;0.869880;0.870030;0.869800;0.869920;2474;0;15;0.870070
2026.02.10 04:00:00;0.869920;0.870110;0.869890;0.869930;1581;0;14;0.870070
2026.02.10 05:00:00;0.869930;0.870320;0.869890;0.870300;1439;0;14;0.870440
2026.02.10 06:00:00;0.870300;0.870390;0.870070;0.870190;1102;0;15;0.870340
2026.02.10 07:00:00;0.870190;0.870510;0.870110;0.870410;1124;0;14;0.870550
2026.02.10 08:00:00;0.870420;0.870930;0.870400;0.870520;1591;0;15;0.870670
2026.02.10 09:00:00;0.870530;0.870980;0.870370;0.870910;2116;0;13;0.871040
2026.02.10 10:00:00;0.870910;0.871460;0.870690;0.871060;2825;0;14;0.871200
2026.02.10 11:00:00;0.871060;0.871920;0.870740;0.871600;2494;0;12;0.871720
2026.02.10 12:00:00;0.871600;0.871940;0.871180;0.871480;2206;0;12;0.871600
2026.02.10 13:00:00;0.871480;0.871570;0.871050;0.871140;1933;0;13;0.871270
2026.02.10 14:00:00;0.871140;0.871260;0.868500;0.868910;3659;0;12;0.869030
2026.02.10 15:00:00;0.868910;0.870410;0.868640;0.870110;4750;0;12;0.870230
2026.02.10 16:00:00;0.870110;0.871450;0.870060;0.871060;4828;0;13;0.871190
2026.02.10 17:00:00;0.871070;0.871710;0.870870;0.871210;5510;0;13;0.871340
2026.02.10 18:00:00;0.871210;0.871710;0.870540;0.870660;4206;0;13;0.870790
2026.02.10 19:00:00;0.870670;0.871660;0.870590;0.871170;2958;0;12;0.871290
2026.02.10 20:00:00;0.871170;0.871690;0.871120;0.871500;2245;0;14;0.871640
2026.02.10 21:00:00;0.871500;0.871590;0.871200;0.871440;1995;0;14;0.871580
2026.02.10 22:00:00;0.871440;0.871820;0.871310;0.871770;1515;0;14;0.871910
2026.02.10 23:00:00;0.871770;0.872110;0.871690;0.871710;1317;0;14;0.871850
2026.02.11 00:00:00;0.871720;0.871910;0.871090;0.871540;1642;0;12;0.871660
2026.02.11 01:00:00;0.871550;0.872130;0.871550;0.871910;765;0;14;0.872050
2026.02.11 02:00:00;0.871910;0.872310;0.871850;0.872170;2442;0;14;0.872310
2026.02.11 03:00:00;0.872170;0.872210;0.871780;0.871910;2872;0;13;0.872040
2026.02.11 04:00:00;0.871910;0.872140;0.871740;0.871810;1826;0;15;0.871960
2026.02.11 05:00:00;0.871810;0.871840;0.871400;0.871570;1391;0;13;0.871700
2026.02.11 06:00:00;0.871580;0.871750;0.871460;0.871670;1070;0;14;0.871810
2026.02.11 07:00:00;0.871670;0.871830;0.871460;0.871780;1264;0;14;0.871920
2026.02.11 08:00:00;0.871780;0.871870;0.871410;0.871530;1960;0;14;0.871670
2026.02.11 09:00:00;0.871530;0.871760;0.871190;0.871470;2224;0;14;0.871610
2026.02.11 10:00:00;0.871460;0.871590;0.870180;0.870370;2851;0;12;0.870490
2026.02.11 11:00:00;0.870340;0.870420;0.869830;0.870120;2626;0;12;0.870240
2026.02.11 12:00:00;0.870110;0.870630;0.869530;0.869700;2334;0;12;0.869820
2026.02.11 13:00:00;0.869700;0.869830;0.869390;0.869670;2302;0;14;0.869810
2026.02.11 14:00:00;0.869670;0.870050;0.869560;0.869820;2919;0;13;0.869950
2026.02.11 15:00:00;0.869820;0.870420;0.868850;0.869460;8720;0;12;0.869580
2026.02.11 16:00:00;0.869440;0.869540;0.868240;0.868440;7523;0;12;0.868560
2026.02.11 17:00:00;0.868440;0.869910;0.868200;0.869790;7298;0;12;0.869910
2026.02.11 18:00:00;0.869790;0.870470;0.869210;0.870330;5235;0;13;0.870460
2026.02.11 19:00:00;0.870340;0.870530;0.869850;0.870180;3800;0;12;0.870300
2026.02.11 20:00:00;0.870180;0.871050;0.870170;0.871050;2654;0;13;0.871180
2026.02.11 21:00:00;0.871070;0.871400;0.870900;0.871320;1954;0;14;0.871460
2026.02.11 22:00:00;0.871300;0.871380;0.871100;0.871370;1557;0;15;0.871520
2026.02.11 23:00:00;0.871370;0.871510;0.870880;0.870920;1378;0;14;0.871060
2026.02.12 00:00:00;0.870910;0.871360;0.870820;0.871150;907;0;16;0.871310
2026.02.12 01:00:00;0.871150;0.871670;0.871120;0.871580;944;0;16;0.871740
2026.02.12 02:00:00;0.871580;0.871620;0.871130;0.871170;1921;0;14;0.871310
2026.02.12 03:00:00;0.871170;0.871400;0.870900;0.870920;2675;0;13;0.871050
2026.02.12 04:00:00;0.870920;0.871160;0.870890;0.871100;1883;0;13;0.871230
2026.02.12 05:00:00;0.871090;0.871300;0.870570;0.870640;1649;0;14;0.870780
2026.02.12 06:00:00;0.870640;0.870880;0.870470;0.870510;1426;0;15;0.870660
2026.02.12 07:00:00;0.870510;0.870960;0.870440;0.870910;1703;0;14;0.871050
2026.02.12 08:00:00;0.870900;0.871220;0.870750;0.870930;2793;0;12;0.871050
2026.02.12 09:00:00;0.870930;0.871390;0.870660;0.870830;2236;0;13;0.870960
2026.02.12 10:00:00;0.870830;0.871130;0.870460;0.871050;2673;0;13;0.871180
2026.02.12 11:00:00;0.871050;0.871150;0.870510;0.870810;2703;0;14;0.870950
2026.02.12 12:00:00;0.870810;0.870960;0.870500;0.870760;2240;0;12;0.870880
2026.02.12 13:00:00;0.870770;0.870970;0.870460;0.870600;1877;0;14;0.870740
2026.02.12 14:00:00;0.870600;0.871110;0.870430;0.871060;2652;0;12;0.871180
2026.02.12 15:00:00;0.871060;0.871170;0.870390;0.870610;3470;0;12;0.870730
2026.02.12 16:00:00;0.870610;0.870740;0.869420;0.869560;5065;0;13;0.869690
2026.02.12 17:00:00;0.869560;0.870680;0.869330;0.870420;4623;0;13;0.870550
2026.02.12 18:00:00;0.870420;0.871610;0.870260;0.870700;7629;0;12;0.870820
2026.02.12 19:00:00;0.870700;0.871500;0.870340;0.871130;5725;0;12;0.871250
2026.02.12 20:00:00;0.871140;0.871590;0.870990;0.871160;3755;0;12;0.871280
2026.02.12 21:00:00;0.871170;0.871200;0.870910;0.871160;2544;0;12;0.871280
2026.02.12 22:00:00;0.871160;0.871420;0.871020;0.871310;1958;0;15;0.871460
2026.02.12 23:00:00;0.871310;0.871680;0.871190;0.871190;1458;0;15;0.871340
2026.02.13 00:00:00;0.871080;0.871260;0.870670;0.871180;705;0;12;0.871300
2026.02.13 01:00:00;0.871190;0.871580;0.871030;0.871460;931;0;14;0.871600
2026.02.13 02:00:00;0.871460;0.871650;0.871330;0.871480;1670;0;15;0.871630
2026.02.13 03:00:00;0.871500;0.871590;0.871200;0.871390;2037;0;15;0.871540
2026.02.13 04:00:00;0.871390;0.871470;0.871160;0.871360;1251;0;15;0.871510
2026.02.13 05:00:00;0.871360;0.871600;0.871260;0.871490;1063;0;14;0.871630
2026.02.13 06:00:00;0.871510;0.871530;0.871350;0.871430;1054;0;15;0.871580
2026.02.13 07:00:00;0.871430;0.871910;0.871270;0.871690;1646;0;12;0.871810
2026.02.13 08:00:00;0.871690;0.872070;0.871480;0.871570;2236;0;12;0.871690
2026.02.13 09:00:00;0.871570;0.871840;0.870420;0.870940;2709;0;13;0.871070
2026.02.13 10:00:00;0.870940;0.871040;0.870210;0.870670;2681;0;13;0.870800
2026.02.13 11:00:00;0.870670;0.870960;0.870500;0.870570;2201;0;12;0.870690
2026.02.13 12:00:00;0.870570;0.870640;0.869970;0.870600;2160;0;13;0.870730
2026.02.13 13:00:00;0.870600;0.871720;0.870540;0.871670;2443;0;12;0.871790
2026.02.13 14:00:00;0.871670;0.871840;0.871450;0.871640;2693;0;12;0.871760
2026.02.13 15:00:00;0.871650;0.871750;0.870470;0.870890;5588;0;12;0.871010
2026.02.13 16:00:00;0.870890;0.871110;0.870140;0.870230;5709;0;12;0.870350
2026.02.13 17:00:00;0.870240;0.870990;0.869620;0.870290;6011;0;12;0.870410
2026.02.13 18:00:00;0.870300;0.870930;0.869910;0.869930;4030;0;12;0.870050
2026.02.13 19:00:00;0.869930;0.870570;0.869740;0.869960;3002;0;12;0.870080
2026.02.13 20:00:00;0.869960;0.870130;0.869550;0.869630;2414;0;14;0.869770
2026.02.13 21:00:00;0.869630;0.869770;0.869440;0.869680;2450;0;14;0.869820
2026.02.13 22:00:00;0.869680;0.869810;0.869310;0.869420;2284;0;15;0.869570
2026.02.13 23:00:00;0.869420;0.869690;0.868710;0.868730;2051;0;15;0.868880
2026.02.16 00:00:00;0.869930;0.869930;0.869360;0.869660;1017;0;50;0.870160
2026.02.16 01:00:00;0.869660;0.869710;0.869230;0.869460;1785;0;14;0.869600
2026.02.16 02:00:00;0.869460;0.869500;0.869260;0.869450;2161;0;14;0.869590
2026.02.16 03:00:00;0.869450;0.869680;0.869450;0.869570;2367;0;15;0.869720
2026.02.16 04:00:00;0.869570;0.869690;0.869480;0.869680;1590;0;13;0.869810
2026.02.16 05:00:00;0.869680;0.869890;0.869670;0.869840;972;0;14;0.869980
2026.02.16 06:00:00;0.869830;0.869880;0.869590;0.869600;837;0;15;0.869750
2026.02.16 07:00:00;0.869600;0.869850;0.869600;0.869810;738;0;15;0.869960
2026.02.16 08:00:00;0.869810;0.869860;0.869580;0.869680;875;0;15;0.869830
2026.02.16 09:00:00;0.869680;0.869780;0.869070;0.869360;1293;0;14;0.869500
2026.02.16 10:00:00;0.869360;0.869520;0.868710;0.869010;2723;0;12;0.869130
2026.02.16 11:00:00;0.869020;0.869650;0.868610;0.869430;2090;0;14;0.869570
2026.02.16 12:00:00;0.869440;0.869520;0.869120;0.869250;1992;0;12;0.869370
2026.02.16 13:00:00;0.869250;0.869510;0.869060;0.869230;1556;0;15;0.869380
2026.02.16 14:00:00;0.869230;0.869250;0.868620;0.868750;1557;0;12;0.868870
2026.02.16 15:00:00;0.868750;0.869510;0.868680;0.869460;1905;0;12;0.869580
2026.02.16 16:00:00;0.869470;0.869780;0.869340;0.869400;1826;0;14;0.869540
2026.02.16 17:00:00;0.869400;0.869650;0.869190;0.869430;2175;0;13;0.869560
2026.02.16 18:00:00;0.869430;0.869750;0.869240;0.869540;1838;0;14;0.869680
2026.02.16 19:00:00;0.869540;0.869650;0.869230;0.869360;755;0;15;0.869510
2026.02.16 20:00:00;0.869360;0.869470;0.869190;0.869320;486;0;15;0.869470
2026.02.16 21:00:00;0.869330;0.869480;0.869300;0.869470;414;0;15;0.869620
2026.02.16 22:00:00;0.869460;0.869600;0.869430;0.869550;394;0;15;0.869700
2026.02.16 23:00:00;0.869550;0.869700;0.869290;0.869300;607;0;14;0.869440
2026.02.17 00:00:00;0.869140;0.869410;0.868630;0.869020;710;0;24;0.869260
2026.02.17 01:00:00;0.869020;0.869660;0.869020;0.869530;882;0;13;0.869660
2026.02.17 02:00:00;0.869530;0.869590;0.869380;0.869500;1505;0;14;0.869640
2026.02.17 03:00:00;0.869510;0.869780;0.869450;0.869750;1726;0;15;0.869900
2026.02.17 04:00:00;0.869750;0.869860;0.869700;0.869770;1007;0;14;0.869910
2026.02.17 05:00:00;0.869780;0.870080;0.869730;0.869790;1165;0;15;0.869940
2026.02.17 06:00:00;0.869790;0.870080;0.869750;0.869820;784;0;15;0.869970
2026.02.17 07:00:00;0.869820;0.870170;0.869760;0.870120;1258;0;15;0.870270
2026.02.17 08:00:00;0.870120;0.870190;0.869860;0.870010;1347;0;15;0.870160
2026.02.17 09:00:00;0.870040;0.872960;0.869920;0.872370;3119;0;12;0.872490
2026.02.17 10:00:00;0.872370;0.872480;0.871260;0.871490;3403;0;12;0.871610
2026.02.17 11:00:00;0.871490;0.871700;0.871090;0.871530;2213;0;13;0.871660
2026.02.17 12:00:00;0.871530;0.871540;0.870530;0.871010;2358;0;14;0.871150
2026.02.17 13:00:00;0.871010;0.872330;0.870860;0.872070;2440;0;12;0.872190
2026.02.17 14:00:00;0.872080;0.873080;0.871950;0.872900;2611;0;12;0.873020
2026.02.17 15:00:00;0.872900;0.874050;0.872860;0.874030;3964;0;12;0.874150
2026.02.17 16:00:00;0.874030;0.874470;0.873700;0.874410;4976;0;12;0.874530
2026.02.17 17:00:00;0.874420;0.874840;0.873860;0.874590;5365;0;12;0.874710
2026.02.17 18:00:00;0.874590;0.874680;0.873730;0.873790;4331;0;13;0.873920
2026.02.17 19:00:00;0.873790;0.874220;0.873670;0.873870;3193;0;12;0.873990
2026.02.17 20:00:00;0.873870;0.874240;0.873680;0.873730;2465;0;13;0.873860
2026.02.17 21:00:00;0.873730;0.873780;0.873370;0.873560;1729;0;14;0.873700
2026.02.17 22:00:00;0.873560;0.873840;0.873490;0.873740;1346;0;14;0.873880
2026.02.17 23:00:00;0.873740;0.873920;0.873420;0.873530;926;0;14;0.873670
2026.02.18 00:00:00;0.873530;0.874000;0.873330;0.873660;1364;0;12;0.873780
2026.02.18 01:00:00;0.873660;0.873740;0.873430;0.873670;962;0;12;0.873790
2026.02.18 02:00:00;0.873670;0.873760;0.873440;0.873450;1411;0;14;0.873590
2026.02.18 03:00:00;0.873450;0.873740;0.873440;0.873630;1500;0;15;0.873780
2026.02.18 04:00:00;0.873630;0.873800;0.873570;0.873740;1190;0;14;0.873880
2026.02.18 05:00:00;0.873740;0.873760;0.873520;0.873600;946;0;15;0.873750
2026.02.18 06:00:00;0.873600;0.873690;0.873540;0.873590;790;0;15;0.873740
2026.02.18 07:00:00;0.873590;0.873660;0.873420;0.873540;725;0;15;0.873690
2026.02.18 08:00:00;0.873540;0.873610;0.873030;0.873300;1132;0;12;0.873420
2026.02.18 09:00:00;0.873330;0.873430;0.872210;0.872600;2387;0;12;0.872720
2026.02.18 10:00:00;0.872610;0.872730;0.871930;0.872050;2849;0;13;0.872180
2026.02.18 11:00:00;0.872050;0.872180;0.871640;0.871830;2269;0;12;0.871950
2026.02.18 12:00:00;0.871830;0.872130;0.871620;0.872090;1828;0;13;0.872220
2026.02.18 13:00:00;0.872090;0.872130;0.871650;0.871800;1432;0;13;0.871930
2026.02.18 14:00:00;0.871800;0.872370;0.871600;0.872200;2120;0;13;0.872330
2026.02.18 15:00:00;0.872200;0.872630;0.872140;0.872370;2778;0;12;0.872490
2026.02.18 16:00:00;0.872380;0.873120;0.872200;0.872730;4729;0;12;0.872850
2026.02.18 17:00:00;0.872730;0.873200;0.872330;0.872710;4160;0;12;0.872830
2026.02.18 18:00:00;0.872710;0.872710;0.871810;0.872500;3040;0;12;0.872620
2026.02.18 19:00:00;0.872500;0.873390;0.872410;0.873030;2219;0;13;0.873160
2026.02.18 20:00:00;0.873040;0.873040;0.872370;0.872410;2716;0;12;0.872530
2026.02.18 21:00:00;0.872340;0.873050;0.872310;0.873040;3279;0;14;0.873180
2026.02.18 22:00:00;0.873040;0.873050;0.872740;0.872790;1741;0;13;0.872920
2026.02.18 23:00:00;0.872790;0.873250;0.872750;0.872930;1379;0;14;0.873070
2026.02.19 00:00:00;0.872840;0.873460;0.872520;0.872860;827;0;12;0.872980
2026.02.19 01:00:00;0.872840;0.873510;0.872840;0.873450;842;0;12;0.873570
2026.02.19 02:00:00;0.873450;0.873970;0.873380;0.873920;1533;0;15;0.874070
2026.02.19 03:00:00;0.873920;0.873930;0.873600;0.873790;1893;0;14;0.873930
2026.02.19 04:00:00;0.873790;0.873940;0.873640;0.873640;1090;0;15;0.873790
2026.02.19 05:00:00;0.873640;0.873900;0.873500;0.873890;1090;0;15;0.874040
2026.02.19 06:00:00;0.873890;0.874270;0.873720;0.874250;1033;0;15;0.874400
2026.02.19 07:00:00;0.874260;0.874300;0.874130;0.874170;944;0;15;0.874320
2026.02.19 08:00:00;0.874170;0.874250;0.873850;0.873880;1284;0;14;0.874020
2026.02.19 09:00:00;0.873870;0.873890;0.873320;0.873380;1756;0;13;0.873510
2026.02.19 10:00:00;0.873370;0.873820;0.873040;0.873700;2141;0;14;0.873840
2026.02.19 11:00:00;0.873690;0.874280;0.873340;0.873690;2209;0;12;0.873810
2026.02.19 12:00:00;0.873690;0.874230;0.873600;0.873900;2209;0;12;0.874020
2026.02.19 13:00:00;0.873900;0.874750;0.873720;0.874750;2489;0;12;0.874870
2026.02.19 14:00:00;0.874760;0.874910;0.873970;0.874110;2609;0;13;0.874240
2026.02.19 15:00:00;0.874110;0.874230;0.873110;0.873570;4043;0;12;0.873690
2026.02.19 16:00:00;0.873570;0.874200;0.873540;0.873950;4840;0;13;0.874080
2026.02.19 17:00:00;0.873960;0.874420;0.873530;0.874230;5764;0;12;0.874350
2026.02.19 18:00:00;0.874230;0.875090;0.874180;0.874680;3776;0;12;0.874800
2026.02.19 19:00:00;0.874680;0.874840;0.874300;0.874550;3087;0;12;0.874670
2026.02.19 20:00:00;0.874550;0.874610;0.874220;0.874240;2196;0;14;0.874380
2026.02.19 21:00:00;0.874240;0.874470;0.874010;0.874420;1906;0;15;0.874570
2026.02.19 22:00:00;0.874420;0.874490;0.874180;0.874320;1456;0;14;0.874460
2026.02.19 23:00:00;0.874320;0.874380;0.873970;0.874140;2193;0;14;0.874280
2026.02.20 00:00:00;0.874120;0.874270;0.873750;0.873850;1031;0;14;0.873990
2026.02.20 01:00:00;0.873850;0.874330;0.873820;0.874240;1062;0;12;0.874360
2026.02.20 02:00:00;0.874240;0.874390;0.874140;0.874310;1437;0;15;0.874460
2026.02.20 03:00:00;0.874300;0.874540;0.874110;0.874390;2536;0;13;0.874520
2026.02.20 04:00:00;0.874390;0.874800;0.874380;0.874470;1817;0;14;0.874610
2026.02.20 05:00:00;0.874460;0.874630;0.874300;0.874510;1077;0;15;0.874660
2026.02.20 06:00:00;0.874500;0.874590;0.874340;0.874450;874;0;14;0.874590
2026.02.20 07:00:00;0.874450;0.874450;0.874100;0.874190;1202;0;15;0.874340
2026.02.20 08:00:00;0.874190;0.874280;0.873910;0.873910;1400;0;12;0.874030
2026.02.20 09:00:00;0.873910;0.873920;0.873160;0.873890;2509;0;12;0.874010
2026.02.20 10:00:00;0.873880;0.874360;0.873790;0.874180;2957;0;13;0.874310
2026.02.20 11:00:00;0.874170;0.874230;0.872850;0.873660;2565;0;12;0.873780
2026.02.20 12:00:00;0.873650;0.873830;0.872570;0.872870;2330;0;13;0.873000
2026.02.20 13:00:00;0.872880;0.873490;0.872850;0.873490;1770;0;13;0.873620
2026.02.20 14:00:00;0.873490;0.873490;0.872840;0.873170;2404;0;13;0.873300
2026.02.20 15:00:00;0.873150;0.873150;0.872540;0.872590;4400;0;13;0.872720
2026.02.20 16:00:00;0.872600;0.873160;0.872420;0.873040;4274;0;12;0.873160
2026.02.20 17:00:00;0.873080;0.873970;0.872690;0.873070;11700;0;12;0.873190
2026.02.20 18:00:00;0.873070;0.873260;0.872510;0.872610;5585;0;14;0.872750
2026.02.20 19:00:00;0.872610;0.873380;0.872550;0.873180;4057;0;13;0.873310
2026.02.20 20:00:00;0.873180;0.873780;0.873100;0.873260;5382;0;12;0.873380
2026.02.20 21:00:00;0.873260;0.873520;0.873140;0.873480;2466;0;14;0.873620
2026.02.20 22:00:00;0.873480;0.873750;0.873390;0.873640;1768;0;13;0.873770
2026.02.20 23:00:00;0.873640;0.874030;0.873430;0.873860;2577;0;15;0.874010
2026.02.23 00:00:00;0.874350;0.874370;0.873260;0.873700;496;0;27;0.873970
2026.02.23 01:00:00;0.873720;0.874870;0.873710;0.874350;2966;0;13;0.874480
2026.02.23 02:00:00;0.874360;0.874570;0.874200;0.874500;3042;0;14;0.874640
2026.02.23 03:00:00;0.874500;0.874850;0.874400;0.874690;3364;0;13;0.874820
2026.02.23 04:00:00;0.874690;0.874700;0.874330;0.874520;2013;0;15;0.874670
2026.02.23 05:00:00;0.874520;0.874670;0.874410;0.874560;1276;0;14;0.874700
2026.02.23 06:00:00;0.874560;0.874590;0.874200;0.874240;1022;0;15;0.874390
2026.02.23 07:00:00;0.874240;0.874350;0.874130;0.874130;976;0;15;0.874280
2026.02.23 08:00:00;0.874130;0.874320;0.873800;0.873870;1578;0;14;0.874010
2026.02.23 09:00:00;0.873870;0.874160;0.873710;0.874030;2246;0;14;0.874170
2026.02.23 10:00:00;0.874030;0.874360;0.873650;0.873740;3095;0;13;0.873870
2026.02.23 11:00:00;0.873750;0.874000;0.873410;0.873510;2094;0;12;0.873630
2026.02.23 12:00:00;0.873510;0.873590;0.873130;0.873360;2139;0;14;0.873500
2026.02.23 13:00:00;0.873360;0.873590;0.872860;0.873530;2395;0;13;0.873660
2026.02.23 14:00:00;0.873530;0.873790;0.873390;0.873500;2628;0;12;0.873620
2026.02.23 15:00:00;0.873500;0.873720;0.873210;0.873280;3052;0;13;0.873410
2026.02.23 16:00:00;0.873280;0.873570;0.872690;0.873070;3844;0;13;0.873200
2026.02.23 17:00:00;0.873070;0.874000;0.872960;0.873940;4209;0;12;0.874060
2026.02.23 18:00:00;0.873940;0.873990;0.873360;0.873810;4027;0;12;0.873930
2026.02.23 19:00:00;0.873810;0.874410;0.873810;0.874160;3145;0;12;0.874280
2026.02.23 20:00:00;0.874160;0.874200;0.873810;0.874010;1841;0;15;0.874160
2026.02.23 21:00:00;0.874010;0.874130;0.873910;0.874030;1707;0;14;0.874170
2026.02.23 22:00:00;0.874040;0.874060;0.873680;0.873680;1398;0;15;0.873830
2026.02.23 23:00:00;0.873680;0.873850;0.873240;0.873340;1523;0;14;0.873480
2026.02.24 00:00:00;0.873260;0.873540;0.873230;0.873390;3423;0;27;0.873660
2026.02.24 01:00:00;0.873370;0.873780;0.873220;0.873740;1011;0;15;0.873890
2026.02.24 02:00:00;0.873740;0.873850;0.873430;0.873450;1489;0;15;0.873600
2026.02.24 03:00:00;0.873450;0.873570;0.873140;0.873240;3097;0;12;0.873360
2026.02.24 04:00:00;0.873240;0.873330;0.872830;0.872880;1372;0;13;0.873010
2026.02.24 05:00:00;0.872870;0.872920;0.872800;0.872890;931;0;15;0.873040
2026.02.24 06:00:00;0.872890;0.873000;0.872820;0.872860;1195;0;14;0.873000
2026.02.24 07:00:00;0.872860;0.873250;0.872860;0.873220;1153;0;15;0.873370
2026.02.24 08:00:00;0.873220;0.873450;0.873140;0.873340;1398;0;15;0.873490
2026.02.24 09:00:00;0.873340;0.873920;0.873270;0.873850;3179;0;14;0.873990
2026.02.24 10:00:00;0.873840;0.874240;0.873630;0.873770;3054;0;13;0.873900
2026.02.24 11:00:00;0.873770;0.873810;0.872950;0.873080;2134;0;14;0.873220
2026.02.24 12:00:00;0.873080;0.873380;0.872850;0.873330;1884;0;15;0.873480
2026.02.24 13:00:00;0.873330;0.873540;0.872970;0.873430;1902;0;12;0.873550
2026.02.24 14:00:00;0.873430;0.873520;0.873010;0.873330;2172;0;14;0.873470
2026.02.24 15:00:00;0.873350;0.873350;0.872790;0.872840;2852;0;14;0.872980
2026.02.24 16:00:00;0.872840;0.873140;0.872090;0.872110;3790;0;13;0.872240
2026.02.24 17:00:00;0.872100;0.872250;0.870660;0.871040;4377;0;12;0.871160
2026.02.24 18:00:00;0.871040;0.871410;0.870890;0.871200;3114;0;13;0.871330
2026.02.24 19:00:00;0.871190;0.872000;0.871110;0.871740;1605;0;12;0.871860
2026.02.24 20:00:00;0.871740;0.872000;0.871570;0.871900;1697;0;14;0.872040
2026.02.24 21:00:00;0.871910;0.872360;0.871820;0.872290;1465;0;15;0.872440
2026.02.24 22:00:00;0.872290;0.872480;0.872150;0.872300;1293;0;14;0.872440
2026.02.24 23:00:00;0.872300;0.872740;0.872270;0.872400;1375;0;14;0.872540
2026.02.25 00:00:00;0.872330;0.872550;0.871990;0.872280;1143;0;18;0.872460
2026.02.25 01:00:00;0.872280;0.872560;0.872190;0.872340;734;0;15;0.872490
2026.02.25 02:00:00;0.872340;0.872630;0.872100;0.872100;1585;0;15;0.872250
2026.02.25 03:00:00;0.872100;0.872300;0.872030;0.872210;1881;0;15;0.872360
2026.02.25 04:00:00;0.872210;0.872290;0.871860;0.872200;1916;0;14;0.872340
2026.02.25 05:00:00;0.872200;0.872480;0.872080;0.872370;2361;0;15;0.872520
2026.02.25 06:00:00;0.872370;0.872530;0.872290;0.872510;1041;0;15;0.872660
2026.02.25 07:00:00;0.872510;0.872850;0.872420;0.872640;1247;0;14;0.872780
2026.02.25 08:00:00;0.872640;0.872820;0.872520;0.872740;1508;0;14;0.872880
2026.02.25 09:00:00;0.872740;0.873080;0.871970;0.872050;2038;0;13;0.872180
2026.02.25 10:00:00;0.872050;0.872710;0.871680;0.872170;2594;0;12;0.872290
2026.02.25 11:00:00;0.872170;0.872400;0.871810;0.871940;2439;0;13;0.872070
2026.02.25 12:00:00;0.871940;0.872190;0.871490;0.871760;2031;0;12;0.871880
2026.02.25 13:00:00;0.871760;0.872640;0.871710;0.871780;2156;0;13;0.871910
2026.02.25 14:00:00;0.871780;0.872250;0.871350;0.871470;2118;0;14;0.871610
2026.02.25 15:00:00;0.871470;0.871600;0.870880;0.871500;2770;0;13;0.871630
2026.02.25 16:00:00;0.871510;0.871990;0.871190;0.871590;3266;0;14;0.871730
2026.02.25 17:00:00;0.871600;0.872280;0.871440;0.871890;4034;0;13;0.872020
2026.02.25 18:00:00;0.871890;0.872160;0.871020;0.871030;3295;0;13;0.871160
2026.02.25 19:00:00;0.871040;0.871120;0.870680;0.870930;2820;0;13;0.871060
2026.02.25 20:00:00;0.870930;0.871180;0.870710;0.870940;1403;0;14;0.871080
2026.02.25 21:00:00;0.870950;0.871210;0.870950;0.871130;1274;0;14;0.871270
2026.02.25 22:00:00;0.871130;0.871220;0.870910;0.870950;1420;0;14;0.871090
2026.02.25 23:00:00;0.870960;0.871050;0.870750;0.870820;1178;0;14;0.870960
2026.02.26 00:00:00;0.870800;0.871430;0.870530;0.871150;1467;0;12;0.871270
2026.02.26 01:00:00;0.871150;0.871450;0.870970;0.871380;1297;0;13;0.871510
2026.02.26 02:00:00;0.871380;0.871550;0.871180;0.871270;1495;0;14;0.871410
2026.02.26 03:00:00;0.871270;0.871540;0.871080;0.871280;2491;0;14;0.871420
2026.02.26 04:00:00;0.871280;0.871470;0.871100;0.871150;1529;0;15;0.871300
2026.02.26 05:00:00;0.871150;0.871650;0.871110;0.871630;1191;0;15;0.871780
2026.02.26 06:00:00;0.871630;0.871790;0.871460;0.871580;1045;0;15;0.871730
2026.02.26 07:00:00;0.871580;0.871770;0.871510;0.871510;1381;0;15;0.871660
2026.02.26 08:00:00;0.871510;0.871860;0.871500;0.871790;1601;0;15;0.871940
2026.02.26 09:00:00;0.871790;0.872230;0.871430;0.872130;1956;0;15;0.872280
2026.02.26 10:00:00;0.872130;0.873000;0.872010;0.872640;3005;0;14;0.872780
2026.02.26 11:00:00;0.872640;0.872740;0.871870;0.872020;2412;0;12;0.872140
2026.02.26 12:00:00;0.872020;0.872220;0.871450;0.871580;1759;0;13;0.871710
2026.02.26 13:00:00;0.871580;0.872130;0.871380;0.872130;1824;0;13;0.872260
2026.02.26 14:00:00;0.872130;0.872220;0.871390;0.871520;2010;0;13;0.871650
2026.02.26 15:00:00;0.871520;0.872200;0.871510;0.872110;2987;0;14;0.872250
2026.02.26 16:00:00;0.872130;0.872190;0.871460;0.871980;3832;0;14;0.872120
2026.02.26 17:00:00;0.871980;0.873140;0.871750;0.872980;6228;0;12;0.873100
2026.02.26 18:00:00;0.872980;0.873440;0.872690;0.873220;4071;0;13;0.873350
2026.02.26 19:00:00;0.873210;0.875410;0.873100;0.875400;3163;0;12;0.875520
2026.02.26 20:00:00;0.875390;0.875730;0.875000;0.875100;3152;0;12;0.875220
2026.02.26 21:00:00;0.875080;0.875120;0.874490;0.874560;2196;0;12;0.874680
2026.02.26 22:00:00;0.874570;0.874840;0.874480;0.874620;1431;0;14;0.874760
2026.02.26 23:00:00;0.874620;0.875140;0.874580;0.874820;1352;0;14;0.874960
2026.02.27 00:00:00;0.874810;0.875100;0.874340;0.874930;1202;0;28;0.875210
2026.02.27 01:00:00;0.874930;0.875080;0.874670;0.874780;886;0;15;0.874930
2026.02.27 02:00:00;0.874780;0.874920;0.874530;0.874620;2035;0;14;0.874760
2026.02.27 03:00:00;0.874620;0.874820;0.874500;0.874740;3009;0;15;0.874890
2026.02.27 04:00:00;0.874740;0.874890;0.874650;0.874830;1570;0;14;0.874970
2026.02.27 05:00:00;0.874830;0.874830;0.874630;0.874780;1121;0;14;0.874920
2026.02.27 06:00:00;0.874780;0.875070;0.874700;0.875040;1155;0;15;0.875190
2026.02.27 07:00:00;0.875060;0.875420;0.875030;0.875260;1457;0;12;0.875380
2026.02.27 08:00:00;0.875260;0.876360;0.875200;0.876290;2034;0;14;0.876430
2026.02.27 09:00:00;0.876290;0.876410;0.875580;0.875880;2596;0;13;0.876010
2026.02.27 10:00:00;0.875890;0.875930;0.874770;0.874970;2995;0;12;0.875090
2026.02.27 11:00:00;0.874940;0.875220;0.874490;0.874640;2506;0;12;0.874760
2026.02.27 12:00:00;0.874640;0.875700;0.874600;0.875500;1966;0;13;0.875630
2026.02.27 13:00:00;0.875500;0.876250;0.875350;0.876180;2200;0;12;0.876300
2026.02.27 14:00:00;0.876180;0.876320;0.875640;0.876060;2159;0;12;0.876180
2026.02.27 15:00:00;0.876060;0.877290;0.875980;0.877040;4712;0;12;0.877160
2026.02.27 16:00:00;0.877040;0.877150;0.876420;0.877010;4751;0;12;0.877130
2026.02.27 17:00:00;0.877020;0.878200;0.876800;0.878180;5779;0;12;0.878300
2026.02.27 18:00:00;0.878180;0.878660;0.877770;0.878580;4650;0;12;0.878700
2026.02.27 19:00:00;0.878580;0.878850;0.877720;0.877810;2990;0;12;0.877930
2026.02.27 20:00:00;0.877810;0.877820;0.876930;0.877090;2609;0;12;0.877210
2026.02.27 21:00:00;0.877090;0.877200;0.876640;0.876640;2253;0;14;0.876780
2026.02.27 22:00:00;0.876640;0.876720;0.876390;0.876620;2214;0;14;0.876760
2026.02.27 23:00:00;0.876630;0.876800;0.875670;0.875800;2495;0;14;0.875940
2026.03.02 00:00:00;0.877180;0.877590;0.876300;0.877450;1377;0;13;0.877580
2026.03.02 01:00:00;0.877440;0.877850;0.876630;0.877120;5663;0;12;0.877240
2026.03.02 02:00:00;0.877120;0.877500;0.876390;0.876680;4616;0;13;0.876810
2026.03.02 03:00:00;0.876690;0.877230;0.876130;0.876580;5298;0;14;0.876720
2026.03.02 04:00:00;0.876580;0.876810;0.876400;0.876720;2656;0;15;0.876870
2026.03.02 05:00:00;0.876720;0.876880;0.876480;0.876550;2274;0;15;0.876700
2026.03.02 06:00:00;0.876550;0.877000;0.876440;0.876960;1819;0;13;0.877090
2026.03.02 07:00:00;0.876960;0.877280;0.876750;0.877020;2017;0;14;0.877160
2026.03.02 08:00:00;0.877020;0.877230;0.876600;0.876650;4628;0;13;0.876780
2026.03.02 09:00:00;0.876650;0.877570;0.876170;0.876750;5784;0;12;0.876870
2026.03.02 10:00:00;0.876750;0.878650;0.876350;0.878010;6310;0;12;0.878130
2026.03.02 11:00:00;0.878010;0.878670;0.877310;0.877320;5131;0;12;0.877440
2026.03.02 12:00:00;0.877320;0.877480;0.875260;0.875520;3886;0;13;0.875650
2026.03.02 13:00:00;0.875530;0.875780;0.874390;0.874740;3900;0;12;0.874860
2026.03.02 14:00:00;0.874760;0.874810;0.873400;0.873610;4754;0;12;0.873730
2026.03.02 15:00:00;0.873610;0.874370;0.873610;0.874070;5446;0;12;0.874190
2026.03.02 16:00:00;0.874070;0.874420;0.873070;0.873430;7266;0;12;0.873550
2026.03.02 17:00:00;0.873560;0.874410;0.873060;0.873400;7286;0;12;0.873520
2026.03.02 18:00:00;0.873410;0.873840;0.872880;0.872900;5725;0;12;0.873020
2026.03.02 19:00:00;0.872900;0.872940;0.872210;0.872550;3830;0;12;0.872670
2026.03.02 20:00:00;0.872560;0.872710;0.872130;0.872260;3328;0;13;0.872390
2026.03.02 21:00:00;0.872260;0.872370;0.871920;0.872020;2670;0;12;0.872140
2026.03.02 22:00:00;0.872020;0.872560;0.871980;0.872220;4981;0;13;0.872350
2026.03.02 23:00:00;0.872220;0.872240;0.871720;0.871730;1821;0;14;0.871870
2026.03.03 00:00:00;0.871730;0.872150;0.871080;0.871860;992;0;23;0.872090
2026.03.03 01:00:00;0.871840;0.872240;0.871780;0.872100;1335;0;15;0.872250
2026.03.03 02:00:00;0.872110;0.872300;0.871840;0.871910;2485;0;15;0.872060
2026.03.03 03:00:00;0.871910;0.872280;0.871860;0.872200;4428;0;15;0.872350
2026.03.03 04:00:00;0.872210;0.872550;0.872130;0.872290;3235;0;15;0.872440
2026.03.03 05:00:00;0.872290;0.872430;0.872150;0.872380;2205;0;15;0.872530
2026.03.03 06:00:00;0.872380;0.872710;0.872340;0.872680;1936;0;15;0.872830
2026.03.03 07:00:00;0.872680;0.873010;0.872430;0.872960;3120;0;15;0.873110
2026.03.03 08:00:00;0.872970;0.873480;0.872950;0.873270;3219;0;14;0.873410
2026.03.03 09:00:00;0.873270;0.873760;0.872980;0.873040;4638;0;12;0.873160
2026.03.03 10:00:00;0.873040;0.873860;0.872980;0.873540;6677;0;12;0.873660
2026.03.03 11:00:00;0.873540;0.873760;0.872540;0.872640;6645;0;12;0.872760
2026.03.03 12:00:00;0.872640;0.872790;0.871860;0.872450;6196;0;12;0.872570
2026.03.03 13:00:00;0.872450;0.873240;0.872130;0.872350;6688;0;12;0.872470
2026.03.03 14:00:00;0.872350;0.872450;0.871050;0.871600;6733;0;12;0.871720
2026.03.03 15:00:00;0.871590;0.872010;0.871170;0.871310;5857;0;12;0.871430
2026.03.03 16:00:00;0.871310;0.871540;0.869870;0.870660;8177;0;12;0.870780
2026.03.03 17:00:00;0.870670;0.870820;0.869830;0.869940;11546;0;12;0.870060
2026.03.03 18:00:00;0.869940;0.870730;0.869880;0.870510;9781;0;12;0.870630
2026.03.03 19:00:00;0.870510;0.870840;0.869650;0.869860;6680;0;13;0.869990
2026.03.03 20:00:00;0.869860;0.870170;0.869520;0.869770;5235;0;14;0.869910
2026.03.03 21:00:00;0.869770;0.869960;0.869250;0.869380;6571;0;12;0.869500
2026.03.03 22:00:00;0.869380;0.869630;0.869190;0.869360;4945;0;12;0.869480
2026.03.03 23:00:00;0.869360;0.869410;0.869000;0.869190;2738;0;14;0.869330
2026.03.04 00:00:00;0.868880;0.869960;0.868760;0.869370;2258;0;12;0.869490
2026.03.04 01:00:00;0.869370;0.869750;0.869050;0.869530;1728;0;12;0.869650
2026.03.04 02:00:00;0.869520;0.870000;0.869440;0.869590;3838;0;15;0.869740
2026.03.04 03:00:00;0.869590;0.870220;0.869550;0.869960;5424;0;14;0.870100
2026.03.04 04:00:00;0.869960;0.870120;0.869640;0.870000;3699;0;13;0.870130
2026.03.04 05:00:00;0.870000;0.870570;0.869970;0.870190;3028;0;15;0.870340
2026.03.04 06:00:00;0.870190;0.870760;0.870090;0.870760;2762;0;15;0.870910
2026.03.04 07:00:00;0.870760;0.870770;0.870240;0.870580;3123;0;15;0.870730
2026.03.04 08:00:00;0.870580;0.871160;0.870540;0.870740;3490;0;14;0.870880
2026.03.04 09:00:00;0.870740;0.871040;0.869060;0.869410;4347;0;12;0.869530
2026.03.04 10:00:00;0.869410;0.869690;0.868810;0.869520;5268;0;12;0.869640
2026.03.04 11:00:00;0.869520;0.869540;0.868530;0.868770;5216;0;12;0.868890
2026.03.04 12:00:00;0.868780;0.870010;0.868480;0.869530;6889;0;12;0.869650
2026.03.04 13:00:00;0.869530;0.869890;0.869030;0.869610;4080;0;12;0.869730
2026.03.04 14:00:00;0.869610;0.871000;0.869550;0.870960;4195;0;12;0.871080
2026.03.04 15:00:00;0.870970;0.871130;0.870170;0.870330;5293;0;12;0.870450
2026.03.04 16:00:00;0.870330;0.870380;0.869360;0.869900;6794;0;13;0.870030
2026.03.04 17:00:00;0.869840;0.870900;0.869500;0.870890;6842;0;12;0.871010
2026.03.04 18:00:00;0.870890;0.870910;0.870190;0.870480;6446;0;14;0.870620
2026.03.04 19:00:00;0.870480;0.871150;0.870370;0.870590;3590;0;14;0.870730
2026.03.04 20:00:00;0.870590;0.870960;0.870430;0.870590;2837;0;14;0.870730
2026.03.04 21:00:00;0.870590;0.870680;0.870120;0.870190;2529;0;14;0.870330
2026.03.04 22:00:00;0.870190;0.870390;0.870000;0.870130;1938;0;13;0.870260
2026.03.04 23:00:00;0.870120;0.870240;0.869470;0.869510;2006;0;12;0.869630
2026.03.05 00:00:00;0.869510;0.869910;0.869170;0.869870;1755;0;19;0.870060
2026.03.05 01:00:00;0.869870;0.870370;0.869750;0.870190;1083;0;15;0.870340
2026.03.05 02:00:00;0.870190;0.870360;0.869850;0.869960;1882;0;15;0.870110
2026.03.05 03:00:00;0.869950;0.870060;0.869710;0.869810;4006;0;12;0.869930
2026.03.05 04:00:00;0.869800;0.870000;0.869710;0.869850;2788;0;14;0.869990
2026.03.05 05:00:00;0.869850;0.870470;0.869810;0.870390;2617;0;15;0.870540
2026.03.05 06:00:00;0.870390;0.870720;0.870340;0.870360;2196;0;15;0.870510
2026.03.05 07:00:00;0.870360;0.870760;0.870330;0.870740;2441;0;15;0.870890
2026.03.05 08:00:00;0.870740;0.871080;0.870300;0.870490;3801;0;12;0.870610
2026.03.05 09:00:00;0.870490;0.870490;0.869510;0.869730;4324;0;14;0.869870
2026.03.05 10:00:00;0.869730;0.870590;0.869610;0.870290;5196;0;12;0.870410
2026.03.05 11:00:00;0.870290;0.870780;0.869890;0.870210;8500;0;12;0.870330
2026.03.05 12:00:00;0.870210;0.870590;0.869590;0.869600;4193;0;12;0.869720
2026.03.05 13:00:00;0.869600;0.869650;0.868520;0.869100;3371;0;12;0.869220
2026.03.05 14:00:00;0.869100;0.869400;0.868870;0.869250;3677;0;13;0.869380
2026.03.05 15:00:00;0.869250;0.869700;0.868650;0.868930;5301;0;12;0.869050
2026.03.05 16:00:00;0.868930;0.869720;0.868610;0.869390;6299;0;12;0.869510
2026.03.05 17:00:00;0.869400;0.869660;0.868560;0.869300;6698;0;12;0.869420
2026.03.05 18:00:00;0.869310;0.869770;0.868890;0.869650;6772;0;12;0.869770
2026.03.05 19:00:00;0.869650;0.869690;0.868770;0.869240;5966;0;13;0.869370
2026.03.05 20:00:00;0.869240;0.869270;0.868670;0.868980;5494;0;14;0.869120
2026.03.05 21:00:00;0.868980;0.869140;0.868550;0.868750;4143;0;12;0.868870
2026.03.05 22:00:00;0.868750;0.868860;0.868380;0.868750;5950;0;14;0.868890
2026.03.05 23:00:00;0.868750;0.868910;0.868580;0.868850;2159;0;14;0.868990
2026.03.06 00:00:00;0.868730;0.870080;0.868730;0.869310;1659;0;12;0.869430
2026.03.06 01:00:00;0.869310;0.869400;0.868890;0.868930;1468;0;12;0.869050
2026.03.06 02:00:00;0.868930;0.869100;0.868760;0.869010;1896;0;16;0.869170
2026.03.06 03:00:00;0.869010;0.869070;0.868820;0.868950;3412;0;15;0.869100
2026.03.06 04:00:00;0.868940;0.869110;0.868850;0.869020;1990;0;14;0.869160
2026.03.06 05:00:00;0.869020;0.869150;0.868840;0.868920;1645;0;15;0.869070
2026.03.06 06:00:00;0.868920;0.869060;0.868850;0.869010;1417;0;15;0.869160
2026.03.06 07:00:00;0.869020;0.869020;0.868760;0.868890;1964;0;15;0.869040
2026.03.06 08:00:00;0.868890;0.868950;0.868360;0.868510;2357;0;15;0.868660
2026.03.06 09:00:00;0.868500;0.868880;0.868380;0.868650;2973;0;14;0.868790
2026.03.06 10:00:00;0.868650;0.868690;0.867830;0.868090;3810;0;12;0.868210
2026.03.06 11:00:00;0.868090;0.868880;0.867990;0.868600;4914;0;12;0.868720
2026.03.06 12:00:00;0.868600;0.868800;0.867770;0.867810;3923;0;12;0.867930
2026.03.06 13:00:00;0.867810;0.868320;0.867510;0.868060;5060;0;12;0.868180
2026.03.06 14:00:00;0.868060;0.868120;0.866440;0.866970;4471;0;12;0.867090
2026.03.06 15:00:00;0.866970;0.867120;0.865440;0.866210;9023;0;12;0.866330
2026.03.06 16:00:00;0.866200;0.867690;0.866030;0.867340;9318;0;12;0.867460
2026.03.06 17:00:00;0.867340;0.867360;0.866190;0.866720;9547;0;12;0.866840
2026.03.06 18:00:00;0.866720;0.866720;0.865730;0.866140;7928;0;12;0.866260
2026.03.06 19:00:00;0.866150;0.866360;0.865680;0.866110;5651;0;14;0.866250
2026.03.06 20:00:00;0.866110;0.867100;0.865910;0.866330;6149;0;14;0.866470
2026.03.06 21:00:00;0.866330;0.866790;0.866290;0.866530;3884;0;15;0.866680
2026.03.06 22:00:00;0.866530;0.866860;0.866360;0.866570;3653;0;15;0.866720
2026.03.06 23:00:00;0.866570;0.866960;0.865550;0.865600;4217;0;12;0.865720
2026.03.08 23:00:00;0.865360;0.865720;0.865130;0.865220;949;0;19;0.865410
2026.03.09 00:00:00;0.865290;0.866260;0.865010;0.866100;5768;0;12;0.866220
2026.03.09 01:00:00;0.866100;0.866300;0.865740;0.866050;4715;0;12;0.866170
2026.03.09 02:00:00;0.866050;0.866260;0.865710;0.865860;5032;0;13;0.865990
2026.03.09 03:00:00;0.865860;0.866560;0.865850;0.866190;5768;0;12;0.866310
2026.03.09 04:00:00;0.866190;0.866470;0.865980;0.866150;4645;0;14;0.866290
2026.03.09 05:00:00;0.866150;0.866290;0.866040;0.866120;3143;0;13;0.866250
2026.03.09 06:00:00;0.866140;0.866700;0.866050;0.866670;2443;0;13;0.866800
2026.03.09 07:00:00;0.866680;0.867550;0.866470;0.867460;5894;0;13;0.867590
2026.03.09 08:00:00;0.867460;0.867610;0.866950;0.867140;5080;0;13;0.867270
2026.03.09 09:00:00;0.867190;0.867490;0.865990;0.866440;6176;0;12;0.866560
2026.03.09 10:00:00;0.866420;0.866430;0.865290;0.865960;7549;0;12;0.866080
2026.03.09 11:00:00;0.865950;0.866470;0.865580;0.866090;7950;0;12;0.866210
2026.03.09 12:00:00;0.866090;0.866780;0.865770;0.866190;6823;0;14;0.866330
2026.03.09 13:00:00;0.866190;0.866330;0.865840;0.866080;5080;0;13;0.866210
2026.03.09 14:00:00;0.866090;0.866190;0.864970;0.865160;5315;0;12;0.865280
2026.03.09 15:00:00;0.865150;0.865980;0.864970;0.865520;7445;0;12;0.865640
2026.03.09 16:00:00;0.865510;0.865710;0.864910;0.865040;9667;0;12;0.865160
2026.03.09 17:00:00;0.865030;0.865580;0.864400;0.865420;6740;0;12;0.865540
2026.03.09 18:00:00;0.865420;0.865570;0.864860;0.865230;5220;0;12;0.865350
2026.03.09 19:00:00;0.865230;0.865450;0.864920;0.864950;4059;0;13;0.865080
2026.03.09 20:00:00;0.864950;0.865010;0.864460;0.864800;3671;0;13;0.864930
2026.03.09 21:00:00;0.864810;0.865180;0.864310;0.864360;8761;0;12;0.864480
2026.03.09 22:00:00;0.864370;0.865680;0.864360;0.865630;4471;0;12;0.865750
2026.03.09 23:00:00;0.865610;0.866110;0.865130;0.865450;1385;0;14;0.865590
2026.03.10 00:00:00;0.865450;0.866020;0.865270;0.865710;3113;0;12;0.865830
2026.03.10 01:00:00;0.865710;0.865720;0.865240;0.865270;2446;0;15;0.865420
2026.03.10 02:00:00;0.865270;0.865410;0.865090;0.865250;4666;0;12;0.865370
2026.03.10 03:00:00;0.865250;0.865360;0.864920;0.865060;4720;0;13;0.865190
2026.03.10 04:00:00;0.865060;0.865310;0.864910;0.865170;2950;0;14;0.865310
2026.03.10 05:00:00;0.865170;0.865320;0.864980;0.865240;2296;0;15;0.865390
2026.03.10 06:00:00;0.865240;0.865290;0.864790;0.864860;1655;0;15;0.865010
2026.03.10 07:00:00;0.864860;0.865030;0.864650;0.864770;2346;0;15;0.864920
2026.03.10 08:00:00;0.864770;0.865080;0.864490;0.864760;2528;0;14;0.864900
2026.03.10 09:00:00;0.864760;0.865200;0.864110;0.865120;4580;0;12;0.865240
2026.03.10 10:00:00;0.865120;0.865610;0.864650;0.865160;4873;0;12;0.865280
2026.03.10 11:00:00;0.865150;0.865790;0.865100;0.865680;3689;0;13;0.865810
2026.03.10 12:00:00;0.865690;0.866020;0.864560;0.865250;4303;0;12;0.865370
2026.03.10 13:00:00;0.865250;0.865760;0.865080;0.865590;4630;0;12;0.865710
2026.03.10 14:00:00;0.865590;0.865630;0.864940;0.865470;5050;0;13;0.865600
2026.03.10 15:00:00;0.865470;0.865530;0.864540;0.864910;5970;0;13;0.865040
2026.03.10 16:00:00;0.864900;0.865340;0.864760;0.864850;5419;0;12;0.864970
2026.03.10 17:00:00;0.864850;0.865580;0.864700;0.865400;4917;0;12;0.865520
2026.03.10 18:00:00;0.865400;0.865530;0.865170;0.865390;4075;0;12;0.865510
2026.03.10 19:00:00;0.865390;0.865570;0.864920;0.864920;5281;0;12;0.865040
2026.03.10 20:00:00;0.864920;0.865730;0.864770;0.865570;7921;0;13;0.865700
2026.03.10 21:00:00;0.865570;0.865590;0.865240;0.865470;5374;0;14;0.865610
2026.03.10 22:00:00;0.865470;0.865510;0.865080;0.865180;3017;0;14;0.865320
2026.03.10 23:00:00;0.865200;0.865250;0.864530;0.865050;2626;0;12;0.865170
2026.03.11 00:00:00;0.865050;0.865410;0.865010;0.865070;1071;0;13;0.865200
2026.03.11 01:00:00;0.865070;0.865270;0.865070;0.865170;1030;0;13;0.865300
2026.03.11 02:00:00;0.865170;0.865250;0.864940;0.864940;3137;0;13;0.865070
2026.03.11 03:00:00;0.864940;0.864960;0.864360;0.864640;2898;0;15;0.864790
2026.03.11 04:00:00;0.864640;0.864730;0.864510;0.864530;1956;0;15;0.864680
2026.03.11 05:00:00;0.864530;0.864740;0.864450;0.864490;1475;0;14;0.864630
2026.03.11 06:00:00;0.864490;0.864730;0.864410;0.864590;1319;0;14;0.864730
2026.03.11 07:00:00;0.864590;0.865010;0.864480;0.864910;1658;0;14;0.865050
2026.03.11 08:00:00;0.864910;0.865180;0.864870;0.864910;2229;0;15;0.865060
2026.03.11 09:00:00;0.864910;0.865640;0.864560;0.864590;4258;0;12;0.864710
2026.03.11 10:00:00;0.864590;0.865390;0.864510;0.864790;4248;0;12;0.864910
2026.03.11 11:00:00;0.864790;0.865080;0.863780;0.863990;5251;0;13;0.864120
2026.03.11 12:00:00;0.863990;0.864210;0.863060;0.863170;3751;0;12;0.863290
2026.03.11 13:00:00;0.863170;0.863860;0.862990;0.863380;4246;0;12;0.863500
2026.03.11 14:00:00;0.863380;0.864430;0.863120;0.864330;6662;0;12;0.864450
2026.03.11 15:00:00;0.864330;0.864350;0.863400;0.863770;6720;0;12;0.863890
2026.03.11 16:00:00;0.863780;0.863960;0.862660;0.862730;9532;0;12;0.862850
2026.03.11 17:00:00;0.862730;0.863620;0.862590;0.863220;5193;0;14;0.863360
2026.03.11 18:00:00;0.863220;0.863410;0.862610;0.862770;5232;0;12;0.862890
2026.03.11 19:00:00;0.862770;0.863140;0.862470;0.862790;4973;0;14;0.862930
2026.03.11 20:00:00;0.862790;0.862910;0.862350;0.862460;4537;0;14;0.862600
2026.03.11 21:00:00;0.862470;0.862570;0.862260;0.862380;3218;0;14;0.862520
2026.03.11 22:00:00;0.862390;0.862420;0.862100;0.862380;2002;0;13;0.862510
2026.03.11 23:00:00;0.862350;0.862670;0.862140;0.862600;1006;0;22;0.862820
2026.03.12 00:00:00;0.862600;0.862970;0.862430;0.862540;2630;0;12;0.862660
2026.03.12 01:00:00;0.862540;0.862630;0.862380;0.862450;2033;0;12;0.862570
2026.03.12 02:00:00;0.862430;0.862660;0.862270;0.862640;3096;0;13;0.862770
2026.03.12 03:00:00;0.862650;0.862810;0.862390;0.862650;3099;0;15;0.862800
2026.03.12 04:00:00;0.862650;0.862920;0.862510;0.862910;2182;0;15;0.863060
2026.03.12 05:00:00;0.862900;0.862920;0.862670;0.862820;1676;0;15;0.862970
2026.03.12 06:00:00;0.862820;0.863040;0.862780;0.862980;1227;0;14;0.863120
2026.03.12 07:00:00;0.862980;0.863210;0.862830;0.863110;2368;0;15;0.863260
2026.03.12 08:00:00;0.863110;0.863630;0.862900;0.862920;2491;0;12;0.863040
2026.03.12 09:00:00;0.862910;0.863070;0.862390;0.862420;2992;0;14;0.862560
2026.03.12 10:00:00;0.862420;0.863270;0.862280;0.863010;3785;0;13;0.863140
2026.03.12 11:00:00;0.863010;0.863420;0.862740;0.863000;3365;0;13;0.863130
2026.03.12 12:00:00;0.862990;0.863390;0.862740;0.862930;3150;0;12;0.863050
2026.03.12 13:00:00;0.862930;0.862980;0.862170;0.862470;2820;0;13;0.862600
2026.03.12 14:00:00;0.862480;0.862880;0.862220;0.862460;3876;0;12;0.862580
2026.03.12 15:00:00;0.862460;0.862580;0.861630;0.862090;6818;0;12;0.862210
2026.03.12 16:00:00;0.862090;0.862580;0.862000;0.862440;6078;0;12;0.862560
2026.03.12 17:00:00;0.862440;0.863210;0.862400;0.863090;6580;0;12;0.863210
2026.03.12 18:00:00;0.863100;0.863320;0.862680;0.863100;6201;0;13;0.863230
2026.03.12 19:00:00;0.863100;0.863190;0.862540;0.862570;5001;0;12;0.862690
2026.03.12 20:00:00;0.862570;0.862810;0.862360;0.862740;3581;0;14;0.862880
2026.03.12 21:00:00;0.862730;0.862920;0.862580;0.862590;2986;0;13;0.862720
2026.03.12 22:00:00;0.862590;0.862710;0.862300;0.862590;2943;0;15;0.862740
2026.03.12 23:00:00;0.862500;0.863130;0.862080;0.862170;2051;0;18;0.862350
2026.03.13 00:00:00;0.862170;0.862970;0.862130;0.862770;1579;0;13;0.862900
2026.03.13 01:00:00;0.862770;0.862910;0.862590;0.862800;1268;0;12;0.862920
2026.03.13 02:00:00;0.862800;0.862830;0.862210;0.862220;2194;0;15;0.862370
2026.03.13 03:00:00;0.862220;0.862300;0.862030;0.862150;2116;0;15;0.862300
2026.03.13 04:00:00;0.862160;0.862380;0.862080;0.862240;2462;0;15;0.862390
2026.03.13 05:00:00;0.862240;0.862430;0.862190;0.862260;1779;0;15;0.862410
2026.03.13 06:00:00;0.862260;0.862790;0.862210;0.862770;1385;0;15;0.862920
2026.03.13 07:00:00;0.862770;0.862950;0.862520;0.862530;1748;0;12;0.862650
2026.03.13 08:00:00;0.862530;0.862960;0.862210;0.862230;2624;0;14;0.862370
2026.03.13 09:00:00;0.862260;0.863260;0.862260;0.862720;4349;0;12;0.862840
2026.03.13 10:00:00;0.862720;0.863080;0.861920;0.862990;5520;0;12;0.863110
2026.03.13 11:00:00;0.862990;0.863620;0.862760;0.863510;4413;0;13;0.863640
2026.03.13 12:00:00;0.863510;0.864260;0.863460;0.864040;3663;0;12;0.864160
2026.03.13 13:00:00;0.864040;0.865170;0.864030;0.865140;4793;0;13;0.865270
2026.03.13 14:00:00;0.865140;0.865190;0.864290;0.864780;5625;0;12;0.864900
2026.03.13 15:00:00;0.864780;0.865360;0.864080;0.864290;6208;0;12;0.864410
2026.03.13 16:00:00;0.864290;0.864870;0.864080;0.864270;6923;0;12;0.864390
2026.03.13 17:00:00;0.864270;0.864450;0.863940;0.864300;6233;0;14;0.864440
2026.03.13 18:00:00;0.864300;0.864450;0.863850;0.863850;5484;0;14;0.863990
2026.03.13 19:00:00;0.863860;0.863920;0.863480;0.863730;4614;0;14;0.863870
2026.03.13 20:00:00;0.863720;0.863810;0.863410;0.863430;3800;0;13;0.863560
2026.03.13 21:00:00;0.863430;0.863580;0.863210;0.863470;3069;0;14;0.863610
2026.03.13 22:00:00;0.863470;0.863540;0.862910;0.863090;2911;0;13;0.863220
2026.03.15 23:00:00;0.862850;0.863670;0.862470;0.862830;589;0;18;0.863010
2026.03.16 00:00:00;0.862870;0.863660;0.862870;0.863270;3315;0;12;0.863390
2026.03.16 01:00:00;0.863260;0.863410;0.863010;0.863190;2317;0;13;0.863320
2026.03.16 02:00:00;0.863190;0.863660;0.863140;0.863550;2684;0;13;0.863680
2026.03.16 03:00:00;0.863550;0.863590;0.863150;0.863400;3093;0;15;0.863550
2026.03.16 04:00:00;0.863380;0.863690;0.863310;0.863670;1993;0;14;0.863810
2026.03.16 05:00:00;0.863660;0.863730;0.863240;0.863360;1434;0;15;0.863510
2026.03.16 06:00:00;0.863360;0.863480;0.863290;0.863330;1086;0;15;0.863480
2026.03.16 07:00:00;0.863330;0.863350;0.862800;0.862850;1435;0;14;0.862990
2026.03.16 08:00:00;0.862850;0.862910;0.862550;0.862670;1890;0;14;0.862810
2026.03.16 09:00:00;0.862650;0.862940;0.862440;0.862650;2940;0;13;0.862780
2026.03.16 10:00:00;0.862650;0.863790;0.862620;0.863540;4349;0;13;0.863670
2026.03.16 11:00:00;0.863540;0.864270;0.863510;0.864220;3355;0;13;0.864350
2026.03.16 12:00:00;0.864220;0.864930;0.863940;0.864510;3774;0;14;0.864650
2026.03.16 13:00:00;0.864510;0.864770;0.864290;0.864350;3087;0;13;0.864480
2026.03.16 14:00:00;0.864340;0.864470;0.863790;0.864050;3856;0;12;0.864170
2026.03.16 15:00:00;0.864050;0.864210;0.863690;0.864070;4282;0;12;0.864190
2026.03.16 16:00:00;0.864070;0.864180;0.863490;0.863910;4680;0;12;0.864030
2026.03.16 17:00:00;0.863910;0.864030;0.863280;0.863440;4063;0;13;0.863570
2026.03.16 18:00:00;0.863440;0.864100;0.863340;0.863880;4387;0;12;0.864000
2026.03.16 19:00:00;0.863870;0.864000;0.863640;0.863840;4127;0;12;0.863960
2026.03.16 20:00:00;0.863840;0.864120;0.863720;0.863870;3850;0;13;0.864000
2026.03.16 21:00:00;0.863870;0.863960;0.863400;0.863450;3633;0;14;0.863590
2026.03.16 22:00:00;0.863450;0.863770;0.863390;0.863610;2226;0;12;0.863730
2026.03.16 23:00:00;0.863610;0.864030;0.863450;0.863520;518;0;23;0.863750
2026.03.17 00:00:00;0.863510;0.863860;0.863460;0.863610;1165;0;12;0.863730
2026.03.17 01:00:00;0.863620;0.863720;0.863500;0.863610;1106;0;15;0.863760
2026.03.17 02:00:00;0.863610;0.864130;0.863480;0.863840;2296;0;12;0.863960
2026.03.17 03:00:00;0.863840;0.864030;0.863550;0.863610;2864;0;15;0.863760
2026.03.17 04:00:00;0.863610;0.863860;0.863500;0.863800;1514;0;14;0.863940
2026.03.17 05:00:00;0.863800;0.863960;0.863660;0.863840;1952;0;13;0.863970
2026.03.17 06:00:00;0.863840;0.863880;0.863530;0.863610;1160;0;14;0.863750
2026.03.17 07:00:00;0.863610;0.863900;0.863500;0.863870;1670;0;14;0.864010
2026.03.17 08:00:00;0.863870;0.864120;0.863520;0.863820;2705;0;14;0.863960
2026.03.17 09:00:00;0.863810;0.864140;0.863370;0.863860;2843;0;13;0.863990
2026.03.17 10:00:00;0.863860;0.864020;0.863360;0.863480;4164;0;13;0.863610
2026.03.17 11:00:00;0.863490;0.864060;0.863180;0.863530;3527;0;14;0.863670
2026.03.17 12:00:00;0.863530;0.863620;0.863140;0.863480;3026;0;12;0.863600
2026.03.17 13:00:00;0.863480;0.864170;0.863220;0.864010;2737;0;13;0.864140
2026.03.17 14:00:00;0.864010;0.864360;0.863760;0.864280;3637;0;14;0.864420
2026.03.17 15:00:00;0.864280;0.864440;0.863740;0.863840;5270;0;13;0.863970
2026.03.17 16:00:00;0.863850;0.864110;0.863360;0.863940;4442;0;13;0.864070
2026.03.17 17:00:00;0.863940;0.864010;0.863600;0.863650;5333;0;13;0.863780
2026.03.17 18:00:00;0.863650;0.863950;0.863540;0.863610;4231;0;13;0.863740
2026.03.17 19:00:00;0.863600;0.864030;0.863470;0.863710;2665;0;14;0.863850
2026.03.17 20:00:00;0.863710;0.864070;0.863620;0.863860;2233;0;14;0.864000
2026.03.17 21:00:00;0.863850;0.863900;0.863480;0.863730;1783;0;15;0.863880
2026.03.17 22:00:00;0.863740;0.864000;0.863700;0.863890;1462;0;15;0.864040
2026.03.17 23:00:00;0.863890;0.863890;0.863330;0.863410;1106;0;17;0.863580
2026.03.18 00:00:00;0.863240;0.863950;0.863240;0.863730;2749;0;12;0.863850
2026.03.18 01:00:00;0.863730;0.863940;0.863510;0.863740;4299;0;12;0.863860
2026.03.18 02:00:00;0.863740;0.863940;0.863580;0.863660;6142;0;12;0.863780
2026.03.18 03:00:00;0.863670;0.863740;0.863540;0.863650;1820;0;13;0.863780
2026.03.18 04:00:00;0.863640;0.863800;0.863560;0.863610;1259;0;15;0.863760
2026.03.18 05:00:00;0.863610;0.863710;0.863480;0.863490;964;0;14;0.863630
2026.03.18 06:00:00;0.863490;0.863580;0.863400;0.863550;1003;0;15;0.863700
2026.03.18 07:00:00;0.863550;0.863570;0.863260;0.863310;1448;0;14;0.863450
2026.03.18 08:00:00;0.863320;0.863580;0.863290;0.863550;1536;0;14;0.863690
2026.03.18 09:00:00;0.863550;0.863630;0.862990;0.862990;1998;0;14;0.863130
2026.03.18 10:00:00;0.862990;0.863870;0.862740;0.863750;2913;0;13;0.863880
2026.03.18 11:00:00;0.863750;0.863960;0.863520;0.863580;2241;0;13;0.863710
2026.03.18 12:00:00;0.863580;0.864200;0.863580;0.863980;2084;0;14;0.864120
2026.03.18 13:00:00;0.863970;0.864310;0.863790;0.864190;3786;0;12;0.864310
2026.03.18 14:00:00;0.864190;0.864500;0.863870;0.864180;6214;0;12;0.864300
2026.03.18 15:00:00;0.864180;0.864210;0.863490;0.864010;6372;0;12;0.864130
2026.03.18 16:00:00;0.864020;0.865010;0.863940;0.864130;5836;0;14;0.864270
2026.03.18 17:00:00;0.864130;0.864760;0.864040;0.864080;4539;0;12;0.864200
2026.03.18 18:00:00;0.864080;0.864220;0.863060;0.863090;3739;0;13;0.863220
2026.03.18 19:00:00;0.863090;0.863350;0.862720;0.863030;3625;0;13;0.863160
2026.03.18 20:00:00;0.862990;0.863580;0.862600;0.863550;7307;0;14;0.863690
2026.03.18 21:00:00;0.863530;0.863970;0.863470;0.863760;4436;0;12;0.863880
2026.03.18 22:00:00;0.863750;0.864100;0.863580;0.863650;3435;0;13;0.863780
2026.03.18 23:00:00;0.863640;0.864310;0.863280;0.863930;1375;0;18;0.864110
2026.03.19 00:00:00;0.863930;0.864340;0.863490;0.863990;1809;0;12;0.864110
2026.03.19 01:00:00;0.863980;0.864190;0.863970;0.864140;1763;0;13;0.864270
2026.03.19 02:00:00;0.864110;0.864210;0.863560;0.863560;2903;0;15;0.863710
2026.03.19 03:00:00;0.863560;0.863910;0.863450;0.863830;2528;0;15;0.863980
2026.03.19 04:00:00;0.863830;0.864210;0.863800;0.864060;2811;0;15;0.864210
2026.03.19 05:00:00;0.864060;0.864070;0.863690;0.863880;1528;0;13;0.864010
2026.03.19 06:00:00;0.863860;0.864230;0.863850;0.864030;1404;0;15;0.864180
2026.03.19 07:00:00;0.864030;0.864380;0.864010;0.864310;1517;0;14;0.864450
2026.03.19 08:00:00;0.864310;0.864430;0.863950;0.864120;2647;0;14;0.864260
2026.03.19 09:00:00;0.864130;0.864790;0.863280;0.863370;4775;0;13;0.863500
2026.03.19 10:00:00;0.863380;0.864160;0.863110;0.863930;5373;0;13;0.864060
2026.03.19 11:00:00;0.863930;0.864260;0.863760;0.864060;6578;0;12;0.864180
2026.03.19 12:00:00;0.864060;0.864260;0.863550;0.863950;4027;0;12;0.864070
2026.03.19 13:00:00;0.863950;0.864200;0.863290;0.863420;3627;0;13;0.863550
2026.03.19 14:00:00;0.863440;0.864080;0.862320;0.863670;8408;0;12;0.863790
2026.03.19 15:00:00;0.863690;0.864150;0.862480;0.862620;10992;0;12;0.862740
2026.03.19 16:00:00;0.862610;0.862990;0.861420;0.861630;10864;0;12;0.861750
2026.03.19 17:00:00;0.861650;0.861960;0.861100;0.861820;8070;0;12;0.861940
2026.03.19 18:00:00;0.861820;0.863000;0.861670;0.862780;7241;0;12;0.862900
2026.03.19 19:00:00;0.862770;0.862880;0.862210;0.862390;5237;0;13;0.862520
2026.03.19 20:00:00;0.862390;0.863150;0.861970;0.863120;3952;0;13;0.863250
2026.03.19 21:00:00;0.863110;0.863160;0.862040;0.862460;9604;0;13;0.862590
2026.03.19 22:00:00;0.862460;0.862840;0.862220;0.862600;2540;0;13;0.862730
2026.03.19 23:00:00;0.862600;0.862760;0.861850;0.862240;1399;0;12;0.862360
2026.03.20 00:00:00;0.862140;0.862940;0.862130;0.862300;1493;0;13;0.862430
2026.03.20 01:00:00;0.862300;0.862410;0.862120;0.862270;1484;0;14;0.862410
2026.03.20 02:00:00;0.862260;0.862330;0.861980;0.862070;2064;0;15;0.862220
2026.03.20 03:00:00;0.862080;0.862110;0.861860;0.861950;2725;0;14;0.862090
2026.03.20 04:00:00;0.861950;0.862190;0.861930;0.862110;1691;0;15;0.862260
2026.03.20 05:00:00;0.862110;0.862160;0.861990;0.862110;1284;0;15;0.862260
2026.03.20 06:00:00;0.862110;0.862220;0.862030;0.862090;921;0;15;0.862240
2026.03.20 07:00:00;0.862090;0.862160;0.862000;0.862040;1209;0;14;0.862180
2026.03.20 08:00:00;0.862040;0.862510;0.861920;0.862340;1447;0;15;0.862490
2026.03.20 09:00:00;0.862310;0.862520;0.861530;0.861840;3214;0;12;0.861960
2026.03.20 10:00:00;0.861840;0.862130;0.861390;0.862070;3575;0;14;0.862210
2026.03.20 11:00:00;0.862060;0.862920;0.862000;0.862900;4240;0;13;0.863030
2026.03.20 12:00:00;0.862890;0.864090;0.862690;0.863940;4236;0;12;0.864060
2026.03.20 13:00:00;0.863940;0.864300;0.863690;0.863820;3405;0;13;0.863950
2026.03.20 14:00:00;0.863800;0.864330;0.863280;0.864160;4927;0;12;0.864280
2026.03.20 15:00:00;0.864160;0.864800;0.863810;0.864350;6211;0;13;0.864480
2026.03.20 16:00:00;0.864350;0.866680;0.864330;0.866670;7812;0;12;0.866790
2026.03.20 17:00:00;0.866670;0.867740;0.865620;0.867640;7493;0;12;0.867760
2026.03.20 18:00:00;0.867640;0.867840;0.867360;0.867530;5636;0;12;0.867650
2026.03.20 19:00:00;0.867540;0.867550;0.866440;0.866520;5478;0;14;0.866660
2026.03.20 20:00:00;0.866520;0.866870;0.865810;0.866650;5602;0;13;0.866780
2026.03.20 21:00:00;0.866650;0.866880;0.866240;0.866750;4639;0;15;0.866900
2026.03.20 22:00:00;0.866750;0.867290;0.866630;0.867050;3813;0;13;0.867180
2026.03.22 23:00:00;0.865970;0.867150;0.865890;0.867030;584;0;24;0.867270
2026.03.23 00:00:00;0.867090;0.867880;0.866890;0.867390;2353;0;12;0.867510
2026.03.23 01:00:00;0.867390;0.867430;0.866970;0.867000;2128;0;13;0.867130
2026.03.23 02:00:00;0.867000;0.867110;0.866600;0.866600;4120;0;15;0.866750
2026.03.23 03:00:00;0.866600;0.866790;0.866260;0.866530;5058;0;14;0.866670
2026.03.23 04:00:00;0.866530;0.867000;0.866190;0.866840;3063;0;15;0.866990
2026.03.23 05:00:00;0.866830;0.867220;0.866720;0.867130;2086;0;15;0.867280
2026.03.23 06:00:00;0.867130;0.867210;0.866720;0.866810;1437;0;15;0.866960
2026.03.23 07:00:00;0.866810;0.867100;0.866630;0.867060;2053;0;15;0.867210
2026.03.23 08:00:00;0.867060;0.867660;0.866890;0.867520;3476;0;15;0.867670
2026.03.23 09:00:00;0.867520;0.867850;0.866980;0.867290;4652;0;12;0.867410
2026.03.23 10:00:00;0.867300;0.867330;0.865880;0.866250;6387;0;13;0.866380
2026.03.23 11:00:00;0.866290;0.866560;0.865810;0.866180;5049;0;12;0.866300
2026.03.23 12:00:00;0.866180;0.866470;0.865650;0.865940;5353;0;13;0.866070
2026.03.23 13:00:00;0.865950;0.866760;0.863230;0.865130;19864;0;12;0.865250
2026.03.23 14:00:00;0.865110;0.865380;0.864310;0.864630;14696;0;12;0.864750
2026.03.23 15:00:00;0.864640;0.865270;0.864010;0.864590;13403;0;12;0.864710
2026.03.23 16:00:00;0.864590;0.864710;0.863000;0.863960;12669;0;12;0.864080
2026.03.23 17:00:00;0.863970;0.865620;0.863740;0.865540;12890;0;12;0.865660
2026.03.23 18:00:00;0.865530;0.865670;0.864490;0.864870;10255;0;12;0.864990
2026.03.23 19:00:00;0.864880;0.865080;0.864030;0.864170;7680;0;13;0.864300
2026.03.23 20:00:00;0.864180;0.864740;0.864020;0.864690;7044;0;13;0.864820
2026.03.23 21:00:00;0.864690;0.864690;0.864260;0.864540;4405;0;13;0.864670
2026.03.23 22:00:00;0.864540;0.864790;0.864400;0.864400;2085;0;14;0.864540
2026.03.23 23:00:00;0.864400;0.864900;0.863830;0.864360;1037;0;12;0.864480
2026.03.24 00:00:00;0.864360;0.864710;0.864330;0.864540;1536;0;15;0.864690
2026.03.24 01:00:00;0.864540;0.864610;0.864450;0.864530;1899;0;15;0.864680
2026.03.24 02:00:00;0.864540;0.864830;0.864270;0.864660;5304;0;15;0.864810
2026.03.24 03:00:00;0.864660;0.865220;0.864660;0.864800;5203;0;15;0.864950
2026.03.24 04:00:00;0.864800;0.864970;0.864310;0.864460;3495;0;15;0.864610
2026.03.24 05:00:00;0.864460;0.864610;0.864200;0.864430;2544;0;15;0.864580
2026.03.24 06:00:00;0.864430;0.864740;0.864310;0.864470;1825;0;15;0.864620
2026.03.24 07:00:00;0.864470;0.864880;0.864400;0.864440;2903;0;15;0.864590
2026.03.24 08:00:00;0.864440;0.864440;0.863710;0.864200;3837;0;13;0.864330
2026.03.24 09:00:00;0.864210;0.864560;0.863680;0.864240;6610;0;12;0.864360
2026.03.24 10:00:00;0.864240;0.865400;0.864190;0.865350;6420;0;13;0.865480
2026.03.24 11:00:00;0.865350;0.865730;0.864820;0.865040;4569;0;13;0.865170
2026.03.24 12:00:00;0.865040;0.865130;0.864530;0.864640;3701;0;13;0.864770
2026.03.24 13:00:00;0.864640;0.865060;0.864230;0.864990;4699;0;13;0.865120
2026.03.24 14:00:00;0.864990;0.865340;0.864480;0.864920;4969;0;13;0.865050
2026.03.24 15:00:00;0.864910;0.865600;0.864880;0.865390;7298;0;13;0.865520
2026.03.24 16:00:00;0.865380;0.865510;0.864350;0.864860;8320;0;13;0.864990
2026.03.24 17:00:00;0.864850;0.865430;0.864720;0.865130;7428;0;12;0.865250
2026.03.24 18:00:00;0.865130;0.865710;0.865120;0.865380;5331;0;13;0.865510
2026.03.24 19:00:00;0.865380;0.865670;0.865120;0.865240;7163;0;12;0.865360
2026.03.24 20:00:00;0.865230;0.865790;0.865210;0.865310;5378;0;13;0.865440
2026.03.24 21:00:00;0.865310;0.865730;0.865310;0.865630;3433;0;14;0.865770
2026.03.24 22:00:00;0.865630;0.865670;0.865190;0.865300;6656;0;13;0.865430
2026.03.24 23:00:00;0.865300;0.866000;0.864730;0.865250;2343;0;12;0.865370
2026.03.25 00:00:00;0.865070;0.865890;0.865020;0.865500;2131;0;13;0.865630
2026.03.25 01:00:00;0.865490;0.865700;0.865260;0.865640;1756;0;14;0.865780
2026.03.25 02:00:00;0.865640;0.865780;0.865360;0.865460;4053;0;15;0.865610
2026.03.25 03:00:00;0.865450;0.865660;0.865210;0.865530;3997;0;15;0.865680
2026.03.25 04:00:00;0.865530;0.865870;0.865400;0.865690;2143;0;15;0.865840
2026.03.25 05:00:00;0.865690;0.865960;0.865460;0.865930;1816;0;14;0.866070
2026.03.25 06:00:00;0.865930;0.866000;0.865780;0.865950;1648;0;13;0.866080
2026.03.25 07:00:00;0.865940;0.866600;0.865820;0.866600;2002;0;14;0.866740
2026.03.25 08:00:00;0.866600;0.866600;0.865790;0.866360;2438;0;13;0.866490
2026.03.25 09:00:00;0.866440;0.866730;0.865850;0.866000;3950;0;14;0.866140
2026.03.25 10:00:00;0.865990;0.866040;0.864990;0.865300;6062;0;14;0.865440
2026.03.25 11:00:00;0.865300;0.865880;0.865290;0.865740;3876;0;14;0.865880
2026.03.25 12:00:00;0.865740;0.865980;0.865220;0.865270;3430;0;13;0.865400
2026.03.25 13:00:00;0.865270;0.865330;0.864700;0.865000;3416;0;14;0.865140
2026.03.25 14:00:00;0.864990;0.865610;0.864720;0.865350;6036;0;12;0.865470
2026.03.25 15:00:00;0.865350;0.865550;0.864890;0.865390;5361;0;14;0.865530
2026.03.25 16:00:00;0.865380;0.866220;0.865310;0.865500;6923;0;14;0.865640
2026.03.25 17:00:00;0.865500;0.865550;0.864930;0.865180;6805;0;13;0.865310
2026.03.25 18:00:00;0.865180;0.865330;0.864540;0.864540;5621;0;12;0.864660
2026.03.25 19:00:00;0.864540;0.865050;0.864470;0.864960;3894;0;15;0.865110
2026.03.25 20:00:00;0.864960;0.865450;0.864940;0.865240;3365;0;14;0.865380
2026.03.25 21:00:00;0.865240;0.865300;0.864970;0.865010;2768;0;13;0.865140
2026.03.25 22:00:00;0.865010;0.865130;0.864660;0.864660;1881;0;14;0.864800
2026.03.25 23:00:00;0.864660;0.864880;0.864560;0.864700;1091;0;18;0.864880
2026.03.26 00:00:00;0.864700;0.865100;0.864620;0.865080;884;0;14;0.865220
2026.03.26 01:00:00;0.865080;0.865180;0.865020;0.865080;882;0;15;0.865230
2026.03.26 02:00:00;0.865080;0.865270;0.865010;0.865100;1745;0;12;0.865220
2026.03.26 03:00:00;0.865090;0.865580;0.865060;0.865380;2178;0;15;0.865530
2026.03.26 04:00:00;0.865380;0.865680;0.865350;0.865650;1301;0;15;0.865800
2026.03.26 05:00:00;0.865660;0.865720;0.865400;0.865500;1154;0;15;0.865650
2026.03.26 06:00:00;0.865500;0.865640;0.865460;0.865510;702;0;15;0.865660
2026.03.26 07:00:00;0.865510;0.865580;0.865280;0.865330;1412;0;14;0.865470
2026.03.26 08:00:00;0.865320;0.865390;0.864940;0.865350;2242;0;12;0.865470
2026.03.26 09:00:00;0.865350;0.865660;0.865050;0.865360;3195;0;15;0.865510
2026.03.26 10:00:00;0.865360;0.866140;0.865240;0.865630;3737;0;13;0.865760
2026.03.26 11:00:00;0.865630;0.866010;0.865290;0.865550;3389;0;13;0.865680
2026.03.26 12:00:00;0.865550;0.865660;0.865220;0.865390;2877;0;13;0.865520
2026.03.26 13:00:00;0.865390;0.865420;0.864370;0.864680;2827;0;12;0.864800
2026.03.26 14:00:00;0.864680;0.865280;0.864660;0.865220;4068;0;12;0.865340
2026.03.26 15:00:00;0.865220;0.865240;0.864030;0.864140;5748;0;14;0.864280
2026.03.26 16:00:00;0.864150;0.864290;0.863610;0.864180;6746;0;12;0.864300
2026.03.26 17:00:00;0.864180;0.864710;0.864000;0.864380;6084;0;12;0.864500
2026.03.26 18:00:00;0.864380;0.864960;0.864320;0.864840;4146;0;14;0.864980
2026.03.26 19:00:00;0.864840;0.865310;0.864360;0.865300;3525;0;12;0.865420
2026.03.26 20:00:00;0.865300;0.865400;0.865130;0.865240;2738;0;14;0.865380
2026.03.26 21:00:00;0.865240;0.865390;0.865020;0.865350;2733;0;15;0.865500
2026.03.26 22:00:00;0.865350;0.865490;0.864490;0.864490;5541;0;12;0.864610
2026.03.26 23:00:00;0.864440;0.865110;0.864130;0.864900;1465;0;14;0.865040
2026.03.27 00:00:00;0.864900;0.865210;0.864770;0.865010;1416;0;12;0.865130
2026.03.27 01:00:00;0.865010;0.865080;0.864820;0.864900;978;0;15;0.865050
2026.03.27 02:00:00;0.864890;0.865030;0.864660;0.864670;3050;0;14;0.864810
2026.03.27 03:00:00;0.864660;0.864850;0.864620;0.864780;3146;0;15;0.864930
2026.03.27 04:00:00;0.864780;0.864890;0.864680;0.864750;1716;0;15;0.864900
2026.03.27 05:00:00;0.864750;0.864910;0.864680;0.864860;1754;0;15;0.865010
2026.03.27 06:00:00;0.864860;0.865050;0.864800;0.864980;1278;0;15;0.865130
2026.03.27 07:00:00;0.864980;0.865090;0.864850;0.865060;1866;0;15;0.865210
2026.03.27 08:00:00;0.865060;0.865110;0.864800;0.864860;2063;0;14;0.865000
2026.03.27 09:00:00;0.864870;0.865480;0.864800;0.865110;2845;0;13;0.865240
2026.03.27 10:00:00;0.865090;0.865500;0.864900;0.865230;3685;0;14;0.865370
2026.03.27 11:00:00;0.865230;0.865860;0.865160;0.865590;3500;0;13;0.865720
2026.03.27 12:00:00;0.865590;0.865670;0.865180;0.865260;3486;0;14;0.865400
2026.03.27 13:00:00;0.865260;0.866290;0.865210;0.866240;2855;0;13;0.866370
2026.03.27 14:00:00;0.866240;0.867070;0.866150;0.866890;3586;0;12;0.867010
2026.03.27 15:00:00;0.866890;0.867450;0.866500;0.866550;5158;0;12;0.866670
2026.03.27 16:00:00;0.866550;0.866630;0.865800;0.865980;6524;0;13;0.866110
2026.03.27 17:00:00;0.865980;0.866940;0.865780;0.866600;6241;0;12;0.866720
2026.03.27 18:00:00;0.866610;0.867630;0.866600;0.867520;4947;0;12;0.867640
2026.03.27 19:00:00;0.867520;0.867820;0.867300;0.867640;3610;0;13;0.867770
2026.03.27 20:00:00;0.867640;0.867690;0.867320;0.867510;2992;0;13;0.867640
2026.03.27 21:00:00;0.867510;0.867820;0.867480;0.867670;2561;0;13;0.867800
2026.03.27 22:00:00;0.867670;0.867760;0.867130;0.867570;3100;0;13;0.867700
2026.03.30 00:00:00;0.866730;0.866970;0.866330;0.866400;115;0;12;0.866520
2026.03.30 01:00:00;0.866560;0.868330;0.866360;0.867750;2782;0;12;0.867870
2026.03.30 02:00:00;0.867750;0.868060;0.867630;0.867990;2060;0;14;0.868130
2026.03.30 03:00:00;0.867990;0.868380;0.867930;0.868220;4959;0;14;0.868360
2026.03.30 04:00:00;0.868200;0.868320;0.868130;0.868220;5540;0;13;0.868350
2026.03.30 05:00:00;0.868210;0.868400;0.868130;0.868170;2779;0;14;0.868310
2026.03.30 06:00:00;0.868160;0.868170;0.867550;0.867600;1958;0;15;0.867750
2026.03.30 07:00:00;0.867600;0.867790;0.867520;0.867650;1261;0;14;0.867790
2026.03.30 08:00:00;0.867650;0.867660;0.867160;0.867510;1803;0;15;0.867660
2026.03.30 09:00:00;0.867510;0.867760;0.867160;0.867720;2637;0;14;0.867860
2026.03.30 10:00:00;0.867720;0.868110;0.867650;0.867970;3167;0;14;0.868110
2026.03.30 11:00:00;0.867970;0.868660;0.867730;0.868550;3100;0;12;0.868670
2026.03.30 12:00:00;0.868550;0.868570;0.867860;0.868340;2971;0;14;0.868480
2026.03.30 13:00:00;0.868340;0.868540;0.867890;0.868400;2727;0;14;0.868540
2026.03.30 14:00:00;0.868400;0.868420;0.867570;0.867940;3773;0;13;0.868070
2026.03.30 15:00:00;0.867930;0.868070;0.867490;0.867960;3969;0;15;0.868110
2026.03.30 16:00:00;0.867960;0.869560;0.867820;0.869470;5387;0;13;0.869600
2026.03.30 17:00:00;0.869470;0.869740;0.868420;0.868600;6200;0;14;0.868740
2026.03.30 18:00:00;0.868600;0.868730;0.867800;0.868280;4892;0;12;0.868400
2026.03.30 19:00:00;0.868280;0.868900;0.868030;0.868720;3651;0;14;0.868860
2026.03.30 20:00:00;0.868720;0.869050;0.868590;0.868850;3742;0;13;0.868980
2026.03.30 21:00:00;0.868870;0.869270;0.868790;0.869140;2991;0;15;0.869290
2026.03.30 22:00:00;0.869130;0.869370;0.868990;0.869030;3182;0;14;0.869170
2026.03.30 23:00:00;0.869030;0.869360;0.868990;0.869220;2738;0;13;0.869350
2026.03.31 00:00:00;0.869210;0.869580;0.868660;0.869180;2899;0;24;0.869420
2026.03.31 01:00:00;0.869190;0.869590;0.869190;0.869410;799;0;14;0.869550
2026.03.31 02:00:00;0.869410;0.869760;0.869310;0.869660;1122;0;15;0.869810
2026.03.31 03:00:00;0.869660;0.869920;0.868900;0.869170;4818;0;15;0.869320
2026.03.31 04:00:00;0.869170;0.869430;0.868520;0.868650;4624;0;14;0.868790
2026.03.31 05:00:00;0.868660;0.868820;0.868550;0.868700;2232;0;14;0.868840
2026.03.31 06:00:00;0.868690;0.868880;0.868470;0.868830;1938;0;15;0.868980
2026.03.31 07:00:00;0.868830;0.869020;0.868730;0.868970;1164;0;15;0.869120
2026.03.31 08:00:00;0.868970;0.869070;0.868060;0.868280;2137;0;14;0.868420
2026.03.31 09:00:00;0.868290;0.868960;0.868170;0.868660;3289;0;14;0.868800
2026.03.31 10:00:00;0.868650;0.868960;0.868200;0.868680;3578;0;12;0.868800
2026.03.31 11:00:00;0.868680;0.869000;0.867810;0.867840;3372;0;14;0.867980
2026.03.31 12:00:00;0.867830;0.868320;0.867540;0.867780;3159;0;14;0.867920
2026.03.31 13:00:00;0.867780;0.868410;0.867630;0.868070;2588;0;14;0.868210
2026.03.31 14:00:00;0.868070;0.868660;0.867950;0.868160;5282;0;12;0.868280
2026.03.31 15:00:00;0.868160;0.868980;0.868010;0.868930;5906;0;14;0.869070
2026.03.31 16:00:00;0.868930;0.869640;0.868800;0.869490;4983;0;12;0.869610
2026.03.31 17:00:00;0.869510;0.874190;0.869350;0.873470;8101;0;12;0.873590
2026.03.31 18:00:00;0.873470;0.873940;0.872160;0.873470;7794;0;12;0.873590
2026.03.31 19:00:00;0.873470;0.874010;0.873010;0.873170;9766;0;12;0.873290
2026.03.31 20:00:00;0.873160;0.873320;0.872080;0.872100;8592;0;12;0.872220
2026.03.31 21:00:00;0.872120;0.872720;0.871800;0.872660;4288;0;14;0.872800
2026.03.31 22:00:00;0.872660;0.873250;0.872400;0.873250;3698;0;14;0.873390
2026.03.31 23:00:00;0.873250;0.873670;0.873070;0.873070;3417;0;13;0.873200
2026.04.01 00:00:00;0.873070;0.873600;0.872710;0.873460;468;0;22;0.873680
2026.04.01 01:00:00;0.873460;0.873800;0.873240;0.873500;1455;0;12;0.873620
2026.04.01 02:00:00;0.873500;0.873860;0.873450;0.873830;1301;0;15;0.873980
2026.04.01 03:00:00;0.873830;0.873850;0.873330;0.873680;2505;0;15;0.873830
2026.04.01 04:00:00;0.873680;0.874150;0.873530;0.873740;3830;0;15;0.873890
2026.04.01 05:00:00;0.873740;0.873850;0.873540;0.873690;1665;0;13;0.873820
2026.04.01 06:00:00;0.873690;0.873740;0.873410;0.873520;1537;0;15;0.873670
2026.04.01 07:00:00;0.873520;0.873530;0.873190;0.873220;1422;0;15;0.873370
2026.04.01 08:00:00;0.873220;0.873310;0.872510;0.872510;2249;0;14;0.872650
2026.04.01 09:00:00;0.872510;0.872550;0.871720;0.872170;5394;0;13;0.872300
2026.04.01 10:00:00;0.872170;0.873110;0.871990;0.873030;6138;0;13;0.873160
2026.04.01 11:00:00;0.873030;0.873100;0.872410;0.872550;5220;0;12;0.872670
2026.04.01 12:00:00;0.872550;0.872650;0.871830;0.872210;4561;0;12;0.872330
2026.04.01 13:00:00;0.872210;0.872210;0.871080;0.871940;4294;0;12;0.872060
2026.04.01 14:00:00;0.871940;0.872110;0.871010;0.871240;3188;0;12;0.871360
2026.04.01 15:00:00;0.871240;0.872360;0.870890;0.872060;6391;0;12;0.872180
2026.04.01 16:00:00;0.872060;0.872590;0.871930;0.872010;7585;0;13;0.872140
2026.04.01 17:00:00;0.872010;0.872630;0.871530;0.871550;7273;0;12;0.871670
2026.04.01 18:00:00;0.871550;0.871780;0.871070;0.871200;4572;0;13;0.871330
2026.04.01 19:00:00;0.871200;0.871540;0.870800;0.870970;3454;0;13;0.871100
2026.04.01 20:00:00;0.870970;0.871010;0.870480;0.870480;3419;0;13;0.870610
2026.04.01 21:00:00;0.870480;0.870950;0.870280;0.870460;4145;0;14;0.870600
2026.04.01 22:00:00;0.870460;0.871090;0.870420;0.870860;2988;0;14;0.871000
2026.04.01 23:00:00;0.870860;0.871110;0.870660;0.870670;2634;0;15;0.870820
2026.04.02 00:00:00;0.870460;0.871070;0.870300;0.870650;2192;0;18;0.870830
2026.04.02 01:00:00;0.870660;0.871040;0.870610;0.871040;1144;0;12;0.871160
2026.04.02 02:00:00;0.871030;0.871270;0.870950;0.871190;1394;0;15;0.871340
2026.04.02 03:00:00;0.871190;0.871340;0.870830;0.870960;3255;0;15;0.871110
2026.04.02 04:00:00;0.870960;0.871850;0.870900;0.871470;11961;0;12;0.871590
2026.04.02 05:00:00;0.871470;0.871790;0.871260;0.871640;3964;0;14;0.871780
2026.04.02 06:00:00;0.871640;0.871980;0.871530;0.871800;2361;0;15;0.871950
2026.04.02 07:00:00;0.871810;0.871840;0.871480;0.871550;2145;0;15;0.871700
2026.04.02 08:00:00;0.871550;0.872110;0.871520;0.872040;2443;0;14;0.872180
2026.04.02 09:00:00;0.872040;0.872690;0.871900;0.872160;4299;0;14;0.872300
2026.04.02 10:00:00;0.872160;0.872700;0.872070;0.872480;4474;0;13;0.872610
2026.04.02 11:00:00;0.872480;0.873280;0.872380;0.872960;3463;0;14;0.873100
2026.04.02 12:00:00;0.872960;0.873220;0.872810;0.872990;2636;0;13;0.873120
2026.04.02 13:00:00;0.872980;0.873340;0.872610;0.872960;2918;0;14;0.873100
2026.04.02 14:00:00;0.872960;0.873060;0.872270;0.872340;2734;0;14;0.872480
2026.04.02 15:00:00;0.872340;0.872680;0.871880;0.872020;4775;0;13;0.872150
2026.04.02 16:00:00;0.872020;0.872670;0.872010;0.872160;6083;0;14;0.872300
2026.04.02 17:00:00;0.872160;0.873150;0.872010;0.872130;9018;0;12;0.872250
2026.04.02 18:00:00;0.872130;0.872560;0.871930;0.871980;6811;0;13;0.872110
2026.04.02 19:00:00;0.871980;0.872410;0.871910;0.872040;5061;0;14;0.872180
2026.04.02 20:00:00;0.872040;0.872660;0.871980;0.872330;3011;0;12;0.872450
2026.04.02 21:00:00;0.872320;0.872450;0.872120;0.872290;2818;0;14;0.872430
2026.04.02 22:00:00;0.872290;0.872440;0.872140;0.872210;2612;0;15;0.872360
2026.04.02 23:00:00;0.872200;0.872380;0.872080;0.872200;1566;0;14;0.872340
2026.04.03 00:00:00;0.872200;0.872590;0.871750;0.872280;1056;0;36;0.872640
2026.04.03 01:00:00;0.872300;0.872500;0.872080;0.872430;568;0;14;0.872570
2026.04.03 02:00:00;0.872420;0.872460;0.872210;0.872300;451;0;14;0.872440
2026.04.03 03:00:00;0.872300;0.872320;0.871720;0.871720;1620;0;15;0.871870
2026.04.03 04:00:00;0.871720;0.872120;0.871710;0.871940;946;0;14;0.872080
2026.04.03 05:00:00;0.871940;0.872130;0.871890;0.872060;745;0;15;0.872210
2026.04.03 06:00:00;0.872050;0.872080;0.871910;0.871920;492;0;15;0.872070
2026.04.03 07:00:00;0.871910;0.871990;0.871790;0.871900;627;0;15;0.872050
2026.04.03 08:00:00;0.871900;0.871990;0.871690;0.871770;657;0;15;0.871920
2026.04.03 09:00:00;0.871770;0.871910;0.871640;0.871900;840;0;15;0.872050
2026.04.03 10:00:00;0.871880;0.871980;0.871710;0.871800;1087;0;15;0.871950
2026.04.03 11:00:00;0.871800;0.872070;0.871740;0.871860;803;0;15;0.872010
2026.04.03 12:00:00;0.871860;0.872150;0.871840;0.872070;886;0;15;0.872220
2026.04.03 13:00:00;0.872070;0.872420;0.872010;0.872310;670;0;13;0.872440
2026.04.03 14:00:00;0.872310;0.872390;0.871930;0.872120;989;0;14;0.872260
2026.04.03 15:00:00;0.872120;0.872710;0.871610;0.872640;3163;0;13;0.872770
2026.04.03 16:00:00;0.872640;0.872920;0.872360;0.872630;1505;0;15;0.872780
2026.04.03 17:00:00;0.872630;0.872760;0.872410;0.872520;1489;0;15;0.872670
2026.04.03 18:00:00;0.872520;0.873140;0.871830;0.872700;4199;0;12;0.872820
2026.04.03 19:00:00;0.872700;0.872960;0.872510;0.872740;1906;0;12;0.872860
2026.04.03 20:00:00;0.872720;0.872850;0.872460;0.872730;2298;0;12;0.872850
2026.04.03 21:00:00;0.872730;0.872960;0.872600;0.872750;1172;0;12;0.872870
2026.04.03 22:00:00;0.872780;0.872870;0.872620;0.872690;638;0;13;0.872820
2026.04.03 23:00:00;0.872700;0.873060;0.872320;0.872470;1384;0;12;0.872590
2026.04.06 00:00:00;0.872970;0.873360;0.872800;0.872850;260;0;30;0.873150
2026.04.06 01:00:00;0.872910;0.873300;0.872710;0.872830;3614;0;14;0.872970
2026.04.06 02:00:00;0.872830;0.872860;0.872660;0.872780;1862;0;15;0.872930
2026.04.06 03:00:00;0.872780;0.872870;0.872170;0.872210;3801;0;14;0.872350
2026.04.06 04:00:00;0.872210;0.872320;0.872070;0.872110;2463;0;15;0.872260
2026.04.06 05:00:00;0.872110;0.872220;0.871750;0.871930;2746;0;14;0.872070
2026.04.06 06:00:00;0.871930;0.872140;0.871900;0.872110;1931;0;15;0.872260
2026.04.06 07:00:00;0.872110;0.872140;0.871960;0.872130;1549;0;15;0.872280
2026.04.06 08:00:00;0.872130;0.872140;0.871890;0.872000;1653;0;15;0.872150
2026.04.06 09:00:00;0.871990;0.872430;0.871910;0.872370;2497;0;12;0.872490
2026.04.06 10:00:00;0.872370;0.872860;0.872330;0.872490;3255;0;14;0.872630
2026.04.06 11:00:00;0.872500;0.872520;0.871950;0.872050;3165;0;14;0.872190
2026.04.06 12:00:00;0.872050;0.872070;0.871780;0.871940;2555;0;13;0.872070
2026.04.06 13:00:00;0.871940;0.871950;0.871530;0.871840;2407;0;14;0.871980
2026.04.06 14:00:00;0.871840;0.872160;0.871720;0.872140;2063;0;15;0.872290
2026.04.06 15:00:00;0.872140;0.872240;0.871910;0.872160;2404;0;15;0.872310
2026.04.06 16:00:00;0.872160;0.872190;0.871630;0.871910;3255;0;12;0.872030
2026.04.06 17:00:00;0.871910;0.872330;0.871540;0.871860;6821;0;12;0.871980
2026.04.06 18:00:00;0.871860;0.872510;0.871810;0.872250;4397;0;12;0.872370
2026.04.06 19:00:00;0.872260;0.872330;0.871990;0.872230;2736;0;14;0.872370
2026.04.06 20:00:00;0.872230;0.872550;0.872160;0.872520;4001;0;14;0.872660
2026.04.06 21:00:00;0.872520;0.872630;0.872060;0.872100;2896;0;14;0.872240
2026.04.06 22:00:00;0.872100;0.872140;0.871950;0.872080;1823;0;15;0.872230
2026.04.06 23:00:00;0.872080;0.872140;0.871760;0.871760;1789;0;15;0.871910
2026.04.07 00:00:00;0.871710;0.871950;0.870900;0.871780;1359;0;28;0.872060
2026.04.07 01:00:00;0.871780;0.872140;0.871700;0.872110;1368;0;12;0.872230
2026.04.07 02:00:00;0.872110;0.872160;0.871950;0.872000;967;0;15;0.872150
2026.04.07 03:00:00;0.871990;0.872050;0.871720;0.871920;2721;0;13;0.872050
2026.04.07 04:00:00;0.871920;0.872190;0.871800;0.872100;3194;0;15;0.872250
2026.04.07 05:00:00;0.872100;0.872420;0.872080;0.872220;1760;0;15;0.872370
2026.04.07 06:00:00;0.872220;0.872310;0.872010;0.872070;1198;0;15;0.872220
2026.04.07 07:00:00;0.872070;0.872080;0.871720;0.871850;1233;0;15;0.872000
2026.04.07 08:00:00;0.871860;0.872160;0.871740;0.871790;2026;0;15;0.871940
2026.04.07 09:00:00;0.871790;0.871990;0.871130;0.871450;3039;0;14;0.871590
2026.04.07 10:00:00;0.871450;0.872490;0.871370;0.872140;2971;0;15;0.872290
2026.04.07 11:00:00;0.872120;0.872430;0.871140;0.871210;5980;0;12;0.871330
2026.04.07 12:00:00;0.871210;0.871660;0.871210;0.871560;3427;0;15;0.871710
2026.04.07 13:00:00;0.871570;0.872440;0.871410;0.872390;5522;0;12;0.872510
2026.04.07 14:00:00;0.872390;0.872760;0.871910;0.872620;3223;0;13;0.872750
2026.04.07 15:00:00;0.872620;0.872710;0.872030;0.872360;4287;0;13;0.872490
2026.04.07 16:00:00;0.872360;0.873290;0.872190;0.873200;5093;0;14;0.873340
2026.04.07 17:00:00;0.873200;0.873610;0.872810;0.873490;6074;0;13;0.873620
2026.04.07 18:00:00;0.873480;0.873980;0.873320;0.873880;5284;0;12;0.874000
2026.04.07 19:00:00;0.873880;0.873890;0.873110;0.873200;4257;0;14;0.873340
2026.04.07 20:00:00;0.873200;0.873260;0.872680;0.872850;3483;0;15;0.873000
2026.04.07 21:00:00;0.872850;0.872930;0.872700;0.872880;3107;0;14;0.873020
2026.04.07 22:00:00;0.872870;0.873050;0.872450;0.872540;5501;0;14;0.872680
2026.04.07 23:00:00;0.872540;0.872560;0.872000;0.872080;4406;0;14;0.872220
2026.04.08 00:00:00;0.871890;0.872840;0.871620;0.871810;801;0;14;0.871950
2026.04.08 01:00:00;0.871810;0.872440;0.871270;0.872390;7625;0;12;0.872510
2026.04.08 02:00:00;0.872400;0.872620;0.871430;0.871970;9796;0;12;0.872090
2026.04.08 03:00:00;0.871960;0.872360;0.871420;0.871700;9493;0;12;0.871820
2026.04.08 04:00:00;0.871710;0.871820;0.870830;0.870930;7135;0;15;0.871080
2026.04.08 05:00:00;0.870930;0.871260;0.870790;0.871010;3762;0;15;0.871160
2026.04.08 06:00:00;0.871030;0.871130;0.870840;0.870910;2875;0;15;0.871060
2026.04.08 07:00:00;0.870910;0.871070;0.870140;0.870230;2675;0;14;0.870370
2026.04.08 08:00:00;0.870230;0.870840;0.870090;0.870220;3999;0;12;0.870340
2026.04.08 09:00:00;0.870220;0.871230;0.870010;0.870800;5818;0;12;0.870920
2026.04.08 10:00:00;0.870800;0.871310;0.870290;0.871140;5855;0;14;0.871280
2026.04.08 11:00:00;0.871140;0.871260;0.869820;0.869830;5026;0;13;0.869960
2026.04.08 12:00:00;0.869830;0.870150;0.869220;0.869920;4169;0;12;0.870040
2026.04.08 13:00:00;0.869900;0.870000;0.869340;0.869650;3724;0;12;0.869770
2026.04.08 14:00:00;0.869650;0.869650;0.868680;0.868770;4551;0;12;0.868890
2026.04.08 15:00:00;0.868770;0.869350;0.868520;0.869340;6333;0;12;0.869460
2026.04.08 16:00:00;0.869350;0.869680;0.868890;0.869520;6315;0;13;0.869650
2026.04.08 17:00:00;0.869510;0.870400;0.869180;0.869450;7476;0;14;0.869590
2026.04.08 18:00:00;0.869460;0.870220;0.869420;0.869500;6203;0;14;0.869640
2026.04.08 19:00:00;0.869500;0.870340;0.869480;0.870080;3894;0;14;0.870220
2026.04.08 20:00:00;0.870080;0.870240;0.869900;0.869910;3689;0;14;0.870050
2026.04.08 21:00:00;0.869860;0.870500;0.869820;0.870230;5363;0;14;0.870370
2026.04.08 22:00:00;0.870230;0.870340;0.869940;0.870180;4030;0;12;0.870300
2026.04.08 23:00:00;0.870180;0.870680;0.870100;0.870570;2508;0;15;0.870720
2026.04.09 00:00:00;0.870570;0.870570;0.869620;0.870210;1546;0;18;0.870390
2026.04.09 01:00:00;0.870210;0.870590;0.870210;0.870360;1085;0;15;0.870510
2026.04.09 02:00:00;0.870360;0.870460;0.870220;0.870460;900;0;14;0.870600
2026.04.09 03:00:00;0.870460;0.870530;0.870280;0.870420;2101;0;15;0.870570
2026.04.09 04:00:00;0.870420;0.870800;0.870360;0.870760;2478;0;15;0.870910
2026.04.09 05:00:00;0.870750;0.870880;0.870400;0.870730;1614;0;14;0.870870
2026.04.09 06:00:00;0.870730;0.870780;0.870480;0.870550;1569;0;14;0.870690
2026.04.09 07:00:00;0.870550;0.870630;0.870280;0.870590;1370;0;14;0.870730
2026.04.09 08:00:00;0.870600;0.870790;0.870490;0.870710;1830;0;15;0.870860
2026.04.09 09:00:00;0.870710;0.870850;0.870370;0.870700;2536;0;15;0.870850
2026.04.09 10:00:00;0.870700;0.871130;0.870500;0.870720;3381;0;14;0.870860
2026.04.09 11:00:00;0.870720;0.871140;0.870480;0.870730;2949;0;14;0.870870
2026.04.09 12:00:00;0.870730;0.870990;0.870480;0.870930;2751;0;13;0.871060
2026.04.09 13:00:00;0.870930;0.871190;0.870750;0.871060;2628;0;12;0.871180
2026.04.09 14:00:00;0.871060;0.871180;0.870170;0.870290;2781;0;12;0.870410
2026.04.09 15:00:00;0.870290;0.871150;0.870180;0.870950;3226;0;12;0.871070
2026.04.09 16:00:00;0.870960;0.871000;0.870290;0.870320;4415;0;14;0.870460
2026.04.09 17:00:00;0.870320;0.870940;0.870150;0.870920;6294;0;13;0.871050
2026.04.09 18:00:00;0.870930;0.871280;0.870620;0.870730;7569;0;13;0.870860
2026.04.09 19:00:00;0.870730;0.871040;0.870370;0.870920;3362;0;13;0.871050
2026.04.09 20:00:00;0.870920;0.871230;0.870660;0.870780;3347;0;15;0.870930
2026.04.09 21:00:00;0.870760;0.870990;0.870690;0.870830;4038;0;14;0.870970
2026.04.09 22:00:00;0.870820;0.870990;0.870650;0.870750;2505;0;15;0.870900
2026.04.09 23:00:00;0.870750;0.870810;0.870460;0.870540;1502;0;14;0.870680
2026.04.10 00:00:00;0.870440;0.870880;0.870140;0.870740;1928;0;30;0.871040
2026.04.10 01:00:00;0.870740;0.870970;0.870680;0.870840;1414;0;12;0.870960
2026.04.10 02:00:00;0.870840;0.870860;0.870360;0.870510;947;0;15;0.870660
2026.04.10 03:00:00;0.870490;0.870710;0.870430;0.870500;1954;0;15;0.870650
2026.04.10 04:00:00;0.870500;0.870790;0.870480;0.870590;2336;0;15;0.870740
2026.04.10 05:00:00;0.870590;0.870840;0.870580;0.870750;1379;0;15;0.870900
2026.04.10 06:00:00;0.870750;0.871110;0.870690;0.871090;1024;0;15;0.871240
2026.04.10 07:00:00;0.871090;0.871130;0.870930;0.871030;850;0;15;0.871180
2026.04.10 08:00:00;0.871030;0.871220;0.870970;0.871060;1174;0;15;0.871210
2026.04.10 09:00:00;0.871060;0.871140;0.870660;0.870770;2361;0;13;0.870900
2026.04.10 10:00:00;0.870770;0.870810;0.870270;0.870740;2473;0;14;0.870880
2026.04.10 11:00:00;0.870740;0.870820;0.870460;0.870640;2363;0;15;0.870790
2026.04.10 12:00:00;0.870650;0.871540;0.870640;0.871350;4059;0;12;0.871470
2026.04.10 13:00:00;0.871360;0.871690;0.871020;0.871600;2659;0;13;0.871730
2026.04.10 14:00:00;0.871600;0.871800;0.871140;0.871210;2136;0;13;0.871340
2026.04.10 15:00:00;0.871200;0.871250;0.869820;0.870810;4220;0;12;0.870930
2026.04.10 16:00:00;0.870810;0.871220;0.870480;0.871060;4632;0;14;0.871200
2026.04.10 17:00:00;0.871050;0.871600;0.870650;0.871140;5300;0;13;0.871270
2026.04.10 18:00:00;0.871140;0.871340;0.870730;0.870940;4828;0;12;0.871060
2026.04.10 19:00:00;0.870940;0.871260;0.870650;0.870910;3291;0;14;0.871050
2026.04.10 20:00:00;0.870910;0.871080;0.870730;0.871020;2578;0;15;0.871170
2026.04.10 21:00:00;0.871020;0.871110;0.870820;0.870880;2939;0;15;0.871030
2026.04.10 22:00:00;0.870880;0.870880;0.870600;0.870640;2141;0;14;0.870780
2026.04.10 23:00:00;0.870640;0.871140;0.870570;0.870760;3041;0;15;0.870910
2026.04.13 00:00:00;0.870790;0.871510;0.870200;0.870220;741;0;15;0.870370
2026.04.13 01:00:00;0.870220;0.871710;0.870220;0.871320;3997;0;15;0.871470
2026.04.13 02:00:00;0.871320;0.871770;0.871260;0.871550;1852;0;15;0.871700
2026.04.13 03:00:00;0.871560;0.872140;0.871520;0.871970;2573;0;15;0.872120
2026.04.13 04:00:00;0.871970;0.871970;0.871600;0.871830;2855;0;14;0.871970
2026.04.13 05:00:00;0.871830;0.872040;0.871810;0.871910;1196;0;15;0.872060
2026.04.13 06:00:00;0.871900;0.872050;0.871850;0.871850;1271;0;15;0.872000
2026.04.13 07:00:00;0.871850;0.871910;0.871650;0.871680;1023;0;15;0.871830
2026.04.13 08:00:00;0.871670;0.871900;0.871610;0.871750;1413;0;15;0.871900
2026.04.13 09:00:00;0.871750;0.871800;0.871010;0.871200;2775;0;13;0.871330
2026.04.13 10:00:00;0.871200;0.871400;0.870670;0.870750;3013;0;14;0.870890
2026.04.13 11:00:00;0.870750;0.870830;0.870160;0.870200;2614;0;14;0.870340
2026.04.13 12:00:00;0.870190;0.870350;0.870030;0.870110;2295;0;12;0.870230
2026.04.13 13:00:00;0.870110;0.870480;0.870070;0.870290;1965;0;13;0.870420
2026.04.13 14:00:00;0.870290;0.870710;0.870020;0.870450;2617;0;13;0.870580
2026.04.13 15:00:00;0.870450;0.870700;0.870310;0.870590;3240;0;13;0.870720
2026.04.13 16:00:00;0.870590;0.870600;0.869570;0.870030;4684;0;12;0.870150
2026.04.13 17:00:00;0.870040;0.870440;0.869540;0.869860;5035;0;13;0.869990
2026.04.13 18:00:00;0.869860;0.870230;0.869760;0.870000;3951;0;14;0.870140
2026.04.13 19:00:00;0.870010;0.870210;0.869760;0.870120;4888;0;12;0.870240
2026.04.13 20:00:00;0.870120;0.870300;0.869740;0.869790;3045;0;15;0.869940
2026.04.13 21:00:00;0.869790;0.870980;0.869780;0.870850;3552;0;14;0.870990
2026.04.13 22:00:00;0.870850;0.870920;0.870520;0.870710;2227;0;15;0.870860
2026.04.13 23:00:00;0.870710;0.870780;0.870410;0.870480;2095;0;15;0.870630
2026.04.14 00:00:00;0.870450;0.870760;0.870270;0.870450;974;0;25;0.870700
2026.04.14 01:00:00;0.870440;0.870680;0.870290;0.870430;1150;0;16;0.870590
2026.04.14 02:00:00;0.870430;0.870580;0.870330;0.870510;922;0;15;0.870660
2026.04.14 03:00:00;0.870500;0.870700;0.870440;0.870530;1875;0;14;0.870670
2026.04.14 04:00:00;0.870530;0.870880;0.870520;0.870650;1840;0;15;0.870800
2026.04.14 05:00:00;0.870660;0.870700;0.870460;0.870500;1172;0;15;0.870650
2026.04.14 06:00:00;0.870500;0.870610;0.870380;0.870460;1139;0;15;0.870610
2026.04.14 07:00:00;0.870460;0.870520;0.870260;0.870260;876;0;14;0.870400
2026.04.14 08:00:00;0.870260;0.870470;0.870210;0.870240;1490;0;15;0.870390
2026.04.14 09:00:00;0.870240;0.870950;0.870010;0.870900;2781;0;13;0.871030
2026.04.14 10:00:00;0.870910;0.871310;0.870380;0.870440;4229;0;12;0.870560
2026.04.14 11:00:00;0.870440;0.870590;0.870200;0.870270;3317;0;13;0.870400
2026.04.14 12:00:00;0.870270;0.870550;0.870090;0.870400;2682;0;13;0.870530
2026.04.14 13:00:00;0.870400;0.870710;0.869770;0.869890;3005;0;12;0.870010
2026.04.14 14:00:00;0.869890;0.869930;0.869160;0.869310;3075;0;13;0.869440
2026.04.14 15:00:00;0.869320;0.869340;0.868380;0.868740;4607;0;12;0.868860
2026.04.14 16:00:00;0.868740;0.869170;0.868550;0.868600;4408;0;13;0.868730
2026.04.14 17:00:00;0.868590;0.869150;0.868500;0.869020;4731;0;13;0.869150
2026.04.14 18:00:00;0.869020;0.869430;0.868910;0.869330;4430;0;13;0.869460
2026.04.14 19:00:00;0.869320;0.869500;0.869160;0.869200;2890;0;14;0.869340
2026.04.14 20:00:00;0.869200;0.869440;0.869050;0.869130;1975;0;14;0.869270
2026.04.14 21:00:00;0.869130;0.869490;0.869010;0.869380;2507;0;15;0.869530
2026.04.14 22:00:00;0.869380;0.869460;0.869180;0.869320;1524;0;14;0.869460
2026.04.14 23:00:00;0.869320;0.869430;0.869120;0.869300;1215;0;15;0.869450
2026.04.15 00:00:00;0.869050;0.869390;0.868770;0.868980;1545;0;16;0.869140
2026.04.15 01:00:00;0.869030;0.869380;0.869030;0.869240;1213;0;12;0.869360
2026.04.15 02:00:00;0.869240;0.869290;0.868940;0.869060;1422;0;15;0.869210
2026.04.15 03:00:00;0.869060;0.869070;0.868680;0.868810;2279;0;15;0.868960
2026.04.15 04:00:00;0.868810;0.869060;0.868620;0.868820;2384;0;15;0.868970
2026.04.15 05:00:00;0.868820;0.868930;0.868640;0.868930;1844;0;15;0.869080
2026.04.15 06:00:00;0.868930;0.868960;0.868750;0.868800;1222;0;15;0.868950
2026.04.15 07:00:00;0.868800;0.868910;0.868780;0.868800;908;0;15;0.868950
2026.04.15 08:00:00;0.868800;0.869190;0.868690;0.869180;1855;0;15;0.869330
2026.04.15 09:00:00;0.869180;0.869420;0.868910;0.868970;2467;0;15;0.869120
2026.04.15 10:00:00;0.868970;0.869330;0.868620;0.869060;3356;0;13;0.869190
2026.04.15 11:00:00;0.869060;0.869450;0.869040;0.869060;2782;0;12;0.869180
2026.04.15 12:00:00;0.869060;0.869370;0.868840;0.868940;3515;0;12;0.869060
2026.04.15 13:00:00;0.868940;0.869310;0.868920;0.869190;4040;0;13;0.869320
2026.04.15 14:00:00;0.869200;0.869430;0.869020;0.869220;3170;0;13;0.869350
2026.04.15 15:00:00;0.869260;0.869730;0.869190;0.869550;3293;0;13;0.869680
2026.04.15 16:00:00;0.869550;0.869640;0.869170;0.869410;4333;0;13;0.869540
2026.04.15 17:00:00;0.869400;0.869540;0.868840;0.869320;4853;0;14;0.869460
2026.04.15 18:00:00;0.869320;0.869710;0.869190;0.869520;4599;0;13;0.869650
2026.04.15 19:00:00;0.869520;0.869570;0.869210;0.869310;3154;0;14;0.869450
2026.04.15 20:00:00;0.869310;0.869460;0.869110;0.869120;2578;0;13;0.869250
2026.04.15 21:00:00;0.869120;0.869360;0.869110;0.869220;3458;0;14;0.869360
2026.04.15 22:00:00;0.869220;0.869560;0.869200;0.869420;2395;0;14;0.869560
2026.04.15 23:00:00;0.869420;0.870000;0.869360;0.869750;1995;0;14;0.869890
2026.04.16 00:00:00;0.869740;0.870180;0.869180;0.869680;1284;0;17;0.869850
2026.04.16 01:00:00;0.869680;0.870080;0.869680;0.869810;865;0;16;0.869970
2026.04.16 02:00:00;0.869810;0.869850;0.869730;0.869800;779;0;15;0.869950
2026.04.16 03:00:00;0.869800;0.869850;0.869650;0.869760;1730;0;15;0.869910
2026.04.16 04:00:00;0.869760;0.869840;0.869650;0.869720;2235;0;15;0.869870
2026.04.16 05:00:00;0.869710;0.869890;0.869610;0.869700;1800;0;15;0.869850
2026.04.16 06:00:00;0.869700;0.869760;0.869500;0.869660;1688;0;15;0.869810
2026.04.16 07:00:00;0.869660;0.869790;0.869600;0.869730;1134;0;14;0.869870
2026.04.16 08:00:00;0.869730;0.870040;0.869710;0.869720;1652;0;15;0.869870
2026.04.16 09:00:00;0.869720;0.869720;0.869110;0.869320;2875;0;12;0.869440
2026.04.16 10:00:00;0.869320;0.869820;0.869010;0.869570;3407;0;14;0.869710
2026.04.16 11:00:00;0.869570;0.869770;0.869120;0.869740;3324;0;13;0.869870
2026.04.16 12:00:00;0.869740;0.870110;0.869550;0.869980;2592;0;13;0.870110
2026.04.16 13:00:00;0.869990;0.870090;0.869560;0.869660;2231;0;13;0.869790
2026.04.16 14:00:00;0.869660;0.869970;0.869540;0.869790;2582;0;14;0.869930
2026.04.16 15:00:00;0.869790;0.869920;0.869550;0.869620;3416;0;13;0.869750
2026.04.16 16:00:00;0.869620;0.869740;0.868900;0.869260;4209;0;14;0.869400
2026.04.16 17:00:00;0.869270;0.871190;0.869170;0.870470;5420;0;12;0.870590
2026.04.16 18:00:00;0.870460;0.870680;0.870110;0.870200;4988;0;12;0.870320
2026.04.16 19:00:00;0.870200;0.870520;0.870030;0.870260;3788;0;12;0.870380
2026.04.16 20:00:00;0.870260;0.870530;0.870110;0.870410;3406;0;15;0.870560
2026.04.16 21:00:00;0.870410;0.870670;0.870330;0.870450;3119;0;15;0.870600
2026.04.16 22:00:00;0.870450;0.870830;0.870400;0.870660;2470;0;13;0.870790
2026.04.16 23:00:00;0.870660;0.871010;0.870600;0.870630;1254;0;14;0.870770
2026.04.17 00:00:00;0.870630;0.870820;0.869900;0.870650;990;0;27;0.870920
2026.04.17 01:00:00;0.870700;0.871000;0.870580;0.870850;900;0;14;0.870990
2026.04.17 02:00:00;0.870850;0.870960;0.870800;0.870910;844;0;15;0.871060
2026.04.17 03:00:00;0.870910;0.871140;0.870910;0.871080;2030;0;15;0.871230
2026.04.17 04:00:00;0.871080;0.871210;0.871000;0.871130;2117;0;14;0.871270
2026.04.17 05:00:00;0.871130;0.871150;0.870990;0.871030;1105;0;14;0.871170
2026.04.17 06:00:00;0.871040;0.871240;0.871010;0.871100;1126;0;15;0.871250
2026.04.17 07:00:00;0.871100;0.871290;0.871080;0.871250;1103;0;15;0.871400
2026.04.17 08:00:00;0.871250;0.871510;0.871240;0.871300;1690;0;14;0.871440
2026.04.17 09:00:00;0.871300;0.871890;0.871300;0.871780;2443;0;14;0.871920
2026.04.17 10:00:00;0.871780;0.871790;0.871020;0.871050;3036;0;14;0.871190
2026.04.17 11:00:00;0.871050;0.871610;0.871040;0.871540;2575;0;12;0.871660
2026.04.17 12:00:00;0.871530;0.871660;0.871310;0.871470;2719;0;13;0.871600
2026.04.17 13:00:00;0.871470;0.872240;0.871280;0.872080;2057;0;14;0.872220
2026.04.17 14:00:00;0.872080;0.872210;0.871410;0.871630;2467;0;14;0.871770
2026.04.17 15:00:00;0.871630;0.871870;0.870850;0.871210;6026;0;12;0.871330
2026.04.17 16:00:00;0.871210;0.872060;0.871140;0.871720;9303;0;12;0.871840
2026.04.17 17:00:00;0.871700;0.871800;0.870280;0.870510;7119;0;12;0.870630
2026.04.17 18:00:00;0.870510;0.870980;0.870400;0.870530;5979;0;12;0.870650
2026.04.17 19:00:00;0.870530;0.870750;0.870240;0.870440;3584;0;13;0.870570
2026.04.17 20:00:00;0.870440;0.870490;0.870100;0.870310;4461;0;13;0.870440
2026.04.17 21:00:00;0.870310;0.870370;0.869950;0.870230;3305;0;13;0.870360
2026.04.17 22:00:00;0.870220;0.870510;0.870120;0.870440;3584;0;12;0.870560
2026.04.17 23:00:00;0.870440;0.870580;0.869690;0.869960;2434;0;13;0.870090
2026.04.20 00:00:00;0.870100;0.870210;0.869420;0.869700;845;0;44;0.870140
2026.04.20 01:00:00;0.869700;0.870590;0.869700;0.870320;2851;0;13;0.870450
2026.04.20 02:00:00;0.870320;0.870750;0.870230;0.870590;2075;0;15;0.870740
2026.04.20 03:00:00;0.870590;0.871190;0.870580;0.870920;3406;0;14;0.871060
2026.04.20 04:00:00;0.870920;0.871080;0.870890;0.870900;3123;0;14;0.871040
2026.04.20 05:00:00;0.870900;0.870960;0.870630;0.870660;1661;0;15;0.870810
2026.04.20 06:00:00;0.870660;0.870720;0.870580;0.870650;1404;0;14;0.870790
2026.04.20 07:00:00;0.870670;0.870730;0.870590;0.870630;1494;0;15;0.870780
2026.04.20 08:00:00;0.870640;0.871090;0.870610;0.871080;2113;0;15;0.871230
2026.04.20 09:00:00;0.871080;0.871520;0.870920;0.871010;3484;0;15;0.871160
2026.04.20 10:00:00;0.871010;0.871120;0.870440;0.870790;4006;0;13;0.870920
2026.04.20 11:00:00;0.870790;0.871490;0.870710;0.871250;3213;0;14;0.871390
2026.04.20 12:00:00;0.871250;0.871320;0.870200;0.870220;3445;0;13;0.870350
2026.04.20 13:00:00;0.870220;0.870710;0.870200;0.870690;2681;0;12;0.870810
2026.04.20 14:00:00;0.870690;0.870830;0.870040;0.870300;3188;0;14;0.870440
2026.04.20 15:00:00;0.870290;0.870690;0.870270;0.870340;3695;0;14;0.870480
2026.04.20 16:00:00;0.870330;0.870620;0.870000;0.870020;5052;0;12;0.870140
2026.04.20 17:00:00;0.870020;0.870800;0.869960;0.870390;5570;0;15;0.870540
2026.04.20 18:00:00;0.870390;0.870620;0.870210;0.870230;5173;0;13;0.870360
2026.04.20 19:00:00;0.870220;0.870550;0.870160;0.870450;3042;0;14;0.870590
2026.04.20 20:00:00;0.870450;0.870620;0.870380;0.870500;2367;0;15;0.870650
2026.04.20 21:00:00;0.870500;0.870650;0.870260;0.870420;2340;0;14;0.870560
2026.04.20 22:00:00;0.870420;0.870880;0.870390;0.870840;1570;0;15;0.870990
2026.04.20 23:00:00;0.870840;0.871010;0.870540;0.870860;2000;0;12;0.870980
2026.04.21 00:00:00;0.870800;0.870990;0.870210;0.870780;1227;0;28;0.871060
2026.04.21 01:00:00;0.870780;0.870950;0.870570;0.870770;1250;0;13;0.870900
2026.04.21 02:00:00;0.870760;0.870830;0.870670;0.870820;894;0;13;0.870950
2026.04.21 03:00:00;0.870820;0.871170;0.870790;0.871130;2477;0;15;0.871280
2026.04.21 04:00:00;0.871130;0.871220;0.870880;0.870940;2146;0;14;0.871080
2026.04.21 05:00:00;0.870940;0.871110;0.870810;0.871070;1593;0;14;0.871210
2026.04.21 06:00:00;0.871070;0.871200;0.870970;0.871020;1099;0;13;0.871150
2026.04.21 07:00:00;0.871020;0.871220;0.870980;0.871180;1054;0;15;0.871330
2026.04.21 08:00:00;0.871170;0.871280;0.870950;0.871190;2069;0;14;0.871330
2026.04.21 09:00:00;0.871200;0.871210;0.870310;0.870830;2976;0;12;0.870950
2026.04.21 10:00:00;0.870830;0.871040;0.870560;0.870870;3615;0;15;0.871020
2026.04.21 11:00:00;0.870870;0.871930;0.870750;0.871180;4749;0;12;0.871300
2026.04.21 12:00:00;0.871180;0.871260;0.870560;0.870800;2621;0;12;0.870920
2026.04.21 13:00:00;0.870800;0.870900;0.870350;0.870400;2452;0;14;0.870540
2026.04.21 14:00:00;0.870400;0.870450;0.870090;0.870340;3381;0;12;0.870460
2026.04.21 15:00:00;0.870340;0.870370;0.869610;0.870010;3904;0;12;0.870130
2026.04.21 16:00:00;0.870010;0.870220;0.869780;0.869810;4468;0;13;0.869940
2026.04.21 17:00:00;0.869810;0.870180;0.869300;0.869860;5770;0;13;0.869990
2026.04.21 18:00:00;0.869860;0.869970;0.869520;0.869710;6065;0;13;0.869840
2026.04.21 19:00:00;0.869710;0.869850;0.869620;0.869790;3547;0;14;0.869930
2026.04.21 20:00:00;0.869790;0.869830;0.869300;0.869410;5778;0;13;0.869540
2026.04.21 21:00:00;0.869420;0.869860;0.869320;0.869350;5197;0;12;0.869470
2026.04.21 22:00:00;0.869350;0.869820;0.869320;0.869620;6384;0;14;0.869760
2026.04.21 23:00:00;0.869630;0.870000;0.869040;0.869040;5225;0;12;0.869160
2026.04.22 00:00:00;0.869160;0.870000;0.869020;0.869380;961;0;26;0.869640
2026.04.22 01:00:00;0.869380;0.869500;0.869220;0.869290;1289;0;12;0.869410
2026.04.22 02:00:00;0.869290;0.869320;0.869170;0.869260;1059;0;15;0.869410
2026.04.22 03:00:00;0.869250;0.869260;0.868880;0.869180;2605;0;14;0.869320
2026.04.22 04:00:00;0.869180;0.869360;0.869050;0.869180;2297;0;15;0.869330
2026.04.22 05:00:00;0.869180;0.869300;0.869120;0.869210;1804;0;15;0.869360
2026.04.22 06:00:00;0.869210;0.869230;0.868890;0.868970;1451;0;15;0.869120
2026.04.22 07:00:00;0.868980;0.869080;0.868900;0.869020;1251;0;14;0.869160
2026.04.22 08:00:00;0.869020;0.869160;0.868720;0.868720;2748;0;14;0.868860
2026.04.22 09:00:00;0.868720;0.869240;0.868710;0.869120;2569;0;15;0.869270
2026.04.22 10:00:00;0.869120;0.869360;0.868900;0.868970;3050;0;14;0.869110
2026.04.22 11:00:00;0.868970;0.869070;0.868520;0.868700;3762;0;14;0.868840
2026.04.22 12:00:00;0.868700;0.868830;0.868370;0.868780;2697;0;12;0.868900
2026.04.22 13:00:00;0.868780;0.869160;0.868740;0.869000;2317;0;12;0.869120
2026.04.22 14:00:00;0.869000;0.869280;0.868870;0.868960;3297;0;13;0.869090
2026.04.22 15:00:00;0.868960;0.869060;0.868740;0.869010;3551;0;13;0.869140
2026.04.22 16:00:00;0.869010;0.869020;0.867890;0.868410;5153;0;12;0.868530
2026.04.22 17:00:00;0.868410;0.868590;0.867670;0.867990;5198;0;14;0.868130
2026.04.22 18:00:00;0.867990;0.868140;0.867300;0.867330;4065;0;12;0.867450
2026.04.22 19:00:00;0.867330;0.867720;0.867200;0.867230;2849;0;13;0.867360
2026.04.22 20:00:00;0.867230;0.867240;0.866610;0.866630;2841;0;13;0.866760
2026.04.22 21:00:00;0.866630;0.866950;0.866620;0.866880;2565;0;13;0.867010
2026.04.22 22:00:00;0.866880;0.866970;0.866660;0.866750;2582;0;15;0.866900
2026.04.22 23:00:00;0.866750;0.866980;0.866700;0.866720;2215;0;13;0.866850
2026.04.23 00:00:00;0.866720;0.866780;0.866360;0.866680;807;0;12;0.866800
2026.04.23 01:00:00;0.866710;0.867000;0.866660;0.866920;901;0;15;0.867070
2026.04.23 02:00:00;0.866920;0.867050;0.866890;0.867020;805;0;14;0.867160
2026.04.23 03:00:00;0.867020;0.867490;0.866870;0.866870;5047;0;12;0.866990
2026.04.23 04:00:00;0.866870;0.867290;0.866850;0.867280;3024;0;15;0.867430
2026.04.23 05:00:00;0.867280;0.867390;0.867050;0.867210;2447;0;15;0.867360
2026.04.23 06:00:00;0.867210;0.867460;0.867150;0.867170;2684;0;15;0.867320
2026.04.23 07:00:00;0.867170;0.867370;0.867170;0.867200;1813;0;15;0.867350
2026.04.23 08:00:00;0.867200;0.867530;0.867170;0.867530;1840;0;15;0.867680
2026.04.23 09:00:00;0.867530;0.867790;0.867190;0.867380;2156;0;12;0.867500
2026.04.23 10:00:00;0.867380;0.867600;0.867050;0.867440;3340;0;12;0.867560
2026.04.23 11:00:00;0.867450;0.867670;0.866010;0.866390;3579;0;12;0.866510
2026.04.23 12:00:00;0.866390;0.866760;0.865770;0.866100;3896;0;13;0.866230
2026.04.23 13:00:00;0.866100;0.866260;0.865510;0.866260;3204;0;13;0.866390
2026.04.23 14:00:00;0.866260;0.866260;0.865270;0.865510;4059;0;13;0.865640
2026.04.23 15:00:00;0.865520;0.866830;0.865510;0.866790;4888;0;12;0.866910
2026.04.23 16:00:00;0.866790;0.866920;0.865830;0.866040;4733;0;12;0.866160
2026.04.23 17:00:00;0.866040;0.866770;0.866020;0.866700;5299;0;13;0.866830
2026.04.23 18:00:00;0.866700;0.867430;0.866690;0.867260;4431;0;13;0.867390
2026.04.23 19:00:00;0.867260;0.867500;0.867210;0.867250;3412;0;14;0.867390
2026.04.23 20:00:00;0.867250;0.867720;0.867130;0.867480;7919;0;12;0.867600
2026.04.23 21:00:00;0.867480;0.867580;0.867370;0.867480;5516;0;14;0.867620
2026.04.23 22:00:00;0.867470;0.867680;0.867420;0.867660;3788;0;15;0.867810
2026.04.23 23:00:00;0.867660;0.867710;0.867380;0.867410;3006;0;13;0.867540
2026.04.24 00:00:00;0.867410;0.867680;0.866820;0.867320;1628;0;19;0.867510
2026.04.24 01:00:00;0.867320;0.867740;0.867320;0.867610;1002;0;12;0.867730
2026.04.24 02:00:00;0.867610;0.867660;0.867460;0.867550;949;0;15;0.867700
2026.04.24 03:00:00;0.867550;0.867630;0.867420;0.867550;2510;0;15;0.867700
2026.04.24 04:00:00;0.867550;0.867690;0.867460;0.867500;2360;0;14;0.867640
2026.04.24 05:00:00;0.867500;0.867600;0.867450;0.867560;2089;0;15;0.867710
2026.04.24 06:00:00;0.867560;0.867700;0.867480;0.867540;1730;0;14;0.867680
2026.04.24 07:00:00;0.867540;0.867660;0.867400;0.867410;1694;0;15;0.867560
2026.04.24 08:00:00;0.867400;0.867490;0.867350;0.867420;1951;0;15;0.867570
2026.04.24 09:00:00;0.867420;0.867650;0.867240;0.867290;2171;0;14;0.867430
2026.04.24 10:00:00;0.867290;0.867480;0.867100;0.867400;2271;0;14;0.867540
2026.04.24 11:00:00;0.867390;0.867470;0.867140;0.867350;3093;0;13;0.867480
2026.04.24 12:00:00;0.867350;0.867380;0.866670;0.866690;3255;0;13;0.866820
2026.04.24 13:00:00;0.866690;0.867560;0.866680;0.867310;2983;0;12;0.867430
2026.04.24 14:00:00;0.867310;0.868190;0.867210;0.867970;5787;0;12;0.868090
2026.04.24 15:00:00;0.867980;0.868030;0.867050;0.867120;3966;0;13;0.867250
2026.04.24 16:00:00;0.867120;0.867650;0.867080;0.867280;4410;0;12;0.867400
2026.04.24 17:00:00;0.867280;0.867390;0.866770;0.867000;5386;0;12;0.867120
2026.04.24 18:00:00;0.867000;0.867330;0.866710;0.866900;5489;0;12;0.867020
2026.04.24 19:00:00;0.866900;0.867100;0.866480;0.866650;4161;0;14;0.866790
2026.04.24 20:00:00;0.866640;0.866780;0.866210;0.866320;2871;0;14;0.866460
2026.04.24 21:00:00;0.866320;0.866370;0.865990;0.866050;2271;0;14;0.866190
2026.04.24 22:00:00;0.866050;0.866140;0.865790;0.865840;2464;0;14;0.865980
2026.04.24 23:00:00;0.865850;0.866100;0.865690;0.865910;2947;0;13;0.866040
2026.04.27 00:00:00;0.865740;0.866290;0.865740;0.866290;243;0;65;0.866940
2026.04.27 01:00:00;0.866360;0.866360;0.865830;0.866200;1456;0;12;0.866320
2026.04.27 02:00:00;0.866200;0.866210;0.866060;0.866120;928;0;15;0.866270
2026.04.27 03:00:00;0.866120;0.866480;0.866090;0.866360;2711;0;13;0.866490
2026.04.27 04:00:00;0.866360;0.866440;0.866150;0.866180;3630;0;15;0.866330
2026.04.27 05:00:00;0.866180;0.866270;0.866030;0.866080;1671;0;14;0.866220
2026.04.27 06:00:00;0.866080;0.866130;0.865790;0.865900;1689;0;14;0.866040
2026.04.27 07:00:00;0.865900;0.866010;0.865850;0.865910;1418;0;15;0.866060
2026.04.27 08:00:00;0.865910;0.866200;0.865910;0.866090;1673;0;15;0.866240
2026.04.27 09:00:00;0.866090;0.866480;0.865870;0.866460;2415;0;14;0.866600
2026.04.27 10:00:00;0.866470;0.866980;0.866290;0.866950;3415;0;14;0.867090
2026.04.27 11:00:00;0.866940;0.867030;0.866610;0.866700;1911;0;15;0.866850
2026.04.27 12:00:00;0.866700;0.866770;0.866370;0.866450;2426;0;14;0.866590
2026.04.27 13:00:00;0.866450;0.866530;0.865950;0.866110;2230;0;14;0.866250
2026.04.27 14:00:00;0.866110;0.866260;0.865790;0.865890;2519;0;14;0.866030
2026.04.27 15:00:00;0.865890;0.866760;0.865640;0.866750;3721;0;14;0.866890
2026.04.27 16:00:00;0.866720;0.867500;0.866510;0.866660;4748;0;12;0.866780
2026.04.27 17:00:00;0.866660;0.866660;0.865690;0.865690;4782;0;13;0.865820
2026.04.27 18:00:00;0.865690;0.865960;0.865510;0.865540;3450;0;13;0.865670
2026.04.27 19:00:00;0.865540;0.865910;0.865420;0.865720;2360;0;12;0.865840
2026.04.27 20:00:00;0.865720;0.866180;0.865710;0.865820;2613;0;13;0.865950
2026.04.27 21:00:00;0.865820;0.866090;0.865710;0.865960;2002;0;13;0.866090
2026.04.27 22:00:00;0.865960;0.866110;0.865920;0.866060;2022;0;13;0.866190
2026.04.27 23:00:00;0.866050;0.866150;0.865780;0.865780;1343;0;15;0.865930
2026.04.28 00:00:00;0.865780;0.865930;0.865380;0.865610;721;0;32;0.865930
2026.04.28 01:00:00;0.865690;0.866000;0.865690;0.865900;1060;0;12;0.866020
2026.04.28 02:00:00;0.865900;0.865980;0.865840;0.865860;764;0;15;0.866010
2026.04.28 03:00:00;0.865860;0.865980;0.865790;0.865880;2132;0;15;0.866030
2026.04.28 04:00:00;0.865880;0.866050;0.865850;0.866040;2155;0;15;0.866190
2026.04.28 05:00:00;0.866040;0.866070;0.865770;0.865780;1548;0;14;0.865920
2026.04.28 06:00:00;0.865780;0.865860;0.865450;0.865510;1807;0;13;0.865640
2026.04.28 07:00:00;0.865510;0.865700;0.865450;0.865560;1161;0;15;0.865710
2026.04.28 08:00:00;0.865560;0.865940;0.865510;0.865870;1804;0;15;0.866020
2026.04.28 09:00:00;0.865870;0.866000;0.865260;0.865350;3162;0;14;0.865490
2026.04.28 10:00:00;0.865350;0.865840;0.865320;0.865720;3778;0;12;0.865840
2026.04.28 11:00:00;0.865770;0.866570;0.865750;0.866380;3794;0;12;0.866500
2026.04.28 12:00:00;0.866390;0.866950;0.866310;0.866600;3607;0;13;0.866730
2026.04.28 13:00:00;0.866600;0.867130;0.866370;0.867080;3621;0;14;0.867220
2026.04.28 14:00:00;0.867080;0.867750;0.866890;0.867340;4491;0;12;0.867460
2026.04.28 15:00:00;0.867340;0.867510;0.866690;0.866820;5035;0;13;0.866950
2026.04.28 16:00:00;0.866830;0.867010;0.866600;0.866660;5615;0;12;0.866780
2026.04.28 17:00:00;0.866670;0.867000;0.866350;0.866780;5849;0;13;0.866910
2026.04.28 18:00:00;0.866790;0.867170;0.866710;0.866850;5412;0;13;0.866980
2026.04.28 19:00:00;0.866860;0.867000;0.866360;0.866420;3795;0;15;0.866570
2026.04.28 20:00:00;0.866430;0.866620;0.866350;0.866430;2973;0;13;0.866560
2026.04.28 21:00:00;0.866450;0.866600;0.866320;0.866340;3152;0;14;0.866480
2026.04.28 22:00:00;0.866340;0.866400;0.866190;0.866220;2155;0;13;0.866350
2026.04.28 23:00:00;0.866220;0.866390;0.866180;0.866330;1418;0;13;0.866460
2026.04.29 00:00:00;0.866190;0.866730;0.865990;0.866130;784;0;43;0.866560
2026.04.29 01:00:00;0.866200;0.866650;0.866200;0.866420;814;0;12;0.866540
2026.04.29 02:00:00;0.866410;0.866450;0.866330;0.866390;593;0;16;0.866550
2026.04.29 03:00:00;0.866380;0.866410;0.866150;0.866180;1523;0;12;0.866300
2026.04.29 04:00:00;0.866180;0.866430;0.866090;0.866410;3112;0;15;0.866560
2026.04.29 05:00:00;0.866400;0.866530;0.866320;0.866410;1694;0;15;0.866560
2026.04.29 06:00:00;0.866410;0.866490;0.866270;0.866310;1022;0;15;0.866460
2026.04.29 07:00:00;0.866300;0.866350;0.866120;0.866170;819;0;15;0.866320
2026.04.29 08:00:00;0.866170;0.866370;0.866160;0.866360;1380;0;15;0.866510
2026.04.29 09:00:00;0.866360;0.866730;0.866360;0.866580;2243;0;14;0.866720
2026.04.29 10:00:00;0.866560;0.867000;0.866370;0.866700;2458;0;15;0.866850
2026.04.29 11:00:00;0.866690;0.866740;0.866320;0.866670;2872;0;13;0.866800
2026.04.29 12:00:00;0.866670;0.866940;0.866090;0.866200;2560;0;15;0.866350
2026.04.29 13:00:00;0.866200;0.866540;0.866110;0.866540;2732;0;13;0.866670
2026.04.29 14:00:00;0.866540;0.866920;0.866260;0.866350;3123;0;12;0.866470
2026.04.29 15:00:00;0.866350;0.866530;0.866130;0.866520;3700;0;13;0.866650
2026.04.29 16:00:00;0.866510;0.867320;0.866120;0.867200;5472;0;13;0.867330
2026.04.29 17:00:00;0.867190;0.867300;0.866410;0.866570;5432;0;13;0.866700
2026.04.29 18:00:00;0.866570;0.867020;0.866510;0.866910;5405;0;12;0.867030
2026.04.29 19:00:00;0.866920;0.866920;0.866180;0.866670;4029;0;14;0.866810
2026.04.29 20:00:00;0.866670;0.866830;0.866280;0.866480;3520;0;13;0.866610
2026.04.29 21:00:00;0.866510;0.866720;0.866170;0.866330;6521;0;13;0.866460
2026.04.29 22:00:00;0.866330;0.866480;0.866120;0.866380;3902;0;13;0.866510
2026.04.29 23:00:00;0.866380;0.866450;0.866090;0.866390;3048;0;15;0.866540
2026.04.30 00:00:00;0.866410;0.866990;0.865620;0.865880;1287;0;15;0.866030
2026.04.30 01:00:00;0.865850;0.866390;0.865850;0.866190;1603;0;13;0.866320
2026.04.30 02:00:00;0.866190;0.866340;0.866160;0.866180;1194;0;14;0.866320
2026.04.30 03:00:00;0.866180;0.866220;0.865950;0.866020;3369;0;14;0.866160
2026.04.30 04:00:00;0.866040;0.866230;0.865820;0.865850;2956;0;14;0.865990
2026.04.30 05:00:00;0.865850;0.865890;0.865660;0.865740;2752;0;14;0.865880
2026.04.30 06:00:00;0.865740;0.865860;0.865550;0.865600;2267;0;15;0.865750
2026.04.30 07:00:00;0.865600;0.866170;0.865580;0.866130;2816;0;15;0.866280
2026.04.30 08:00:00;0.866120;0.866180;0.865910;0.866160;2919;0;15;0.866310
2026.04.30 09:00:00;0.866150;0.866430;0.865660;0.866080;4415;0;14;0.866220
2026.04.30 10:00:00;0.866080;0.866150;0.865660;0.865940;4678;0;12;0.866060
2026.04.30 11:00:00;0.865940;0.866470;0.865690;0.866070;5521;0;13;0.866200
2026.04.30 12:00:00;0.866060;0.866180;0.865630;0.866000;6038;0;13;0.866130
2026.04.30 13:00:00;0.866000;0.866430;0.865620;0.865770;7544;0;13;0.865900
2026.04.30 14:00:00;0.865700;0.866540;0.865620;0.865830;8738;0;12;0.865950
2026.04.30 15:00:00;0.865830;0.866370;0.864910;0.865220;7806;0;13;0.865350
2026.04.30 16:00:00;0.865230;0.865670;0.864820;0.864820;7066;0;12;0.864940
2026.04.30 17:00:00;0.864830;0.864930;0.863130;0.863360;8992;0;12;0.863480
2026.04.30 18:00:00;0.863360;0.863890;0.862950;0.863670;6992;0;12;0.863790
2026.04.30 19:00:00;0.863670;0.863830;0.863330;0.863480;3723;0;13;0.863610
2026.04.30 20:00:00;0.863490;0.863570;0.863170;0.863230;4063;0;14;0.863370
2026.04.30 21:00:00;0.863230;0.863250;0.862680;0.862760;3542;0;12;0.862880
2026.04.30 22:00:00;0.862760;0.862820;0.862350;0.862410;4235;0;13;0.862540
2026.04.30 23:00:00;0.862410;0.862480;0.862150;0.862180;2720;0;13;0.862310
2026.05.01 00:00:00;0.862050;0.862520;0.861870;0.862290;593;0;15;0.862440
2026.05.01 01:00:00;0.862290;0.862340;0.862130;0.862310;1027;0;14;0.862450
2026.05.01 02:00:00;0.862310;0.862320;0.862110;0.862220;1463;0;15;0.862370
2026.05.01 03:00:00;0.862220;0.862240;0.861980;0.862020;2930;0;14;0.862160
2026.05.01 04:00:00;0.862030;0.862300;0.862010;0.862120;2324;0;14;0.862260
2026.05.01 05:00:00;0.862120;0.862440;0.862100;0.862320;1830;0;15;0.862470
2026.05.01 06:00:00;0.862320;0.862490;0.862150;0.862390;1945;0;14;0.862530
2026.05.01 07:00:00;0.862380;0.862460;0.862300;0.862390;1565;0;13;0.862520
2026.05.01 08:00:00;0.862390;0.862610;0.862340;0.862570;2067;0;14;0.862710
2026.05.01 09:00:00;0.862570;0.862590;0.861920;0.862150;4092;0;13;0.862280
2026.05.01 10:00:00;0.862150;0.862650;0.861930;0.862470;4615;0;13;0.862600
2026.05.01 11:00:00;0.862460;0.863160;0.862390;0.862940;3048;0;13;0.863070
2026.05.01 12:00:00;0.862940;0.863110;0.862650;0.862980;2775;0;13;0.863110
2026.05.01 13:00:00;0.862980;0.863210;0.862770;0.863150;2670;0;13;0.863280
2026.05.01 14:00:00;0.863150;0.863190;0.862720;0.862730;3227;0;13;0.862860
2026.05.01 15:00:00;0.862740;0.862890;0.862390;0.862600;4651;0;14;0.862740
2026.05.01 16:00:00;0.862600;0.862740;0.862240;0.862390;4567;0;13;0.862520
2026.05.01 17:00:00;0.862400;0.863990;0.862260;0.863710;6171;0;12;0.863830
2026.05.01 18:00:00;0.863710;0.863770;0.863070;0.863090;5361;0;12;0.863210
2026.05.01 19:00:00;0.863090;0.863290;0.862850;0.863130;4117;0;12;0.863250
2026.05.01 20:00:00;0.863130;0.863280;0.862970;0.863090;3190;0;13;0.863220
2026.05.01 21:00:00;0.863090;0.863440;0.863040;0.863360;3192;0;13;0.863490
2026.05.01 22:00:00;0.863360;0.863440;0.863170;0.863370;2068;0;13;0.863500
2026.05.01 23:00:00;0.863370;0.863540;0.862930;0.862930;2845;0;12;0.863050
2026.05.04 00:00:00;0.863400;0.863420;0.862950;0.862980;528;0;44;0.863420
2026.05.04 01:00:00;0.862980;0.863610;0.862950;0.863320;1606;0;12;0.863440
2026.05.04 02:00:00;0.863320;0.863420;0.863200;0.863290;1348;0;12;0.863410
2026.05.04 03:00:00;0.863300;0.863440;0.862980;0.863020;2480;0;12;0.863140
2026.05.04 04:00:00;0.863020;0.863290;0.863000;0.863040;2662;0;15;0.863190
2026.05.04 05:00:00;0.863040;0.863160;0.862870;0.863150;1675;0;12;0.863270
2026.05.04 06:00:00;0.863150;0.863160;0.862970;0.863110;2142;0;14;0.863250
2026.05.04 07:00:00;0.863100;0.863200;0.863060;0.863110;1633;0;15;0.863260
2026.05.04 08:00:00;0.863110;0.863170;0.862960;0.862980;1612;0;12;0.863100
2026.05.04 09:00:00;0.862980;0.863630;0.862970;0.863550;2916;0;12;0.863670
2026.05.04 10:00:00;0.863550;0.863830;0.863480;0.863650;3051;0;14;0.863790
2026.05.04 11:00:00;0.863650;0.864220;0.863470;0.864110;2855;0;14;0.864250
2026.05.04 12:00:00;0.864110;0.864170;0.863980;0.864070;2879;0;14;0.864210
2026.05.04 13:00:00;0.864070;0.864420;0.863790;0.864040;6531;0;13;0.864170
2026.05.04 14:00:00;0.864040;0.864110;0.863420;0.863440;3721;0;12;0.863560
2026.05.04 15:00:00;0.863430;0.863690;0.863270;0.863600;4478;0;12;0.863720
2026.05.04 16:00:00;0.863610;0.863950;0.863260;0.863850;5428;0;12;0.863970
2026.05.04 17:00:00;0.863850;0.863950;0.863270;0.863670;4536;0;12;0.863790
2026.05.04 18:00:00;0.863670;0.864590;0.863630;0.864290;6814;0;13;0.864420
2026.05.04 19:00:00;0.864290;0.864730;0.863740;0.864050;5751;0;12;0.864170
2026.05.04 20:00:00;0.864050;0.864060;0.863560;0.863990;3479;0;13;0.864120
2026.05.04 21:00:00;0.863990;0.864120;0.863870;0.863990;2493;0;14;0.864130
2026.05.04 22:00:00;0.863990;0.864120;0.863780;0.863820;3400;0;15;0.863970
2026.05.04 23:00:00;0.863820;0.863980;0.863640;0.863870;1863;0;12;0.863990
2026.05.05 00:00:00;0.863320;0.864040;0.863320;0.863650;1234;0;17;0.863820
2026.05.05 01:00:00;0.863650;0.864100;0.863650;0.864040;840;0;12;0.864160
2026.05.05 02:00:00;0.864040;0.864080;0.863910;0.863960;794;0;15;0.864110
2026.05.05 03:00:00;0.863960;0.864050;0.863870;0.863990;1813;0;15;0.864140
2026.05.05 04:00:00;0.864000;0.864020;0.863890;0.863940;1774;0;15;0.864090
2026.05.05 05:00:00;0.863940;0.864010;0.863890;0.863990;1239;0;15;0.864140
2026.05.05 06:00:00;0.863990;0.864060;0.863870;0.864010;1151;0;15;0.864160
2026.05.05 07:00:00;0.864010;0.864010;0.863800;0.863910;1325;0;15;0.864060
2026.05.05 08:00:00;0.863910;0.864100;0.863780;0.864090;1925;0;15;0.864240
2026.05.05 09:00:00;0.864090;0.864140;0.863310;0.863530;3225;0;14;0.863670
2026.05.05 10:00:00;0.863520;0.863540;0.863200;0.863330;4096;0;14;0.863470
2026.05.05 11:00:00;0.863330;0.863370;0.862890;0.863050;2922;0;14;0.863190
2026.05.05 12:00:00;0.863050;0.863190;0.862840;0.863160;3401;0;14;0.863300
2026.05.05 13:00:00;0.863160;0.863220;0.862860;0.862880;2529;0;13;0.863010
2026.05.05 14:00:00;0.862880;0.863520;0.862800;0.863170;3428;0;13;0.863300
2026.05.05 15:00:00;0.863170;0.863470;0.863070;0.863220;4578;0;14;0.863360
2026.05.05 16:00:00;0.863220;0.863410;0.862900;0.863000;4186;0;14;0.863140
2026.05.05 17:00:00;0.862940;0.863200;0.862590;0.862880;5717;0;13;0.863010
2026.05.05 18:00:00;0.862890;0.863090;0.862290;0.862340;4973;0;14;0.862480
2026.05.05 19:00:00;0.862350;0.863010;0.862240;0.862940;2614;0;14;0.863080
2026.05.05 20:00:00;0.862940;0.863440;0.862860;0.863230;3091;0;14;0.863370
2026.05.05 21:00:00;0.863230;0.863500;0.863210;0.863430;2115;0;13;0.863560
2026.05.05 22:00:00;0.863430;0.863560;0.863350;0.863480;1875;0;14;0.863620
2026.05.05 23:00:00;0.863470;0.863650;0.863260;0.863270;1635;0;14;0.863410
2026.05.06 00:00:00;0.863130;0.863590;0.862060;0.863360;775;0;13;0.863490
2026.05.06 01:00:00;0.863330;0.863560;0.863220;0.863330;1589;0;12;0.863450
2026.05.06 02:00:00;0.863330;0.863470;0.863240;0.863340;2308;0;12;0.863460
2026.05.06 03:00:00;0.863340;0.863340;0.863110;0.863290;3440;0;13;0.863420
2026.05.06 04:00:00;0.863280;0.863470;0.863170;0.863430;3093;0;12;0.863550
2026.05.06 05:00:00;0.863430;0.863560;0.863300;0.863480;2051;0;13;0.863610
2026.05.06 06:00:00;0.863480;0.863790;0.863440;0.863740;2481;0;15;0.863890
2026.05.06 07:00:00;0.863740;0.863860;0.863260;0.863590;5410;0;14;0.863730
2026.05.06 08:00:00;0.863590;0.863620;0.863360;0.863500;3583;0;14;0.863640
2026.05.06 09:00:00;0.863510;0.863710;0.863340;0.863360;3339;0;14;0.863500
2026.05.06 10:00:00;0.863360;0.863440;0.862690;0.863060;4732;0;13;0.863190
2026.05.06 11:00:00;0.863050;0.863570;0.862800;0.863160;5823;0;12;0.863280
2026.05.06 12:00:00;0.863160;0.864300;0.863120;0.864100;5084;0;12;0.864220
2026.05.06 13:00:00;0.864090;0.864840;0.864050;0.864410;4974;0;13;0.864540
2026.05.06 14:00:00;0.864400;0.864740;0.863840;0.863880;5805;0;12;0.864000
2026.05.06 15:00:00;0.863870;0.863880;0.863190;0.863400;5537;0;13;0.863530
2026.05.06 16:00:00;0.863400;0.863760;0.863390;0.863510;6031;0;13;0.863640
2026.05.06 17:00:00;0.863510;0.864030;0.863270;0.864010;5265;0;14;0.864150
2026.05.06 18:00:00;0.864010;0.864590;0.863920;0.864370;4135;0;12;0.864490
2026.05.06 19:00:00;0.864370;0.864820;0.864360;0.864500;3424;0;14;0.864640
2026.05.06 20:00:00;0.864500;0.864590;0.864120;0.864230;3092;0;14;0.864370
2026.05.06 21:00:00;0.864240;0.864330;0.864090;0.864200;2741;0;15;0.864350
2026.05.06 22:00:00;0.864190;0.864480;0.864120;0.864130;2618;0;13;0.864260
2026.05.06 23:00:00;0.864130;0.864300;0.864030;0.864040;1949;0;13;0.864170
2026.05.07 00:00:00;0.864000;0.864320;0.863650;0.864250;894;0;31;0.864560
2026.05.07 01:00:00;0.864260;0.864430;0.864200;0.864240;1176;0;14;0.864380
2026.05.07 02:00:00;0.864240;0.864300;0.864120;0.864290;1241;0;14;0.864430
2026.05.07 03:00:00;0.864290;0.864440;0.864150;0.864260;4001;0;14;0.864400
2026.05.07 04:00:00;0.864260;0.864430;0.864110;0.864230;4185;0;14;0.864370
2026.05.07 05:00:00;0.864230;0.864250;0.864040;0.864110;2413;0;14;0.864250
2026.05.07 06:00:00;0.864110;0.864250;0.864040;0.864240;1779;0;15;0.864390
2026.05.07 07:00:00;0.864240;0.864270;0.864010;0.864080;1423;0;15;0.864230
2026.05.07 08:00:00;0.864090;0.864380;0.864040;0.864350;1663;0;15;0.864500
2026.05.07 09:00:00;0.864350;0.864390;0.863590;0.863720;3690;0;15;0.863870
2026.05.07 10:00:00;0.863720;0.864030;0.863590;0.863800;5815;0;13;0.863930
2026.05.07 11:00:00;0.863800;0.864200;0.863590;0.864090;3933;0;13;0.864220
2026.05.07 12:00:00;0.864090;0.864480;0.863820;0.864160;3128;0;13;0.864290
2026.05.07 13:00:00;0.864160;0.864410;0.863560;0.863860;3424;0;14;0.864000
2026.05.07 14:00:00;0.863850;0.864290;0.863620;0.864200;3319;0;14;0.864340
2026.05.07 15:00:00;0.864200;0.864230;0.863810;0.864080;3749;0;13;0.864210
2026.05.07 16:00:00;0.864080;0.864260;0.863820;0.864040;4738;0;14;0.864180
2026.05.07 17:00:00;0.864040;0.864450;0.863820;0.863850;4895;0;13;0.863980
2026.05.07 18:00:00;0.863850;0.864410;0.863790;0.864380;5505;0;13;0.864510
2026.05.07 19:00:00;0.864380;0.865090;0.864330;0.865020;4593;0;12;0.865140
2026.05.07 20:00:00;0.865020;0.865320;0.864740;0.864870;4982;0;12;0.864990
2026.05.07 21:00:00;0.864870;0.865330;0.864860;0.865120;3826;0;14;0.865260
2026.05.07 22:00:00;0.865120;0.865200;0.864910;0.865060;4592;0;13;0.865190
2026.05.07 23:00:00;0.865070;0.865430;0.864920;0.864920;3742;0;13;0.865050
2026.05.08 00:00:00;0.864920;0.865300;0.864560;0.865060;450;0;27;0.865330
2026.05.08 01:00:00;0.865060;0.865530;0.864980;0.865400;1692;0;12;0.865520
2026.05.08 02:00:00;0.865400;0.865410;0.865240;0.865290;956;0;14;0.865430
2026.05.08 03:00:00;0.865290;0.865430;0.865180;0.865290;3215;0;15;0.865440
2026.05.08 04:00:00;0.865300;0.865420;0.865160;0.865220;2563;0;13;0.865350
2026.05.08 05:00:00;0.865220;0.865240;0.864910;0.865030;2359;0;15;0.865180
2026.05.08 06:00:00;0.865030;0.865300;0.864980;0.865190;1619;0;15;0.865340
2026.05.08 07:00:00;0.865190;0.865530;0.864720;0.865010;1525;0;12;0.865130
2026.05.08 08:00:00;0.865010;0.865010;0.864460;0.864570;1981;0;12;0.864690
2026.05.08 09:00:00;0.864580;0.864850;0.864270;0.864380;3298;0;14;0.864520
2026.05.08 10:00:00;0.864380;0.864800;0.864270;0.864530;4156;0;13;0.864660
2026.05.08 11:00:00;0.864550;0.864670;0.863900;0.864040;4243;0;14;0.864180
2026.05.08 12:00:00;0.864040;0.864420;0.863980;0.864350;3511;0;13;0.864480
2026.05.08 13:00:00;0.864350;0.864750;0.864280;0.864730;2815;0;14;0.864870
2026.05.08 14:00:00;0.864730;0.864820;0.864140;0.864180;3045;0;14;0.864320
2026.05.08 15:00:00;0.864180;0.864880;0.863940;0.864780;4995;0;14;0.864920
2026.05.08 16:00:00;0.864780;0.864870;0.864370;0.864390;5413;0;13;0.864520
2026.05.08 17:00:00;0.864390;0.864710;0.864010;0.864080;5130;0;14;0.864220
2026.05.08 18:00:00;0.864080;0.864510;0.863800;0.864040;5115;0;14;0.864180
2026.05.08 19:00:00;0.864040;0.864490;0.863930;0.864350;2645;0;13;0.864480
2026.05.08 20:00:00;0.864350;0.864450;0.864220;0.864260;2152;0;13;0.864390
2026.05.08 21:00:00;0.864260;0.864590;0.864180;0.864570;2874;0;14;0.864710
2026.05.08 22:00:00;0.864570;0.864610;0.864270;0.864300;2403;0;14;0.864440
2026.05.08 23:00:00;0.864300;0.864600;0.864130;0.864240;2374;0;14;0.864380
2026.05.11 00:00:00;0.866190;0.866970;0.865260;0.866760;1246;0;12;0.866880
2026.05.11 01:00:00;0.866760;0.866760;0.865560;0.865560;2099;0;12;0.865680
2026.05.11 02:00:00;0.865560;0.865650;0.865480;0.865520;971;0;16;0.865680
2026.05.11 03:00:00;0.865510;0.865650;0.865340;0.865400;2766;0;15;0.865550
2026.05.11 04:00:00;0.865400;0.865490;0.865260;0.865270;2766;0;14;0.865410
2026.05.11 05:00:00;0.865270;0.865330;0.865080;0.865160;1711;0;13;0.865290
2026.05.11 06:00:00;0.865160;0.865190;0.864930;0.865030;1498;0;14;0.865170
2026.05.11 07:00:00;0.865030;0.865220;0.864870;0.865120;1387;0;13;0.865250
2026.05.11 08:00:00;0.865110;0.865130;0.864800;0.864890;1647;0;14;0.865030
2026.05.11 09:00:00;0.864900;0.865620;0.864810;0.865240;2935;0;14;0.865380
2026.05.11 10:00:00;0.865240;0.865590;0.864920;0.865510;3242;0;12;0.865630
2026.05.11 11:00:00;0.865510;0.865750;0.864860;0.864960;3114;0;14;0.865100
2026.05.11 12:00:00;0.864960;0.865260;0.864730;0.865210;2259;0;14;0.865350
2026.05.11 13:00:00;0.865210;0.866250;0.865120;0.866010;3477;0;12;0.866130
2026.05.11 14:00:00;0.866020;0.866030;0.864680;0.864770;3686;0;13;0.864900
2026.05.11 15:00:00;0.864780;0.865030;0.864600;0.864970;3582;0;14;0.865110
2026.05.11 16:00:00;0.864970;0.865120;0.864460;0.864960;4419;0;14;0.865100
2026.05.11 17:00:00;0.864970;0.865150;0.863540;0.863550;4926;0;14;0.863690
2026.05.11 18:00:00;0.863550;0.863800;0.862890;0.862940;4804;0;12;0.863060
2026.05.11 19:00:00;0.862940;0.863250;0.862920;0.862980;3108;0;12;0.863100
2026.05.11 20:00:00;0.862980;0.863290;0.862950;0.863220;2268;0;14;0.863360
2026.05.11 21:00:00;0.863220;0.863980;0.863190;0.863880;2156;0;14;0.864020
2026.05.11 22:00:00;0.863880;0.864770;0.863840;0.864750;2612;0;14;0.864890
2026.05.11 23:00:00;0.864750;0.865660;0.864670;0.865570;1893;0;12;0.865690
2026.05.12 00:00:00;0.865550;0.866030;0.865020;0.866000;546;0;19;0.866190
2026.05.12 01:00:00;0.866010;0.866180;0.865980;0.866000;797;0;12;0.866120
2026.05.12 02:00:00;0.866000;0.866000;0.865550;0.865710;918;0;14;0.865850
2026.05.12 03:00:00;0.865710;0.865810;0.865400;0.865510;2285;0;15;0.865660
2026.05.12 04:00:00;0.865510;0.865740;0.865440;0.865530;3359;0;15;0.865680
2026.05.12 05:00:00;0.865530;0.865580;0.865370;0.865390;2124;0;14;0.865530
2026.05.12 06:00:00;0.865390;0.865480;0.865210;0.865420;1430;0;13;0.865550
2026.05.12 07:00:00;0.865420;0.865620;0.865320;0.865390;1578;0;14;0.865530
2026.05.12 08:00:00;0.865390;0.866550;0.865350;0.866430;2764;0;12;0.866550
2026.05.12 09:00:00;0.866430;0.867420;0.866150;0.867380;4320;0;12;0.867500
2026.05.12 10:00:00;0.867380;0.869080;0.866940;0.868950;4668;0;12;0.869070
2026.05.12 11:00:00;0.868940;0.869670;0.867820;0.867970;5617;0;12;0.868090
2026.05.12 12:00:00;0.867940;0.868500;0.867190;0.867580;4908;0;12;0.867700
2026.05.12 13:00:00;0.867590;0.867640;0.866790;0.867470;3236;0;14;0.867610
2026.05.12 14:00:00;0.867470;0.867960;0.867140;0.867730;4317;0;13;0.867860
2026.05.12 15:00:00;0.867730;0.868450;0.867480;0.867720;5317;0;12;0.867840
2026.05.12 16:00:00;0.867720;0.868220;0.867520;0.868120;6378;0;12;0.868240
2026.05.12 17:00:00;0.868110;0.868160;0.866700;0.867680;6012;0;13;0.867810
2026.05.12 18:00:00;0.867680;0.868380;0.867170;0.867300;6067;0;12;0.867420
2026.05.12 19:00:00;0.867290;0.867880;0.867150;0.867530;4327;0;13;0.867660
2026.05.12 20:00:00;0.867530;0.867740;0.867190;0.867560;4587;0;13;0.867690
2026.05.12 21:00:00;0.867560;0.867680;0.867290;0.867540;4126;0;15;0.867690
2026.05.12 22:00:00;0.867530;0.867540;0.866900;0.866990;3565;0;14;0.867130
2026.05.12 23:00:00;0.866990;0.867090;0.866830;0.866850;2274;0;14;0.866990
2026.05.13 00:00:00;0.866850;0.867050;0.866460;0.866740;715;0;25;0.866990
2026.05.13 01:00:00;0.866740;0.867050;0.866690;0.866920;763;0;14;0.867060
2026.05.13 02:00:00;0.866920;0.866960;0.866820;0.866910;758;0;15;0.867060
2026.05.13 03:00:00;0.866910;0.867140;0.866850;0.867030;2445;0;15;0.867180
2026.05.13 04:00:00;0.867030;0.867150;0.866740;0.866790;2813;0;14;0.866930
2026.05.13 05:00:00;0.866790;0.866980;0.866670;0.866860;2096;0;15;0.867010
2026.05.13 06:00:00;0.866860;0.867020;0.866690;0.866710;2162;0;14;0.866850
2026.05.13 07:00:00;0.866700;0.866970;0.866690;0.866950;1878;0;15;0.867100
2026.05.13 08:00:00;0.866950;0.866990;0.865880;0.866000;2553;0;14;0.866140
2026.05.13 09:00:00;0.866000;0.866430;0.865780;0.866260;2936;0;14;0.866400
2026.05.13 10:00:00;0.866260;0.866350;0.865620;0.865790;3519;0;13;0.865920
2026.05.13 11:00:00;0.865780;0.865830;0.864660;0.865220;2832;0;13;0.865350
2026.05.13 12:00:00;0.865220;0.866270;0.865200;0.865890;2951;0;13;0.866020
2026.05.13 13:00:00;0.865890;0.867130;0.865640;0.867060;5067;0;12;0.867180
2026.05.13 14:00:00;0.867060;0.867530;0.866890;0.867240;3007;0;14;0.867380
2026.05.13 15:00:00;0.867240;0.867570;0.867030;0.867350;4297;0;13;0.867480
2026.05.13 16:00:00;0.867340;0.867360;0.866310;0.866420;4653;0;12;0.866540
2026.05.13 17:00:00;0.866420;0.866640;0.866090;0.866280;4254;0;14;0.866420
2026.05.13 18:00:00;0.866280;0.866440;0.865860;0.866180;3958;0;12;0.866300
2026.05.13 19:00:00;0.866180;0.866420;0.865940;0.866240;3485;0;13;0.866370
2026.05.13 20:00:00;0.866240;0.866360;0.866100;0.866100;2382;0;15;0.866250
2026.05.13 21:00:00;0.866100;0.866160;0.865930;0.865960;1985;0;13;0.866090
2026.05.13 22:00:00;0.865970;0.866040;0.865790;0.865820;2273;0;14;0.865960
2026.05.13 23:00:00;0.865830;0.866090;0.865800;0.865850;1830;0;15;0.866000
2026.05.14 00:00:00;0.865760;0.866360;0.865410;0.866170;878;0;12;0.866290
2026.05.14 01:00:00;0.866200;0.866200;0.865870;0.866130;1374;0;14;0.866270
2026.05.14 02:00:00;0.866120;0.866210;0.865990;0.866040;1728;0;12;0.866160
2026.05.14 03:00:00;0.866040;0.866130;0.865800;0.865950;2567;0;14;0.866090
2026.05.14 04:00:00;0.865950;0.866200;0.865840;0.866190;2728;0;15;0.866340
2026.05.14 05:00:00;0.866180;0.866200;0.865910;0.865980;1990;0;14;0.866120
2026.05.14 06:00:00;0.865980;0.866000;0.865730;0.865770;1739;0;15;0.865920
2026.05.14 07:00:00;0.865770;0.865870;0.865730;0.865840;1670;0;13;0.865970
2026.05.14 08:00:00;0.865840;0.866520;0.865790;0.866260;2191;0;14;0.866400
2026.05.14 09:00:00;0.866270;0.866300;0.865840;0.866180;2806;0;14;0.866320
2026.05.14 10:00:00;0.866190;0.866780;0.866150;0.866750;3149;0;14;0.866890
2026.05.14 11:00:00;0.866750;0.866770;0.866130;0.866140;3684;0;14;0.866280
2026.05.14 12:00:00;0.866130;0.866460;0.865930;0.866390;2936;0;14;0.866530
2026.05.14 13:00:00;0.866380;0.866480;0.866110;0.866450;2695;0;14;0.866590
2026.05.14 14:00:00;0.866450;0.866880;0.865770;0.866540;3029;0;13;0.866670
2026.05.14 15:00:00;0.866540;0.866780;0.865660;0.865880;3572;0;12;0.866000
2026.05.14 16:00:00;0.865880;0.866230;0.865690;0.865820;4593;0;13;0.865950
2026.05.14 17:00:00;0.865820;0.866150;0.865630;0.866020;4636;0;12;0.866140
2026.05.14 18:00:00;0.866040;0.866480;0.865920;0.866330;3824;0;12;0.866450
2026.05.14 19:00:00;0.866330;0.868960;0.866310;0.868490;4931;0;12;0.868610
2026.05.14 20:00:00;0.868490;0.870740;0.868400;0.870720;3425;0;12;0.870840
2026.05.14 21:00:00;0.870720;0.871680;0.870710;0.871000;2975;0;13;0.871130
2026.05.14 22:00:00;0.871000;0.871150;0.870700;0.870860;2620;0;14;0.871000
2026.05.14 23:00:00;0.870860;0.871020;0.870490;0.870490;1940;0;15;0.870640
2026.05.15 00:00:00;0.870490;0.870800;0.870330;0.870440;762;0;12;0.870560
2026.05.15 01:00:00;0.870530;0.870960;0.870490;0.870830;955;0;12;0.870950
2026.05.15 02:00:00;0.870840;0.871240;0.870440;0.870820;1457;0;13;0.870950
2026.05.15 03:00:00;0.870810;0.871190;0.870560;0.871000;3245;0;13;0.871130
2026.05.15 04:00:00;0.871000;0.871480;0.870930;0.871250;3671;0;14;0.871390
2026.05.15 05:00:00;0.871250;0.871480;0.871090;0.871180;2246;0;14;0.871320
2026.05.15 06:00:00;0.871180;0.871220;0.870940;0.871010;2030;0;13;0.871140
2026.05.15 07:00:00;0.871010;0.871480;0.871010;0.871460;1537;0;15;0.871610
2026.05.15 08:00:00;0.871460;0.872080;0.871460;0.871770;3316;0;15;0.871920
2026.05.15 09:00:00;0.871770;0.872680;0.871290;0.871390;5475;0;14;0.871530
2026.05.15 10:00:00;0.871400;0.871540;0.870400;0.870640;5097;0;12;0.870760
2026.05.15 11:00:00;0.870640;0.871700;0.870590;0.871560;4448;0;14;0.871700
2026.05.15 12:00:00;0.871560;0.872000;0.870840;0.871060;4917;0;14;0.871200
2026.05.15 13:00:00;0.871040;0.871040;0.870140;0.870410;5685;0;13;0.870540
2026.05.15 14:00:00;0.870410;0.870660;0.870030;0.870560;4171;0;13;0.870690
2026.05.15 15:00:00;0.870560;0.871060;0.870220;0.870580;4067;0;14;0.870720
2026.05.15 16:00:00;0.870580;0.871330;0.870320;0.871160;5761;0;12;0.871280
2026.05.15 17:00:00;0.871180;0.871410;0.870760;0.871410;5938;0;12;0.871530
2026.05.15 18:00:00;0.871410;0.872730;0.871320;0.872080;5355;0;14;0.872220
2026.05.15 19:00:00;0.872080;0.872700;0.871990;0.872320;3914;0;14;0.872460
2026.05.15 20:00:00;0.872320;0.872650;0.872130;0.872240;3769;0;12;0.872360
2026.05.15 21:00:00;0.872240;0.872400;0.872040;0.872290;3141;0;14;0.872430
2026.05.15 22:00:00;0.872290;0.872490;0.872110;0.872470;2536;0;14;0.872610
2026.05.15 23:00:00;0.872460;0.872810;0.872130;0.872220;2096;0;14;0.872360
2026.05.18 00:00:00;0.871730;0.872010;0.871650;0.872000;471;0;41;0.872410
2026.05.18 01:00:00;0.872060;0.872940;0.871940;0.872750;2092;0;12;0.872870
2026.05.18 02:00:00;0.872770;0.872770;0.872300;0.872490;2013;0;13;0.872620
2026.05.18 03:00:00;0.872490;0.872600;0.872280;0.872400;3663;0;14;0.872540
2026.05.18 04:00:00;0.872400;0.872730;0.872370;0.872650;3854;0;14;0.872790
2026.05.18 05:00:00;0.872650;0.872800;0.872490;0.872690;2258;0;15;0.872840
2026.05.18 06:00:00;0.872690;0.872900;0.872650;0.872860;1849;0;14;0.873000
2026.05.18 07:00:00;0.872860;0.872880;0.872590;0.872620;1647;0;14;0.872760
2026.05.18 08:00:00;0.872610;0.872660;0.872030;0.872300;2384;0;15;0.872450
2026.05.18 09:00:00;0.872300;0.872330;0.870960;0.871130;3672;0;12;0.871250
2026.05.18 10:00:00;0.871130;0.871720;0.870890;0.871070;3815;0;13;0.871200
2026.05.18 11:00:00;0.871070;0.871210;0.869890;0.870160;3710;0;14;0.870300
2026.05.18 12:00:00;0.870170;0.870890;0.870160;0.870640;3034;0;13;0.870770
2026.05.18 13:00:00;0.870640;0.871040;0.870440;0.871010;2917;0;13;0.871140
2026.05.18 14:00:00;0.871010;0.871010;0.870200;0.870240;4805;0;13;0.870370
2026.05.18 15:00:00;0.870240;0.870320;0.869580;0.869730;4583;0;12;0.869850
2026.05.18 16:00:00;0.869730;0.870210;0.869510;0.869970;5546;0;13;0.870100
2026.05.18 17:00:00;0.869970;0.870050;0.869000;0.869100;5624;0;12;0.869220
2026.05.18 18:00:00;0.869110;0.869380;0.867690;0.868010;5924;0;12;0.868130
2026.05.18 19:00:00;0.868010;0.868060;0.866450;0.867530;5403;0;12;0.867650
2026.05.18 20:00:00;0.867530;0.867750;0.867210;0.867730;2854;0;13;0.867860
2026.05.18 21:00:00;0.867730;0.867960;0.867560;0.867610;3188;0;14;0.867750
2026.05.18 22:00:00;0.867610;0.867760;0.867340;0.867440;4576;0;13;0.867570
2026.05.18 23:00:00;0.867440;0.867660;0.867320;0.867490;2678;0;14;0.867630
2026.05.19 00:00:00;0.867500;0.868010;0.867230;0.867720;896;0;26;0.867980
2026.05.19 01:00:00;0.867770;0.867880;0.867620;0.867670;1080;0;14;0.867810
2026.05.19 02:00:00;0.867670;0.867700;0.867500;0.867630;1230;0;16;0.867790
2026.05.19 03:00:00;0.867630;0.867650;0.867360;0.867630;3420;0;14;0.867770
2026.05.19 04:00:00;0.867640;0.868040;0.867580;0.867930;3011;0;13;0.868060
2026.05.19 05:00:00;0.867940;0.868160;0.867700;0.867760;2525;0;14;0.867900
2026.05.19 06:00:00;0.867760;0.867870;0.867690;0.867780;2419;0;13;0.867910
2026.05.19 07:00:00;0.867780;0.867920;0.867690;0.867910;1964;0;15;0.868060
2026.05.19 08:00:00;0.867910;0.868100;0.867520;0.867560;2642;0;15;0.867710
2026.05.19 09:00:00;0.867570;0.868510;0.867520;0.868340;3036;0;12;0.868460
2026.05.19 10:00:00;0.868360;0.868610;0.867840;0.868040;3506;0;13;0.868170
2026.05.19 11:00:00;0.868060;0.868250;0.867710;0.867790;3556;0;14;0.867930
2026.05.19 12:00:00;0.867790;0.867820;0.866560;0.866560;3648;0;13;0.866690
2026.05.19 13:00:00;0.866560;0.867040;0.866430;0.866750;3938;0;14;0.866890
2026.05.19 14:00:00;0.866750;0.866880;0.866380;0.866600;3411;0;13;0.866730
2026.05.19 15:00:00;0.866610;0.866690;0.866010;0.866350;3986;0;12;0.866470
2026.05.19 16:00:00;0.866360;0.866940;0.866320;0.866470;5982;0;13;0.866600
2026.05.19 17:00:00;0.866460;0.866800;0.865710;0.865710;6555;0;13;0.865840
2026.05.19 18:00:00;0.865710;0.865950;0.865520;0.865800;4755;0;13;0.865930
2026.05.19 19:00:00;0.865800;0.866340;0.865710;0.866140;4092;0;15;0.866290
2026.05.19 20:00:00;0.866140;0.866160;0.865610;0.865820;2796;0;14;0.865960
2026.05.19 21:00:00;0.865820;0.866140;0.865790;0.865980;2826;0;12;0.866100
2026.05.19 22:00:00;0.865980;0.866040;0.865770;0.866030;3303;0;13;0.866160
2026.05.19 23:00:00;0.866030;0.866450;0.865870;0.866190;1654;0;15;0.866340
2026.05.20 00:00:00;0.866170;0.866340;0.865750;0.865990;1319;0;21;0.866200
2026.05.20 01:00:00;0.866050;0.866420;0.866010;0.866400;992;0;12;0.866520
2026.05.20 02:00:00;0.866390;0.866400;0.866250;0.866360;1335;0;15;0.866510
2026.05.20 03:00:00;0.866360;0.866540;0.866080;0.866370;3851;0;13;0.866500
2026.05.20 04:00:00;0.866370;0.866590;0.866190;0.866240;4093;0;12;0.866360
2026.05.20 05:00:00;0.866230;0.866300;0.865990;0.866030;3538;0;14;0.866170
2026.05.20 06:00:00;0.866020;0.866090;0.865680;0.865780;2583;0;15;0.865930
2026.05.20 07:00:00;0.865780;0.866050;0.865620;0.865980;2079;0;14;0.866120
2026.05.20 08:00:00;0.865980;0.866000;0.865560;0.865700;2715;0;15;0.865850
2026.05.20 09:00:00;0.865710;0.866680;0.865540;0.866190;3806;0;12;0.866310
2026.05.20 10:00:00;0.866190;0.866490;0.865570;0.866000;4236;0;13;0.866130
2026.05.20 11:00:00;0.866000;0.866100;0.865620;0.866030;3770;0;12;0.866150
2026.05.20 12:00:00;0.866040;0.866070;0.865620;0.865830;2627;0;14;0.865970
2026.05.20 13:00:00;0.865830;0.866040;0.865720;0.865860;3042;0;14;0.866000
2026.05.20 14:00:00;0.865860;0.865880;0.865410;0.865660;2891;0;15;0.865810
2026.05.20 15:00:00;0.865660;0.865710;0.865230;0.865380;3469;0;13;0.865510
2026.05.20 16:00:00;0.865380;0.865460;0.864930;0.865360;4232;0;14;0.865500
2026.05.20 17:00:00;0.865360;0.865450;0.864690;0.864820;7698;0;12;0.864940
2026.05.20 18:00:00;0.864820;0.865240;0.864240;0.864370;7329;0;12;0.864490
2026.05.20 19:00:00;0.864370;0.864910;0.864180;0.864790;4578;0;14;0.864930
2026.05.20 20:00:00;0.864790;0.864820;0.864370;0.864660;3511;0;13;0.864790
2026.05.20 21:00:00;0.864680;0.865170;0.864600;0.865130;3262;0;14;0.865270
2026.05.20 22:00:00;0.865130;0.865240;0.864900;0.865220;2854;0;13;0.865350
2026.05.20 23:00:00;0.865220;0.865300;0.864950;0.865000;2908;0;15;0.865150
2026.05.21 00:00:00;0.865000;0.865200;0.864580;0.864810;823;0;26;0.865070
2026.05.21 01:00:00;0.864860;0.865320;0.864760;0.865200;1091;0;12;0.865320
2026.05.21 02:00:00;0.865200;0.865300;0.865110;0.865220;802;0;15;0.865370
2026.05.21 03:00:00;0.865220;0.865490;0.865170;0.865300;2411;0;14;0.865440
2026.05.21 04:00:00;0.865300;0.865390;0.865190;0.865320;2846;0;14;0.865460
2026.05.21 05:00:00;0.865320;0.865590;0.865220;0.865260;2117;0;14;0.865400
2026.05.21 06:00:00;0.865260;0.865320;0.865170;0.865260;1615;0;14;0.865400
2026.05.21 07:00:00;0.865260;0.865390;0.865150;0.865200;1223;0;15;0.865350
2026.05.21 08:00:00;0.865200;0.865260;0.865050;0.865100;2086;0;14;0.865240
2026.05.21 09:00:00;0.865100;0.865220;0.864770;0.864880;2907;0;14;0.865020
2026.05.21 10:00:00;0.864880;0.864890;0.864090;0.864230;4766;0;12;0.864350
2026.05.21 11:00:00;0.864230;0.865470;0.864110;0.865050;4556;0;12;0.865170
2026.05.21 12:00:00;0.865050;0.865230;0.864760;0.864900;3192;0;13;0.865030
2026.05.21 13:00:00;0.864900;0.864940;0.864360;0.864560;4940;0;14;0.864700
2026.05.21 14:00:00;0.864560;0.864580;0.863900;0.864100;3633;0;13;0.864230
2026.05.21 15:00:00;0.864100;0.864530;0.864080;0.864480;4334;0;14;0.864620
2026.05.21 16:00:00;0.864480;0.864840;0.864170;0.864780;5694;0;13;0.864910
2026.05.21 17:00:00;0.864780;0.865020;0.864300;0.864310;5774;0;12;0.864430
2026.05.21 18:00:00;0.864310;0.864600;0.864170;0.864380;4552;0;14;0.864520
2026.05.21 19:00:00;0.864380;0.864860;0.864270;0.864710;2966;0;14;0.864850
2026.05.21 20:00:00;0.864710;0.864900;0.864290;0.864640;5895;0;13;0.864770
2026.05.21 21:00:00;0.864640;0.864880;0.864460;0.864730;4789;0;12;0.864850
2026.05.21 22:00:00;0.864730;0.864930;0.864600;0.864840;3345;0;13;0.864970
2026.05.21 23:00:00;0.864840;0.865000;0.864540;0.864830;2419;0;13;0.864960
2026.05.22 00:00:00;0.864730;0.865200;0.864720;0.864790;1817;0;12;0.864910
2026.05.22 01:00:00;0.864760;0.864940;0.864730;0.864810;779;0;13;0.864940
2026.05.22 02:00:00;0.864810;0.864900;0.864800;0.864870;745;0;16;0.865030
2026.05.22 03:00:00;0.864870;0.865080;0.864800;0.865030;2606;0;15;0.865180
2026.05.22 04:00:00;0.865030;0.865060;0.864690;0.864740;2601;0;14;0.864880
2026.05.22 05:00:00;0.864740;0.864800;0.864700;0.864730;1944;0;14;0.864870
2026.05.22 06:00:00;0.864730;0.864840;0.864720;0.864810;1327;0;14;0.864950
2026.05.22 07:00:00;0.864810;0.864820;0.864680;0.864780;1025;0;14;0.864920
2026.05.22 08:00:00;0.864770;0.864990;0.864710;0.864850;1519;0;15;0.865000
2026.05.22 09:00:00;0.864840;0.865200;0.864710;0.864780;2874;0;13;0.864910
2026.05.22 10:00:00;0.864780;0.864860;0.864490;0.864640;2516;0;13;0.864770
2026.05.22 11:00:00;0.864640;0.864670;0.864190;0.864530;3230;0;13;0.864660
2026.05.22 12:00:00;0.864530;0.864540;0.864030;0.864180;2595;0;14;0.864320
2026.05.22 13:00:00;0.864180;0.864190;0.863740;0.863930;2434;0;14;0.864070
2026.05.22 14:00:00;0.863930;0.864170;0.863800;0.864010;2359;0;13;0.864140
2026.05.22 15:00:00;0.864010;0.864390;0.863580;0.863590;3645;0;12;0.863710
2026.05.22 16:00:00;0.863570;0.863670;0.862900;0.863440;4755;0;12;0.863560
2026.05.22 17:00:00;0.863410;0.863940;0.863160;0.863250;5309;0;12;0.863370
2026.05.22 18:00:00;0.863250;0.863580;0.862950;0.863450;3917;0;13;0.863580
2026.05.22 19:00:00;0.863450;0.863680;0.863340;0.863600;3070;0;13;0.863730
2026.05.22 20:00:00;0.863600;0.863700;0.863330;0.863450;3207;0;14;0.863590
2026.05.22 21:00:00;0.863450;0.863590;0.863390;0.863390;1881;0;12;0.863510
2026.05.22 22:00:00;0.863390;0.863640;0.863390;0.863470;2181;0;15;0.863620
2026.05.22 23:00:00;0.863470;0.863790;0.863220;0.863380;2327;0;12;0.863500
2026.05.25 00:00:00;0.864270;0.864770;0.864070;0.864110;559;0;23;0.864340
2026.05.25 01:00:00;0.864120;0.864190;0.863210;0.863400;2572;0;12;0.863520
2026.05.25 02:00:00;0.863400;0.863540;0.863300;0.863470;1248;0;15;0.863620
2026.05.25 03:00:00;0.863480;0.863580;0.863200;0.863220;2603;0;12;0.863340
2026.05.25 04:00:00;0.863220;0.863350;0.863130;0.863340;3172;0;14;0.863480
2026.05.25 05:00:00;0.863340;0.863520;0.863320;0.863430;1201;0;15;0.863580
2026.05.25 06:00:00;0.863430;0.863540;0.863370;0.863510;1725;0;15;0.863660
2026.05.25 07:00:00;0.863510;0.863510;0.863300;0.863340;1403;0;15;0.863490
2026.05.25 08:00:00;0.863340;0.863370;0.863080;0.863180;1521;0;15;0.863330
2026.05.25 09:00:00;0.863190;0.863390;0.863090;0.863090;2027;0;14;0.863230
2026.05.25 10:00:00;0.863100;0.863370;0.862900;0.862920;2484;0;15;0.863070
2026.05.25 11:00:00;0.862920;0.863200;0.862790;0.862810;2080;0;15;0.862960
2026.05.25 12:00:00;0.862820;0.862890;0.862600;0.862700;1802;0;13;0.862830
2026.05.25 13:00:00;0.862690;0.863000;0.862650;0.862900;1370;0;15;0.863050
2026.05.25 14:00:00;0.862900;0.862990;0.862450;0.862530;1568;0;15;0.862680
2026.05.25 15:00:00;0.862520;0.862720;0.862370;0.862700;2129;0;14;0.862840
2026.05.25 16:00:00;0.862700;0.862760;0.862160;0.862430;1888;0;13;0.862560
2026.05.25 17:00:00;0.862430;0.862560;0.862150;0.862220;1946;0;14;0.862360
2026.05.25 18:00:00;0.862230;0.862560;0.862100;0.862170;2164;0;15;0.862320
2026.05.25 19:00:00;0.862170;0.862260;0.861890;0.861970;1394;0;15;0.862120
2026.05.25 20:00:00;0.861960;0.862040;0.861910;0.862020;812;0;15;0.862170
2026.05.25 21:00:00;0.862020;0.862030;0.861900;0.861940;695;0;13;0.862070
2026.05.25 22:00:00;0.861930;0.861960;0.861700;0.861770;609;0;15;0.861920
2026.05.25 23:00:00;0.861770;0.862010;0.861770;0.861810;914;0;15;0.861960
2026.05.26 00:00:00;0.861790;0.862260;0.861650;0.861890;686;0;23;0.862120
2026.05.26 01:00:00;0.861890;0.862060;0.861800;0.861980;1049;0;14;0.862120
2026.05.26 02:00:00;0.861980;0.862190;0.861930;0.862100;946;0;14;0.862240
2026.05.26 03:00:00;0.862100;0.862470;0.862090;0.862390;2233;0;14;0.862530
2026.05.26 04:00:00;0.862400;0.862560;0.862340;0.862510;2380;0;14;0.862650
2026.05.26 05:00:00;0.862510;0.862590;0.862360;0.862490;1600;0;15;0.862640
2026.05.26 06:00:00;0.862490;0.862580;0.862390;0.862540;1277;0;14;0.862680
2026.05.26 07:00:00;0.862540;0.862660;0.862500;0.862580;1004;0;15;0.862730
2026.05.26 08:00:00;0.862570;0.862880;0.862570;0.862820;1195;0;14;0.862960
2026.05.26 09:00:00;0.862820;0.863330;0.862730;0.863200;2359;0;14;0.863340
2026.05.26 10:00:00;0.863200;0.863790;0.863020;0.863530;3492;0;15;0.863680
2026.05.26 11:00:00;0.863530;0.863740;0.863390;0.863470;3001;0;14;0.863610
2026.05.26 12:00:00;0.863470;0.863610;0.863240;0.863360;2472;0;15;0.863510
2026.05.26 13:00:00;0.863370;0.863590;0.863040;0.863210;2654;0;12;0.863330
2026.05.26 14:00:00;0.863210;0.863800;0.863090;0.863710;2794;0;14;0.863850
2026.05.26 15:00:00;0.863710;0.863820;0.863270;0.863650;3039;0;15;0.863800
2026.05.26 16:00:00;0.863650;0.863700;0.863190;0.863400;4357;0;14;0.863540
2026.05.26 17:00:00;0.863400;0.864240;0.863230;0.864240;4434;0;13;0.864370
2026.05.26 18:00:00;0.864240;0.864790;0.864050;0.864730;4144;0;13;0.864860
2026.05.26 19:00:00;0.864730;0.864840;0.864550;0.864710;2972;0;14;0.864850
2026.05.26 20:00:00;0.864700;0.864790;0.864450;0.864710;2328;0;14;0.864850
2026.05.26 21:00:00;0.864710;0.864950;0.864700;0.864900;1885;0;13;0.865030
2026.05.26 22:00:00;0.864900;0.864960;0.864740;0.864810;1502;0;14;0.864950
2026.05.26 23:00:00;0.864810;0.864930;0.864510;0.864750;1645;0;15;0.864900
2026.05.27 00:00:00;0.864660;0.864910;0.864490;0.864680;880;0;15;0.864830
2026.05.27 01:00:00;0.864680;0.864900;0.864590;0.864810;969;0;12;0.864930
2026.05.27 02:00:00;0.864810;0.864850;0.864690;0.864770;769;0;15;0.864920
2026.05.27 03:00:00;0.864770;0.864940;0.864730;0.864830;1865;0;15;0.864980
2026.05.27 04:00:00;0.864830;0.865100;0.864820;0.865060;1869;0;15;0.865210
2026.05.27 05:00:00;0.865060;0.865110;0.864910;0.865040;1627;0;14;0.865180
2026.05.27 06:00:00;0.865040;0.865080;0.864880;0.864940;1341;0;15;0.865090
2026.05.27 07:00:00;0.864940;0.865200;0.864920;0.865170;1347;0;14;0.865310
2026.05.27 08:00:00;0.865170;0.865330;0.865110;0.865310;1427;0;15;0.865460
2026.05.27 09:00:00;0.865320;0.865680;0.865320;0.865590;1632;0;15;0.865740
2026.05.27 10:00:00;0.865590;0.866170;0.865520;0.865830;2441;0;14;0.865970
2026.05.27 11:00:00;0.865830;0.866150;0.865580;0.865920;2261;0;14;0.866060
2026.05.27 12:00:00;0.865920;0.865990;0.865550;0.865970;2292;0;12;0.866090
2026.05.27 13:00:00;0.865970;0.866150;0.865690;0.865860;1882;0;-86612;-0.000260
2026.05.27 14:00:00;0.865860;0.866220;0.865790;0.866140;2725;0;14;0.866280
2026.05.27 15:00:00;0.866140;0.866640;0.866060;0.866260;6024;0;12;0.866380
2026.05.27 16:00:00;0.866260;0.866310;0.865590;0.865650;4903;0;13;0.865780
2026.05.27 17:00:00;0.865650;0.866520;0.865430;0.866270;6263;0;12;0.866390
2026.05.27 18:00:00;0.866270;0.866410;0.865940;0.865950;4142;0;12;0.866070
2026.05.27 19:00:00;0.865960;0.866160;0.865830;0.866000;2689;0;14;0.866140
2026.05.27 20:00:00;0.866000;0.866210;0.865820;0.865890;2347;0;14;0.866030
2026.05.27 21:00:00;0.865890;0.865940;0.865620;0.865850;2311;0;13;0.865980
2026.05.27 22:00:00;0.865850;0.865930;0.865660;0.865770;1598;0;14;0.865910
2026.05.27 23:00:00;0.865760;0.865820;0.865590;0.865620;1160;0;14;0.865760
2026.05.28 00:00:00;0.865570;0.866100;0.865570;0.865870;791;0;15;0.866020
2026.05.28 01:00:00;0.865860;0.866020;0.865710;0.865720;908;0;12;0.865840
2026.05.28 02:00:00;0.865720;0.865920;0.865710;0.865860;1126;0;14;0.866000
2026.05.28 03:00:00;0.865860;0.866270;0.865840;0.866230;1996;0;14;0.866370
2026.05.28 04:00:00;0.866230;0.866500;0.866220;0.866420;2271;0;13;0.866550
2026.05.28 05:00:00;0.866420;0.866430;0.866260;0.866390;1588;0;14;0.866530
2026.05.28 06:00:00;0.866390;0.866820;0.866290;0.866660;2877;0;15;0.866810
2026.05.28 07:00:00;0.866680;0.866750;0.866400;0.866410;2161;0;14;0.866550
2026.05.28 08:00:00;0.866420;0.866480;0.865920;0.866040;1964;0;15;0.866190
2026.05.28 09:00:00;0.866030;0.866190;0.865650;0.866100;2392;0;15;0.866250
2026.05.28 10:00:00;0.866100;0.866480;0.865960;0.866300;2959;0;13;0.866430
2026.05.28 11:00:00;0.866290;0.866690;0.866240;0.866630;2483;0;14;0.866770
2026.05.28 12:00:00;0.866630;0.867010;0.866360;0.866820;2396;0;14;0.866960
2026.05.28 13:00:00;0.866820;0.866980;0.866560;0.866560;2744;0;13;0.866690
2026.05.28 14:00:00;0.866560;0.866710;0.866160;0.866410;2285;0;13;0.866540
2026.05.28 15:00:00;0.866410;0.867090;0.866400;0.866960;3695;0;13;0.867090
2026.05.28 16:00:00;0.866960;0.867190;0.866700;0.867060;4109;0;14;0.867200
2026.05.28 17:00:00;0.867070;0.867340;0.866190;0.867010;6926;0;12;0.867130
2026.05.28 18:00:00;0.867010;0.867260;0.866840;0.866850;4086;0;14;0.866990
2026.05.28 19:00:00;0.866850;0.867060;0.866710;0.866810;3020;0;12;0.866930
2026.05.28 20:00:00;0.866820;0.866850;0.866550;0.866600;2446;0;15;0.866750
2026.05.28 21:00:00;0.866600;0.866740;0.866510;0.866540;2499;0;15;0.866690
2026.05.28 22:00:00;0.866550;0.866670;0.866540;0.866590;2391;0;13;0.866720
2026.05.28 23:00:00;0.866590;0.866600;0.866350;0.866350;1681;0;14;0.866490
2026.05.29 00:00:00;0.866330;0.866630;0.866200;0.866360;653;0;19;0.866550
2026.05.29 01:00:00;0.866360;0.866680;0.866360;0.866630;829;0;12;0.866750
2026.05.29 02:00:00;0.866630;0.866660;0.866500;0.866660;790;0;14;0.866800
2026.05.29 03:00:00;0.866660;0.866700;0.866510;0.866550;1808;0;15;0.866700
2026.05.29 04:00:00;0.866560;0.866750;0.866290;0.866330;2403;0;14;0.866470
2026.05.29 05:00:00;0.866330;0.866480;0.866250;0.866430;1660;0;15;0.866580
2026.05.29 06:00:00;0.866430;0.866460;0.866220;0.866260;1594;0;15;0.866410
2026.05.29 07:00:00;0.866250;0.866280;0.865970;0.866040;1014;0;14;0.866180
2026.05.29 08:00:00;0.866020;0.866250;0.865970;0.866210;1275;0;14;0.866350
2026.05.29 09:00:00;0.866210;0.866870;0.866160;0.866850;2172;0;15;0.867000
2026.05.29 10:00:00;0.866840;0.867490;0.866830;0.867040;2747;0;14;0.867180
2026.05.29 11:00:00;0.867040;0.867320;0.866720;0.866920;3067;0;13;0.867050
2026.05.29 12:00:00;0.866920;0.867600;0.866870;0.867550;2933;0;14;0.867690
2026.05.29 13:00:00;0.867550;0.868070;0.867430;0.867640;2245;0;14;0.867780
2026.05.29 14:00:00;0.867640;0.867740;0.867190;0.867250;2854;0;14;0.867390
2026.05.29 15:00:00;0.867270;0.867520;0.866950;0.867030;3323;0;12;0.867150
2026.05.29 16:00:00;0.867030;0.867070;0.866270;0.866590;3765;0;12;0.866710
2026.05.29 17:00:00;0.866590;0.866770;0.865570;0.865680;6322;0;12;0.865800
2026.05.29 18:00:00;0.865670;0.866740;0.865410;0.866580;6061;0;13;0.866710
2026.05.29 19:00:00;0.866580;0.866760;0.866160;0.866610;3087;0;13;0.866740
2026.05.29 20:00:00;0.866610;0.866710;0.866410;0.866610;2546;0;14;0.866750
2026.05.29 21:00:00;0.866610;0.866630;0.866420;0.866440;2012;0;14;0.866580
2026.05.29 22:00:00;0.866440;0.866520;0.865960;0.866020;2179;0;14;0.866160
2026.05.29 23:00:00;0.866030;0.866500;0.865970;0.866210;3751;0;13;0.866340
2026.06.01 00:00:00;0.865860;0.866310;0.865520;0.866150;1176;0;56;0.866710
2026.06.01 01:00:00;0.866110;0.866540;0.866080;0.866470;3247;0;14;0.866610
2026.06.01 02:00:00;0.866460;0.866510;0.865760;0.865900;2847;0;12;0.866020
2026.06.01 03:00:00;0.865920;0.866130;0.865790;0.865820;3836;0;13;0.865950
2026.06.01 04:00:00;0.865820;0.865830;0.865430;0.865470;2387;0;14;0.865610
2026.06.01 05:00:00;0.865470;0.865510;0.865310;0.865440;1692;0;15;0.865590
2026.06.01 06:00:00;0.865440;0.865660;0.865360;0.865630;1332;0;12;0.865750
2026.06.01 07:00:00;0.865630;0.865630;0.865420;0.865480;825;0;12;0.865600
2026.06.01 08:00:00;0.865480;0.865520;0.865350;0.865390;925;0;12;0.865510
2026.06.01 09:00:00;0.865380;0.865720;0.865040;0.865720;2378;0;12;0.865840
2026.06.01 10:00:00;0.865710;0.866010;0.865500;0.865900;2716;0;12;0.866020
2026.06.01 11:00:00;0.865900;0.865920;0.865110;0.865380;2321;0;12;0.865500
2026.06.01 12:00:00;0.865380;0.865570;0.865020;0.865520;2451;0;12;0.865640
2026.06.01 13:00:00;0.865520;0.865620;0.864990;0.865050;1885;0;12;0.865170
2026.06.01 14:00:00;0.865050;0.865060;0.864700;0.864800;2075;0;14;0.864940
2026.06.01 15:00:00;0.864800;0.865050;0.864740;0.864980;2802;0;15;0.865130
2026.06.01 16:00:00;0.864980;0.865760;0.864980;0.865390;6045;0;12;0.865510
2026.06.01 17:00:00;0.865390;0.865660;0.864420;0.864490;5265;0;12;0.864610
2026.06.01 18:00:00;0.864490;0.864750;0.864080;0.864130;4673;0;12;0.864250
2026.06.01 19:00:00;0.864130;0.864320;0.863770;0.863890;3072;0;14;0.864030
2026.06.01 20:00:00;0.863880;0.864060;0.863650;0.864000;3582;0;13;0.864130
2026.06.01 21:00:00;0.864000;0.864210;0.863950;0.864180;1413;0;14;0.864320
2026.06.01 22:00:00;0.864180;0.864300;0.864080;0.864120;1790;0;14;0.864260
2026.06.01 23:00:00;0.864130;0.864420;0.864110;0.864260;1643;0;14;0.864400
2026.06.02 00:00:00;0.864230;0.864590;0.863560;0.864290;3205;0;15;0.864440
2026.06.02 01:00:00;0.864310;0.864460;0.864250;0.864370;1173;0;12;0.864490
2026.06.02 02:00:00;0.864370;0.864440;0.864340;0.864360;928;0;16;0.864520
2026.06.02 03:00:00;0.864360;0.864460;0.864130;0.864440;1702;0;15;0.864590
2026.06.02 04:00:00;0.864440;0.864550;0.864300;0.864520;2637;0;15;0.864670
2026.06.02 05:00:00;0.864520;0.864610;0.864380;0.864410;1332;0;15;0.864560
2026.06.02 06:00:00;0.864410;0.864490;0.864360;0.864370;1379;0;14;0.864510
2026.06.02 07:00:00;0.864370;0.864500;0.864230;0.864280;1288;0;15;0.864430
2026.06.02 08:00:00;0.864280;0.864400;0.864130;0.864400;1173;0;14;0.864540
2026.06.02 09:00:00;0.864400;0.864430;0.864030;0.864310;2806;0;13;0.864440
2026.06.02 10:00:00;0.864310;0.864630;0.864170;0.864560;2743;0;13;0.864690
2026.06.02 11:00:00;0.864560;0.864920;0.864480;0.864750;2582;0;14;0.864890
2026.06.02 12:00:00;0.864750;0.864770;0.864230;0.864270;2476;0;14;0.864410
2026.06.02 13:00:00;0.864270;0.864480;0.864030;0.864460;2060;0;14;0.864600
2026.06.02 14:00:00;0.864460;0.864840;0.864380;0.864510;2264;0;14;0.864650
2026.06.02 15:00:00;0.864510;0.864780;0.864480;0.864700;2798;0;14;0.864840
2026.06.02 16:00:00;0.864700;0.864800;0.864030;0.864300;3545;0;14;0.864440
2026.06.02 17:00:00;0.864300;0.864400;0.863970;0.864180;3858;0;12;0.864300
2026.06.02 18:00:00;0.864180;0.864180;0.863410;0.863500;3538;0;13;0.863630
2026.06.02 19:00:00;0.863500;0.863580;0.863140;0.863430;2214;0;14;0.863570
2026.06.02 20:00:00;0.863430;0.863510;0.863280;0.863370;2024;0;14;0.863510
2026.06.02 21:00:00;0.863370;0.863440;0.863100;0.863250;1955;0;12;0.863370
2026.06.02 22:00:00;0.863270;0.863570;0.863230;0.863550;1244;0;15;0.863700
2026.06.02 23:00:00;0.863550;0.863800;0.863470;0.863650;1163;0;14;0.863790
2026.06.03 00:00:00;0.863640;0.863790;0.863020;0.863270;1312;0;20;0.863470
2026.06.03 01:00:00;0.863250;0.863600;0.863190;0.863580;1005;0;12;0.863700
2026.06.03 02:00:00;0.863580;0.863830;0.863500;0.863780;1377;0;15;0.863930
2026.06.03 03:00:00;0.863770;0.863800;0.863430;0.863470;1626;0;15;0.863620
2026.06.03 04:00:00;0.863470;0.863550;0.863380;0.863440;2043;0;15;0.863590
2026.06.03 05:00:00;0.863430;0.863610;0.863310;0.863600;1250;0;15;0.863750
2026.06.03 06:00:00;0.863600;0.863720;0.863510;0.863550;1075;0;15;0.863700
2026.06.03 07:00:00;0.863550;0.863650;0.863520;0.863600;847;0;15;0.863750
2026.06.03 08:00:00;0.863590;0.863820;0.863470;0.863760;1280;0;15;0.863910
2026.06.03 09:00:00;0.863760;0.864190;0.863520;0.863570;2857;0;12;0.863690
2026.06.03 10:00:00;0.863570;0.863790;0.863170;0.863180;3226;0;14;0.863320
2026.06.03 11:00:00;0.863180;0.863520;0.863070;0.863430;3271;0;13;0.863560
2026.06.03 12:00:00;0.863430;0.863610;0.863270;0.863500;2542;0;14;0.863640
2026.06.03 13:00:00;0.863500;0.863880;0.863240;0.863570;2999;0;14;0.863710
2026.06.03 14:00:00;0.863570;0.863900;0.863400;0.863680;2189;0;15;0.863830
2026.06.03 15:00:00;0.863680;0.863730;0.863390;0.863550;3521;0;12;0.863670
2026.06.03 16:00:00;0.863550;0.864190;0.863470;0.863990;4432;0;12;0.864110
2026.06.03 17:00:00;0.864000;0.864190;0.863620;0.864110;5341;0;13;0.864240
2026.06.03 18:00:00;0.864110;0.864200;0.863530;0.863710;4308;0;14;0.863850
2026.06.03 19:00:00;0.863710;0.864260;0.863670;0.864120;3236;0;14;0.864260
2026.06.03 20:00:00;0.864120;0.864470;0.863940;0.864410;1885;0;14;0.864550
2026.06.03 21:00:00;0.864410;0.864510;0.864310;0.864370;1781;0;13;0.864500
2026.06.03 22:00:00;0.864380;0.864420;0.864140;0.864160;1606;0;14;0.864300
2026.06.03 23:00:00;0.864160;0.864480;0.864100;0.864190;1584;0;15;0.864340
2026.06.04 00:00:00;0.864130;0.864490;0.864020;0.864200;1229;0;15;0.864350
2026.06.04 01:00:00;0.864190;0.864640;0.864100;0.864530;1310;0;12;0.864650
2026.06.04 02:00:00;0.864530;0.864700;0.864470;0.864550;1220;0;15;0.864700
2026.06.04 03:00:00;0.864550;0.864620;0.864280;0.864420;2677;0;15;0.864570
2026.06.04 04:00:00;0.864420;0.864650;0.864370;0.864530;2657;0;15;0.864680
2026.06.04 05:00:00;0.864520;0.864730;0.864510;0.864630;1717;0;15;0.864780
2026.06.04 06:00:00;0.864640;0.864710;0.864480;0.864530;1382;0;15;0.864680
2026.06.04 07:00:00;0.864530;0.864570;0.864270;0.864300;1539;0;14;0.864440
2026.06.04 08:00:00;0.864300;0.864660;0.864250;0.864490;1508;0;15;0.864640
2026.06.04 09:00:00;0.864490;0.864700;0.864360;0.864570;2453;0;13;0.864700
2026.06.04 10:00:00;0.864570;0.864830;0.864340;0.864470;2628;0;14;0.864610
2026.06.04 11:00:00;0.864470;0.864640;0.864130;0.864640;2815;0;14;0.864780
2026.06.04 12:00:00;0.864640;0.865200;0.864560;0.865120;3033;0;14;0.865260
2026.06.04 13:00:00;0.865120;0.865490;0.865040;0.865070;2636;0;14;0.865210
2026.06.04 14:00:00;0.865070;0.865100;0.864730;0.864900;3442;0;14;0.865040
2026.06.04 15:00:00;0.864910;0.865000;0.864650;0.864740;3724;0;12;0.864860
2026.06.04 16:00:00;0.864750;0.865230;0.864720;0.864970;3825;0;15;0.865120
2026.06.04 17:00:00;0.864970;0.865550;0.864880;0.865030;3781;0;14;0.865170
2026.06.04 18:00:00;0.865040;0.865410;0.864960;0.865150;3584;0;13;0.865280
2026.06.04 19:00:00;0.865150;0.865410;0.865010;0.865060;2439;0;14;0.865200
2026.06.04 20:00:00;0.865060;0.865410;0.864980;0.865370;2015;0;14;0.865510
2026.06.04 21:00:00;0.865370;0.865420;0.865010;0.865090;1518;0;14;0.865230
2026.06.04 22:00:00;0.865090;0.865140;0.864870;0.864960;1480;0;15;0.865110
2026.06.04 23:00:00;0.864960;0.865030;0.864750;0.864750;1137;0;15;0.864900
2026.06.05 00:00:00;0.864750;0.865050;0.864470;0.864870;2999;0;22;0.865090
2026.06.05 01:00:00;0.864890;0.865120;0.864790;0.864960;827;0;15;0.865110
2026.06.05 02:00:00;0.864960;0.865120;0.864940;0.865030;556;0;12;0.865150
2026.06.05 03:00:00;0.865030;0.865230;0.864990;0.865000;1963;0;12;0.865120
2026.06.05 04:00:00;0.865000;0.865280;0.864990;0.865030;2666;0;12;0.865150
2026.06.05 05:00:00;0.865030;0.865100;0.864920;0.865070;1825;0;12;0.865190
2026.06.05 06:00:00;0.865070;0.865130;0.864920;0.864960;1739;0;12;0.865080
2026.06.05 07:00:00;0.864960;0.864990;0.864790;0.864920;799;0;12;0.865040
2026.06.05 08:00:00;0.864920;0.865110;0.864910;0.865090;735;0;12;0.865210
2026.06.05 09:00:00;0.865090;0.865150;0.864820;0.865030;2053;0;12;0.865150
2026.06.05 10:00:00;0.865030;0.865280;0.864880;0.865040;1999;0;12;0.865160
2026.06.05 11:00:00;0.865040;0.865420;0.864740;0.864740;2880;0;12;0.864860
2026.06.05 12:00:00;0.864740;0.864920;0.864270;0.864300;2639;0;14;0.864440
2026.06.05 13:00:00;0.864310;0.864390;0.863470;0.863810;2479;0;14;0.863950
2026.06.05 14:00:00;0.863820;0.864290;0.863700;0.864270;2203;0;13;0.864400
2026.06.05 15:00:00;0.864270;0.864800;0.863820;0.864280;5857;0;12;0.864400
2026.06.05 16:00:00;0.864280;0.864650;0.863140;0.863570;7532;0;13;0.863700
2026.06.05 17:00:00;0.863580;0.863710;0.863070;0.863410;6523;0;13;0.863540
2026.06.05 18:00:00;0.863410;0.863450;0.862960;0.863230;5172;0;13;0.863360
2026.06.05 19:00:00;0.863230;0.863760;0.863150;0.863350;4090;0;14;0.863490
2026.06.05 20:00:00;0.863350;0.863760;0.863180;0.863680;3655;0;14;0.863820
2026.06.05 21:00:00;0.863680;0.864000;0.863660;0.863900;3460;0;14;0.864040
2026.06.05 22:00:00;0.863900;0.864090;0.863770;0.864000;3415;0;15;0.864150
2026.06.05 23:00:00;0.864000;0.864470;0.863260;0.863300;2947;0;12;0.863420
2026.06.08 00:00:00;0.863630;0.863880;0.863430;0.863690;541;0;56;0.864250
2026.06.08 01:00:00;0.863720;0.864220;0.863670;0.864020;2657;0;12;0.864140
2026.06.08 02:00:00;0.864020;0.864090;0.863880;0.863930;1467;0;15;0.864080
2026.06.08 03:00:00;0.863920;0.864020;0.863770;0.863880;2205;0;15;0.864030
2026.06.08 04:00:00;0.863880;0.864330;0.863840;0.864180;4972;0;14;0.864320
2026.06.08 05:00:00;0.864190;0.864390;0.864060;0.864160;2667;0;15;0.864310
2026.06.08 06:00:00;0.864160;0.864350;0.864140;0.864320;1759;0;15;0.864470
2026.06.08 07:00:00;0.864320;0.864400;0.864110;0.864350;1609;0;15;0.864500
2026.06.08 08:00:00;0.864350;0.864500;0.864150;0.864170;2941;0;14;0.864310
2026.06.08 09:00:00;0.864170;0.864570;0.864170;0.864240;3482;0;14;0.864380
2026.06.08 10:00:00;0.864240;0.864350;0.863520;0.864010;3917;0;13;0.864140
2026.06.08 11:00:00;0.864010;0.864160;0.863730;0.863810;3988;0;14;0.863950
2026.06.08 12:00:00;0.863810;0.864250;0.863620;0.863770;4064;0;14;0.863910
2026.06.08 13:00:00;0.863770;0.864050;0.863660;0.863740;4110;0;13;0.863870
2026.06.08 14:00:00;0.863740;0.863860;0.863160;0.863440;4615;0;14;0.863580
2026.06.08 15:00:00;0.863440;0.864550;0.863370;0.864450;3784;0;12;0.864570
2026.06.08 16:00:00;0.864450;0.864660;0.864170;0.864350;5789;0;14;0.864490
2026.06.08 17:00:00;0.864350;0.864990;0.864110;0.864980;5491;0;12;0.865100
2026.06.08 18:00:00;0.864960;0.865090;0.864640;0.864870;4644;0;14;0.865010
2026.06.08 19:00:00;0.864870;0.865000;0.864640;0.864700;3201;0;14;0.864840
2026.06.08 20:00:00;0.864700;0.864800;0.864490;0.864520;3564;0;14;0.864660
2026.06.08 21:00:00;0.864510;0.864530;0.864120;0.864160;3275;0;14;0.864300
2026.06.08 22:00:00;0.864160;0.864360;0.864160;0.864210;2941;0;15;0.864360
2026.06.08 23:00:00;0.864210;0.864520;0.864160;0.864440;1746;0;13;0.864570
2026.06.09 00:00:00;0.864420;0.864680;0.864070;0.864590;1795;0;15;0.864740
2026.06.09 01:00:00;0.864590;0.864630;0.864360;0.864450;1020;0;15;0.864600
2026.06.09 02:00:00;0.864450;0.864540;0.864360;0.864490;868;0;15;0.864640
2026.06.09 03:00:00;0.864490;0.864640;0.864470;0.864560;2283;0;15;0.864710
2026.06.09 04:00:00;0.864550;0.864650;0.864220;0.864230;3183;0;15;0.864380
2026.06.09 05:00:00;0.864230;0.864310;0.864120;0.864220;1838;0;15;0.864370
2026.06.09 06:00:00;0.864220;0.864270;0.864110;0.864210;1708;0;15;0.864360
2026.06.09 07:00:00;0.864210;0.864330;0.864050;0.864060;1317;0;15;0.864210
2026.06.09 08:00:00;0.864060;0.864090;0.863800;0.863950;1996;0;15;0.864100
2026.06.09 09:00:00;0.863940;0.864030;0.863660;0.863770;2717;0;13;0.863900
2026.06.09 10:00:00;0.863760;0.863920;0.863000;0.863130;3345;0;12;0.863250
2026.06.09 11:00:00;0.863130;0.863250;0.862660;0.863200;3490;0;13;0.863330
2026.06.09 12:00:00;0.863200;0.863580;0.862990;0.863510;2657;0;13;0.863640
2026.06.09 13:00:00;0.863510;0.863650;0.863220;0.863300;2600;0;13;0.863430
2026.06.09 14:00:00;0.863300;0.863530;0.863210;0.863370;2241;0;13;0.863500
2026.06.09 15:00:00;0.863370;0.863550;0.863130;0.863380;2624;0;14;0.863520
2026.06.09 16:00:00;0.863380;0.863640;0.862980;0.863210;4444;0;14;0.863350
2026.06.09 17:00:00;0.863210;0.863360;0.862670;0.862970;6279;0;13;0.863100
2026.06.09 18:00:00;0.862970;0.863480;0.862780;0.863080;5503;0;13;0.863210
2026.06.09 19:00:00;0.863080;0.863290;0.862800;0.863010;6743;0;12;0.863130
2026.06.09 20:00:00;0.863010;0.863080;0.862730;0.862810;6197;0;14;0.862950
2026.06.09 21:00:00;0.862810;0.862880;0.862540;0.862620;3361;0;14;0.862760
2026.06.09 22:00:00;0.862620;0.862670;0.862400;0.862520;3389;0;14;0.862660
2026.06.09 23:00:00;0.862530;0.862780;0.862440;0.862510;1758;0;12;0.862630
2026.06.10 00:00:00;0.862510;0.862960;0.862400;0.862790;2400;0;12;0.862910
2026.06.10 01:00:00;0.862790;0.862880;0.862570;0.862660;1288;0;15;0.862810
2026.06.10 02:00:00;0.862660;0.862810;0.862530;0.862560;1151;0;15;0.862710
2026.06.10 03:00:00;0.862560;0.862720;0.862490;0.862640;3181;0;15;0.862790
2026.06.10 04:00:00;0.862640;0.862720;0.862490;0.862570;3899;0;15;0.862720
2026.06.10 05:00:00;0.862580;0.862680;0.862500;0.862620;2022;0;14;0.862760
2026.06.10 06:00:00;0.862620;0.862670;0.862530;0.862600;1689;0;15;0.862750
2026.06.10 07:00:00;0.862600;0.862790;0.862560;0.862730;1757;0;15;0.862880
2026.06.10 08:00:00;0.862730;0.862850;0.862590;0.862700;2386;0;14;0.862840
2026.06.10 09:00:00;0.862700;0.862850;0.862480;0.862830;2934;0;14;0.862970
2026.06.10 10:00:00;0.862840;0.863060;0.862690;0.862750;2718;0;15;0.862900
2026.06.10 11:00:00;0.862740;0.863020;0.862500;0.863010;3635;0;14;0.863150
2026.06.10 12:00:00;0.863010;0.863250;0.862520;0.862630;3022;0;15;0.862780
2026.06.10 13:00:00;0.862630;0.862720;0.862330;0.862610;2826;0;14;0.862750
2026.06.10 14:00:00;0.862610;0.862610;0.862150;0.862240;4787;0;14;0.862380
2026.06.10 15:00:00;0.862250;0.862560;0.862020;0.862430;5351;0;13;0.862560
2026.06.10 16:00:00;0.862440;0.862550;0.861990;0.862170;5625;0;14;0.862310
2026.06.10 17:00:00;0.862170;0.862310;0.861910;0.861920;6963;0;14;0.862060
2026.06.10 18:00:00;0.861920;0.862750;0.861900;0.862460;6331;0;12;0.862580
2026.06.10 19:00:00;0.862460;0.862890;0.862440;0.862820;4395;0;14;0.862960
2026.06.10 20:00:00;0.862820;0.862870;0.862540;0.862580;3602;0;15;0.862730
2026.06.10 21:00:00;0.862580;0.863110;0.862560;0.863060;3676;0;14;0.863200
2026.06.10 22:00:00;0.863060;0.863190;0.862910;0.862990;2907;0;14;0.863130
2026.06.10 23:00:00;0.863000;0.863050;0.862750;0.862760;2084;0;14;0.862900
2026.06.11 00:00:00;0.862740;0.862960;0.862520;0.862520;2336;0;23;0.862750
2026.06.11 01:00:00;0.862520;0.863260;0.862520;0.863200;1969;0;14;0.863340
2026.06.11 02:00:00;0.863190;0.863320;0.863120;0.863220;2438;0;14;0.863360
2026.06.11 03:00:00;0.863220;0.863300;0.863100;0.863170;3838;0;14;0.863310
2026.06.11 04:00:00;0.863170;0.863210;0.862780;0.863070;3513;0;14;0.863210
2026.06.11 05:00:00;0.863080;0.863140;0.862940;0.863030;2025;0;14;0.863170
2026.06.11 06:00:00;0.863030;0.863080;0.862830;0.862870;2095;0;15;0.863020
2026.06.11 07:00:00;0.862870;0.862950;0.862710;0.862790;1899;0;14;0.862930
2026.06.11 08:00:00;0.862790;0.862880;0.862700;0.862860;2229;0;15;0.863010
2026.06.11 09:00:00;0.862860;0.862940;0.862620;0.862680;2388;0;13;0.862810
2026.06.11 10:00:00;0.862680;0.862830;0.862560;0.862620;3126;0;14;0.862760
2026.06.11 11:00:00;0.862630;0.863060;0.862360;0.862880;3009;0;13;0.863010
2026.06.11 12:00:00;0.862870;0.863120;0.862800;0.862880;2464;0;14;0.863020
2026.06.11 13:00:00;0.862880;0.863100;0.862730;0.863060;2590;0;14;0.863200
2026.06.11 14:00:00;0.863060;0.863490;0.862970;0.863220;2970;0;12;0.863340
2026.06.11 15:00:00;0.863230;0.863740;0.862900;0.863580;6312;0;12;0.863700
2026.06.11 16:00:00;0.863590;0.863840;0.863270;0.863350;6014;0;13;0.863480
2026.06.11 17:00:00;0.863350;0.864230;0.863290;0.864220;5315;0;12;0.864340
2026.06.11 18:00:00;0.864220;0.864340;0.863200;0.863350;5591;0;13;0.863480
2026.06.11 19:00:00;0.863350;0.863400;0.863010;0.863090;3723;0;12;0.863210
2026.06.11 20:00:00;0.863090;0.863270;0.862460;0.862660;8200;0;12;0.862780
2026.06.11 21:00:00;0.862660;0.862870;0.862520;0.862590;6328;0;12;0.862710
2026.06.11 22:00:00;0.862600;0.862990;0.862490;0.862930;5236;0;14;0.863070
2026.06.11 23:00:00;0.862930;0.863080;0.862720;0.862790;2721;0;12;0.862910
2026.06.12 00:00:00;0.862790;0.863070;0.862400;0.862620;914;0;15;0.862770
2026.06.12 01:00:00;0.862620;0.862950;0.862430;0.862940;1934;0;12;0.863060
2026.06.12 02:00:00;0.862940;0.862940;0.862770;0.862830;1639;0;15;0.862980
2026.06.12 03:00:00;0.862830;0.862870;0.862580;0.862760;3366;0;14;0.862900
2026.06.12 04:00:00;0.862750;0.862860;0.862620;0.862660;4420;0;12;0.862780
2026.06.12 05:00:00;0.862670;0.862780;0.862530;0.862670;3306;0;14;0.862810
2026.06.12 06:00:00;0.862670;0.862720;0.862480;0.862570;3358;0;13;0.862700
2026.06.12 07:00:00;0.862560;0.862770;0.862470;0.862710;2595;0;14;0.862850
2026.06.12 08:00:00;0.862710;0.862910;0.862650;0.862650;2954;0;13;0.862780
2026.06.12 09:00:00;0.862640;0.863290;0.862460;0.863160;3426;0;14;0.863300
2026.06.12 10:00:00;0.863150;0.863490;0.862840;0.863240;4533;0;12;0.863360
2026.06.12 11:00:00;0.863230;0.863430;0.862810;0.862990;5519;0;13;0.863120
2026.06.12 12:00:00;0.863000;0.863290;0.862890;0.863080;4248;0;14;0.863220
2026.06.12 13:00:00;0.863080;0.863280;0.862750;0.862950;3935;0;14;0.863090
2026.06.12 14:00:00;0.862950;0.862970;0.862660;0.862850;3469;0;15;0.863000
2026.06.12 15:00:00;0.862860;0.863380;0.862810;0.863270;3899;0;13;0.863400
2026.06.12 16:00:00;0.863270;0.863570;0.863050;0.863330;6153;0;12;0.863450
2026.06.12 17:00:00;0.863310;0.863570;0.862680;0.862710;6444;0;12;0.862830
2026.06.12 18:00:00;0.862710;0.863160;0.862640;0.862720;6008;0;12;0.862840
2026.06.12 19:00:00;0.862720;0.862930;0.862610;0.862690;5490;0;12;0.862810
2026.06.12 20:00:00;0.862690;0.862700;0.862470;0.862610;3635;0;14;0.862750
2026.06.12 21:00:00;0.862610;0.862770;0.862570;0.862680;2931;0;14;0.862820
2026.06.12 22:00:00;0.862680;0.862790;0.862510;0.862730;2662;0;14;0.862870
2026.06.12 23:00:00;0.862730;0.863040;0.862640;0.862640;2379;0;15;0.862790
2026.06.15 00:00:00;0.863510;0.864390;0.863280;0.863640;797;0;22;0.863860
2026.06.15 01:00:00;0.863750;0.863900;0.862800;0.862870;4800;0;13;0.863000
2026.06.15 02:00:00;0.862870;0.862970;0.862600;0.862610;1859;0;12;0.862730
2026.06.15 03:00:00;0.862610;0.862730;0.862390;0.862680;3143;0;12;0.862800
2026.06.15 04:00:00;0.862690;0.863020;0.862610;0.862990;2864;0;14;0.863130
2026.06.15 05:00:00;0.862990;0.863110;0.862920;0.863030;1626;0;15;0.863180
2026.06.15 06:00:00;0.863030;0.863170;0.862920;0.863150;1401;0;14;0.863290
2026.06.15 07:00:00;0.863150;0.863310;0.863100;0.863270;1557;0;15;0.863420
2026.06.15 08:00:00;0.863280;0.863360;0.863190;0.863280;1968;0;14;0.863420
2026.06.15 09:00:00;0.863280;0.863590;0.863140;0.863340;2643;0;14;0.863480
2026.06.15 10:00:00;0.863340;0.864190;0.863170;0.863940;3515;0;13;0.864070
2026.06.15 11:00:00;0.863940;0.864250;0.863920;0.864220;2565;0;13;0.864350
2026.06.15 12:00:00;0.864220;0.864530;0.864040;0.864370;2354;0;14;0.864510
2026.06.15 13:00:00;0.864360;0.864880;0.864160;0.864760;2137;0;12;0.864880
2026.06.15 14:00:00;0.864760;0.865050;0.864500;0.864760;2540;0;15;0.864910
2026.06.15 15:00:00;0.864760;0.865130;0.864630;0.864800;2977;0;14;0.864940
2026.06.15 16:00:00;0.864800;0.864830;0.864230;0.864630;3790;0;13;0.864760
2026.06.15 17:00:00;0.864630;0.864660;0.863380;0.863570;4289;0;13;0.863700
2026.06.15 18:00:00;0.863570;0.863910;0.863320;0.863840;3150;0;14;0.863980
2026.06.15 19:00:00;0.863840;0.864020;0.863670;0.863950;2576;0;14;0.864090
2026.06.15 20:00:00;0.863950;0.863990;0.863660;0.863720;1713;0;14;0.863860
2026.06.15 21:00:00;0.863730;0.864090;0.863660;0.863930;2198;0;14;0.864070
2026.06.15 22:00:00;0.863930;0.864120;0.863830;0.863920;2253;0;15;0.864070
2026.06.15 23:00:00;0.863920;0.864240;0.863840;0.863900;2237;0;14;0.864040
2026.06.16 00:00:00;0.863890;0.864440;0.863270;0.864110;4213;0;22;0.864330
2026.06.16 01:00:00;0.864110;0.864180;0.863860;0.863990;1234;0;12;0.864110
2026.06.16 02:00:00;0.863990;0.864050;0.863920;0.863930;755;0;14;0.864070
2026.06.16 03:00:00;0.863930;0.864190;0.863930;0.864170;1785;0;15;0.864320
2026.06.16 04:00:00;0.864170;0.864350;0.864020;0.864240;2477;0;13;0.864370
2026.06.16 05:00:00;0.864240;0.864500;0.864240;0.864370;1364;0;14;0.864510
2026.06.16 06:00:00;0.864380;0.864410;0.864290;0.864340;1617;0;14;0.864480
2026.06.16 07:00:00;0.864340;0.864410;0.864160;0.864200;1912;0;15;0.864350
2026.06.16 08:00:00;0.864200;0.864270;0.864020;0.864240;1686;0;14;0.864380
2026.06.16 09:00:00;0.864240;0.864370;0.864070;0.864260;2413;0;14;0.864400
2026.06.16 10:00:00;0.864270;0.864400;0.863930;0.864200;3155;0;14;0.864340
2026.06.16 11:00:00;0.864200;0.864680;0.864150;0.864460;2540;0;13;0.864590
2026.06.16 12:00:00;0.864460;0.864860;0.864370;0.864670;2626;0;14;0.864810
2026.06.16 13:00:00;0.864670;0.865040;0.864430;0.864490;2328;0;13;0.864620
2026.06.16 14:00:00;0.864490;0.864820;0.864450;0.864520;2520;0;14;0.864660
2026.06.16 15:00:00;0.864520;0.864780;0.864400;0.864530;3192;0;13;0.864660
2026.06.16 16:00:00;0.864520;0.865010;0.864270;0.864360;3649;0;14;0.864500
2026.06.16 17:00:00;0.864360;0.864570;0.864010;0.864320;4266;0;13;0.864450
2026.06.16 18:00:00;0.864320;0.864600;0.864180;0.864220;4246;0;14;0.864360
2026.06.16 19:00:00;0.864220;0.864700;0.864190;0.864690;3096;0;14;0.864830
2026.06.16 20:00:00;0.864690;0.864820;0.864550;0.864560;2028;0;15;0.864710
2026.06.16 21:00:00;0.864560;0.864620;0.864450;0.864530;1799;0;15;0.864680
2026.06.16 22:00:00;0.864530;0.864680;0.864410;0.864650;2448;0;14;0.864790
2026.06.16 23:00:00;0.864650;0.864740;0.864430;0.864480;1669;0;15;0.864630
2026.06.17 00:00:00;0.864460;0.864600;0.863900;0.864120;1516;0;27;0.864390
2026.06.17 01:00:00;0.864120;0.864770;0.864120;0.864730;1583;0;12;0.864850
2026.06.17 02:00:00;0.864730;0.864750;0.864620;0.864680;1470;0;13;0.864810
2026.06.17 03:00:00;0.864680;0.864800;0.864630;0.864700;5272;0;15;0.864850
2026.06.17 04:00:00;0.864710;0.864780;0.864540;0.864760;1831;0;14;0.864900
2026.06.17 05:00:00;0.864760;0.864860;0.864600;0.864610;1201;0;14;0.864750
2026.06.17 06:00:00;0.864610;0.864690;0.864550;0.864590;957;0;14;0.864730
2026.06.17 07:00:00;0.864590;0.864610;0.864400;0.864490;1025;0;15;0.864640
2026.06.17 08:00:00;0.864490;0.864750;0.864430;0.864560;1317;0;15;0.864710
2026.06.17 09:00:00;0.864550;0.865330;0.864430;0.865240;2322;0;14;0.865380
2026.06.17 10:00:00;0.865240;0.865520;0.864810;0.864860;2363;0;14;0.865000
2026.06.17 11:00:00;0.864860;0.865040;0.864630;0.864630;2503;0;14;0.864770
2026.06.17 12:00:00;0.864640;0.864920;0.864560;0.864750;2090;0;14;0.864890
2026.06.17 13:00:00;0.864750;0.864820;0.864480;0.864590;2072;0;15;0.864740
2026.06.17 14:00:00;0.864590;0.864680;0.864400;0.864640;2378;0;14;0.864780
2026.06.17 15:00:00;0.864640;0.864840;0.864480;0.864770;2766;0;14;0.864910
2026.06.17 16:00:00;0.864780;0.865050;0.864510;0.864960;2909;0;13;0.865090
2026.06.17 17:00:00;0.864960;0.865360;0.864770;0.865190;4210;0;13;0.865320
2026.06.17 18:00:00;0.865200;0.865570;0.865180;0.865280;3557;0;13;0.865410
2026.06.17 19:00:00;0.865280;0.865510;0.865140;0.865200;2415;0;13;0.865330
2026.06.17 20:00:00;0.865200;0.865390;0.864960;0.864980;2669;0;14;0.865120
2026.06.17 21:00:00;0.865040;0.865190;0.864320;0.865070;11609;0;12;0.865190
2026.06.17 22:00:00;0.865070;0.865920;0.864810;0.865090;11302;0;12;0.865210
2026.06.17 23:00:00;0.865090;0.865210;0.864840;0.864980;3728;0;12;0.865100
2026.06.18 00:00:00;0.864980;0.865530;0.864810;0.865400;1192;0;15;0.865550
2026.06.18 01:00:00;0.865440;0.865450;0.865070;0.865210;1957;0;12;0.865330
2026.06.18 02:00:00;0.865200;0.865210;0.864940;0.865040;1384;0;15;0.865190
2026.06.18 03:00:00;0.865030;0.865410;0.864810;0.865300;4104;0;14;0.865440
2026.06.18 04:00:00;0.865290;0.865340;0.865000;0.865140;3380;0;14;0.865280
2026.06.18 05:00:00;0.865140;0.865190;0.865040;0.865140;1908;0;14;0.865280
2026.06.18 06:00:00;0.865140;0.865260;0.865010;0.865230;1723;0;13;0.865360
2026.06.18 07:00:00;0.865230;0.865420;0.865180;0.865390;1922;0;15;0.865540
2026.06.18 08:00:00;0.865390;0.865480;0.865270;0.865340;2203;0;14;0.865480
2026.06.18 09:00:00;0.865340;0.865430;0.864760;0.865230;3697;0;13;0.865360
2026.06.18 10:00:00;0.865220;0.866010;0.865170;0.865740;3853;0;12;0.865860
2026.06.18 11:00:00;0.865740;0.867130;0.865730;0.866830;4546;0;13;0.866960
2026.06.18 12:00:00;0.866830;0.867270;0.866490;0.866730;4452;0;13;0.866860
2026.06.18 13:00:00;0.866720;0.866860;0.866190;0.866250;4004;0;13;0.866380
2026.06.18 14:00:00;0.866220;0.867460;0.865940;0.867170;4890;0;12;0.867290
2026.06.18 15:00:00;0.867170;0.867190;0.865850;0.866620;5144;0;13;0.866750
2026.06.18 16:00:00;0.866620;0.866840;0.866240;0.866510;5718;0;12;0.866630
2026.06.18 17:00:00;0.866510;0.866730;0.866230;0.866680;5432;0;13;0.866810
2026.06.18 18:00:00;0.866670;0.867240;0.866620;0.867100;4871;0;12;0.867220
2026.06.18 19:00:00;0.867100;0.867650;0.867030;0.867090;4496;0;13;0.867220
2026.06.18 20:00:00;0.867090;0.867740;0.867070;0.867720;3324;0;14;0.867860
2026.06.18 21:00:00;0.867720;0.867880;0.867640;0.867840;2914;0;14;0.867980
2026.06.18 22:00:00;0.867860;0.868130;0.867710;0.867900;4118;0;13;0.868030
2026.06.18 23:00:00;0.867890;0.868010;0.867210;0.867210;2293;0;15;0.867360
2026.06.19 00:00:00;0.867030;0.868040;0.867000;0.867440;1064;0;12;0.867560
2026.06.19 01:00:00;0.867430;0.868030;0.867420;0.867990;1552;0;12;0.868110
2026.06.19 02:00:00;0.867990;0.867990;0.867770;0.867870;956;0;15;0.868020
2026.06.19 03:00:00;0.867860;0.867980;0.867610;0.867630;2338;0;15;0.867780
2026.06.19 04:00:00;0.867630;0.867920;0.867590;0.867870;2470;0;14;0.868010
2026.06.19 05:00:00;0.867870;0.867920;0.867520;0.867570;1649;0;15;0.867720
2026.06.19 06:00:00;0.867570;0.867840;0.867550;0.867600;2211;0;12;0.867720
2026.06.19 07:00:00;0.867590;0.868010;0.867400;0.867710;2416;0;14;0.867850
2026.06.19 08:00:00;0.867710;0.867750;0.866110;0.866380;3716;0;12;0.866500
2026.06.19 09:00:00;0.866380;0.867070;0.866080;0.866840;3147;0;12;0.866960
2026.06.19 10:00:00;0.866820;0.867490;0.866550;0.867370;3150;0;14;0.867510
2026.06.19 11:00:00;0.867370;0.867660;0.866210;0.866290;3200;0;13;0.866420
2026.06.19 12:00:00;0.866290;0.866370;0.865640;0.865790;3135;0;12;0.865910
2026.06.19 13:00:00;0.865780;0.866350;0.865780;0.865980;3082;0;12;0.866100
2026.06.19 14:00:00;0.865990;0.866440;0.865800;0.866270;2454;0;14;0.866410
2026.06.19 15:00:00;0.866270;0.866750;0.866240;0.866620;3112;0;13;0.866750
2026.06.19 16:00:00;0.866620;0.867160;0.866390;0.866950;3544;0;13;0.867080
2026.06.19 17:00:00;0.866960;0.867320;0.866300;0.866740;3676;0;12;0.866860
2026.06.19 18:00:00;0.866740;0.867430;0.866680;0.867130;2212;0;13;0.867260
2026.06.19 19:00:00;0.867130;0.867290;0.866810;0.866880;1273;0;13;0.867010
2026.06.19 20:00:00;0.866880;0.867340;0.866620;0.867170;2724;0;12;0.867290
2026.06.19 21:00:00;0.867160;0.867370;0.866940;0.867170;2197;0;12;0.867290
2026.06.19 22:00:00;0.867170;0.867480;0.866950;0.867090;3596;0;12;0.867210
2026.06.19 23:00:00;0.867090;0.867420;0.866080;0.866080;3738;0;12;0.866200
2026.06.22 00:00:00;0.868410;0.868590;0.867920;0.868010;321;0;30;0.868310
2026.06.22 01:00:00;0.868060;0.868160;0.867680;0.867750;1879;0;12;0.867870
2026.06.22 02:00:00;0.867750;0.867930;0.867680;0.867780;1607;0;12;0.867900
2026.06.22 03:00:00;0.867780;0.867820;0.867080;0.867130;2893;0;15;0.867280
2026.06.22 04:00:00;0.867130;0.867180;0.866850;0.867080;3935;0;14;0.867220
2026.06.22 05:00:00;0.867080;0.867090;0.866810;0.866870;2066;0;14;0.867010
2026.06.22 06:00:00;0.866870;0.867060;0.866710;0.866990;1780;0;15;0.867140
2026.06.22 07:00:00;0.866990;0.867450;0.866910;0.867320;1820;0;15;0.867470
2026.06.22 08:00:00;0.867320;0.867320;0.866880;0.867060;2077;0;15;0.867210
2026.06.22 09:00:00;0.867070;0.867520;0.866820;0.867430;3094;0;14;0.867570
2026.06.22 10:00:00;0.867430;0.867660;0.866920;0.867400;3360;0;13;0.867530
2026.06.22 11:00:00;0.867400;0.867900;0.866770;0.867020;4253;0;13;0.867150
2026.06.22 12:00:00;0.867020;0.867050;0.865870;0.866080;3625;0;12;0.866200
2026.06.22 13:00:00;0.866080;0.866080;0.864960;0.865390;3459;0;12;0.865510
2026.06.22 14:00:00;0.865390;0.865550;0.864770;0.864890;3256;0;14;0.865030
2026.06.22 15:00:00;0.864890;0.865010;0.863390;0.863690;4366;0;12;0.863810
2026.06.22 16:00:00;0.863680;0.863720;0.862540;0.863170;5940;0;12;0.863290
2026.06.22 17:00:00;0.863180;0.863600;0.862320;0.862860;7207;0;12;0.862980
2026.06.22 18:00:00;0.862870;0.863230;0.862780;0.862880;5325;0;13;0.863010
2026.06.22 19:00:00;0.862880;0.863010;0.862700;0.862970;3027;0;13;0.863100
2026.06.22 20:00:00;0.862970;0.863150;0.862830;0.862850;2497;0;15;0.863000
2026.06.22 21:00:00;0.862850;0.862980;0.862480;0.862540;2109;0;14;0.862680
2026.06.22 22:00:00;0.862540;0.862610;0.862190;0.862320;2400;0;14;0.862460
2026.06.22 23:00:00;0.862300;0.862510;0.862290;0.862330;1589;0;14;0.862470
2026.06.23 00:00:00;0.861990;0.862350;0.861970;0.862170;1265;0;18;0.862350
2026.06.23 01:00:00;0.862200;0.862540;0.862160;0.862470;1168;0;12;0.862590
2026.06.23 02:00:00;0.862470;0.862530;0.862400;0.862500;656;0;15;0.862650
2026.06.23 03:00:00;0.862510;0.862770;0.862410;0.862630;2282;0;14;0.862770
2026.06.23 04:00:00;0.862630;0.862820;0.862610;0.862740;2849;0;15;0.862890
2026.06.23 05:00:00;0.862740;0.862850;0.862650;0.862770;2282;0;15;0.862920
2026.06.23 06:00:00;0.862770;0.862860;0.862560;0.862600;2011;0;15;0.862750
2026.06.23 07:00:00;0.862600;0.862870;0.862540;0.862720;2065;0;15;0.862870
2026.06.23 08:00:00;0.862720;0.863010;0.862500;0.862510;2124;0;14;0.862650
2026.06.23 09:00:00;0.862510;0.863300;0.862490;0.863040;3601;0;13;0.863170
2026.06.23 10:00:00;0.863040;0.863410;0.862700;0.862720;5176;0;12;0.862840
2026.06.23 11:00:00;0.862720;0.863090;0.862400;0.862840;4103;0;12;0.862960
2026.06.23 12:00:00;0.862840;0.863130;0.862360;0.862410;3294;0;13;0.862540
2026.06.23 13:00:00;0.862410;0.862980;0.862220;0.862300;3219;0;14;0.862440
2026.06.23 14:00:00;0.862300;0.862330;0.861820;0.861930;3563;0;13;0.862060
2026.06.23 15:00:00;0.861930;0.862090;0.861410;0.861940;3895;0;14;0.862080
2026.06.23 16:00:00;0.861940;0.862490;0.861740;0.861880;4981;0;14;0.862020
2026.06.23 17:00:00;0.861890;0.862340;0.861510;0.862140;5279;0;12;0.862260
2026.06.23 18:00:00;0.862140;0.863000;0.862070;0.862930;4656;0;12;0.863050
2026.06.23 19:00:00;0.862930;0.862940;0.862450;0.862850;3007;0;14;0.862990
2026.06.23 20:00:00;0.862850;0.862950;0.862580;0.862820;2249;0;13;0.862950
2026.06.23 21:00:00;0.862820;0.863090;0.862630;0.862680;1865;0;14;0.862820
2026.06.23 22:00:00;0.862680;0.862710;0.862120;0.862260;2471;0;14;0.862400
2026.06.23 23:00:00;0.862260;0.862270;0.861780;0.861830;1343;0;14;0.861970
2026.06.24 00:00:00;0.861860;0.862150;0.861790;0.862150;648;0;25;0.862400
2026.06.24 01:00:00;0.862150;0.862280;0.861910;0.862110;1029;0;14;0.862250
2026.06.24 02:00:00;0.862100;0.862210;0.861950;0.861980;1218;0;15;0.862130
2026.06.24 03:00:00;0.861980;0.862050;0.861730;0.861790;3031;0;14;0.861930
2026.06.24 04:00:00;0.861790;0.861980;0.861660;0.861690;3391;0;14;0.861830
2026.06.24 05:00:00;0.861690;0.861760;0.861410;0.861680;2893;0;15;0.861830
2026.06.24 06:00:00;0.861680;0.861780;0.861010;0.861150;3121;0;12;0.861270
2026.06.24 07:00:00;0.861150;0.861280;0.861110;0.861180;2928;0;14;0.861320
2026.06.24 08:00:00;0.861180;0.861450;0.861170;0.861450;2566;0;15;0.861600
2026.06.24 09:00:00;0.861450;0.861730;0.861000;0.861350;2911;0;12;0.861470
2026.06.24 10:00:00;0.861340;0.861550;0.860340;0.860760;4245;0;13;0.860890
2026.06.24 11:00:00;0.860760;0.860950;0.860190;0.860440;4235;0;12;0.860560
2026.06.24 12:00:00;0.860440;0.861100;0.860290;0.861040;3143;0;13;0.861170
2026.06.24 13:00:00;0.861040;0.861910;0.861040;0.861860;3230;0;12;0.861980
2026.06.24 14:00:00;0.861860;0.862190;0.861240;0.861450;3562;0;12;0.861570
2026.06.24 15:00:00;0.861450;0.861840;0.861210;0.861410;4338;0;12;0.861530
2026.06.24 16:00:00;0.861410;0.861890;0.861110;0.861790;5727;0;12;0.861910
2026.06.24 17:00:00;0.861820;0.862760;0.861790;0.862590;5340;0;12;0.862710
2026.06.24 18:00:00;0.862590;0.862760;0.862210;0.862340;4787;0;13;0.862470
2026.06.24 19:00:00;0.862340;0.862530;0.862210;0.862410;3706;0;14;0.862550
2026.06.24 20:00:00;0.862410;0.862710;0.862260;0.862600;3753;0;13;0.862730
2026.06.24 21:00:00;0.862600;0.862720;0.862520;0.862630;3260;0;13;0.862760
2026.06.24 22:00:00;0.862630;0.862790;0.862570;0.862570;3248;0;13;0.862700
2026.06.24 23:00:00;0.862570;0.862660;0.862360;0.862450;3224;0;15;0.862600
2026.06.25 00:00:00;0.862650;0.862770;0.862140;0.862330;1111;0;15;0.862480
2026.06.25 01:00:00;0.862330;0.862650;0.862330;0.862400;1045;0;15;0.862550
2026.06.25 02:00:00;0.862390;0.862510;0.862310;0.862380;998;0;14;0.862520
2026.06.25 03:00:00;0.862390;0.862480;0.862220;0.862430;2635;0;15;0.862580
2026.06.25 04:00:00;0.862430;0.862560;0.862100;0.862270;4171;0;14;0.862410
2026.06.25 05:00:00;0.862270;0.862300;0.862150;0.862220;2438;0;14;0.862360
2026.06.25 06:00:00;0.862220;0.862520;0.862190;0.862440;2315;0;14;0.862580
2026.06.25 07:00:00;0.862440;0.862510;0.862220;0.862220;1984;0;15;0.862370
2026.06.25 08:00:00;0.862210;0.862330;0.862050;0.862180;2114;0;13;0.862310
2026.06.25 09:00:00;0.862180;0.862410;0.861710;0.861710;2844;0;14;0.861850
2026.06.25 10:00:00;0.861710;0.861890;0.861220;0.861470;3524;0;13;0.861600
2026.06.25 11:00:00;0.861470;0.861960;0.861400;0.861710;3072;0;12;0.861830
2026.06.25 12:00:00;0.861710;0.861950;0.861460;0.861610;2836;0;14;0.861750
2026.06.25 13:00:00;0.861610;0.862000;0.861450;0.861480;2817;0;12;0.861600
2026.06.25 14:00:00;0.861480;0.861750;0.861410;0.861730;2832;0;12;0.861850
2026.06.25 15:00:00;0.861730;0.862040;0.861520;0.861580;4896;0;13;0.861710
2026.06.25 16:00:00;0.861590;0.861720;0.861080;0.861500;5474;0;13;0.861630
2026.06.25 17:00:00;0.861500;0.862080;0.860960;0.861540;6454;0;12;0.861660
2026.06.25 18:00:00;0.861550;0.861800;0.861310;0.861390;5823;0;12;0.861510
2026.06.25 19:00:00;0.861390;0.861440;0.861110;0.861210;3376;0;14;0.861350
2026.06.25 20:00:00;0.861210;0.861560;0.861170;0.861460;2644;0;13;0.861590
2026.06.25 21:00:00;0.861460;0.861810;0.861460;0.861640;2962;0;14;0.861780
2026.06.25 22:00:00;0.861640;0.861690;0.861450;0.861480;2706;0;14;0.861620
2026.06.25 23:00:00;0.861480;0.861900;0.861460;0.861660;2612;0;14;0.861800
2026.06.26 00:00:00;0.861640;0.861830;0.860970;0.861770;3369;0;18;0.861950
2026.06.26 01:00:00;0.861770;0.861860;0.861610;0.861700;1561;0;14;0.861840
2026.06.26 02:00:00;0.861690;0.861750;0.861420;0.861460;1644;0;12;0.861580
2026.06.26 03:00:00;0.861450;0.861520;0.861230;0.861340;2722;0;14;0.861480
2026.06.26 04:00:00;0.861330;0.861380;0.860990;0.861070;2963;0;14;0.861210
2026.06.26 05:00:00;0.861070;0.861620;0.861050;0.861530;2353;0;12;0.861650
2026.06.26 06:00:00;0.861540;0.861660;0.861440;0.861530;2098;0;15;0.861680
2026.06.26 07:00:00;0.861530;0.861730;0.861400;0.861720;2360;0;15;0.861870
2026.06.26 08:00:00;0.861720;0.861780;0.861490;0.861560;2429;0;15;0.861710
2026.06.26 09:00:00;0.861560;0.862120;0.861500;0.861860;3178;0;12;0.861980
2026.06.26 10:00:00;0.861860;0.862440;0.861800;0.862220;3177;0;13;0.862350
2026.06.26 11:00:00;0.862220;0.863020;0.862140;0.862580;4207;0;12;0.862700
2026.06.26 12:00:00;0.862580;0.862830;0.862330;0.862810;3488;0;14;0.862950
2026.06.26 13:00:00;0.862810;0.862900;0.862360;0.862460;3001;0;13;0.862590
2026.06.26 14:00:00;0.862460;0.862730;0.862260;0.862330;3447;0;14;0.862470
2026.06.26 15:00:00;0.862330;0.865020;0.862290;0.864900;5113;0;12;0.865020
2026.06.26 16:00:00;0.864920;0.865070;0.863660;0.863760;6312;0;13;0.863890
2026.06.26 17:00:00;0.863760;0.863800;0.863100;0.863250;5683;0;13;0.863380
2026.06.26 18:00:00;0.863250;0.863380;0.862310;0.862400;5352;0;12;0.862520
2026.06.26 19:00:00;0.862400;0.862540;0.861860;0.862400;4043;0;13;0.862530
2026.06.26 20:00:00;0.862410;0.862610;0.862330;0.862510;2484;0;14;0.862650
2026.06.26 21:00:00;0.862500;0.862660;0.862390;0.862490;2379;0;14;0.862630
2026.06.26 22:00:00;0.862480;0.862690;0.862340;0.862630;2586;0;13;0.862760
2026.06.26 23:00:00;0.862630;0.862790;0.862380;0.862480;2656;0;13;0.862610
2026.06.29 00:00:00;0.861730;0.862830;0.861450;0.861930;706;0;37;0.862300
2026.06.29 01:00:00;0.861960;0.862890;0.861940;0.862780;1330;0;14;0.862920
2026.06.29 02:00:00;0.862780;0.862830;0.862610;0.862640;728;0;12;0.862760
2026.06.29 03:00:00;0.862640;0.862840;0.862550;0.862660;2296;0;12;0.862780
2026.06.29 04:00:00;0.862750;0.862760;0.862500;0.862530;3167;0;12;0.862650
2026.06.29 05:00:00;0.862530;0.862550;0.862360;0.862440;2404;0;13;0.862570
2026.06.29 06:00:00;0.862440;0.862470;0.862300;0.862390;1899;0;15;0.862540
2026.06.29 07:00:00;0.862390;0.862500;0.862220;0.862290;1496;0;15;0.862440
2026.06.29 08:00:00;0.862300;0.862480;0.862160;0.862440;2069;0;15;0.862590
2026.06.29 09:00:00;0.862440;0.862900;0.862190;0.862810;2543;0;12;0.862930
2026.06.29 10:00:00;0.862810;0.862960;0.862430;0.862880;2788;0;12;0.863000
2026.06.29 11:00:00;0.862870;0.863150;0.862770;0.862790;2652;0;12;0.862910
2026.06.29 12:00:00;0.862790;0.862870;0.862500;0.862600;3341;0;12;0.862720
2026.06.29 13:00:00;0.862610;0.863010;0.862170;0.862400;2754;0;12;0.862520
2026.06.29 14:00:00;0.862400;0.862400;0.861620;0.862160;3260;0;12;0.862280
2026.06.29 15:00:00;0.862160;0.862180;0.861280;0.861560;4159;0;14;0.861700
2026.06.29 16:00:00;0.861560;0.861920;0.861000;0.861910;4265;0;13;0.862040
2026.06.29 17:00:00;0.861910;0.862450;0.861620;0.862280;6302;0;12;0.862400
2026.06.29 18:00:00;0.862280;0.862290;0.861830;0.861860;4388;0;13;0.861990
2026.06.29 19:00:00;0.861860;0.862080;0.861780;0.861960;2730;0;14;0.862100
2026.06.29 20:00:00;0.861960;0.862000;0.861790;0.861820;1999;0;14;0.861960
2026.06.29 21:00:00;0.861820;0.861930;0.861680;0.861710;2105;0;14;0.861850
2026.06.29 22:00:00;0.861720;0.861820;0.861470;0.861520;1723;0;14;0.861660
2026.06.29 23:00:00;0.861510;0.861590;0.861330;0.861360;1306;0;15;0.861510
2026.06.30 00:00:00;0.861360;0.861800;0.860880;0.861670;1197;0;15;0.861820
2026.06.30 01:00:00;0.861670;0.861680;0.861300;0.861470;1085;0;14;0.861610
2026.06.30 02:00:00;0.861470;0.861550;0.861400;0.861500;875;0;15;0.861650
2026.06.30 03:00:00;0.861510;0.861950;0.861470;0.861840;2773;0;14;0.861980
2026.06.30 04:00:00;0.861840;0.861960;0.861460;0.861490;3939;0;14;0.861630
2026.06.30 05:00:00;0.861490;0.861570;0.861360;0.861410;2261;0;15;0.861560
2026.06.30 06:00:00;0.861410;0.861450;0.861220;0.861240;2144;0;14;0.861380
2026.06.30 07:00:00;0.861250;0.861280;0.860810;0.860830;1562;0;15;0.860980
2026.06.30 08:00:00;0.860830;0.860980;0.860500;0.860620;2322;0;14;0.860760
2026.06.30 09:00:00;0.860620;0.861200;0.860570;0.861050;3346;0;12;0.861170
2026.06.30 10:00:00;0.861040;0.861350;0.860900;0.861220;2728;0;13;0.861350
2026.06.30 11:00:00;0.861230;0.861230;0.860680;0.861100;3579;0;12;0.861220
2026.06.30 12:00:00;0.861100;0.861110;0.860600;0.860960;2901;0;14;0.861100
2026.06.30 13:00:00;0.860970;0.861340;0.860760;0.861340;2747;0;13;0.861470
2026.06.30 14:00:00;0.861340;0.861910;0.861250;0.861280;3091;0;12;0.861400
2026.06.30 15:00:00;0.861290;0.862310;0.861280;0.862240;3349;0;13;0.862370
2026.06.30 16:00:00;0.862240;0.862340;0.861680;0.861870;4249;0;14;0.862010
2026.06.30 17:00:00;0.861840;0.862060;0.861040;0.861310;6590;0;12;0.861430
2026.06.30 18:00:00;0.861310;0.861450;0.860720;0.861110;5184;0;12;0.861230
2026.06.30 19:00:00;0.861110;0.861390;0.860960;0.861290;2186;0;14;0.861430
2026.06.30 20:00:00;0.861300;0.861550;0.861170;0.861530;1865;0;14;0.861670
2026.06.30 21:00:00;0.861530;0.861570;0.861410;0.861530;2233;0;14;0.861670
2026.06.30 22:00:00;0.861530;0.861590;0.861170;0.861360;2678;0;14;0.861500
2026.06.30 23:00:00;0.861370;0.861450;0.861040;0.861040;1880;0;13;0.861170
2026.07.01 00:00:00;0.861020;0.861430;0.860810;0.861090;665;0;20;0.861290
2026.07.01 01:00:00;0.861070;0.861410;0.861010;0.861300;748;0;14;0.861440
2026.07.01 02:00:00;0.861300;0.861320;0.861190;0.861260;661;0;16;0.861420
2026.07.01 03:00:00;0.861260;0.861350;0.861170;0.861280;2118;0;15;0.861430
2026.07.01 04:00:00;0.861280;0.861500;0.861190;0.861420;3175;0;14;0.861560
2026.07.01 05:00:00;0.861430;0.861650;0.861380;0.861580;2549;0;15;0.861730
2026.07.01 06:00:00;0.861580;0.861710;0.861500;0.861560;1763;0;15;0.861710
2026.07.01 07:00:00;0.861550;0.861720;0.861450;0.861480;1995;0;14;0.861620
2026.07.01 08:00:00;0.861470;0.861540;0.861140;0.861280;2253;0;14;0.861420
2026.07.01 09:00:00;0.861280;0.861410;0.860890;0.860960;2801;0;13;0.861090
2026.07.01 10:00:00;0.860960;0.861290;0.860670;0.860800;2958;0;13;0.860930
2026.07.01 11:00:00;0.860800;0.861030;0.859930;0.860210;3026;0;12;0.860330
2026.07.01 12:00:00;0.860180;0.860360;0.859160;0.859590;2893;0;12;0.859710
2026.07.01 13:00:00;0.859590;0.859980;0.859500;0.859980;2554;0;13;0.860110
2026.07.01 14:00:00;0.859980;0.860350;0.859570;0.859690;3017;0;13;0.859820
2026.07.01 15:00:00;0.859690;0.859870;0.858720;0.858940;4383;0;12;0.859060
2026.07.01 16:00:00;0.858950;0.859710;0.858810;0.859090;8340;0;12;0.859210
2026.07.01 17:00:00;0.859190;0.859190;0.857470;0.858140;7860;0;12;0.858260
2026.07.01 18:00:00;0.858140;0.858170;0.857250;0.857260;5199;0;13;0.857390
2026.07.01 19:00:00;0.857260;0.857420;0.856510;0.856940;4401;0;13;0.857070
2026.07.01 20:00:00;0.856940;0.857180;0.856710;0.857060;3009;0;14;0.857200
2026.07.01 21:00:00;0.857060;0.857140;0.856840;0.856920;3261;0;13;0.857050
2026.07.01 22:00:00;0.856920;0.857010;0.856610;0.856860;2827;0;13;0.856990
2026.07.01 23:00:00;0.856860;0.857090;0.856530;0.856920;1824;0;14;0.857060
2026.07.02 00:00:00;0.856920;0.857040;0.856410;0.856910;833;0;19;0.857100
2026.07.02 01:00:00;0.856830;0.856960;0.856700;0.856750;710;0;14;0.856890
2026.07.02 02:00:00;0.856750;0.856800;0.856680;0.856750;790;0;15;0.856900
2026.07.02 03:00:00;0.856750;0.856950;0.856670;0.856710;2619;0;14;0.856850
2026.07.02 04:00:00;0.856710;0.856830;0.856530;0.856670;2887;0;14;0.856810
2026.07.02 05:00:00;0.856670;0.856800;0.856480;0.856650;1879;0;14;0.856790
2026.07.02 06:00:00;0.856650;0.856740;0.856540;0.856590;1663;0;15;0.856740
2026.07.02 07:00:00;0.856580;0.856920;0.856540;0.856760;2162;0;14;0.856900
2026.07.02 08:00:00;0.856760;0.856810;0.856360;0.856540;2501;0;15;0.856690
2026.07.02 09:00:00;0.856540;0.856580;0.855600;0.856300;3890;0;12;0.856420
2026.07.02 10:00:00;0.856300;0.856510;0.855040;0.855290;4600;0;12;0.855410
2026.07.02 11:00:00;0.855290;0.855410;0.854520;0.854910;5673;0;12;0.855030
2026.07.02 12:00:00;0.854910;0.855510;0.854670;0.855180;4353;0;13;0.855310
2026.07.02 13:00:00;0.855180;0.855870;0.854880;0.855730;2915;0;12;0.855850
2026.07.02 14:00:00;0.855730;0.856700;0.855700;0.856680;2857;0;13;0.856810
2026.07.02 15:00:00;0.856690;0.857350;0.856330;0.856760;9088;0;13;0.856890
2026.07.02 16:00:00;0.856750;0.856910;0.855590;0.855990;8032;0;12;0.856110
2026.07.02 17:00:00;0.856010;0.856280;0.855490;0.855490;6956;0;13;0.855620
2026.07.02 18:00:00;0.855490;0.856690;0.855430;0.856640;5414;0;13;0.856770
2026.07.02 19:00:00;0.856640;0.856690;0.856250;0.856490;4191;0;13;0.856620
2026.07.02 20:00:00;0.856490;0.856780;0.856350;0.856730;3302;0;14;0.856870
2026.07.02 21:00:00;0.856730;0.856750;0.856380;0.856430;2760;0;14;0.856570
2026.07.02 22:00:00;0.856430;0.856530;0.856280;0.856430;2519;0;14;0.856570
2026.07.02 23:00:00;0.856440;0.856580;0.856390;0.856400;1578;0;14;0.856540
2026.07.03 00:00:00;0.856370;0.856690;0.855680;0.856330;1539;0;22;0.856550
2026.07.03 01:00:00;0.856350;0.856650;0.856260;0.856350;1013;0;15;0.856500
2026.07.03 02:00:00;0.856350;0.856380;0.856070;0.856290;1389;0;15;0.856440
2026.07.03 03:00:00;0.856300;0.856430;0.856210;0.856270;3288;0;14;0.856410
2026.07.03 04:00:00;0.856270;0.856430;0.856190;0.856240;4078;0;13;0.856370
2026.07.03 05:00:00;0.856240;0.856280;0.856070;0.856110;2370;0;15;0.856260
2026.07.03 06:00:00;0.856110;0.856310;0.856080;0.856200;1954;0;15;0.856350
2026.07.03 07:00:00;0.856200;0.856340;0.856150;0.856330;1324;0;15;0.856480
2026.07.03 08:00:00;0.856330;0.856680;0.856120;0.856490;2189;0;15;0.856640
2026.07.03 09:00:00;0.856490;0.856770;0.856420;0.856730;3094;0;14;0.856870
2026.07.03 10:00:00;0.856740;0.856950;0.856460;0.856520;2958;0;15;0.856670
2026.07.03 11:00:00;0.856510;0.857220;0.856460;0.857150;2421;0;12;0.857270
2026.07.03 12:00:00;0.857140;0.857180;0.856690;0.856840;2271;0;14;0.856980
2026.07.03 13:00:00;0.856840;0.857080;0.856830;0.856980;1687;0;13;0.857110
2026.07.03 14:00:00;0.856980;0.857340;0.856950;0.857080;2726;0;14;0.857220
2026.07.03 15:00:00;0.857080;0.857210;0.856870;0.856980;2999;0;12;0.857100
2026.07.03 16:00:00;0.856980;0.857240;0.856760;0.856910;2562;0;14;0.857050
2026.07.03 17:00:00;0.856900;0.857140;0.856500;0.856540;2823;0;15;0.856690
2026.07.03 18:00:00;0.856540;0.856810;0.856200;0.856260;1900;0;13;0.856390
2026.07.03 19:00:00;0.856260;0.856600;0.856240;0.856340;1353;0;12;0.856460
2026.07.03 20:00:00;0.856340;0.856620;0.856260;0.856460;2127;0;14;0.856600
2026.07.03 21:00:00;0.856460;0.856520;0.856290;0.856360;1754;0;12;0.856480
2026.07.03 22:00:00;0.856360;0.856590;0.856240;0.856370;5603;0;12;0.856490
2026.07.03 23:00:00;0.856370;0.856780;0.856030;0.856030;6231;0;12;0.856150
2026.07.06 00:00:00;0.856120;0.856580;0.855890;0.856450;1271;0;36;0.856810
2026.07.06 01:00:00;0.856450;0.856710;0.856250;0.856660;1240;0;12;0.856780
2026.07.06 02:00:00;0.856660;0.856700;0.856390;0.856430;1226;0;14;0.856570
2026.07.06 03:00:00;0.856430;0.856680;0.856410;0.856520;3047;0;13;0.856650
2026.07.06 04:00:00;0.856530;0.856700;0.856430;0.856660;3070;0;15;0.856810
2026.07.06 05:00:00;0.856660;0.856720;0.856540;0.856620;2181;0;15;0.856770
2026.07.06 06:00:00;0.856610;0.856760;0.856580;0.856710;2043;0;14;0.856850
2026.07.06 07:00:00;0.856720;0.856820;0.856600;0.856750;1576;0;15;0.856900
2026.07.06 08:00:00;0.856750;0.856790;0.856480;0.856490;2351;0;14;0.856630
2026.07.06 09:00:00;0.856500;0.856740;0.856350;0.856570;2921;0;13;0.856700
2026.07.06 10:00:00;0.856570;0.856610;0.855860;0.855900;3958;0;13;0.856030
2026.07.06 11:00:00;0.855900;0.856280;0.855710;0.856180;2838;0;12;0.856300
2026.07.06 12:00:00;0.856180;0.856420;0.855760;0.855800;2758;0;14;0.855940
2026.07.06 13:00:00;0.855800;0.856050;0.855490;0.855890;2658;0;14;0.856030
2026.07.06 14:00:00;0.855890;0.856030;0.855170;0.855340;2833;0;13;0.855470
2026.07.06 15:00:00;0.855350;0.855740;0.855060;0.855320;2938;0;12;0.855440
2026.07.06 16:00:00;0.855320;0.855420;0.854920;0.855030;3915;0;13;0.855160
2026.07.06 17:00:00;0.855020;0.855110;0.854460;0.854730;4104;0;14;0.854870
2026.07.06 18:00:00;0.854730;0.854950;0.854550;0.854600;3162;0;13;0.854730
2026.07.06 19:00:00;0.854610;0.854890;0.854420;0.854490;2996;0;13;0.854620
2026.07.06 20:00:00;0.854490;0.854740;0.854470;0.854510;2223;0;15;0.854660
2026.07.06 21:00:00;0.854510;0.854610;0.854180;0.854210;1809;0;14;0.854350
2026.07.06 22:00:00;0.854210;0.854330;0.854000;0.854230;2066;0;13;0.854360
2026.07.06 23:00:00;0.854230;0.854390;0.854180;0.854180;1185;0;15;0.854330
2026.07.07 00:00:00;0.854180;0.854660;0.853820;0.854600;1463;0;15;0.854750
2026.07.07 01:00:00;0.854610;0.854610;0.854160;0.854250;760;0;14;0.854390
2026.07.07 02:00:00;0.854250;0.854270;0.854030;0.854120;964;0;15;0.854270
2026.07.07 03:00:00;0.854120;0.854350;0.853990;0.854300;2424;0;15;0.854450
2026.07.07 04:00:00;0.854300;0.854310;0.853980;0.854150;2595;0;15;0.854300
2026.07.07 05:00:00;0.854150;0.854250;0.854020;0.854160;1557;0;14;0.854300
2026.07.07 06:00:00;0.854160;0.854200;0.853960;0.854040;1424;0;14;0.854180
2026.07.07 07:00:00;0.854040;0.854100;0.853940;0.854010;1706;0;14;0.854150
2026.07.07 08:00:00;0.854010;0.854230;0.853920;0.854020;2224;0;14;0.854160
2026.07.07 09:00:00;0.854020;0.854250;0.853870;0.854120;2201;0;14;0.854260
2026.07.07 10:00:00;0.854130;0.854340;0.853790;0.853970;2774;0;14;0.854110
2026.07.07 11:00:00;0.853970;0.854070;0.853200;0.853270;3054;0;12;0.853390
2026.07.07 12:00:00;0.853270;0.853800;0.853230;0.853800;2452;0;13;0.853930
2026.07.07 13:00:00;0.853800;0.854390;0.853760;0.854130;2297;0;14;0.854270
2026.07.07 14:00:00;0.854130;0.854220;0.853500;0.853830;2833;0;14;0.853970
2026.07.07 15:00:00;0.853830;0.854610;0.853780;0.854320;2921;0;14;0.854460
2026.07.07 16:00:00;0.854320;0.855380;0.854160;0.855230;4013;0;12;0.855350
2026.07.07 17:00:00;0.855230;0.855230;0.854250;0.854450;4546;0;13;0.854580
2026.07.07 18:00:00;0.854450;0.854650;0.854100;0.854250;3728;0;13;0.854380
2026.07.07 19:00:00;0.854250;0.854380;0.854040;0.854250;2548;0;13;0.854380
2026.07.07 20:00:00;0.854250;0.854430;0.854180;0.854400;2161;0;14;0.854540
2026.07.07 21:00:00;0.854400;0.854590;0.854330;0.854370;2345;0;14;0.854510
2026.07.07 22:00:00;0.854380;0.854600;0.854260;0.854350;3707;0;13;0.854480
2026.07.07 23:00:00;0.854360;0.854370;0.854070;0.854120;1270;0;14;0.854260
2026.07.08 00:00:00;0.854120;0.854580;0.853460;0.853910;1352;0;27;0.854180
2026.07.08 01:00:00;0.853910;0.854330;0.853910;0.854210;769;0;12;0.854330
2026.07.08 02:00:00;0.854200;0.854200;0.854010;0.854170;1006;0;13;0.854300
2026.07.08 03:00:00;0.854180;0.854510;0.854120;0.854260;2951;0;14;0.854400
2026.07.08 04:00:00;0.854250;0.854320;0.854110;0.854290;3515;0;14;0.854430
2026.07.08 05:00:00;0.854290;0.854560;0.854210;0.854520;2675;0;13;0.854650
2026.07.08 06:00:00;0.854520;0.854630;0.854440;0.854630;2083;0;12;0.854750
2026.07.08 07:00:00;0.854630;0.854760;0.854580;0.854710;1611;0;13;0.854840
2026.07.08 08:00:00;0.854710;0.854940;0.854620;0.854890;1942;0;12;0.855010
2026.07.08 09:00:00;0.854890;0.854890;0.854450;0.854540;4120;0;13;0.854670
2026.07.08 10:00:00;0.854540;0.855000;0.854510;0.854790;3540;0;13;0.854920
2026.07.08 11:00:00;0.854790;0.855440;0.854330;0.855270;6133;0;12;0.855390
2026.07.08 12:00:00;0.855270;0.855380;0.854600;0.854690;5112;0;13;0.854820
2026.07.08 13:00:00;0.854690;0.854800;0.854390;0.854740;3527;0;14;0.854880
2026.07.08 14:00:00;0.854740;0.855090;0.854380;0.854640;3593;0;13;0.854770
2026.07.08 15:00:00;0.854640;0.854650;0.853800;0.854120;3972;0;12;0.854240
2026.07.08 16:00:00;0.854120;0.854180;0.852990;0.853240;5391;0;14;0.853380
2026.07.08 17:00:00;0.853240;0.853310;0.852960;0.852990;5371;0;13;0.853120
2026.07.08 18:00:00;0.852980;0.853440;0.852520;0.852820;4728;0;14;0.852960
2026.07.08 19:00:00;0.852820;0.852960;0.852470;0.852680;3796;0;12;0.852800
2026.07.08 20:00:00;0.852680;0.852760;0.851850;0.852420;3613;0;12;0.852540
2026.07.08 21:00:00;0.852440;0.852640;0.852180;0.852570;3319;0;12;0.852690
2026.07.08 22:00:00;0.852570;0.852640;0.852400;0.852560;2312;0;13;0.852690
2026.07.08 23:00:00;0.852560;0.852770;0.852420;0.852570;1949;0;13;0.852700
2026.07.09 00:00:00;0.852570;0.852850;0.852180;0.852300;995;0;12;0.852420
2026.07.09 01:00:00;0.852310;0.852670;0.852310;0.852620;894;0;15;0.852770
2026.07.09 02:00:00;0.852620;0.852690;0.852560;0.852650;1086;0;15;0.852800
2026.07.09 03:00:00;0.852650;0.852800;0.852550;0.852710;2563;0;14;0.852850
2026.07.09 04:00:00;0.852710;0.853000;0.852700;0.852770;2674;0;12;0.852890
2026.07.09 05:00:00;0.852770;0.852880;0.852650;0.852840;2206;0;14;0.852980
2026.07.09 06:00:00;0.852840;0.853010;0.852800;0.852910;2150;0;15;0.853060
2026.07.09 07:00:00;0.852920;0.852940;0.852670;0.852730;1656;0;15;0.852880
2026.07.09 08:00:00;0.852730;0.852800;0.852620;0.852670;2282;0;14;0.852810
2026.07.09 09:00:00;0.852670;0.852790;0.852160;0.852170;3058;0;14;0.852310
2026.07.09 10:00:00;0.852170;0.852390;0.851730;0.852350;3096;0;14;0.852490
2026.07.09 11:00:00;0.852350;0.852390;0.851790;0.851860;2895;0;12;0.851980
2026.07.09 12:00:00;0.851860;0.852180;0.851720;0.852150;2351;0;13;0.852280
2026.07.09 13:00:00;0.852150;0.852680;0.852130;0.852660;2379;0;13;0.852790
2026.07.09 14:00:00;0.852660;0.853620;0.852660;0.853590;2729;0;14;0.853730
2026.07.09 15:00:00;0.853580;0.853760;0.853110;0.853490;3325;0;13;0.853620
2026.07.09 16:00:00;0.853500;0.853670;0.853220;0.853500;3538;0;13;0.853630
2026.07.09 17:00:00;0.853500;0.854010;0.853320;0.853680;4575;0;13;0.853810
2026.07.09 18:00:00;0.853680;0.853760;0.853030;0.853110;3781;0;12;0.853230
2026.07.09 19:00:00;0.853110;0.853200;0.852740;0.852790;2397;0;14;0.852930
2026.07.09 20:00:00;0.852790;0.852860;0.852430;0.852430;1988;0;14;0.852570
2026.07.09 21:00:00;0.852430;0.852440;0.852050;0.852160;1984;0;13;0.852290
2026.07.09 22:00:00;0.852160;0.852400;0.852020;0.852240;2045;0;14;0.852380
2026.07.09 23:00:00;0.852240;0.852360;0.852110;0.852340;1303;0;13;0.852470
2026.07.10 00:00:00;0.852340;0.852730;0.852080;0.852550;1491;0;15;0.852700
2026.07.10 01:00:00;0.852530;0.852530;0.852290;0.852380;782;0;14;0.852520
2026.07.10 02:00:00;0.852380;0.852410;0.852250;0.852250;797;0;15;0.852400
2026.07.10 03:00:00;0.852250;0.852480;0.852170;0.852210;2213;0;15;0.852360
2026.07.10 04:00:00;0.852210;0.852260;0.851900;0.851980;3318;0;14;0.852120
2026.07.10 05:00:00;0.851980;0.852120;0.851750;0.851910;3194;0;13;0.852040
2026.07.10 06:00:00;0.851910;0.852000;0.851790;0.851840;1973;0;15;0.851990
2026.07.10 07:00:00;0.851840;0.851960;0.851830;0.851910;1553;0;15;0.852060
2026.07.10 08:00:00;0.851910;0.852020;0.851730;0.851870;1845;0;15;0.852020
2026.07.10 09:00:00;0.851870;0.852120;0.851610;0.852100;2809;0;13;0.852230
2026.07.10 10:00:00;0.852100;0.852120;0.851680;0.852070;2962;0;14;0.852210
2026.07.10 11:00:00;0.852080;0.852490;0.852020;0.852320;3220;0;13;0.852450
2026.07.10 12:00:00;0.852310;0.852410;0.851960;0.852070;2585;0;13;0.852200
2026.07.10 13:00:00;0.852060;0.852070;0.850780;0.851050;3157;0;13;0.851180
2026.07.10 14:00:00;0.851050;0.851590;0.850830;0.851310;2819;0;13;0.851440
2026.07.10 15:00:00;0.851320;0.851610;0.851200;0.851500;3793;0;12;0.851620
2026.07.10 16:00:00;0.851500;0.851920;0.851320;0.851810;3275;0;14;0.851950
2026.07.10 17:00:00;0.851810;0.852130;0.851550;0.851710;4611;0;12;0.851830
2026.07.10 18:00:00;0.851710;0.852250;0.851670;0.852150;4097;0;13;0.852280
2026.07.10 19:00:00;0.852150;0.852400;0.852050;0.852150;3054;0;13;0.852280
2026.07.10 20:00:00;0.852150;0.852340;0.851920;0.851970;2205;0;13;0.852100
2026.07.10 21:00:00;0.851960;0.852090;0.851810;0.851970;2761;0;14;0.852110
2026.07.10 22:00:00;0.851970;0.852070;0.851870;0.851930;2002;0;15;0.852080
2026.07.10 23:00:00;0.851930;0.852020;0.851640;0.851640;2261;0;12;0.851760
2026.07.13 00:00:00;0.851300;0.851830;0.851300;0.851550;309;0;31;0.851860
2026.07.13 01:00:00;0.851550;0.852050;0.851400;0.851840;2458;0;12;0.851960
2026.07.13 02:00:00;0.851840;0.852080;0.851790;0.851840;1889;0;15;0.851990
2026.07.13 03:00:00;0.851830;0.851920;0.851710;0.851830;4207;0;14;0.851970
2026.07.13 04:00:00;0.851830;0.851940;0.851440;0.851530;4796;0;14;0.851670
2026.07.13 05:00:00;0.851540;0.851770;0.851520;0.851700;3262;0;14;0.851840
2026.07.13 06:00:00;0.851710;0.851960;0.851700;0.851940;2530;0;15;0.852090
2026.07.13 07:00:00;0.851940;0.852050;0.851900;0.851960;1775;0;15;0.852110
2026.07.13 08:00:00;0.851960;0.852150;0.851790;0.851840;3506;0;14;0.851980
2026.07.13 09:00:00;0.851850;0.852440;0.851560;0.852110;3834;0;14;0.852250
2026.07.13 10:00:00;0.852110;0.853250;0.851900;0.852960;5211;0;13;0.853090
2026.07.13 11:00:00;0.852930;0.853790;0.852890;0.853690;4482;0;13;0.853820
2026.07.13 12:00:00;0.853690;0.853840;0.853380;0.853580;3235;0;12;0.853700
2026.07.13 13:00:00;0.853580;0.854020;0.853380;0.853380;3379;0;12;0.853500
2026.07.13 14:00:00;0.853380;0.853500;0.852960;0.853120;3467;0;14;0.853260
2026.07.13 15:00:00;0.853120;0.853320;0.852880;0.853030;3708;0;13;0.853160
2026.07.13 16:00:00;0.853030;0.853180;0.852560;0.852680;4177;0;14;0.852820
2026.07.13 17:00:00;0.852680;0.853110;0.852410;0.852480;5680;0;12;0.852600
2026.07.13 18:00:00;0.852480;0.852540;0.851860;0.852040;3845;0;13;0.852170
2026.07.13 19:00:00;0.852040;0.852210;0.851720;0.852160;4463;0;14;0.852300
2026.07.13 20:00:00;0.852160;0.852350;0.852050;0.852290;3495;0;14;0.852430
2026.07.13 21:00:00;0.852290;0.852500;0.852210;0.852240;2891;0;14;0.852380
2026.07.13 22:00:00;0.852240;0.852470;0.852200;0.852370;2560;0;14;0.852510
2026.07.13 23:00:00;0.852380;0.852720;0.852330;0.852520;2035;0;13;0.852650
2026.07.14 00:00:00;0.852520;0.852780;0.852020;0.852500;1361;0;29;0.852790
2026.07.14 01:00:00;0.852570;0.852760;0.852490;0.852520;1142;0;14;0.852660
2026.07.14 02:00:00;0.852520;0.852710;0.852480;0.852600;1684;0;15;0.852750
2026.07.14 03:00:00;0.852590;0.852780;0.852530;0.852590;4965;0;13;0.852720
2026.07.14 04:00:00;0.852590;0.852740;0.852540;0.852710;4293;0;15;0.852860
2026.07.14 05:00:00;0.852710;0.852850;0.852610;0.852720;3075;0;12;0.852840
2026.07.14 06:00:00;0.852720;0.852780;0.852620;0.852700;2700;0;15;0.852850
2026.07.14 07:00:00;0.852700;0.852720;0.852460;0.852560;2448;0;14;0.852700
2026.07.14 08:00:00;0.852560;0.852620;0.852190;0.852410;2827;0;14;0.852550
2026.07.14 09:00:00;0.852400;0.852710;0.852220;0.852410;3250;0;12;0.852530
2026.07.14 10:00:00;0.852410;0.853060;0.852310;0.853060;3947;0;12;0.853180
2026.07.14 11:00:00;0.853060;0.853250;0.852210;0.852250;3831;0;13;0.852380
2026.07.14 12:00:00;0.852250;0.852350;0.851760;0.852050;3401;0;13;0.852180
2026.07.14 13:00:00;0.852040;0.852110;0.851690;0.851780;3275;0;13;0.851910
2026.07.14 14:00:00;0.851780;0.852240;0.851750;0.852150;3228;0;13;0.852280
2026.07.14 15:00:00;0.852150;0.853710;0.852020;0.853510;8240;0;12;0.853630
2026.07.14 16:00:00;0.853520;0.854380;0.853310;0.853490;7604;0;12;0.853610
2026.07.14 17:00:00;0.853500;0.854070;0.853320;0.853720;6553;0;12;0.853840
2026.07.14 18:00:00;0.853720;0.854280;0.853670;0.853790;6014;0;12;0.853910
2026.07.14 19:00:00;0.853790;0.854050;0.853660;0.853730;4423;0;13;0.853860
2026.07.14 20:00:00;0.853730;0.854170;0.853700;0.853850;3654;0;13;0.853980
2026.07.14 21:00:00;0.853850;0.853930;0.853430;0.853560;3746;0;13;0.853690
2026.07.14 22:00:00;0.853560;0.853620;0.852900;0.852940;3677;0;14;0.853080
2026.07.14 23:00:00;0.852950;0.853030;0.852570;0.852570;2574;0;13;0.852700
2026.07.15 00:00:00;0.852570;0.853420;0.852540;0.852640;534;0;12;0.852760
2026.07.15 01:00:00;0.852640;0.852940;0.852510;0.852790;1339;0;12;0.852910
2026.07.15 02:00:00;0.852790;0.852800;0.852680;0.852700;1454;0;15;0.852850
2026.07.15 03:00:00;0.852700;0.853050;0.852690;0.852920;2440;0;15;0.853070
2026.07.15 04:00:00;0.852920;0.853240;0.852910;0.853170;3113;0;15;0.853320
2026.07.15 05:00:00;0.853170;0.853320;0.853110;0.853290;1945;0;14;0.853430
2026.07.15 06:00:00;0.853280;0.853320;0.853180;0.853250;2018;0;14;0.853390
2026.07.15 07:00:00;0.853250;0.853360;0.853210;0.853250;1432;0;14;0.853390
2026.07.15 08:00:00;0.853250;0.853290;0.852900;0.853000;1989;0;14;0.853140
2026.07.15 09:00:00;0.853000;0.853030;0.851610;0.851840;3833;0;12;0.851960
2026.07.15 10:00:00;0.851840;0.852330;0.851710;0.852270;4148;0;12;0.852390
2026.07.15 11:00:00;0.852280;0.852910;0.852230;0.852710;2724;0;12;0.852830
2026.07.15 12:00:00;0.852710;0.852870;0.852400;0.852540;2722;0;13;0.852670
2026.07.15 13:00:00;0.852540;0.852840;0.851640;0.851870;3136;0;13;0.852000
2026.07.15 14:00:00;0.851870;0.852100;0.850580;0.850890;3555;0;12;0.851010
2026.07.15 15:00:00;0.850880;0.851440;0.850630;0.850970;4630;0;12;0.851090
2026.07.15 16:00:00;0.850970;0.851160;0.850110;0.850280;5082;0;13;0.850410
2026.07.15 17:00:00;0.850280;0.850510;0.848050;0.848450;5678;0;12;0.848570
2026.07.15 18:00:00;0.848450;0.848820;0.846990;0.847260;4913;0;12;0.847380
2026.07.15 19:00:00;0.847260;0.847270;0.845580;0.845840;5040;0;12;0.845960
2026.07.15 20:00:00;0.845840;0.846940;0.845390;0.846810;4631;0;12;0.846930
2026.07.15 21:00:00;0.846810;0.847130;0.846400;0.847020;3660;0;12;0.847140
2026.07.15 22:00:00;0.847020;0.847470;0.846830;0.846910;4449;0;12;0.847030
2026.07.15 23:00:00;0.846910;0.846920;0.846350;0.846350;2232;0;13;0.846480
2026.07.16 00:00:00;0.846330;0.846950;0.846330;0.846620;1127;0;30;0.846920
2026.07.16 01:00:00;0.846610;0.846940;0.846610;0.846940;1136;0;12;0.847060
2026.07.16 02:00:00;0.846940;0.847090;0.846850;0.847080;841;0;14;0.847220
2026.07.16 03:00:00;0.847090;0.847880;0.847040;0.847690;3136;0;13;0.847820
2026.07.16 04:00:00;0.847690;0.847740;0.847480;0.847530;3415;0;14;0.847670
2026.07.16 05:00:00;0.847530;0.847670;0.847410;0.847460;2085;0;12;0.847580
2026.07.16 06:00:00;0.847460;0.847470;0.847040;0.847230;1858;0;14;0.847370
2026.07.16 07:00:00;0.847230;0.847240;0.846960;0.847230;1552;0;14;0.847370
2026.07.16 08:00:00;0.847230;0.847290;0.846840;0.847200;2095;0;15;0.847350
2026.07.16 09:00:00;0.847200;0.847330;0.846840;0.846920;3201;0;13;0.847050
2026.07.16 10:00:00;0.846920;0.847670;0.846820;0.847390;3102;0;13;0.847520
2026.07.16 11:00:00;0.847390;0.847990;0.847390;0.847930;3125;0;13;0.848060
2026.07.16 12:00:00;0.847930;0.848820;0.847730;0.848790;2668;0;14;0.848930
2026.07.16 13:00:00;0.848790;0.848980;0.848540;0.848550;2110;0;14;0.848690
2026.07.16 14:00:00;0.848550;0.849190;0.848520;0.849020;3149;0;12;0.849140
2026.07.16 15:00:00;0.849020;0.849060;0.847980;0.848030;4318;0;13;0.848160
2026.07.16 16:00:00;0.848030;0.848160;0.847340;0.847520;4816;0;13;0.847650
2026.07.16 17:00:00;0.847520;0.848340;0.847270;0.848290;4385;0;13;0.848420
2026.07.16 18:00:00;0.848290;0.848990;0.848040;0.848900;3867;0;13;0.849030
2026.07.16 19:00:00;0.848910;0.849170;0.848840;0.849080;2981;0;13;0.849210
2026.07.16 20:00:00;0.849080;0.849240;0.848900;0.848970;1904;0;14;0.849110
2026.07.16 21:00:00;0.848970;0.849240;0.848950;0.849060;1964;0;14;0.849200
2026.07.16 22:00:00;0.849060;0.849140;0.848910;0.848930;1816;0;14;0.849070
2026.07.16 23:00:00;0.848930;0.848990;0.848740;0.848760;1251;0;15;0.848910
2026.07.17 00:00:00;0.848720;0.849020;0.848560;0.848880;529;0;36;0.849240
2026.07.17 01:00:00;0.848860;0.849210;0.848860;0.849180;618;0;15;0.849330
2026.07.17 02:00:00;0.849180;0.849230;0.849070;0.849070;1023;0;15;0.849220
2026.07.17 03:00:00;0.849070;0.849340;0.849070;0.849240;2255;0;15;0.849390
2026.07.17 04:00:00;0.849250;0.849450;0.849080;0.849400;2798;0;15;0.849550
2026.07.17 05:00:00;0.849400;0.849430;0.849330;0.849400;1894;0;15;0.849550
2026.07.17 06:00:00;0.849400;0.849450;0.849230;0.849450;1940;0;15;0.849600
2026.07.17 07:00:00;0.849450;0.849670;0.849390;0.849600;1679;0;15;0.849750
2026.07.17 08:00:00;0.849600;0.849750;0.849540;0.849630;2035;0;14;0.849770
2026.07.17 09:00:00;0.849630;0.849910;0.849610;0.849670;2764;0;13;0.849800
2026.07.17 10:00:00;0.849670;0.850430;0.849410;0.850370;2899;0;12;0.850490
2026.07.17 11:00:00;0.850370;0.851080;0.850100;0.850990;3360;0;13;0.851120
2026.07.17 12:00:00;0.850990;0.851350;0.850830;0.850940;2678;0;12;0.851060
2026.07.17 13:00:00;0.850940;0.851150;0.850620;0.850640;2808;0;14;0.850780
2026.07.17 14:00:00;0.850640;0.850800;0.850300;0.850480;2770;0;12;0.850600
2026.07.17 15:00:00;0.850480;0.851110;0.850430;0.850810;3209;0;14;0.850950
2026.07.17 16:00:00;0.850810;0.850940;0.850020;0.850100;4621;0;13;0.850230
2026.07.17 17:00:00;0.850100;0.850880;0.849940;0.850770;4408;0;13;0.850900
2026.07.17 18:00:00;0.850760;0.850880;0.850310;0.850800;3674;0;13;0.850930
2026.07.17 19:00:00;0.850800;0.850850;0.849950;0.849990;2985;0;13;0.850120
2026.07.17 20:00:00;0.849980;0.849980;0.849580;0.849850;1743;0;13;0.849980
2026.07.17 21:00:00;0.849850;0.849980;0.849820;0.849870;1578;0;14;0.850010
2026.07.17 22:00:00;0.849860;0.850040;0.849830;0.850000;2167;0;14;0.850140
2026.07.17 23:00:00;0.850000;0.850160;0.849890;0.849980;1535;0;13;0.850110
2026.07.20 00:00:00;0.849570;0.850060;0.849370;0.850010;1049;0;59;0.850600
2026.07.20 01:00:00;0.849940;0.850190;0.849810;0.849830;1923;0;12;0.849950
2026.07.20 02:00:00;0.849830;0.849910;0.849750;0.849850;1356;0;15;0.850000
2026.07.20 03:00:00;0.849850;0.850020;0.849790;0.849950;2626;0;15;0.850100
2026.07.20 04:00:00;0.849940;0.849980;0.849830;0.849930;2903;0;15;0.850080
2026.07.20 05:00:00;0.849930;0.849990;0.849700;0.849980;2206;0;15;0.850130
2026.07.20 06:00:00;0.849980;0.850030;0.849870;0.849930;1164;0;15;0.850080
2026.07.20 07:00:00;0.849930;0.849940;0.849690;0.849770;1001;0;14;0.849910
2026.07.20 08:00:00;0.849770;0.849810;0.849410;0.849430;1426;0;14;0.849570
2026.07.20 09:00:00;0.849430;0.849670;0.849330;0.849570;2353;0;13;0.849700
2026.07.20 10:00:00;0.849570;0.849600;0.849030;0.849120;3117;0;13;0.849250
2026.07.20 11:00:00;0.849120;0.849420;0.849000;0.849160;2185;0;13;0.849290
2026.07.20 12:00:00;0.849160;0.849460;0.848710;0.848900;2211;0;13;0.849030
2026.07.20 13:00:00;0.848900;0.849120;0.848540;0.848650;2250;0;14;0.848790
2026.07.20 14:00:00;0.848650;0.849120;0.848520;0.848870;3621;0;13;0.849000
2026.07.20 15:00:00;0.848870;0.849170;0.848530;0.848960;3505;0;13;0.849090
2026.07.20 16:00:00;0.848960;0.848980;0.848370;0.848470;3315;0;13;0.848600
2026.07.20 17:00:00;0.848470;0.848850;0.848230;0.848660;3751;0;12;0.848780
2026.07.20 18:00:00;0.848650;0.850460;0.848650;0.850350;4002;0;12;0.850470
2026.07.20 19:00:00;0.850350;0.850720;0.850220;0.850240;2874;0;12;0.850360
2026.07.20 20:00:00;0.850230;0.850310;0.849590;0.849710;2235;0;12;0.849830
2026.07.20 21:00:00;0.849720;0.849750;0.849520;0.849530;2765;0;14;0.849670
2026.07.20 22:00:00;0.849520;0.849700;0.849410;0.849590;2738;0;14;0.849730
2026.07.20 23:00:00;0.849590;0.849830;0.849530;0.849710;1316;0;14;0.849850
2026.07.21 00:00:00;0.849630;0.849980;0.849290;0.849800;476;0;28;0.850080
2026.07.21 01:00:00;0.849840;0.850080;0.849750;0.849970;1173;0;13;0.850100
2026.07.21 02:00:00;0.849970;0.849980;0.849750;0.849840;741;0;15;0.849990
2026.07.21 03:00:00;0.849840;0.849950;0.849560;0.849640;2152;0;15;0.849790
2026.07.21 04:00:00;0.849650;0.849700;0.849460;0.849540;2249;0;15;0.849690
2026.07.21 05:00:00;0.849540;0.849560;0.849390;0.849490;1478;0;14;0.849630
2026.07.21 06:00:00;0.849490;0.849530;0.849240;0.849270;1508;0;14;0.849410
2026.07.21 07:00:00;0.849270;0.849480;0.849260;0.849430;1254;0;14;0.849570
2026.07.21 08:00:00;0.849430;0.849490;0.849200;0.849200;1811;0;15;0.849350
2026.07.21 09:00:00;0.849240;0.849320;0.848970;0.849220;2733;0;13;0.849350
2026.07.21 10:00:00;0.849220;0.850030;0.849020;0.849800;2564;0;13;0.849930
2026.07.21 11:00:00;0.849800;0.850400;0.849450;0.850360;2459;0;13;0.850490
2026.07.21 12:00:00;0.850360;0.850760;0.850330;0.850610;2010;0;13;0.850740
2026.07.21 13:00:00;0.850610;0.851360;0.850400;0.851090;2365;0;12;0.851210
2026.07.21 14:00:00;0.851090;0.851890;0.850920;0.851750;2184;0;12;0.851870
2026.07.21 15:00:00;0.851750;0.852940;0.851710;0.852650;3495;0;13;0.852780
2026.07.21 16:00:00;0.852650;0.853770;0.852160;0.852690;4699;0;12;0.852810
2026.07.21 17:00:00;0.852680;0.853230;0.852070;0.852920;4320;0;12;0.853040
2026.07.21 18:00:00;0.852920;0.852990;0.852570;0.852930;3726;0;12;0.853050
2026.07.21 19:00:00;0.852930;0.853210;0.852300;0.852380;1813;0;14;0.852520
2026.07.21 20:00:00;0.852380;0.852470;0.852040;0.852140;1626;0;13;0.852270
2026.07.21 21:00:00;0.852140;0.852330;0.852030;0.852070;2448;0;14;0.852210
2026.07.21 22:00:00;0.852070;0.852090;0.851830;0.852010;1546;0;15;0.852160
2026.07.21 23:00:00;0.852010;0.852160;0.851980;0.852040;1436;0;13;0.852170
2026.07.22 00:00:00;0.852010;0.852440;0.851820;0.851920;1758;0;26;0.852180
2026.07.22 01:00:00;0.851930;0.852260;0.851930;0.852250;749;0;14;0.852390
2026.07.22 02:00:00;0.852250;0.852290;0.852170;0.852190;579;0;16;0.852350
2026.07.22 03:00:00;0.852170;0.852200;0.851830;0.851890;2415;0;15;0.852040
2026.07.22 04:00:00;0.851890;0.851990;0.851830;0.851940;2666;0;14;0.852080
2026.07.22 05:00:00;0.851940;0.852120;0.851920;0.851990;1713;0;15;0.852140
2026.07.22 06:00:00;0.851990;0.852290;0.851990;0.852290;1588;0;15;0.852440
2026.07.22 07:00:00;0.852290;0.852330;0.852210;0.852320;1050;0;15;0.852470
2026.07.22 08:00:00;0.852310;0.852560;0.852170;0.852450;1935;0;14;0.852590
2026.07.22 09:00:00;0.852460;0.853280;0.852210;0.852850;3210;0;14;0.852990
2026.07.22 10:00:00;0.852840;0.852930;0.852270;0.852470;3219;0;13;0.852600
2026.07.22 11:00:00;0.852480;0.853130;0.852440;0.853080;2743;0;13;0.853210
2026.07.22 12:00:00;0.853080;0.853430;0.852970;0.852990;2410;0;14;0.853130
2026.07.22 13:00:00;0.852990;0.853260;0.852630;0.852920;2484;0;14;0.853060
2026.07.22 14:00:00;0.852910;0.853270;0.852680;0.853260;2794;0;14;0.853400
2026.07.22 15:00:00;0.853260;0.853920;0.853180;0.853840;3111;0;12;0.853960
2026.07.22 16:00:00;0.853840;0.853840;0.852450;0.852500;3448;0;13;0.852630
2026.07.22 17:00:00;0.852500;0.853080;0.852410;0.852990;3659;0;13;0.853120
2026.07.22 18:00:00;0.852990;0.853220;0.852780;0.853190;2899;0;12;0.853310
2026.07.22 19:00:00;0.853190;0.853460;0.853020;0.853050;2201;0;14;0.853190
2026.07.22 20:00:00;0.853060;0.853400;0.853040;0.853220;1599;0;14;0.853360
2026.07.22 21:00:00;0.853220;0.853270;0.852950;0.853140;1573;0;14;0.853280
2026.07.22 22:00:00;0.853140;0.853310;0.853120;0.853170;1256;0;15;0.853320
2026.07.22 23:00:00;0.853170;0.853180;0.853000;0.853000;1728;0;13;0.853130
2026.07.23 00:00:00;0.852970;0.852970;0.852410;0.852820;574;0;17;0.852990
2026.07.23 01:00:00;0.852780;0.853240;0.852780;0.853140;1016;0;13;0.853270
2026.07.23 02:00:00;0.853140;0.853170;0.853050;0.853090;888;0;15;0.853240
2026.07.23 03:00:00;0.853080;0.853230;0.853070;0.853120;2302;0;15;0.853270
2026.07.23 04:00:00;0.853120;0.853230;0.852980;0.853050;3257;0;15;0.853200
2026.07.23 05:00:00;0.853050;0.853450;0.852910;0.853380;1747;0;15;0.853530
2026.07.23 06:00:00;0.853380;0.853600;0.853340;0.853550;1613;0;15;0.853700
2026.07.23 07:00:00;0.853550;0.853960;0.853520;0.853930;1607;0;15;0.854080
2026.07.23 08:00:00;0.853930;0.854060;0.853710;0.853780;1479;0;15;0.853930
2026.07.23 09:00:00;0.853780;0.854110;0.853540;0.854020;2402;0;14;0.854160
2026.07.23 10:00:00;0.854020;0.854340;0.853850;0.854180;3278;0;13;0.854310
2026.07.23 11:00:00;0.854180;0.854280;0.853370;0.853450;3294;0;13;0.853580
2026.07.23 12:00:00;0.853460;0.853620;0.853010;0.853400;2665;0;14;0.853540
2026.07.23 13:00:00;0.853410;0.853500;0.852900;0.853050;2839;0;14;0.853190
2026.07.23 14:00:00;0.853050;0.853280;0.852910;0.853100;4165;0;12;0.853220
2026.07.23 15:00:00;0.853100;0.853260;0.852770;0.853200;4770;0;12;0.853320
2026.07.23 16:00:00;0.853200;0.853360;0.852800;0.853160;5669;0;13;0.853290
2026.07.23 17:00:00;0.853160;0.853770;0.852920;0.853630;5411;0;13;0.853760
2026.07.23 18:00:00;0.853630;0.854590;0.853590;0.854340;4816;0;13;0.854470
2026.07.23 19:00:00;0.854340;0.854380;0.853740;0.854030;3783;0;13;0.854160
2026.07.23 20:00:00;0.854030;0.854120;0.853900;0.854010;3632;0;13;0.854140
2026.07.23 21:00:00;0.854010;0.854260;0.853950;0.854200;2931;0;14;0.854340
2026.07.23 22:00:00;0.854210;0.854420;0.854160;0.854250;1893;0;14;0.854390
2026.07.23 23:00:00;0.854250;0.854450;0.854150;0.854150;1362;0;14;0.854290
2026.07.24 00:00:00;0.854020;0.854470;0.853850;0.854050;692;0;18;0.854230
2026.07.24 01:00:00;0.854050;0.854540;0.853990;0.854480;669;0;14;0.854620
2026.07.24 02:00:00;0.854480;0.854570;0.854440;0.854480;1084;0;15;0.854630
2026.07.24 03:00:00;0.854490;0.854500;0.854250;0.854270;3159;0;15;0.854420
2026.07.24 04:00:00;0.854270;0.854560;0.854240;0.854510;3001;0;14;0.854650
2026.07.24 05:00:00;0.854510;0.854760;0.854490;0.854700;2319;0;14;0.854840
2026.07.24 06:00:00;0.854700;0.854810;0.854630;0.854800;1646;0;15;0.854950
2026.07.24 07:00:00;0.854800;0.854910;0.854790;0.854810;1381;0;15;0.854960
2026.07.24 08:00:00;0.854810;0.854880;0.854610;0.854790;1903;0;14;0.854930
2026.07.24 09:00:00;0.854790;0.854860;0.854380;0.854420;2952;0;12;0.854540
2026.07.24 10:00:00;0.854400;0.854590;0.853990;0.854010;3557;0;12;0.854130
2026.07.24 11:00:00;0.854020;0.854480;0.853810;0.854450;3028;0;13;0.854580
2026.07.24 12:00:00;0.854440;0.855150;0.854430;0.855010;2842;0;12;0.855130
2026.07.24 13:00:00;0.855010;0.855340;0.854070;0.854370;2672;0;14;0.854510
2026.07.24 14:00:00;0.854370;0.854430;0.853640;0.853670;2860;0;12;0.853790
2026.07.24 15:00:00;0.853670;0.854280;0.853560;0.854150;3498;0;13;0.854280
2026.07.24 16:00:00;0.854150;0.854200;0.853370;0.853660;3680;0;13;0.853790
2026.07.24 17:00:00;0.853650;0.853820;0.853280;0.853710;4186;0;12;0.853830
2026.07.24 18:00:00;0.853700;0.853790;0.853140;0.853200;4339;0;13;0.853330
2026.07.24 19:00:00;0.853200;0.853450;0.853020;0.853290;2111;0;12;0.853410
2026.07.24 20:00:00;0.853290;0.853400;0.853090;0.853150;2322;0;13;0.853280
2026.07.24 21:00:00;0.853160;0.853190;0.852930;0.853150;1504;0;15;0.853300
2026.07.24 22:00:00;0.853150;0.853460;0.853080;0.853420;2425;0;14;0.853560
2026.07.24 23:00:00;0.853420;0.853580;0.853310;0.853350;1450;0;14;0.853490
2026.07.27 00:00:00;0.853670;0.854210;0.853520;0.853670;251;0;48;0.854150
2026.07.27 01:00:00;0.853770;0.853960;0.853290;0.853490;3085;0;13;0.853620
2026.07.27 02:00:00;0.853490;0.853550;0.853330;0.853400;1168;0;15;0.853550
2026.07.27 03:00:00;0.853400;0.854050;0.853380;0.853910;4333;0;13;0.854040
2026.07.27 04:00:00;0.853910;0.854120;0.853850;0.854040;3422;0;14;0.854180
2026.07.27 05:00:00;0.854040;0.854090;0.853930;0.853950;2564;0;15;0.854100
2026.07.27 06:00:00;0.853950;0.854080;0.853840;0.853930;2470;0;14;0.854070
2026.07.27 07:00:00;0.853930;0.854050;0.853870;0.854050;1913;0;14;0.854190
2026.07.27 08:00:00;0.854050;0.854130;0.853950;0.854130;2328;0;14;0.854270
2026.07.27 09:00:00;0.854130;0.854570;0.854120;0.854480;2796;0;14;0.854620
2026.07.27 10:00:00;0.854500;0.854870;0.854360;0.854550;3586;0;12;0.854670
2026.07.27 11:00:00;0.854560;0.854800;0.854430;0.854790;2680;0;12;0.854910
2026.07.27 12:00:00;0.854790;0.854890;0.854610;0.854790;2448;0;14;0.854930
2026.07.27 13:00:00;0.854790;0.855590;0.854720;0.855490;2530;0;13;0.855620
2026.07.27 14:00:00;0.855490;0.855870;0.855090;0.855160;3218;0;13;0.855290
2026.07.27 15:00:00;0.855160;0.855410;0.854760;0.854920;3139;0;13;0.855050
2026.07.27 16:00:00;0.854920;0.855210;0.854360;0.854440;4489;0;14;0.854580
2026.07.27 17:00:00;0.854440;0.854880;0.854090;0.854800;3899;0;13;0.854930
2026.07.27 18:00:00;0.854800;0.855090;0.854630;0.855070;4178;0;13;0.855200
2026.07.27 19:00:00;0.855070;0.855390;0.854850;0.855320;3440;0;12;0.855440
2026.07.27 20:00:00;0.855320;0.855900;0.855270;0.855540;2694;0;14;0.855680
2026.07.27 21:00:00;0.855540;0.855620;0.855310;0.855430;2625;0;12;0.855550
2026.07.27 22:00:00;0.855420;0.855420;0.855210;0.855310;2073;0;12;0.855430
2026.07.27 23:00:00;0.855310;0.855540;0.855230;0.855230;1165;0;14;0.855370
2026.07.28 00:00:00;0.855160;0.855400;0.854320;0.855160;1775;0;15;0.855310
2026.07.28 01:00:00;0.855160;0.855540;0.855160;0.855480;1194;0;12;0.855600
2026.07.28 02:00:00;0.855480;0.855550;0.855380;0.855390;1087;0;15;0.855540
2026.07.28 03:00:00;0.855390;0.855610;0.855330;0.855570;2653;0;14;0.855710
2026.07.28 04:00:00;0.855560;0.855660;0.855420;0.855550;2660;0;13;0.855680
2026.07.28 05:00:00;0.855550;0.855550;0.855360;0.855450;2714;0;13;0.855580
2026.07.28 06:00:00;0.855450;0.855490;0.855170;0.855260;2952;0;15;0.855410
2026.07.28 07:00:00;0.855270;0.855320;0.855060;0.855080;2031;0;15;0.855230
2026.07.28 08:00:00;0.855080;0.855290;0.854910;0.855260;2596;0;12;0.855380
2026.07.28 09:00:00;0.855260;0.855390;0.854630;0.854770;3026;0;13;0.854900
2026.07.28 10:00:00;0.854770;0.855020;0.854520;0.854940;2815;0;13;0.855070
2026.07.28 11:00:00;0.854940;0.855010;0.854520;0.854810;2640;0;14;0.854950
2026.07.28 12:00:00;0.854810;0.855200;0.854750;0.855070;2166;0;13;0.855200
2026.07.28 13:00:00;0.855070;0.855660;0.855070;0.855410;2601;0;12;0.855530
2026.07.28 14:00:00;0.855410;0.855970;0.855310;0.855770;3461;0;13;0.855900
2026.07.28 15:00:00;0.855770;0.855770;0.854600;0.854630;3132;0;13;0.854760
2026.07.28 16:00:00;0.854630;0.855090;0.854460;0.854950;3651;0;13;0.855080
2026.07.28 17:00:00;0.854910;0.856630;0.854820;0.856540;4296;0;12;0.856660
2026.07.28 18:00:00;0.856540;0.856650;0.856240;0.856500;5467;0;13;0.856630
2026.07.28 19:00:00;0.856500;0.856990;0.856410;0.856680;3130;0;13;0.856810
2026.07.28 20:00:00;0.856670;0.856840;0.856490;0.856770;2625;0;13;0.856900
2026.07.28 21:00:00;0.856770;0.856990;0.856710;0.856770;2094;0;14;0.856910
2026.07.28 22:00:00;0.856770;0.856910;0.856660;0.856870;2094;0;14;0.857010
